INSERT INTO WORKOUT_ENTITY (ID, NOTES, PERFORMED_AT_TIMESTAMP_UTC, WORKOUT_TYPE) VALUES (1, 'Notes', '2019-07-24 17:00:00', 'PULL');
INSERT INTO EXERCISE_ACTIVITY_ENTITY (ID, NOTES, EXERCISE_ID, WORKOUT_ID) VALUES (100, '', (SELECT ID FROM EXERCISE_ENTITY WHERE NAME = 'Deadlift'), 1);
INSERT INTO EXERCISE_SET_ENTITY (SET_TYPE, ID, NUMBER_OF_REPS, STATUS , WEIGHT , WEIGHT_KG, EXERCISE_ACTIVITY_ID) VALUES ('WeightedSet', 1000, 5.0, 0, null, 20, 100);
INSERT INTO EXERCISE_SET_ENTITY (SET_TYPE, ID, NUMBER_OF_REPS, STATUS , WEIGHT , WEIGHT_KG, EXERCISE_ACTIVITY_ID) VALUES ('WeightedSet', 1001, 5.0, 0, null, 60, 100);
INSERT INTO EXERCISE_SET_ENTITY (SET_TYPE, ID, NUMBER_OF_REPS, STATUS , WEIGHT , WEIGHT_KG, EXERCISE_ACTIVITY_ID) VALUES ('WeightedSet', 1002, 3.0, 0, null, 80, 100);
INSERT INTO EXERCISE_SET_ENTITY (SET_TYPE, ID, NUMBER_OF_REPS, STATUS , WEIGHT , WEIGHT_KG, EXERCISE_ACTIVITY_ID) VALUES ('WeightedSet', 1003, 3.0, 0, null, 90, 100);
INSERT INTO EXERCISE_SET_ENTITY (SET_TYPE, ID, NUMBER_OF_REPS, STATUS , WEIGHT , WEIGHT_KG, EXERCISE_ACTIVITY_ID) VALUES ('WeightedSet', 1004, 5.0, 0, null, 100, 100);
INSERT INTO EXERCISE_ACTIVITY_ENTITY (ID, NOTES, EXERCISE_ID, WORKOUT_ID) VALUES (101, '', (SELECT ID FROM EXERCISE_ENTITY WHERE NAME = 'Pull Up'), 1);
INSERT INTO EXERCISE_SET_ENTITY (SET_TYPE, ID, NUMBER_OF_REPS, STATUS , WEIGHT , WEIGHT_KG, EXERCISE_ACTIVITY_ID) VALUES ('NonWeightedSet', 1010, 6.0, 0, 'body', null, 101);
INSERT INTO EXERCISE_SET_ENTITY (SET_TYPE, ID, NUMBER_OF_REPS, STATUS , WEIGHT , WEIGHT_KG, EXERCISE_ACTIVITY_ID) VALUES ('NonWeightedSet', 1011, 6.0, 0, 'body', null, 101);
INSERT INTO EXERCISE_SET_ENTITY (SET_TYPE, ID, NUMBER_OF_REPS, STATUS , WEIGHT , WEIGHT_KG, EXERCISE_ACTIVITY_ID) VALUES ('NonWeightedSet', 1012, 6.0, 0, 'body', null, 101);
INSERT INTO EXERCISE_ACTIVITY_ENTITY (ID, NOTES, EXERCISE_ID, WORKOUT_ID) VALUES (102, '', (SELECT ID FROM EXERCISE_ENTITY WHERE NAME = 'Barbell Curl'), 1);
INSERT INTO EXERCISE_SET_ENTITY (SET_TYPE, ID, NUMBER_OF_REPS, STATUS , WEIGHT , WEIGHT_KG, EXERCISE_ACTIVITY_ID) VALUES ('WeightedSet', 1020, 10.0, 0, null, 20, 102);
INSERT INTO EXERCISE_SET_ENTITY (SET_TYPE, ID, NUMBER_OF_REPS, STATUS , WEIGHT , WEIGHT_KG, EXERCISE_ACTIVITY_ID) VALUES ('WeightedSet', 1021, 10.0, 0, null, 20, 102);
INSERT INTO WORKOUT_ENTITY (ID, NOTES, PERFORMED_AT_TIMESTAMP_UTC, WORKOUT_TYPE) VALUES (2, 'Notes', '2019-07-25 17:00:00', 'PUSH');
INSERT INTO EXERCISE_ACTIVITY_ENTITY (ID, NOTES, EXERCISE_ID, WORKOUT_ID) VALUES (200, '', (SELECT ID FROM EXERCISE_ENTITY WHERE NAME = 'Bench Press'), 2);
INSERT INTO EXERCISE_SET_ENTITY (SET_TYPE, ID, NUMBER_OF_REPS, STATUS , WEIGHT , WEIGHT_KG, EXERCISE_ACTIVITY_ID) VALUES ('WeightedSet', 2000, 5.0, 0, null, 20, 200);
INSERT INTO EXERCISE_SET_ENTITY (SET_TYPE, ID, NUMBER_OF_REPS, STATUS , WEIGHT , WEIGHT_KG, EXERCISE_ACTIVITY_ID) VALUES ('WeightedSet', 2001, 5.0, 0, null, 30, 200);
INSERT INTO EXERCISE_SET_ENTITY (SET_TYPE, ID, NUMBER_OF_REPS, STATUS , WEIGHT , WEIGHT_KG, EXERCISE_ACTIVITY_ID) VALUES ('WeightedSet', 2002, 5.0, 0, null, 40, 200);
INSERT INTO EXERCISE_SET_ENTITY (SET_TYPE, ID, NUMBER_OF_REPS, STATUS , WEIGHT , WEIGHT_KG, EXERCISE_ACTIVITY_ID) VALUES ('WeightedSet', 2003, 5.0, 0, null, 50, 200);
INSERT INTO EXERCISE_SET_ENTITY (SET_TYPE, ID, NUMBER_OF_REPS, STATUS , WEIGHT , WEIGHT_KG, EXERCISE_ACTIVITY_ID) VALUES ('WeightedSet', 2004, 5.0, 0, null, 50, 200);
INSERT INTO EXERCISE_SET_ENTITY (SET_TYPE, ID, NUMBER_OF_REPS, STATUS , WEIGHT , WEIGHT_KG, EXERCISE_ACTIVITY_ID) VALUES ('WeightedSet', 2005, 5.0, 0, null, 50, 200);
INSERT INTO EXERCISE_SET_ENTITY (SET_TYPE, ID, NUMBER_OF_REPS, STATUS , WEIGHT , WEIGHT_KG, EXERCISE_ACTIVITY_ID) VALUES ('WeightedSet', 2006, 5.0, 0, null, 50, 200);
INSERT INTO EXERCISE_SET_ENTITY (SET_TYPE, ID, NUMBER_OF_REPS, STATUS , WEIGHT , WEIGHT_KG, EXERCISE_ACTIVITY_ID) VALUES ('WeightedSet', 2007, 5.0, 0, null, 50, 200);
INSERT INTO EXERCISE_ACTIVITY_ENTITY (ID, NOTES, EXERCISE_ID, WORKOUT_ID) VALUES (201, '', (SELECT ID FROM EXERCISE_ENTITY WHERE NAME = 'Overhead Press'), 2);
INSERT INTO EXERCISE_SET_ENTITY (SET_TYPE, ID, NUMBER_OF_REPS, STATUS , WEIGHT , WEIGHT_KG, EXERCISE_ACTIVITY_ID) VALUES ('WeightedSet', 2010, 8.0, 0, null, 20, 201);
INSERT INTO EXERCISE_SET_ENTITY (SET_TYPE, ID, NUMBER_OF_REPS, STATUS , WEIGHT , WEIGHT_KG, EXERCISE_ACTIVITY_ID) VALUES ('WeightedSet', 2011, 8.0, 0, null, 30, 201);
INSERT INTO EXERCISE_SET_ENTITY (SET_TYPE, ID, NUMBER_OF_REPS, STATUS , WEIGHT , WEIGHT_KG, EXERCISE_ACTIVITY_ID) VALUES ('WeightedSet', 2012, 6.0, 0, null, 30, 201);
INSERT INTO EXERCISE_SET_ENTITY (SET_TYPE, ID, NUMBER_OF_REPS, STATUS , WEIGHT , WEIGHT_KG, EXERCISE_ACTIVITY_ID) VALUES ('WeightedSet', 2013, 6.0, 0, null, 30, 201);
INSERT INTO EXERCISE_ACTIVITY_ENTITY (ID, NOTES, EXERCISE_ID, WORKOUT_ID) VALUES (202, '', (SELECT ID FROM EXERCISE_ENTITY WHERE NAME = 'Close Grip Bench Press'), 2);
INSERT INTO EXERCISE_SET_ENTITY (SET_TYPE, ID, NUMBER_OF_REPS, STATUS , WEIGHT , WEIGHT_KG, EXERCISE_ACTIVITY_ID) VALUES ('WeightedSet', 2020, 6.0, 0, null, 30, 202);
INSERT INTO EXERCISE_SET_ENTITY (SET_TYPE, ID, NUMBER_OF_REPS, STATUS , WEIGHT , WEIGHT_KG, EXERCISE_ACTIVITY_ID) VALUES ('WeightedSet', 2021, 10.0, 0, null, 20, 202);
INSERT INTO EXERCISE_SET_ENTITY (SET_TYPE, ID, NUMBER_OF_REPS, STATUS , WEIGHT , WEIGHT_KG, EXERCISE_ACTIVITY_ID) VALUES ('WeightedSet', 2022, 10.0, 0, null, 20, 202);
INSERT INTO WORKOUT_ENTITY (ID, NOTES, PERFORMED_AT_TIMESTAMP_UTC, WORKOUT_TYPE) VALUES (3, 'Notes', '2019-07-26 15:00:00', 'LEGS');
INSERT INTO EXERCISE_ACTIVITY_ENTITY (ID, NOTES, EXERCISE_ID, WORKOUT_ID) VALUES (300, '', (SELECT ID FROM EXERCISE_ENTITY WHERE NAME = 'Squat'), 3);
INSERT INTO EXERCISE_SET_ENTITY (SET_TYPE, ID, NUMBER_OF_REPS, STATUS , WEIGHT , WEIGHT_KG, EXERCISE_ACTIVITY_ID) VALUES ('WeightedSet', 3000, 8.0, 0, null, 20, 300);
INSERT INTO EXERCISE_SET_ENTITY (SET_TYPE, ID, NUMBER_OF_REPS, STATUS , WEIGHT , WEIGHT_KG, EXERCISE_ACTIVITY_ID) VALUES ('WeightedSet', 3001, 5.0, 0, null, 40, 300);
INSERT INTO EXERCISE_SET_ENTITY (SET_TYPE, ID, NUMBER_OF_REPS, STATUS , WEIGHT , WEIGHT_KG, EXERCISE_ACTIVITY_ID) VALUES ('WeightedSet', 3002, 5.0, 0, null, 50, 300);
INSERT INTO EXERCISE_SET_ENTITY (SET_TYPE, ID, NUMBER_OF_REPS, STATUS , WEIGHT , WEIGHT_KG, EXERCISE_ACTIVITY_ID) VALUES ('WeightedSet', 3003, 5.0, 0, null, 60, 300);
INSERT INTO EXERCISE_SET_ENTITY (SET_TYPE, ID, NUMBER_OF_REPS, STATUS , WEIGHT , WEIGHT_KG, EXERCISE_ACTIVITY_ID) VALUES ('WeightedSet', 3004, 5.0, 0, null, 60, 300);
INSERT INTO EXERCISE_SET_ENTITY (SET_TYPE, ID, NUMBER_OF_REPS, STATUS , WEIGHT , WEIGHT_KG, EXERCISE_ACTIVITY_ID) VALUES ('WeightedSet', 3005, 5.0, 0, null, 60, 300);
INSERT INTO EXERCISE_SET_ENTITY (SET_TYPE, ID, NUMBER_OF_REPS, STATUS , WEIGHT , WEIGHT_KG, EXERCISE_ACTIVITY_ID) VALUES ('WeightedSet', 3006, 5.0, 0, null, 60, 300);
INSERT INTO EXERCISE_SET_ENTITY (SET_TYPE, ID, NUMBER_OF_REPS, STATUS , WEIGHT , WEIGHT_KG, EXERCISE_ACTIVITY_ID) VALUES ('WeightedSet', 3007, 5.0, 0, null, 60, 300);
INSERT INTO EXERCISE_ACTIVITY_ENTITY (ID, NOTES, EXERCISE_ID, WORKOUT_ID) VALUES (301, '', (SELECT ID FROM EXERCISE_ENTITY WHERE NAME = 'Romanian Deadlift'), 3);
INSERT INTO EXERCISE_SET_ENTITY (SET_TYPE, ID, NUMBER_OF_REPS, STATUS , WEIGHT , WEIGHT_KG, EXERCISE_ACTIVITY_ID) VALUES ('WeightedSet', 3010, 8.0, 0, null, 40, 301);
INSERT INTO EXERCISE_SET_ENTITY (SET_TYPE, ID, NUMBER_OF_REPS, STATUS , WEIGHT , WEIGHT_KG, EXERCISE_ACTIVITY_ID) VALUES ('WeightedSet', 3011, 8.0, 0, null, 40, 301);
INSERT INTO EXERCISE_SET_ENTITY (SET_TYPE, ID, NUMBER_OF_REPS, STATUS , WEIGHT , WEIGHT_KG, EXERCISE_ACTIVITY_ID) VALUES ('WeightedSet', 3012, 8.0, 0, null, 40, 301);
INSERT INTO WORKOUT_ENTITY (ID, NOTES, PERFORMED_AT_TIMESTAMP_UTC, WORKOUT_TYPE) VALUES (4, 'Notes', '2019-07-29 16:10:00', 'PULL');
INSERT INTO EXERCISE_ACTIVITY_ENTITY (ID, NOTES, EXERCISE_ID, WORKOUT_ID) VALUES (400, '', (SELECT ID FROM EXERCISE_ENTITY WHERE NAME = 'Deadlift'), 4);
INSERT INTO EXERCISE_SET_ENTITY (SET_TYPE, ID, NUMBER_OF_REPS, STATUS , WEIGHT , WEIGHT_KG, EXERCISE_ACTIVITY_ID) VALUES ('WeightedSet', 4000, 5.0, 0, null, 40, 400);
INSERT INTO EXERCISE_SET_ENTITY (SET_TYPE, ID, NUMBER_OF_REPS, STATUS , WEIGHT , WEIGHT_KG, EXERCISE_ACTIVITY_ID) VALUES ('WeightedSet', 4001, 5.0, 0, null, 60, 400);
INSERT INTO EXERCISE_SET_ENTITY (SET_TYPE, ID, NUMBER_OF_REPS, STATUS , WEIGHT , WEIGHT_KG, EXERCISE_ACTIVITY_ID) VALUES ('WeightedSet', 4002, 5.0, 0, null, 80, 400);
INSERT INTO EXERCISE_SET_ENTITY (SET_TYPE, ID, NUMBER_OF_REPS, STATUS , WEIGHT , WEIGHT_KG, EXERCISE_ACTIVITY_ID) VALUES ('WeightedSet', 4003, 3.0, 0, null, 90, 400);
INSERT INTO EXERCISE_SET_ENTITY (SET_TYPE, ID, NUMBER_OF_REPS, STATUS , WEIGHT , WEIGHT_KG, EXERCISE_ACTIVITY_ID) VALUES ('WeightedSet', 4004, 3.0, 0, null, 100, 400);
INSERT INTO EXERCISE_SET_ENTITY (SET_TYPE, ID, NUMBER_OF_REPS, STATUS , WEIGHT , WEIGHT_KG, EXERCISE_ACTIVITY_ID) VALUES ('WeightedSet', 4005, 2.0, 0, null, 105, 400);
INSERT INTO EXERCISE_SET_ENTITY (SET_TYPE, ID, NUMBER_OF_REPS, STATUS , WEIGHT , WEIGHT_KG, EXERCISE_ACTIVITY_ID) VALUES ('WeightedSet', 4006, 5.0, 0, null, 110, 400);
INSERT INTO EXERCISE_ACTIVITY_ENTITY (ID, NOTES, EXERCISE_ID, WORKOUT_ID) VALUES (401, '', (SELECT ID FROM EXERCISE_ENTITY WHERE NAME = 'Pull Up'), 4);
INSERT INTO EXERCISE_SET_ENTITY (SET_TYPE, ID, NUMBER_OF_REPS, STATUS , WEIGHT , WEIGHT_KG, EXERCISE_ACTIVITY_ID) VALUES ('NonWeightedSet', 4010, 6.0, 0, 'body', null, 401);
INSERT INTO EXERCISE_SET_ENTITY (SET_TYPE, ID, NUMBER_OF_REPS, STATUS , WEIGHT , WEIGHT_KG, EXERCISE_ACTIVITY_ID) VALUES ('NonWeightedSet', 4011, 6.0, 0, 'body', null, 401);
INSERT INTO EXERCISE_SET_ENTITY (SET_TYPE, ID, NUMBER_OF_REPS, STATUS , WEIGHT , WEIGHT_KG, EXERCISE_ACTIVITY_ID) VALUES ('NonWeightedSet', 4012, 6.0, 0, 'body', null, 401);
INSERT INTO EXERCISE_ACTIVITY_ENTITY (ID, NOTES, EXERCISE_ID, WORKOUT_ID) VALUES (402, '', (SELECT ID FROM EXERCISE_ENTITY WHERE NAME = 'Barbell Curl'), 4);
INSERT INTO EXERCISE_SET_ENTITY (SET_TYPE, ID, NUMBER_OF_REPS, STATUS , WEIGHT , WEIGHT_KG, EXERCISE_ACTIVITY_ID) VALUES ('WeightedSet', 4020, 10.0, 0, null, 20, 402);
INSERT INTO EXERCISE_SET_ENTITY (SET_TYPE, ID, NUMBER_OF_REPS, STATUS , WEIGHT , WEIGHT_KG, EXERCISE_ACTIVITY_ID) VALUES ('WeightedSet', 4021, 10.0, 0, null, 20, 402);
INSERT INTO EXERCISE_SET_ENTITY (SET_TYPE, ID, NUMBER_OF_REPS, STATUS , WEIGHT , WEIGHT_KG, EXERCISE_ACTIVITY_ID) VALUES ('WeightedSet', 4022, 10.0, 0, null, 20, 402);
INSERT INTO EXERCISE_ACTIVITY_ENTITY (ID, NOTES, EXERCISE_ID, WORKOUT_ID) VALUES (403, '', (SELECT ID FROM EXERCISE_ENTITY WHERE NAME = 'Lying Leg Raise'), 4);
INSERT INTO EXERCISE_SET_ENTITY (SET_TYPE, ID, NUMBER_OF_REPS, STATUS , WEIGHT , WEIGHT_KG, EXERCISE_ACTIVITY_ID) VALUES ('NonWeightedSet', 4030, 15.0, 0, 'body', null, 403);
INSERT INTO EXERCISE_SET_ENTITY (SET_TYPE, ID, NUMBER_OF_REPS, STATUS , WEIGHT , WEIGHT_KG, EXERCISE_ACTIVITY_ID) VALUES ('NonWeightedSet', 4031, 15.0, 0, 'body', null, 403);
INSERT INTO EXERCISE_ACTIVITY_ENTITY (ID, NOTES, EXERCISE_ID, WORKOUT_ID) VALUES (404, '', (SELECT ID FROM EXERCISE_ENTITY WHERE NAME = 'Dumbbell Hammer Curl'), 4);
INSERT INTO EXERCISE_SET_ENTITY (SET_TYPE, ID, NUMBER_OF_REPS, STATUS , WEIGHT , WEIGHT_KG, EXERCISE_ACTIVITY_ID) VALUES ('WeightedSet', 4040, 10.0, 0, null, 7.5, 404);
INSERT INTO EXERCISE_ACTIVITY_ENTITY (ID, NOTES, EXERCISE_ID, WORKOUT_ID) VALUES (405, '', (SELECT ID FROM EXERCISE_ENTITY WHERE NAME = 'Cable Crunch'), 4);
INSERT INTO EXERCISE_SET_ENTITY (SET_TYPE, ID, NUMBER_OF_REPS, STATUS , WEIGHT , WEIGHT_KG, EXERCISE_ACTIVITY_ID) VALUES ('NonWeightedSet', 4050, 10.0, 0, 'red band', null, 405);
INSERT INTO EXERCISE_ACTIVITY_ENTITY (ID, NOTES, EXERCISE_ID, WORKOUT_ID) VALUES (406, '', (SELECT ID FROM EXERCISE_ENTITY WHERE NAME = 'Facepull'), 4);
INSERT INTO EXERCISE_SET_ENTITY (SET_TYPE, ID, NUMBER_OF_REPS, STATUS , WEIGHT , WEIGHT_KG, EXERCISE_ACTIVITY_ID) VALUES ('NonWeightedSet', 4060, 15.0, 0, 'yellow band', null, 406);
INSERT INTO EXERCISE_SET_ENTITY (SET_TYPE, ID, NUMBER_OF_REPS, STATUS , WEIGHT , WEIGHT_KG, EXERCISE_ACTIVITY_ID) VALUES ('NonWeightedSet', 4061, 10.0, 0, 'yellow band', null, 406);
INSERT INTO EXERCISE_SET_ENTITY (SET_TYPE, ID, NUMBER_OF_REPS, STATUS , WEIGHT , WEIGHT_KG, EXERCISE_ACTIVITY_ID) VALUES ('NonWeightedSet', 4062, 10.0, 0, 'yellow band', null, 406);
INSERT INTO WORKOUT_ENTITY (ID, NOTES, PERFORMED_AT_TIMESTAMP_UTC, WORKOUT_TYPE) VALUES (5, 'Notes', '2019-07-30 15:30:00', 'PUSH');
INSERT INTO EXERCISE_ACTIVITY_ENTITY (ID, NOTES, EXERCISE_ID, WORKOUT_ID) VALUES (500, '', (SELECT ID FROM EXERCISE_ENTITY WHERE NAME = 'Bench Press'), 5);
INSERT INTO EXERCISE_SET_ENTITY (SET_TYPE, ID, NUMBER_OF_REPS, STATUS , WEIGHT , WEIGHT_KG, EXERCISE_ACTIVITY_ID) VALUES ('WeightedSet', 5000, 5.0, 0, null, 20, 500);
INSERT INTO EXERCISE_SET_ENTITY (SET_TYPE, ID, NUMBER_OF_REPS, STATUS , WEIGHT , WEIGHT_KG, EXERCISE_ACTIVITY_ID) VALUES ('WeightedSet', 5001, 5.0, 0, null, 40, 500);
INSERT INTO EXERCISE_SET_ENTITY (SET_TYPE, ID, NUMBER_OF_REPS, STATUS , WEIGHT , WEIGHT_KG, EXERCISE_ACTIVITY_ID) VALUES ('WeightedSet', 5002, 5.0, 0, null, 52.5, 500);
INSERT INTO EXERCISE_SET_ENTITY (SET_TYPE, ID, NUMBER_OF_REPS, STATUS , WEIGHT , WEIGHT_KG, EXERCISE_ACTIVITY_ID) VALUES ('WeightedSet', 5003, 5.0, 0, null, 52.5, 500);
INSERT INTO EXERCISE_SET_ENTITY (SET_TYPE, ID, NUMBER_OF_REPS, STATUS , WEIGHT , WEIGHT_KG, EXERCISE_ACTIVITY_ID) VALUES ('WeightedSet', 5004, 5.0, 0, null, 52.5, 500);
INSERT INTO EXERCISE_SET_ENTITY (SET_TYPE, ID, NUMBER_OF_REPS, STATUS , WEIGHT , WEIGHT_KG, EXERCISE_ACTIVITY_ID) VALUES ('WeightedSet', 5005, 4.0, 1, null, 52.5, 500);
INSERT INTO EXERCISE_SET_ENTITY (SET_TYPE, ID, NUMBER_OF_REPS, STATUS , WEIGHT , WEIGHT_KG, EXERCISE_ACTIVITY_ID) VALUES ('WeightedSet', 5006, 4.0, 1, null, 52.5, 500);
INSERT INTO EXERCISE_ACTIVITY_ENTITY (ID, NOTES, EXERCISE_ID, WORKOUT_ID) VALUES (501, '', (SELECT ID FROM EXERCISE_ENTITY WHERE NAME = 'Overhead Press'), 5);
INSERT INTO EXERCISE_SET_ENTITY (SET_TYPE, ID, NUMBER_OF_REPS, STATUS , WEIGHT , WEIGHT_KG, EXERCISE_ACTIVITY_ID) VALUES ('WeightedSet', 5010, 8.0, 0, null, 20, 501);
INSERT INTO EXERCISE_SET_ENTITY (SET_TYPE, ID, NUMBER_OF_REPS, STATUS , WEIGHT , WEIGHT_KG, EXERCISE_ACTIVITY_ID) VALUES ('WeightedSet', 5011, 8.0, 0, null, 30, 501);
INSERT INTO EXERCISE_SET_ENTITY (SET_TYPE, ID, NUMBER_OF_REPS, STATUS , WEIGHT , WEIGHT_KG, EXERCISE_ACTIVITY_ID) VALUES ('WeightedSet', 5012, 8.0, 0, null, 30, 501);
INSERT INTO EXERCISE_SET_ENTITY (SET_TYPE, ID, NUMBER_OF_REPS, STATUS , WEIGHT , WEIGHT_KG, EXERCISE_ACTIVITY_ID) VALUES ('WeightedSet', 5013, 6.0, 1, null, 30, 501);
INSERT INTO EXERCISE_ACTIVITY_ENTITY (ID, NOTES, EXERCISE_ID, WORKOUT_ID) VALUES (502, '', (SELECT ID FROM EXERCISE_ENTITY WHERE NAME = 'Calf Raise'), 5);
INSERT INTO EXERCISE_SET_ENTITY (SET_TYPE, ID, NUMBER_OF_REPS, STATUS , WEIGHT , WEIGHT_KG, EXERCISE_ACTIVITY_ID) VALUES ('WeightedSet', 5020, 8.0, 0, null, 30, 502);
INSERT INTO EXERCISE_SET_ENTITY (SET_TYPE, ID, NUMBER_OF_REPS, STATUS , WEIGHT , WEIGHT_KG, EXERCISE_ACTIVITY_ID) VALUES ('WeightedSet', 5021, 8.0, 0, null, 30, 502);
INSERT INTO EXERCISE_SET_ENTITY (SET_TYPE, ID, NUMBER_OF_REPS, STATUS , WEIGHT , WEIGHT_KG, EXERCISE_ACTIVITY_ID) VALUES ('WeightedSet', 5022, 8.0, 0, null, 30, 502);
INSERT INTO EXERCISE_ACTIVITY_ENTITY (ID, NOTES, EXERCISE_ID, WORKOUT_ID) VALUES (503, '', (SELECT ID FROM EXERCISE_ENTITY WHERE NAME = 'Skullcrusher'), 5);
INSERT INTO EXERCISE_SET_ENTITY (SET_TYPE, ID, NUMBER_OF_REPS, STATUS , WEIGHT , WEIGHT_KG, EXERCISE_ACTIVITY_ID) VALUES ('WeightedSet', 5030, 10.0, 0, null, 10, 503);
INSERT INTO EXERCISE_SET_ENTITY (SET_TYPE, ID, NUMBER_OF_REPS, STATUS , WEIGHT , WEIGHT_KG, EXERCISE_ACTIVITY_ID) VALUES ('WeightedSet', 5031, 10.0, 0, null, 10, 503);
INSERT INTO WORKOUT_ENTITY (ID, NOTES, PERFORMED_AT_TIMESTAMP_UTC, WORKOUT_TYPE) VALUES (6, 'Notes', '2019-07-31 17:50:00', 'LEGS');
INSERT INTO EXERCISE_ACTIVITY_ENTITY (ID, NOTES, EXERCISE_ID, WORKOUT_ID) VALUES (600, '', (SELECT ID FROM EXERCISE_ENTITY WHERE NAME = 'Squat'), 6);
INSERT INTO EXERCISE_SET_ENTITY (SET_TYPE, ID, NUMBER_OF_REPS, STATUS , WEIGHT , WEIGHT_KG, EXERCISE_ACTIVITY_ID) VALUES ('WeightedSet', 6000, 8.0, 0, null, 20, 600);
INSERT INTO EXERCISE_SET_ENTITY (SET_TYPE, ID, NUMBER_OF_REPS, STATUS , WEIGHT , WEIGHT_KG, EXERCISE_ACTIVITY_ID) VALUES ('WeightedSet', 6001, 5.0, 0, null, 40, 600);
INSERT INTO EXERCISE_SET_ENTITY (SET_TYPE, ID, NUMBER_OF_REPS, STATUS , WEIGHT , WEIGHT_KG, EXERCISE_ACTIVITY_ID) VALUES ('WeightedSet', 6002, 5.0, 0, null, 50, 600);
INSERT INTO EXERCISE_SET_ENTITY (SET_TYPE, ID, NUMBER_OF_REPS, STATUS , WEIGHT , WEIGHT_KG, EXERCISE_ACTIVITY_ID) VALUES ('WeightedSet', 6003, 5.0, 0, null, 62.5, 600);
INSERT INTO EXERCISE_SET_ENTITY (SET_TYPE, ID, NUMBER_OF_REPS, STATUS , WEIGHT , WEIGHT_KG, EXERCISE_ACTIVITY_ID) VALUES ('WeightedSet', 6004, 5.0, 0, null, 62.5, 600);
INSERT INTO EXERCISE_SET_ENTITY (SET_TYPE, ID, NUMBER_OF_REPS, STATUS , WEIGHT , WEIGHT_KG, EXERCISE_ACTIVITY_ID) VALUES ('WeightedSet', 6005, 5.0, 0, null, 62.5, 600);
INSERT INTO EXERCISE_SET_ENTITY (SET_TYPE, ID, NUMBER_OF_REPS, STATUS , WEIGHT , WEIGHT_KG, EXERCISE_ACTIVITY_ID) VALUES ('WeightedSet', 6006, 5.0, 0, null, 62.5, 600);
INSERT INTO EXERCISE_SET_ENTITY (SET_TYPE, ID, NUMBER_OF_REPS, STATUS , WEIGHT , WEIGHT_KG, EXERCISE_ACTIVITY_ID) VALUES ('WeightedSet', 6007, 5.0, 0, null, 62.5, 600);
INSERT INTO EXERCISE_ACTIVITY_ENTITY (ID, NOTES, EXERCISE_ID, WORKOUT_ID) VALUES (601, '', (SELECT ID FROM EXERCISE_ENTITY WHERE NAME = 'Romanian Deadlift'), 6);
INSERT INTO EXERCISE_SET_ENTITY (SET_TYPE, ID, NUMBER_OF_REPS, STATUS , WEIGHT , WEIGHT_KG, EXERCISE_ACTIVITY_ID) VALUES ('WeightedSet', 6010, 8.0, 0, null, 40, 601);
INSERT INTO EXERCISE_SET_ENTITY (SET_TYPE, ID, NUMBER_OF_REPS, STATUS , WEIGHT , WEIGHT_KG, EXERCISE_ACTIVITY_ID) VALUES ('WeightedSet', 6011, 8.0, 0, null, 50, 601);
INSERT INTO EXERCISE_SET_ENTITY (SET_TYPE, ID, NUMBER_OF_REPS, STATUS , WEIGHT , WEIGHT_KG, EXERCISE_ACTIVITY_ID) VALUES ('WeightedSet', 6012, 8.0, 0, null, 50, 601);
INSERT INTO EXERCISE_SET_ENTITY (SET_TYPE, ID, NUMBER_OF_REPS, STATUS , WEIGHT , WEIGHT_KG, EXERCISE_ACTIVITY_ID) VALUES ('WeightedSet', 6013, 8.0, 0, null, 50, 601);
INSERT INTO EXERCISE_ACTIVITY_ENTITY (ID, NOTES, EXERCISE_ID, WORKOUT_ID) VALUES (602, '', (SELECT ID FROM EXERCISE_ENTITY WHERE NAME = 'Calf Raise'), 6);
INSERT INTO EXERCISE_SET_ENTITY (SET_TYPE, ID, NUMBER_OF_REPS, STATUS , WEIGHT , WEIGHT_KG, EXERCISE_ACTIVITY_ID) VALUES ('NonWeightedSet', 6020, 8.0, 0, 'body', null, 602);
INSERT INTO EXERCISE_SET_ENTITY (SET_TYPE, ID, NUMBER_OF_REPS, STATUS , WEIGHT , WEIGHT_KG, EXERCISE_ACTIVITY_ID) VALUES ('WeightedSet', 6021, 8.0, 0, null, 50, 602);
INSERT INTO EXERCISE_SET_ENTITY (SET_TYPE, ID, NUMBER_OF_REPS, STATUS , WEIGHT , WEIGHT_KG, EXERCISE_ACTIVITY_ID) VALUES ('WeightedSet', 6022, 10.0, 0, null, 50, 602);
INSERT INTO EXERCISE_SET_ENTITY (SET_TYPE, ID, NUMBER_OF_REPS, STATUS , WEIGHT , WEIGHT_KG, EXERCISE_ACTIVITY_ID) VALUES ('WeightedSet', 6023, 10.0, 0, null, 50, 602);
INSERT INTO WORKOUT_ENTITY (ID, NOTES, PERFORMED_AT_TIMESTAMP_UTC, WORKOUT_TYPE) VALUES (7, 'Notes', '2019-08-12 16:10:00', 'PULL');
INSERT INTO EXERCISE_ACTIVITY_ENTITY (ID, NOTES, EXERCISE_ID, WORKOUT_ID) VALUES (700, '', (SELECT ID FROM EXERCISE_ENTITY WHERE NAME = 'Deadlift'), 7);
INSERT INTO EXERCISE_SET_ENTITY (SET_TYPE, ID, NUMBER_OF_REPS, STATUS , WEIGHT , WEIGHT_KG, EXERCISE_ACTIVITY_ID) VALUES ('WeightedSet', 7000, 5.0, 0, null, 60, 700);
INSERT INTO EXERCISE_SET_ENTITY (SET_TYPE, ID, NUMBER_OF_REPS, STATUS , WEIGHT , WEIGHT_KG, EXERCISE_ACTIVITY_ID) VALUES ('WeightedSet', 7001, 3.0, 0, null, 90, 700);
INSERT INTO EXERCISE_SET_ENTITY (SET_TYPE, ID, NUMBER_OF_REPS, STATUS , WEIGHT , WEIGHT_KG, EXERCISE_ACTIVITY_ID) VALUES ('WeightedSet', 7002, 3.0, 0, null, 100, 700);
INSERT INTO EXERCISE_SET_ENTITY (SET_TYPE, ID, NUMBER_OF_REPS, STATUS , WEIGHT , WEIGHT_KG, EXERCISE_ACTIVITY_ID) VALUES ('WeightedSet', 7003, 1.0, 0, null, 110, 700);
INSERT INTO EXERCISE_SET_ENTITY (SET_TYPE, ID, NUMBER_OF_REPS, STATUS , WEIGHT , WEIGHT_KG, EXERCISE_ACTIVITY_ID) VALUES ('WeightedSet', 7004, 5.0, 0, null, 115, 700);
INSERT INTO EXERCISE_ACTIVITY_ENTITY (ID, NOTES, EXERCISE_ID, WORKOUT_ID) VALUES (701, '', (SELECT ID FROM EXERCISE_ENTITY WHERE NAME = 'Pull Up'), 7);
INSERT INTO EXERCISE_SET_ENTITY (SET_TYPE, ID, NUMBER_OF_REPS, STATUS , WEIGHT , WEIGHT_KG, EXERCISE_ACTIVITY_ID) VALUES ('NonWeightedSet', 7010, 6.0, 0, 'body', null, 701);
INSERT INTO EXERCISE_SET_ENTITY (SET_TYPE, ID, NUMBER_OF_REPS, STATUS , WEIGHT , WEIGHT_KG, EXERCISE_ACTIVITY_ID) VALUES ('NonWeightedSet', 7011, 6.0, 0, 'body', null, 701);
INSERT INTO EXERCISE_SET_ENTITY (SET_TYPE, ID, NUMBER_OF_REPS, STATUS , WEIGHT , WEIGHT_KG, EXERCISE_ACTIVITY_ID) VALUES ('NonWeightedSet', 7012, 6.0, 0, 'body', null, 701);
INSERT INTO EXERCISE_ACTIVITY_ENTITY (ID, NOTES, EXERCISE_ID, WORKOUT_ID) VALUES (702, '', (SELECT ID FROM EXERCISE_ENTITY WHERE NAME = 'Barbell Curl'), 7);
INSERT INTO EXERCISE_SET_ENTITY (SET_TYPE, ID, NUMBER_OF_REPS, STATUS , WEIGHT , WEIGHT_KG, EXERCISE_ACTIVITY_ID) VALUES ('WeightedSet', 7020, 12.0, 0, null, 20, 702);
INSERT INTO EXERCISE_SET_ENTITY (SET_TYPE, ID, NUMBER_OF_REPS, STATUS , WEIGHT , WEIGHT_KG, EXERCISE_ACTIVITY_ID) VALUES ('WeightedSet', 7021, 12.0, 0, null, 20, 702);
INSERT INTO EXERCISE_SET_ENTITY (SET_TYPE, ID, NUMBER_OF_REPS, STATUS , WEIGHT , WEIGHT_KG, EXERCISE_ACTIVITY_ID) VALUES ('WeightedSet', 7022, 10.0, 0, null, 20, 702);
INSERT INTO EXERCISE_ACTIVITY_ENTITY (ID, NOTES, EXERCISE_ID, WORKOUT_ID) VALUES (703, '', (SELECT ID FROM EXERCISE_ENTITY WHERE NAME = 'Facepull'), 7);
INSERT INTO EXERCISE_SET_ENTITY (SET_TYPE, ID, NUMBER_OF_REPS, STATUS , WEIGHT , WEIGHT_KG, EXERCISE_ACTIVITY_ID) VALUES ('NonWeightedSet', 7030, 20.0, 0, 'yellow band', null, 703);
INSERT INTO EXERCISE_SET_ENTITY (SET_TYPE, ID, NUMBER_OF_REPS, STATUS , WEIGHT , WEIGHT_KG, EXERCISE_ACTIVITY_ID) VALUES ('NonWeightedSet', 7031, 20.0, 0, 'yellow band', null, 703);
INSERT INTO EXERCISE_ACTIVITY_ENTITY (ID, NOTES, EXERCISE_ID, WORKOUT_ID) VALUES (704, '', (SELECT ID FROM EXERCISE_ENTITY WHERE NAME = 'Ab Wheel'), 7);
INSERT INTO EXERCISE_SET_ENTITY (SET_TYPE, ID, NUMBER_OF_REPS, STATUS , WEIGHT , WEIGHT_KG, EXERCISE_ACTIVITY_ID) VALUES ('NonWeightedSet', 7040, 10.0, 0, 'body', null, 704);
INSERT INTO EXERCISE_SET_ENTITY (SET_TYPE, ID, NUMBER_OF_REPS, STATUS , WEIGHT , WEIGHT_KG, EXERCISE_ACTIVITY_ID) VALUES ('NonWeightedSet', 7041, 10.0, 0, 'body', null, 704);
INSERT INTO EXERCISE_ACTIVITY_ENTITY (ID, NOTES, EXERCISE_ID, WORKOUT_ID) VALUES (705, '', (SELECT ID FROM EXERCISE_ENTITY WHERE NAME = 'Lying Leg Raise'), 7);
INSERT INTO EXERCISE_SET_ENTITY (SET_TYPE, ID, NUMBER_OF_REPS, STATUS , WEIGHT , WEIGHT_KG, EXERCISE_ACTIVITY_ID) VALUES ('NonWeightedSet', 7050, 10.0, 0, 'body', null, 705);
INSERT INTO EXERCISE_SET_ENTITY (SET_TYPE, ID, NUMBER_OF_REPS, STATUS , WEIGHT , WEIGHT_KG, EXERCISE_ACTIVITY_ID) VALUES ('NonWeightedSet', 7051, 10.0, 0, 'body', null, 705);
INSERT INTO WORKOUT_ENTITY (ID, NOTES, PERFORMED_AT_TIMESTAMP_UTC, WORKOUT_TYPE) VALUES (8, 'Notes', '2019-08-13 15:30:00', 'PUSH');
INSERT INTO EXERCISE_ACTIVITY_ENTITY (ID, NOTES, EXERCISE_ID, WORKOUT_ID) VALUES (800, '', (SELECT ID FROM EXERCISE_ENTITY WHERE NAME = 'Bench Press'), 8);
INSERT INTO EXERCISE_SET_ENTITY (SET_TYPE, ID, NUMBER_OF_REPS, STATUS , WEIGHT , WEIGHT_KG, EXERCISE_ACTIVITY_ID) VALUES ('WeightedSet', 8000, 8.0, 0, null, 20, 800);
INSERT INTO EXERCISE_SET_ENTITY (SET_TYPE, ID, NUMBER_OF_REPS, STATUS , WEIGHT , WEIGHT_KG, EXERCISE_ACTIVITY_ID) VALUES ('WeightedSet', 8001, 5.0, 0, null, 40, 800);
INSERT INTO EXERCISE_SET_ENTITY (SET_TYPE, ID, NUMBER_OF_REPS, STATUS , WEIGHT , WEIGHT_KG, EXERCISE_ACTIVITY_ID) VALUES ('WeightedSet', 8002, 5.0, 0, null, 52.5, 800);
INSERT INTO EXERCISE_SET_ENTITY (SET_TYPE, ID, NUMBER_OF_REPS, STATUS , WEIGHT , WEIGHT_KG, EXERCISE_ACTIVITY_ID) VALUES ('WeightedSet', 8003, 5.0, 0, null, 52.5, 800);
INSERT INTO EXERCISE_SET_ENTITY (SET_TYPE, ID, NUMBER_OF_REPS, STATUS , WEIGHT , WEIGHT_KG, EXERCISE_ACTIVITY_ID) VALUES ('WeightedSet', 8004, 5.0, 0, null, 52.5, 800);
INSERT INTO EXERCISE_SET_ENTITY (SET_TYPE, ID, NUMBER_OF_REPS, STATUS , WEIGHT , WEIGHT_KG, EXERCISE_ACTIVITY_ID) VALUES ('WeightedSet', 8005, 5.0, 0, null, 52.5, 800);
INSERT INTO EXERCISE_SET_ENTITY (SET_TYPE, ID, NUMBER_OF_REPS, STATUS , WEIGHT , WEIGHT_KG, EXERCISE_ACTIVITY_ID) VALUES ('WeightedSet', 8006, 5.0, 0, null, 52.5, 800);
INSERT INTO EXERCISE_ACTIVITY_ENTITY (ID, NOTES, EXERCISE_ID, WORKOUT_ID) VALUES (801, '', (SELECT ID FROM EXERCISE_ENTITY WHERE NAME = 'Overhead Press'), 8);
INSERT INTO EXERCISE_SET_ENTITY (SET_TYPE, ID, NUMBER_OF_REPS, STATUS , WEIGHT , WEIGHT_KG, EXERCISE_ACTIVITY_ID) VALUES ('WeightedSet', 8010, 8.0, 0, null, 20, 801);
INSERT INTO EXERCISE_SET_ENTITY (SET_TYPE, ID, NUMBER_OF_REPS, STATUS , WEIGHT , WEIGHT_KG, EXERCISE_ACTIVITY_ID) VALUES ('WeightedSet', 8011, 8.0, 0, null, 30, 801);
INSERT INTO EXERCISE_SET_ENTITY (SET_TYPE, ID, NUMBER_OF_REPS, STATUS , WEIGHT , WEIGHT_KG, EXERCISE_ACTIVITY_ID) VALUES ('WeightedSet', 8012, 8.0, 0, null, 30, 801);
INSERT INTO EXERCISE_SET_ENTITY (SET_TYPE, ID, NUMBER_OF_REPS, STATUS , WEIGHT , WEIGHT_KG, EXERCISE_ACTIVITY_ID) VALUES ('WeightedSet', 8013, 7.0, 1, null, 30, 801);
INSERT INTO EXERCISE_ACTIVITY_ENTITY (ID, NOTES, EXERCISE_ID, WORKOUT_ID) VALUES (802, '', (SELECT ID FROM EXERCISE_ENTITY WHERE NAME = 'Calf Raise'), 8);
INSERT INTO EXERCISE_SET_ENTITY (SET_TYPE, ID, NUMBER_OF_REPS, STATUS , WEIGHT , WEIGHT_KG, EXERCISE_ACTIVITY_ID) VALUES ('WeightedSet', 8020, 8.0, 0, null, 30, 802);
INSERT INTO EXERCISE_SET_ENTITY (SET_TYPE, ID, NUMBER_OF_REPS, STATUS , WEIGHT , WEIGHT_KG, EXERCISE_ACTIVITY_ID) VALUES ('WeightedSet', 8021, 6.0, 0, null, 30, 802);
INSERT INTO EXERCISE_SET_ENTITY (SET_TYPE, ID, NUMBER_OF_REPS, STATUS , WEIGHT , WEIGHT_KG, EXERCISE_ACTIVITY_ID) VALUES ('WeightedSet', 8022, 8.0, 0, null, 30, 802);
INSERT INTO EXERCISE_ACTIVITY_ENTITY (ID, NOTES, EXERCISE_ID, WORKOUT_ID) VALUES (803, '', (SELECT ID FROM EXERCISE_ENTITY WHERE NAME = 'Skullcrusher'), 8);
INSERT INTO EXERCISE_SET_ENTITY (SET_TYPE, ID, NUMBER_OF_REPS, STATUS , WEIGHT , WEIGHT_KG, EXERCISE_ACTIVITY_ID) VALUES ('WeightedSet', 8030, 10.0, 0, null, 7.5, 803);
INSERT INTO EXERCISE_SET_ENTITY (SET_TYPE, ID, NUMBER_OF_REPS, STATUS , WEIGHT , WEIGHT_KG, EXERCISE_ACTIVITY_ID) VALUES ('WeightedSet', 8031, 10.0, 0, null, 7.5, 803);
INSERT INTO EXERCISE_SET_ENTITY (SET_TYPE, ID, NUMBER_OF_REPS, STATUS , WEIGHT , WEIGHT_KG, EXERCISE_ACTIVITY_ID) VALUES ('WeightedSet', 8032, 8.0, 0, null, 5, 803);
INSERT INTO WORKOUT_ENTITY (ID, NOTES, PERFORMED_AT_TIMESTAMP_UTC, WORKOUT_TYPE) VALUES (9, 'Notes', '2019-08-14 16:30:00', 'LEGS');
INSERT INTO EXERCISE_ACTIVITY_ENTITY (ID, NOTES, EXERCISE_ID, WORKOUT_ID) VALUES (900, '', (SELECT ID FROM EXERCISE_ENTITY WHERE NAME = 'Squat'), 9);
INSERT INTO EXERCISE_SET_ENTITY (SET_TYPE, ID, NUMBER_OF_REPS, STATUS , WEIGHT , WEIGHT_KG, EXERCISE_ACTIVITY_ID) VALUES ('WeightedSet', 9000, 8.0, 0, null, 20, 900);
INSERT INTO EXERCISE_SET_ENTITY (SET_TYPE, ID, NUMBER_OF_REPS, STATUS , WEIGHT , WEIGHT_KG, EXERCISE_ACTIVITY_ID) VALUES ('WeightedSet', 9001, 5.0, 0, null, 40, 900);
INSERT INTO EXERCISE_SET_ENTITY (SET_TYPE, ID, NUMBER_OF_REPS, STATUS , WEIGHT , WEIGHT_KG, EXERCISE_ACTIVITY_ID) VALUES ('WeightedSet', 9002, 3.0, 0, null, 55, 900);
INSERT INTO EXERCISE_SET_ENTITY (SET_TYPE, ID, NUMBER_OF_REPS, STATUS , WEIGHT , WEIGHT_KG, EXERCISE_ACTIVITY_ID) VALUES ('WeightedSet', 9003, 5.0, 0, null, 65, 900);
INSERT INTO EXERCISE_SET_ENTITY (SET_TYPE, ID, NUMBER_OF_REPS, STATUS , WEIGHT , WEIGHT_KG, EXERCISE_ACTIVITY_ID) VALUES ('WeightedSet', 9004, 5.0, 0, null, 65, 900);
INSERT INTO EXERCISE_SET_ENTITY (SET_TYPE, ID, NUMBER_OF_REPS, STATUS , WEIGHT , WEIGHT_KG, EXERCISE_ACTIVITY_ID) VALUES ('WeightedSet', 9005, 5.0, 0, null, 65, 900);
INSERT INTO EXERCISE_SET_ENTITY (SET_TYPE, ID, NUMBER_OF_REPS, STATUS , WEIGHT , WEIGHT_KG, EXERCISE_ACTIVITY_ID) VALUES ('WeightedSet', 9006, 5.0, 0, null, 65, 900);
INSERT INTO EXERCISE_SET_ENTITY (SET_TYPE, ID, NUMBER_OF_REPS, STATUS , WEIGHT , WEIGHT_KG, EXERCISE_ACTIVITY_ID) VALUES ('WeightedSet', 9007, 5.0, 0, null, 65, 900);
INSERT INTO EXERCISE_ACTIVITY_ENTITY (ID, NOTES, EXERCISE_ID, WORKOUT_ID) VALUES (901, '', (SELECT ID FROM EXERCISE_ENTITY WHERE NAME = 'Romanian Deadlift'), 9);
INSERT INTO EXERCISE_SET_ENTITY (SET_TYPE, ID, NUMBER_OF_REPS, STATUS , WEIGHT , WEIGHT_KG, EXERCISE_ACTIVITY_ID) VALUES ('WeightedSet', 9010, 8.0, 0, null, 40, 901);
INSERT INTO EXERCISE_SET_ENTITY (SET_TYPE, ID, NUMBER_OF_REPS, STATUS , WEIGHT , WEIGHT_KG, EXERCISE_ACTIVITY_ID) VALUES ('WeightedSet', 9011, 8.0, 0, null, 52.5, 901);
INSERT INTO EXERCISE_SET_ENTITY (SET_TYPE, ID, NUMBER_OF_REPS, STATUS , WEIGHT , WEIGHT_KG, EXERCISE_ACTIVITY_ID) VALUES ('WeightedSet', 9012, 8.0, 0, null, 52.5, 901);
INSERT INTO EXERCISE_SET_ENTITY (SET_TYPE, ID, NUMBER_OF_REPS, STATUS , WEIGHT , WEIGHT_KG, EXERCISE_ACTIVITY_ID) VALUES ('WeightedSet', 9013, 8.0, 0, null, 52.5, 901);
INSERT INTO EXERCISE_ACTIVITY_ENTITY (ID, NOTES, EXERCISE_ID, WORKOUT_ID) VALUES (902, '', (SELECT ID FROM EXERCISE_ENTITY WHERE NAME = 'Calf Raise'), 9);
INSERT INTO EXERCISE_SET_ENTITY (SET_TYPE, ID, NUMBER_OF_REPS, STATUS , WEIGHT , WEIGHT_KG, EXERCISE_ACTIVITY_ID) VALUES ('NonWeightedSet', 9020, 10.0, 0, 'body', null, 902);
INSERT INTO EXERCISE_SET_ENTITY (SET_TYPE, ID, NUMBER_OF_REPS, STATUS , WEIGHT , WEIGHT_KG, EXERCISE_ACTIVITY_ID) VALUES ('NonWeightedSet', 9021, 10.0, 0, 'body', null, 902);
INSERT INTO WORKOUT_ENTITY (ID, NOTES, PERFORMED_AT_TIMESTAMP_UTC, WORKOUT_TYPE) VALUES (10, 'Notes', '2019-08-15 16:50:00', 'PULL');
INSERT INTO EXERCISE_ACTIVITY_ENTITY (ID, NOTES, EXERCISE_ID, WORKOUT_ID) VALUES (1000, '', (SELECT ID FROM EXERCISE_ENTITY WHERE NAME = 'Bent Over Row'), 10);
INSERT INTO EXERCISE_SET_ENTITY (SET_TYPE, ID, NUMBER_OF_REPS, STATUS , WEIGHT , WEIGHT_KG, EXERCISE_ACTIVITY_ID) VALUES ('WeightedSet', 10000, 8.0, 0, null, 20, 1000);
INSERT INTO EXERCISE_SET_ENTITY (SET_TYPE, ID, NUMBER_OF_REPS, STATUS , WEIGHT , WEIGHT_KG, EXERCISE_ACTIVITY_ID) VALUES ('WeightedSet', 10001, 12.0, 0, null, 40, 1000);
INSERT INTO EXERCISE_SET_ENTITY (SET_TYPE, ID, NUMBER_OF_REPS, STATUS , WEIGHT , WEIGHT_KG, EXERCISE_ACTIVITY_ID) VALUES ('WeightedSet', 10002, 12.0, 0, null, 40, 1000);
INSERT INTO EXERCISE_SET_ENTITY (SET_TYPE, ID, NUMBER_OF_REPS, STATUS , WEIGHT , WEIGHT_KG, EXERCISE_ACTIVITY_ID) VALUES ('WeightedSet', 10003, 12.0, 0, null, 40, 1000);
INSERT INTO EXERCISE_ACTIVITY_ENTITY (ID, NOTES, EXERCISE_ID, WORKOUT_ID) VALUES (1001, '', (SELECT ID FROM EXERCISE_ENTITY WHERE NAME = 'Pull Up'), 10);
INSERT INTO EXERCISE_SET_ENTITY (SET_TYPE, ID, NUMBER_OF_REPS, STATUS , WEIGHT , WEIGHT_KG, EXERCISE_ACTIVITY_ID) VALUES ('NonWeightedSet', 10010, 6.0, 0, 'body', null, 1001);
INSERT INTO EXERCISE_SET_ENTITY (SET_TYPE, ID, NUMBER_OF_REPS, STATUS , WEIGHT , WEIGHT_KG, EXERCISE_ACTIVITY_ID) VALUES ('NonWeightedSet', 10011, 5.0, 1, 'body', null, 1001);
INSERT INTO EXERCISE_SET_ENTITY (SET_TYPE, ID, NUMBER_OF_REPS, STATUS , WEIGHT , WEIGHT_KG, EXERCISE_ACTIVITY_ID) VALUES ('NonWeightedSet', 10012, 4.0, 1, 'body', null, 1001);
INSERT INTO EXERCISE_ACTIVITY_ENTITY (ID, NOTES, EXERCISE_ID, WORKOUT_ID) VALUES (1002, '', (SELECT ID FROM EXERCISE_ENTITY WHERE NAME = 'Barbell Curl'), 10);
INSERT INTO EXERCISE_SET_ENTITY (SET_TYPE, ID, NUMBER_OF_REPS, STATUS , WEIGHT , WEIGHT_KG, EXERCISE_ACTIVITY_ID) VALUES ('WeightedSet', 10020, 10.0, 0, null, 20, 1002);
INSERT INTO EXERCISE_SET_ENTITY (SET_TYPE, ID, NUMBER_OF_REPS, STATUS , WEIGHT , WEIGHT_KG, EXERCISE_ACTIVITY_ID) VALUES ('WeightedSet', 10021, 10.0, 0, null, 20, 1002);
INSERT INTO EXERCISE_SET_ENTITY (SET_TYPE, ID, NUMBER_OF_REPS, STATUS , WEIGHT , WEIGHT_KG, EXERCISE_ACTIVITY_ID) VALUES ('WeightedSet', 10022, 10.0, 0, null, 20, 1002);
INSERT INTO EXERCISE_ACTIVITY_ENTITY (ID, NOTES, EXERCISE_ID, WORKOUT_ID) VALUES (1003, '', (SELECT ID FROM EXERCISE_ENTITY WHERE NAME = 'Weight Plate Curl'), 10);
INSERT INTO EXERCISE_SET_ENTITY (SET_TYPE, ID, NUMBER_OF_REPS, STATUS , WEIGHT , WEIGHT_KG, EXERCISE_ACTIVITY_ID) VALUES ('WeightedSet', 10030, 10.0, 0, null, 5, 1003);
INSERT INTO EXERCISE_ACTIVITY_ENTITY (ID, NOTES, EXERCISE_ID, WORKOUT_ID) VALUES (1004, '', (SELECT ID FROM EXERCISE_ENTITY WHERE NAME = 'Hanging Leg Raise'), 10);
INSERT INTO EXERCISE_SET_ENTITY (SET_TYPE, ID, NUMBER_OF_REPS, STATUS , WEIGHT , WEIGHT_KG, EXERCISE_ACTIVITY_ID) VALUES ('NonWeightedSet', 10040, 4.0, 0, 'body', null, 1004);
INSERT INTO EXERCISE_ACTIVITY_ENTITY (ID, NOTES, EXERCISE_ID, WORKOUT_ID) VALUES (1005, '', (SELECT ID FROM EXERCISE_ENTITY WHERE NAME = 'Hanging Leg Raise With Bench'), 10);
INSERT INTO EXERCISE_SET_ENTITY (SET_TYPE, ID, NUMBER_OF_REPS, STATUS , WEIGHT , WEIGHT_KG, EXERCISE_ACTIVITY_ID) VALUES ('NonWeightedSet', 10050, 4.0, 0, 'body', null, 1005);
INSERT INTO WORKOUT_ENTITY (ID, NOTES, PERFORMED_AT_TIMESTAMP_UTC, WORKOUT_TYPE) VALUES (11, 'Notes', '2019-08-19 16:00:00', 'PULL');
INSERT INTO EXERCISE_ACTIVITY_ENTITY (ID, NOTES, EXERCISE_ID, WORKOUT_ID) VALUES (1100, '', (SELECT ID FROM EXERCISE_ENTITY WHERE NAME = 'Deadlift'), 11);
INSERT INTO EXERCISE_SET_ENTITY (SET_TYPE, ID, NUMBER_OF_REPS, STATUS , WEIGHT , WEIGHT_KG, EXERCISE_ACTIVITY_ID) VALUES ('WeightedSet', 11000, 8.0, 0, null, 20, 1100);
INSERT INTO EXERCISE_SET_ENTITY (SET_TYPE, ID, NUMBER_OF_REPS, STATUS , WEIGHT , WEIGHT_KG, EXERCISE_ACTIVITY_ID) VALUES ('WeightedSet', 11001, 5.0, 0, null, 60, 1100);
INSERT INTO EXERCISE_SET_ENTITY (SET_TYPE, ID, NUMBER_OF_REPS, STATUS , WEIGHT , WEIGHT_KG, EXERCISE_ACTIVITY_ID) VALUES ('WeightedSet', 11002, 3.0, 0, null, 90, 1100);
INSERT INTO EXERCISE_SET_ENTITY (SET_TYPE, ID, NUMBER_OF_REPS, STATUS , WEIGHT , WEIGHT_KG, EXERCISE_ACTIVITY_ID) VALUES ('WeightedSet', 11003, 2.0, 0, null, 100, 1100);
INSERT INTO EXERCISE_SET_ENTITY (SET_TYPE, ID, NUMBER_OF_REPS, STATUS , WEIGHT , WEIGHT_KG, EXERCISE_ACTIVITY_ID) VALUES ('WeightedSet', 11004, 1.0, 0, null, 110, 1100);
INSERT INTO EXERCISE_SET_ENTITY (SET_TYPE, ID, NUMBER_OF_REPS, STATUS , WEIGHT , WEIGHT_KG, EXERCISE_ACTIVITY_ID) VALUES ('WeightedSet', 11005, 5.0, 0, null, 117.5, 1100);
INSERT INTO EXERCISE_ACTIVITY_ENTITY (ID, NOTES, EXERCISE_ID, WORKOUT_ID) VALUES (1101, '', (SELECT ID FROM EXERCISE_ENTITY WHERE NAME = 'Pull Up'), 11);
INSERT INTO EXERCISE_SET_ENTITY (SET_TYPE, ID, NUMBER_OF_REPS, STATUS , WEIGHT , WEIGHT_KG, EXERCISE_ACTIVITY_ID) VALUES ('NonWeightedSet', 11010, 5.0, 0, 'body', null, 1101);
INSERT INTO EXERCISE_SET_ENTITY (SET_TYPE, ID, NUMBER_OF_REPS, STATUS , WEIGHT , WEIGHT_KG, EXERCISE_ACTIVITY_ID) VALUES ('NonWeightedSet', 11011, 5.0, 0, 'body', null, 1101);
INSERT INTO EXERCISE_SET_ENTITY (SET_TYPE, ID, NUMBER_OF_REPS, STATUS , WEIGHT , WEIGHT_KG, EXERCISE_ACTIVITY_ID) VALUES ('NonWeightedSet', 11012, 5.0, 0, 'body', null, 1101);
INSERT INTO EXERCISE_SET_ENTITY (SET_TYPE, ID, NUMBER_OF_REPS, STATUS , WEIGHT , WEIGHT_KG, EXERCISE_ACTIVITY_ID) VALUES ('NonWeightedSet', 11013, 5.0, 0, 'body', null, 1101);
INSERT INTO EXERCISE_ACTIVITY_ENTITY (ID, NOTES, EXERCISE_ID, WORKOUT_ID) VALUES (1102, '', (SELECT ID FROM EXERCISE_ENTITY WHERE NAME = 'Barbell Curl'), 11);
INSERT INTO EXERCISE_SET_ENTITY (SET_TYPE, ID, NUMBER_OF_REPS, STATUS , WEIGHT , WEIGHT_KG, EXERCISE_ACTIVITY_ID) VALUES ('WeightedSet', 11020, 10.0, 0, null, 20, 1102);
INSERT INTO EXERCISE_SET_ENTITY (SET_TYPE, ID, NUMBER_OF_REPS, STATUS , WEIGHT , WEIGHT_KG, EXERCISE_ACTIVITY_ID) VALUES ('WeightedSet', 11021, 10.0, 0, null, 20, 1102);
INSERT INTO EXERCISE_SET_ENTITY (SET_TYPE, ID, NUMBER_OF_REPS, STATUS , WEIGHT , WEIGHT_KG, EXERCISE_ACTIVITY_ID) VALUES ('WeightedSet', 11022, 10.0, 0, null, 20, 1102);
INSERT INTO EXERCISE_ACTIVITY_ENTITY (ID, NOTES, EXERCISE_ID, WORKOUT_ID) VALUES (1103, '', (SELECT ID FROM EXERCISE_ENTITY WHERE NAME = 'Hanging Leg Raise'), 11);
INSERT INTO EXERCISE_SET_ENTITY (SET_TYPE, ID, NUMBER_OF_REPS, STATUS , WEIGHT , WEIGHT_KG, EXERCISE_ACTIVITY_ID) VALUES ('NonWeightedSet', 11030, 5.0, 0, 'body', null, 1103);
INSERT INTO EXERCISE_SET_ENTITY (SET_TYPE, ID, NUMBER_OF_REPS, STATUS , WEIGHT , WEIGHT_KG, EXERCISE_ACTIVITY_ID) VALUES ('NonWeightedSet', 11031, 5.0, 0, 'body', null, 1103);
INSERT INTO EXERCISE_SET_ENTITY (SET_TYPE, ID, NUMBER_OF_REPS, STATUS , WEIGHT , WEIGHT_KG, EXERCISE_ACTIVITY_ID) VALUES ('NonWeightedSet', 11032, 5.0, 0, 'body', null, 1103);
INSERT INTO EXERCISE_ACTIVITY_ENTITY (ID, NOTES, EXERCISE_ID, WORKOUT_ID) VALUES (1104, '', (SELECT ID FROM EXERCISE_ENTITY WHERE NAME = 'Cable Crunch'), 11);
INSERT INTO EXERCISE_SET_ENTITY (SET_TYPE, ID, NUMBER_OF_REPS, STATUS , WEIGHT , WEIGHT_KG, EXERCISE_ACTIVITY_ID) VALUES ('NonWeightedSet', 11040, 10.0, 0, 'red band', null, 1104);
INSERT INTO EXERCISE_SET_ENTITY (SET_TYPE, ID, NUMBER_OF_REPS, STATUS , WEIGHT , WEIGHT_KG, EXERCISE_ACTIVITY_ID) VALUES ('NonWeightedSet', 11041, 10.0, 0, 'red band', null, 1104);
INSERT INTO WORKOUT_ENTITY (ID, NOTES, PERFORMED_AT_TIMESTAMP_UTC, WORKOUT_TYPE) VALUES (12, 'Notes', '2019-08-20 15:00:00', 'PUSH');
INSERT INTO EXERCISE_ACTIVITY_ENTITY (ID, NOTES, EXERCISE_ID, WORKOUT_ID) VALUES (1200, '', (SELECT ID FROM EXERCISE_ENTITY WHERE NAME = 'Bench Press'), 12);
INSERT INTO EXERCISE_SET_ENTITY (SET_TYPE, ID, NUMBER_OF_REPS, STATUS , WEIGHT , WEIGHT_KG, EXERCISE_ACTIVITY_ID) VALUES ('WeightedSet', 12000, 5.0, 0, null, 20, 1200);
INSERT INTO EXERCISE_SET_ENTITY (SET_TYPE, ID, NUMBER_OF_REPS, STATUS , WEIGHT , WEIGHT_KG, EXERCISE_ACTIVITY_ID) VALUES ('WeightedSet', 12001, 5.0, 0, null, 40, 1200);
INSERT INTO EXERCISE_SET_ENTITY (SET_TYPE, ID, NUMBER_OF_REPS, STATUS , WEIGHT , WEIGHT_KG, EXERCISE_ACTIVITY_ID) VALUES ('WeightedSet', 12002, 5.0, 0, null, 55, 1200);
INSERT INTO EXERCISE_SET_ENTITY (SET_TYPE, ID, NUMBER_OF_REPS, STATUS , WEIGHT , WEIGHT_KG, EXERCISE_ACTIVITY_ID) VALUES ('WeightedSet', 12003, 5.0, 0, null, 55, 1200);
INSERT INTO EXERCISE_SET_ENTITY (SET_TYPE, ID, NUMBER_OF_REPS, STATUS , WEIGHT , WEIGHT_KG, EXERCISE_ACTIVITY_ID) VALUES ('WeightedSet', 12004, 5.0, 0, null, 55, 1200);
INSERT INTO EXERCISE_SET_ENTITY (SET_TYPE, ID, NUMBER_OF_REPS, STATUS , WEIGHT , WEIGHT_KG, EXERCISE_ACTIVITY_ID) VALUES ('WeightedSet', 12005, 5.0, 0, null, 55, 1200);
INSERT INTO EXERCISE_SET_ENTITY (SET_TYPE, ID, NUMBER_OF_REPS, STATUS , WEIGHT , WEIGHT_KG, EXERCISE_ACTIVITY_ID) VALUES ('WeightedSet', 12006, 3.0, 1, null, 55, 1200);
INSERT INTO EXERCISE_ACTIVITY_ENTITY (ID, NOTES, EXERCISE_ID, WORKOUT_ID) VALUES (1201, '', (SELECT ID FROM EXERCISE_ENTITY WHERE NAME = 'Overhead Press'), 12);
INSERT INTO EXERCISE_SET_ENTITY (SET_TYPE, ID, NUMBER_OF_REPS, STATUS , WEIGHT , WEIGHT_KG, EXERCISE_ACTIVITY_ID) VALUES ('WeightedSet', 12010, 8.0, 0, null, 20, 1201);
INSERT INTO EXERCISE_SET_ENTITY (SET_TYPE, ID, NUMBER_OF_REPS, STATUS , WEIGHT , WEIGHT_KG, EXERCISE_ACTIVITY_ID) VALUES ('WeightedSet', 12011, 8.0, 0, null, 30, 1201);
INSERT INTO EXERCISE_SET_ENTITY (SET_TYPE, ID, NUMBER_OF_REPS, STATUS , WEIGHT , WEIGHT_KG, EXERCISE_ACTIVITY_ID) VALUES ('WeightedSet', 12012, 8.0, 0, null, 30, 1201);
INSERT INTO EXERCISE_SET_ENTITY (SET_TYPE, ID, NUMBER_OF_REPS, STATUS , WEIGHT , WEIGHT_KG, EXERCISE_ACTIVITY_ID) VALUES ('WeightedSet', 12013, 8.0, 0, null, 30, 1201);
INSERT INTO EXERCISE_ACTIVITY_ENTITY (ID, NOTES, EXERCISE_ID, WORKOUT_ID) VALUES (1202, '', (SELECT ID FROM EXERCISE_ENTITY WHERE NAME = 'Close Dip'), 12);
INSERT INTO EXERCISE_SET_ENTITY (SET_TYPE, ID, NUMBER_OF_REPS, STATUS , WEIGHT , WEIGHT_KG, EXERCISE_ACTIVITY_ID) VALUES ('NonWeightedSet', 12020, 6.0, 0, 'body', null, 1202);
INSERT INTO EXERCISE_SET_ENTITY (SET_TYPE, ID, NUMBER_OF_REPS, STATUS , WEIGHT , WEIGHT_KG, EXERCISE_ACTIVITY_ID) VALUES ('NonWeightedSet', 12021, 6.0, 0, 'body', null, 1202);
INSERT INTO EXERCISE_SET_ENTITY (SET_TYPE, ID, NUMBER_OF_REPS, STATUS , WEIGHT , WEIGHT_KG, EXERCISE_ACTIVITY_ID) VALUES ('NonWeightedSet', 12022, 6.0, 0, 'body', null, 1202);
INSERT INTO EXERCISE_ACTIVITY_ENTITY (ID, NOTES, EXERCISE_ID, WORKOUT_ID) VALUES (1203, '', (SELECT ID FROM EXERCISE_ENTITY WHERE NAME = 'Close Grip Bench Press'), 12);
INSERT INTO EXERCISE_SET_ENTITY (SET_TYPE, ID, NUMBER_OF_REPS, STATUS , WEIGHT , WEIGHT_KG, EXERCISE_ACTIVITY_ID) VALUES ('WeightedSet', 12030, 10.0, 0, null, 30, 1203);
INSERT INTO EXERCISE_SET_ENTITY (SET_TYPE, ID, NUMBER_OF_REPS, STATUS , WEIGHT , WEIGHT_KG, EXERCISE_ACTIVITY_ID) VALUES ('WeightedSet', 12031, 8.0, 0, null, 30, 1203);
INSERT INTO WORKOUT_ENTITY (ID, NOTES, PERFORMED_AT_TIMESTAMP_UTC, WORKOUT_TYPE) VALUES (13, 'Notes', '2019-08-22 15:00:00', 'LEGS');
INSERT INTO EXERCISE_ACTIVITY_ENTITY (ID, NOTES, EXERCISE_ID, WORKOUT_ID) VALUES (1300, '', (SELECT ID FROM EXERCISE_ENTITY WHERE NAME = 'Squat'), 13);
INSERT INTO EXERCISE_SET_ENTITY (SET_TYPE, ID, NUMBER_OF_REPS, STATUS , WEIGHT , WEIGHT_KG, EXERCISE_ACTIVITY_ID) VALUES ('WeightedSet', 13000, 5.0, 0, null, 20, 1300);
INSERT INTO EXERCISE_SET_ENTITY (SET_TYPE, ID, NUMBER_OF_REPS, STATUS , WEIGHT , WEIGHT_KG, EXERCISE_ACTIVITY_ID) VALUES ('WeightedSet', 13001, 2.0, 0, null, 40, 1300);
INSERT INTO EXERCISE_SET_ENTITY (SET_TYPE, ID, NUMBER_OF_REPS, STATUS , WEIGHT , WEIGHT_KG, EXERCISE_ACTIVITY_ID) VALUES ('WeightedSet', 13002, 2.0, 0, null, 55, 1300);
INSERT INTO EXERCISE_SET_ENTITY (SET_TYPE, ID, NUMBER_OF_REPS, STATUS , WEIGHT , WEIGHT_KG, EXERCISE_ACTIVITY_ID) VALUES ('WeightedSet', 13003, 5.0, 0, null, 67.5, 1300);
INSERT INTO EXERCISE_SET_ENTITY (SET_TYPE, ID, NUMBER_OF_REPS, STATUS , WEIGHT , WEIGHT_KG, EXERCISE_ACTIVITY_ID) VALUES ('WeightedSet', 13004, 5.0, 0, null, 67.5, 1300);
INSERT INTO EXERCISE_SET_ENTITY (SET_TYPE, ID, NUMBER_OF_REPS, STATUS , WEIGHT , WEIGHT_KG, EXERCISE_ACTIVITY_ID) VALUES ('WeightedSet', 13005, 5.0, 0, null, 67.5, 1300);
INSERT INTO EXERCISE_SET_ENTITY (SET_TYPE, ID, NUMBER_OF_REPS, STATUS , WEIGHT , WEIGHT_KG, EXERCISE_ACTIVITY_ID) VALUES ('WeightedSet', 13006, 5.0, 0, null, 67.5, 1300);
INSERT INTO EXERCISE_SET_ENTITY (SET_TYPE, ID, NUMBER_OF_REPS, STATUS , WEIGHT , WEIGHT_KG, EXERCISE_ACTIVITY_ID) VALUES ('WeightedSet', 13007, 5.0, 0, null, 67.5, 1300);
INSERT INTO EXERCISE_ACTIVITY_ENTITY (ID, NOTES, EXERCISE_ID, WORKOUT_ID) VALUES (1301, '', (SELECT ID FROM EXERCISE_ENTITY WHERE NAME = 'Romanian Deadlift'), 13);
INSERT INTO EXERCISE_SET_ENTITY (SET_TYPE, ID, NUMBER_OF_REPS, STATUS , WEIGHT , WEIGHT_KG, EXERCISE_ACTIVITY_ID) VALUES ('WeightedSet', 13010, 6.0, 0, null, 40, 1301);
INSERT INTO EXERCISE_SET_ENTITY (SET_TYPE, ID, NUMBER_OF_REPS, STATUS , WEIGHT , WEIGHT_KG, EXERCISE_ACTIVITY_ID) VALUES ('WeightedSet', 13011, 8.0, 0, null, 55, 1301);
INSERT INTO EXERCISE_SET_ENTITY (SET_TYPE, ID, NUMBER_OF_REPS, STATUS , WEIGHT , WEIGHT_KG, EXERCISE_ACTIVITY_ID) VALUES ('WeightedSet', 13012, 8.0, 0, null, 55, 1301);
INSERT INTO EXERCISE_SET_ENTITY (SET_TYPE, ID, NUMBER_OF_REPS, STATUS , WEIGHT , WEIGHT_KG, EXERCISE_ACTIVITY_ID) VALUES ('WeightedSet', 13013, 8.0, 0, null, 55, 1301);
INSERT INTO EXERCISE_ACTIVITY_ENTITY (ID, NOTES, EXERCISE_ID, WORKOUT_ID) VALUES (1302, '', (SELECT ID FROM EXERCISE_ENTITY WHERE NAME = 'Lunge'), 13);
INSERT INTO EXERCISE_SET_ENTITY (SET_TYPE, ID, NUMBER_OF_REPS, STATUS , WEIGHT , WEIGHT_KG, EXERCISE_ACTIVITY_ID) VALUES ('NonWeightedSet', 13020, 8.0, 0, 'body', null, 1302);
INSERT INTO EXERCISE_SET_ENTITY (SET_TYPE, ID, NUMBER_OF_REPS, STATUS , WEIGHT , WEIGHT_KG, EXERCISE_ACTIVITY_ID) VALUES ('WeightedSet', 13021, 8.0, 0, null, 5, 1302);
INSERT INTO EXERCISE_SET_ENTITY (SET_TYPE, ID, NUMBER_OF_REPS, STATUS , WEIGHT , WEIGHT_KG, EXERCISE_ACTIVITY_ID) VALUES ('WeightedSet', 13022, 8.0, 0, null, 10, 1302);
INSERT INTO EXERCISE_ACTIVITY_ENTITY (ID, NOTES, EXERCISE_ID, WORKOUT_ID) VALUES (1303, '', (SELECT ID FROM EXERCISE_ENTITY WHERE NAME = 'Glute Raise'), 13);
INSERT INTO EXERCISE_SET_ENTITY (SET_TYPE, ID, NUMBER_OF_REPS, STATUS , WEIGHT , WEIGHT_KG, EXERCISE_ACTIVITY_ID) VALUES ('WeightedSet', 13030, 10.0, 0, null, 20, 1303);
INSERT INTO EXERCISE_SET_ENTITY (SET_TYPE, ID, NUMBER_OF_REPS, STATUS , WEIGHT , WEIGHT_KG, EXERCISE_ACTIVITY_ID) VALUES ('WeightedSet', 13031, 8.0, 0, null, 20, 1303);
INSERT INTO EXERCISE_ACTIVITY_ENTITY (ID, NOTES, EXERCISE_ID, WORKOUT_ID) VALUES (1304, '', (SELECT ID FROM EXERCISE_ENTITY WHERE NAME = 'Barbell Floor Press'), 13);
INSERT INTO EXERCISE_SET_ENTITY (SET_TYPE, ID, NUMBER_OF_REPS, STATUS , WEIGHT , WEIGHT_KG, EXERCISE_ACTIVITY_ID) VALUES ('WeightedSet', 13040, 10.0, 0, null, 20, 1304);
INSERT INTO EXERCISE_SET_ENTITY (SET_TYPE, ID, NUMBER_OF_REPS, STATUS , WEIGHT , WEIGHT_KG, EXERCISE_ACTIVITY_ID) VALUES ('WeightedSet', 13041, 10.0, 0, null, 20, 1304);
INSERT INTO EXERCISE_ACTIVITY_ENTITY (ID, NOTES, EXERCISE_ID, WORKOUT_ID) VALUES (1305, '', (SELECT ID FROM EXERCISE_ENTITY WHERE NAME = 'Cable Fly'), 13);
INSERT INTO EXERCISE_SET_ENTITY (SET_TYPE, ID, NUMBER_OF_REPS, STATUS , WEIGHT , WEIGHT_KG, EXERCISE_ACTIVITY_ID) VALUES ('NonWeightedSet', 13050, 10.0, 0, 'yellow band', null, 1305);
INSERT INTO EXERCISE_ACTIVITY_ENTITY (ID, NOTES, EXERCISE_ID, WORKOUT_ID) VALUES (1306, '', (SELECT ID FROM EXERCISE_ENTITY WHERE NAME = 'Cable Fly (Upper)'), 13);
INSERT INTO EXERCISE_SET_ENTITY (SET_TYPE, ID, NUMBER_OF_REPS, STATUS , WEIGHT , WEIGHT_KG, EXERCISE_ACTIVITY_ID) VALUES ('NonWeightedSet', 13060, 10.0, 0, 'yellow band', null, 1306);
INSERT INTO EXERCISE_SET_ENTITY (SET_TYPE, ID, NUMBER_OF_REPS, STATUS , WEIGHT , WEIGHT_KG, EXERCISE_ACTIVITY_ID) VALUES ('NonWeightedSet', 13061, 10.0, 0, 'red + yellow', null, 1306);
INSERT INTO EXERCISE_ACTIVITY_ENTITY (ID, NOTES, EXERCISE_ID, WORKOUT_ID) VALUES (1307, '', (SELECT ID FROM EXERCISE_ENTITY WHERE NAME = 'Incline Bench Press'), 13);
INSERT INTO EXERCISE_SET_ENTITY (SET_TYPE, ID, NUMBER_OF_REPS, STATUS , WEIGHT , WEIGHT_KG, EXERCISE_ACTIVITY_ID) VALUES ('WeightedSet', 13070, 10.0, 0, null, 20, 1307);
INSERT INTO WORKOUT_ENTITY (ID, NOTES, PERFORMED_AT_TIMESTAMP_UTC, WORKOUT_TYPE) VALUES (14, 'Notes', '2019-08-27 16:30:00', 'PULL');
INSERT INTO EXERCISE_ACTIVITY_ENTITY (ID, NOTES, EXERCISE_ID, WORKOUT_ID) VALUES (1400, '', (SELECT ID FROM EXERCISE_ENTITY WHERE NAME = 'Deadlift'), 14);
INSERT INTO EXERCISE_SET_ENTITY (SET_TYPE, ID, NUMBER_OF_REPS, STATUS , WEIGHT , WEIGHT_KG, EXERCISE_ACTIVITY_ID) VALUES ('WeightedSet', 14000, 5.0, 0, null, 20, 1400);
INSERT INTO EXERCISE_SET_ENTITY (SET_TYPE, ID, NUMBER_OF_REPS, STATUS , WEIGHT , WEIGHT_KG, EXERCISE_ACTIVITY_ID) VALUES ('WeightedSet', 14001, 3.0, 0, null, 60, 1400);
INSERT INTO EXERCISE_SET_ENTITY (SET_TYPE, ID, NUMBER_OF_REPS, STATUS , WEIGHT , WEIGHT_KG, EXERCISE_ACTIVITY_ID) VALUES ('WeightedSet', 14002, 3.0, 0, null, 90, 1400);
INSERT INTO EXERCISE_SET_ENTITY (SET_TYPE, ID, NUMBER_OF_REPS, STATUS , WEIGHT , WEIGHT_KG, EXERCISE_ACTIVITY_ID) VALUES ('WeightedSet', 14003, 2.0, 0, null, 110, 1400);
INSERT INTO EXERCISE_SET_ENTITY (SET_TYPE, ID, NUMBER_OF_REPS, STATUS , WEIGHT , WEIGHT_KG, EXERCISE_ACTIVITY_ID) VALUES ('WeightedSet', 14004, 5.0, 0, null, 120, 1400);
INSERT INTO EXERCISE_ACTIVITY_ENTITY (ID, NOTES, EXERCISE_ID, WORKOUT_ID) VALUES (1401, '', (SELECT ID FROM EXERCISE_ENTITY WHERE NAME = 'Pull Up'), 14);
INSERT INTO EXERCISE_SET_ENTITY (SET_TYPE, ID, NUMBER_OF_REPS, STATUS , WEIGHT , WEIGHT_KG, EXERCISE_ACTIVITY_ID) VALUES ('NonWeightedSet', 14010, 5.0, 0, 'body', null, 1401);
INSERT INTO EXERCISE_SET_ENTITY (SET_TYPE, ID, NUMBER_OF_REPS, STATUS , WEIGHT , WEIGHT_KG, EXERCISE_ACTIVITY_ID) VALUES ('NonWeightedSet', 14011, 5.0, 0, 'body', null, 1401);
INSERT INTO EXERCISE_SET_ENTITY (SET_TYPE, ID, NUMBER_OF_REPS, STATUS , WEIGHT , WEIGHT_KG, EXERCISE_ACTIVITY_ID) VALUES ('NonWeightedSet', 14012, 5.0, 0, 'body', null, 1401);
INSERT INTO EXERCISE_SET_ENTITY (SET_TYPE, ID, NUMBER_OF_REPS, STATUS , WEIGHT , WEIGHT_KG, EXERCISE_ACTIVITY_ID) VALUES ('NonWeightedSet', 14013, 5.0, 0, 'body', null, 1401);
INSERT INTO EXERCISE_ACTIVITY_ENTITY (ID, NOTES, EXERCISE_ID, WORKOUT_ID) VALUES (1402, '', (SELECT ID FROM EXERCISE_ENTITY WHERE NAME = 'Bent Over Row'), 14);
INSERT INTO EXERCISE_SET_ENTITY (SET_TYPE, ID, NUMBER_OF_REPS, STATUS , WEIGHT , WEIGHT_KG, EXERCISE_ACTIVITY_ID) VALUES ('WeightedSet', 14020, 12.0, 0, null, 20, 1402);
INSERT INTO EXERCISE_SET_ENTITY (SET_TYPE, ID, NUMBER_OF_REPS, STATUS , WEIGHT , WEIGHT_KG, EXERCISE_ACTIVITY_ID) VALUES ('WeightedSet', 14021, 8.0, 0, null, 42.5, 1402);
INSERT INTO EXERCISE_SET_ENTITY (SET_TYPE, ID, NUMBER_OF_REPS, STATUS , WEIGHT , WEIGHT_KG, EXERCISE_ACTIVITY_ID) VALUES ('WeightedSet', 14022, 8.0, 0, null, 42.5, 1402);
INSERT INTO EXERCISE_SET_ENTITY (SET_TYPE, ID, NUMBER_OF_REPS, STATUS , WEIGHT , WEIGHT_KG, EXERCISE_ACTIVITY_ID) VALUES ('WeightedSet', 14023, 9.0, 0, null, 42.5, 1402);
INSERT INTO EXERCISE_ACTIVITY_ENTITY (ID, NOTES, EXERCISE_ID, WORKOUT_ID) VALUES (1403, '', (SELECT ID FROM EXERCISE_ENTITY WHERE NAME = 'Barbell Curl'), 14);
INSERT INTO EXERCISE_SET_ENTITY (SET_TYPE, ID, NUMBER_OF_REPS, STATUS , WEIGHT , WEIGHT_KG, EXERCISE_ACTIVITY_ID) VALUES ('WeightedSet', 14030, 10.0, 0, null, 20, 1403);
INSERT INTO EXERCISE_SET_ENTITY (SET_TYPE, ID, NUMBER_OF_REPS, STATUS , WEIGHT , WEIGHT_KG, EXERCISE_ACTIVITY_ID) VALUES ('WeightedSet', 14031, 10.0, 0, null, 20, 1403);
INSERT INTO EXERCISE_SET_ENTITY (SET_TYPE, ID, NUMBER_OF_REPS, STATUS , WEIGHT , WEIGHT_KG, EXERCISE_ACTIVITY_ID) VALUES ('WeightedSet', 14032, 11.0, 0, null, 20, 1403);
INSERT INTO EXERCISE_ACTIVITY_ENTITY (ID, NOTES, EXERCISE_ID, WORKOUT_ID) VALUES (1404, '', (SELECT ID FROM EXERCISE_ENTITY WHERE NAME = 'Facepull'), 14);
INSERT INTO EXERCISE_SET_ENTITY (SET_TYPE, ID, NUMBER_OF_REPS, STATUS , WEIGHT , WEIGHT_KG, EXERCISE_ACTIVITY_ID) VALUES ('NonWeightedSet', 14040, 20.0, 0, 'yellow band', null, 1404);
INSERT INTO EXERCISE_SET_ENTITY (SET_TYPE, ID, NUMBER_OF_REPS, STATUS , WEIGHT , WEIGHT_KG, EXERCISE_ACTIVITY_ID) VALUES ('NonWeightedSet', 14041, 15.0, 0, 'yellow band', null, 1404);
INSERT INTO EXERCISE_ACTIVITY_ENTITY (ID, NOTES, EXERCISE_ID, WORKOUT_ID) VALUES (1405, '', (SELECT ID FROM EXERCISE_ENTITY WHERE NAME = 'Hanging Leg Raise'), 14);
INSERT INTO EXERCISE_SET_ENTITY (SET_TYPE, ID, NUMBER_OF_REPS, STATUS , WEIGHT , WEIGHT_KG, EXERCISE_ACTIVITY_ID) VALUES ('NonWeightedSet', 14050, 5.0, 0, 'body', null, 1405);
INSERT INTO EXERCISE_SET_ENTITY (SET_TYPE, ID, NUMBER_OF_REPS, STATUS , WEIGHT , WEIGHT_KG, EXERCISE_ACTIVITY_ID) VALUES ('NonWeightedSet', 14051, 5.0, 0, 'body', null, 1405);
INSERT INTO EXERCISE_ACTIVITY_ENTITY (ID, NOTES, EXERCISE_ID, WORKOUT_ID) VALUES (1406, '', (SELECT ID FROM EXERCISE_ENTITY WHERE NAME = 'Lying Leg Raise'), 14);
INSERT INTO EXERCISE_SET_ENTITY (SET_TYPE, ID, NUMBER_OF_REPS, STATUS , WEIGHT , WEIGHT_KG, EXERCISE_ACTIVITY_ID) VALUES ('NonWeightedSet', 14060, 10.0, 0, 'body', null, 1406);
INSERT INTO EXERCISE_SET_ENTITY (SET_TYPE, ID, NUMBER_OF_REPS, STATUS , WEIGHT , WEIGHT_KG, EXERCISE_ACTIVITY_ID) VALUES ('NonWeightedSet', 14061, 10.0, 0, 'body', null, 1406);
INSERT INTO WORKOUT_ENTITY (ID, NOTES, PERFORMED_AT_TIMESTAMP_UTC, WORKOUT_TYPE) VALUES (15, 'Notes', '2019-08-28 16:30:00', 'PUSH');
INSERT INTO EXERCISE_ACTIVITY_ENTITY (ID, NOTES, EXERCISE_ID, WORKOUT_ID) VALUES (1500, '', (SELECT ID FROM EXERCISE_ENTITY WHERE NAME = 'Bench Press'), 15);
INSERT INTO EXERCISE_SET_ENTITY (SET_TYPE, ID, NUMBER_OF_REPS, STATUS , WEIGHT , WEIGHT_KG, EXERCISE_ACTIVITY_ID) VALUES ('WeightedSet', 15000, 6.0, 0, null, 20, 1500);
INSERT INTO EXERCISE_SET_ENTITY (SET_TYPE, ID, NUMBER_OF_REPS, STATUS , WEIGHT , WEIGHT_KG, EXERCISE_ACTIVITY_ID) VALUES ('WeightedSet', 15001, 5.0, 0, null, 40, 1500);
INSERT INTO EXERCISE_SET_ENTITY (SET_TYPE, ID, NUMBER_OF_REPS, STATUS , WEIGHT , WEIGHT_KG, EXERCISE_ACTIVITY_ID) VALUES ('WeightedSet', 15002, 3.0, 0, null, 50, 1500);
INSERT INTO EXERCISE_SET_ENTITY (SET_TYPE, ID, NUMBER_OF_REPS, STATUS , WEIGHT , WEIGHT_KG, EXERCISE_ACTIVITY_ID) VALUES ('WeightedSet', 15003, 5.0, 0, null, 55, 1500);
INSERT INTO EXERCISE_SET_ENTITY (SET_TYPE, ID, NUMBER_OF_REPS, STATUS , WEIGHT , WEIGHT_KG, EXERCISE_ACTIVITY_ID) VALUES ('WeightedSet', 15004, 5.0, 0, null, 55, 1500);
INSERT INTO EXERCISE_SET_ENTITY (SET_TYPE, ID, NUMBER_OF_REPS, STATUS , WEIGHT , WEIGHT_KG, EXERCISE_ACTIVITY_ID) VALUES ('WeightedSet', 15005, 5.0, 0, null, 55, 1500);
INSERT INTO EXERCISE_SET_ENTITY (SET_TYPE, ID, NUMBER_OF_REPS, STATUS , WEIGHT , WEIGHT_KG, EXERCISE_ACTIVITY_ID) VALUES ('WeightedSet', 15006, 5.0, 0, null, 55, 1500);
INSERT INTO EXERCISE_SET_ENTITY (SET_TYPE, ID, NUMBER_OF_REPS, STATUS , WEIGHT , WEIGHT_KG, EXERCISE_ACTIVITY_ID) VALUES ('WeightedSet', 15007, 4.0, 1, null, 55, 1500);
INSERT INTO EXERCISE_ACTIVITY_ENTITY (ID, NOTES, EXERCISE_ID, WORKOUT_ID) VALUES (1501, '', (SELECT ID FROM EXERCISE_ENTITY WHERE NAME = 'Overhead Press'), 15);
INSERT INTO EXERCISE_SET_ENTITY (SET_TYPE, ID, NUMBER_OF_REPS, STATUS , WEIGHT , WEIGHT_KG, EXERCISE_ACTIVITY_ID) VALUES ('WeightedSet', 15010, 5.0, 0, null, 20, 1501);
INSERT INTO EXERCISE_SET_ENTITY (SET_TYPE, ID, NUMBER_OF_REPS, STATUS , WEIGHT , WEIGHT_KG, EXERCISE_ACTIVITY_ID) VALUES ('WeightedSet', 15011, 8.0, 0, null, 30, 1501);
INSERT INTO EXERCISE_SET_ENTITY (SET_TYPE, ID, NUMBER_OF_REPS, STATUS , WEIGHT , WEIGHT_KG, EXERCISE_ACTIVITY_ID) VALUES ('WeightedSet', 15012, 8.0, 0, null, 30, 1501);
INSERT INTO EXERCISE_SET_ENTITY (SET_TYPE, ID, NUMBER_OF_REPS, STATUS , WEIGHT , WEIGHT_KG, EXERCISE_ACTIVITY_ID) VALUES ('WeightedSet', 15013, 8.0, 0, null, 30, 1501);
INSERT INTO EXERCISE_ACTIVITY_ENTITY (ID, NOTES, EXERCISE_ID, WORKOUT_ID) VALUES (1502, '', (SELECT ID FROM EXERCISE_ENTITY WHERE NAME = 'Dip'), 15);
INSERT INTO EXERCISE_SET_ENTITY (SET_TYPE, ID, NUMBER_OF_REPS, STATUS , WEIGHT , WEIGHT_KG, EXERCISE_ACTIVITY_ID) VALUES ('NonWeightedSet', 15020, 6.0, 0, 'body', null, 1502);
INSERT INTO EXERCISE_SET_ENTITY (SET_TYPE, ID, NUMBER_OF_REPS, STATUS , WEIGHT , WEIGHT_KG, EXERCISE_ACTIVITY_ID) VALUES ('NonWeightedSet', 15021, 6.0, 0, 'body', null, 1502);
INSERT INTO EXERCISE_SET_ENTITY (SET_TYPE, ID, NUMBER_OF_REPS, STATUS , WEIGHT , WEIGHT_KG, EXERCISE_ACTIVITY_ID) VALUES ('NonWeightedSet', 15022, 6.0, 0, 'body', null, 1502);
INSERT INTO EXERCISE_ACTIVITY_ENTITY (ID, NOTES, EXERCISE_ID, WORKOUT_ID) VALUES (1503, '', (SELECT ID FROM EXERCISE_ENTITY WHERE NAME = 'Cable Fly'), 15);
INSERT INTO EXERCISE_SET_ENTITY (SET_TYPE, ID, NUMBER_OF_REPS, STATUS , WEIGHT , WEIGHT_KG, EXERCISE_ACTIVITY_ID) VALUES ('NonWeightedSet', 15030, 10.0, 0, 'yellow band', null, 1503);
INSERT INTO EXERCISE_SET_ENTITY (SET_TYPE, ID, NUMBER_OF_REPS, STATUS , WEIGHT , WEIGHT_KG, EXERCISE_ACTIVITY_ID) VALUES ('NonWeightedSet', 15031, 10.0, 0, 'red & yellow', null, 1503);
INSERT INTO EXERCISE_SET_ENTITY (SET_TYPE, ID, NUMBER_OF_REPS, STATUS , WEIGHT , WEIGHT_KG, EXERCISE_ACTIVITY_ID) VALUES ('NonWeightedSet', 15032, 10.0, 0, 'red & yellow', null, 1503);
INSERT INTO WORKOUT_ENTITY (ID, NOTES, PERFORMED_AT_TIMESTAMP_UTC, WORKOUT_TYPE) VALUES (16, 'Notes', '2019-08-29 15:30:00', 'LEGS');
INSERT INTO EXERCISE_ACTIVITY_ENTITY (ID, NOTES, EXERCISE_ID, WORKOUT_ID) VALUES (1600, '', (SELECT ID FROM EXERCISE_ENTITY WHERE NAME = 'Squat'), 16);
INSERT INTO EXERCISE_SET_ENTITY (SET_TYPE, ID, NUMBER_OF_REPS, STATUS , WEIGHT , WEIGHT_KG, EXERCISE_ACTIVITY_ID) VALUES ('NonWeightedSet', 16000, 5.0, 0, 'body', null, 1600);
INSERT INTO EXERCISE_SET_ENTITY (SET_TYPE, ID, NUMBER_OF_REPS, STATUS , WEIGHT , WEIGHT_KG, EXERCISE_ACTIVITY_ID) VALUES ('WeightedSet', 16001, 5.0, 0, null, 20, 1600);
INSERT INTO EXERCISE_SET_ENTITY (SET_TYPE, ID, NUMBER_OF_REPS, STATUS , WEIGHT , WEIGHT_KG, EXERCISE_ACTIVITY_ID) VALUES ('WeightedSet', 16002, 5.0, 0, null, 40, 1600);
INSERT INTO EXERCISE_SET_ENTITY (SET_TYPE, ID, NUMBER_OF_REPS, STATUS , WEIGHT , WEIGHT_KG, EXERCISE_ACTIVITY_ID) VALUES ('WeightedSet', 16003, 3.0, 0, null, 60, 1600);
INSERT INTO EXERCISE_SET_ENTITY (SET_TYPE, ID, NUMBER_OF_REPS, STATUS , WEIGHT , WEIGHT_KG, EXERCISE_ACTIVITY_ID) VALUES ('WeightedSet', 16004, 5.0, 0, null, 70, 1600);
INSERT INTO EXERCISE_SET_ENTITY (SET_TYPE, ID, NUMBER_OF_REPS, STATUS , WEIGHT , WEIGHT_KG, EXERCISE_ACTIVITY_ID) VALUES ('WeightedSet', 16005, 5.0, 0, null, 70, 1600);
INSERT INTO EXERCISE_SET_ENTITY (SET_TYPE, ID, NUMBER_OF_REPS, STATUS , WEIGHT , WEIGHT_KG, EXERCISE_ACTIVITY_ID) VALUES ('WeightedSet', 16006, 5.0, 0, null, 70, 1600);
INSERT INTO EXERCISE_SET_ENTITY (SET_TYPE, ID, NUMBER_OF_REPS, STATUS , WEIGHT , WEIGHT_KG, EXERCISE_ACTIVITY_ID) VALUES ('WeightedSet', 16007, 5.0, 0, null, 70, 1600);
INSERT INTO EXERCISE_SET_ENTITY (SET_TYPE, ID, NUMBER_OF_REPS, STATUS , WEIGHT , WEIGHT_KG, EXERCISE_ACTIVITY_ID) VALUES ('WeightedSet', 16008, 5.0, 0, null, 70, 1600);
INSERT INTO EXERCISE_ACTIVITY_ENTITY (ID, NOTES, EXERCISE_ID, WORKOUT_ID) VALUES (1601, '', (SELECT ID FROM EXERCISE_ENTITY WHERE NAME = 'Romanian Deadlift'), 16);
INSERT INTO EXERCISE_SET_ENTITY (SET_TYPE, ID, NUMBER_OF_REPS, STATUS , WEIGHT , WEIGHT_KG, EXERCISE_ACTIVITY_ID) VALUES ('WeightedSet', 16010, 5.0, 0, null, 50, 1601);
INSERT INTO EXERCISE_SET_ENTITY (SET_TYPE, ID, NUMBER_OF_REPS, STATUS , WEIGHT , WEIGHT_KG, EXERCISE_ACTIVITY_ID) VALUES ('WeightedSet', 16011, 6.0, 1, null, 57.5, 1601);
INSERT INTO EXERCISE_SET_ENTITY (SET_TYPE, ID, NUMBER_OF_REPS, STATUS , WEIGHT , WEIGHT_KG, EXERCISE_ACTIVITY_ID) VALUES ('WeightedSet', 16012, 8.0, 0, null, 57.5, 1601);
INSERT INTO EXERCISE_SET_ENTITY (SET_TYPE, ID, NUMBER_OF_REPS, STATUS , WEIGHT , WEIGHT_KG, EXERCISE_ACTIVITY_ID) VALUES ('WeightedSet', 16013, 8.0, 0, null, 57.5, 1601);
INSERT INTO EXERCISE_ACTIVITY_ENTITY (ID, NOTES, EXERCISE_ID, WORKOUT_ID) VALUES (1602, '', (SELECT ID FROM EXERCISE_ENTITY WHERE NAME = 'Lunge'), 16);
INSERT INTO EXERCISE_SET_ENTITY (SET_TYPE, ID, NUMBER_OF_REPS, STATUS , WEIGHT , WEIGHT_KG, EXERCISE_ACTIVITY_ID) VALUES ('NonWeightedSet', 16020, 8.0, 0, 'body', null, 1602);
INSERT INTO EXERCISE_SET_ENTITY (SET_TYPE, ID, NUMBER_OF_REPS, STATUS , WEIGHT , WEIGHT_KG, EXERCISE_ACTIVITY_ID) VALUES ('WeightedSet', 16021, 8.0, 0, null, 5, 1602);
INSERT INTO EXERCISE_ACTIVITY_ENTITY (ID, NOTES, EXERCISE_ID, WORKOUT_ID) VALUES (1603, '', (SELECT ID FROM EXERCISE_ENTITY WHERE NAME = 'Calf Raise'), 16);
INSERT INTO EXERCISE_SET_ENTITY (SET_TYPE, ID, NUMBER_OF_REPS, STATUS , WEIGHT , WEIGHT_KG, EXERCISE_ACTIVITY_ID) VALUES ('NonWeightedSet', 16030, 12.0, 0, 'body', null, 1603);
INSERT INTO EXERCISE_SET_ENTITY (SET_TYPE, ID, NUMBER_OF_REPS, STATUS , WEIGHT , WEIGHT_KG, EXERCISE_ACTIVITY_ID) VALUES ('NonWeightedSet', 16031, 10.0, 0, 'lifting rack', null, 1603);
INSERT INTO WORKOUT_ENTITY (ID, NOTES, PERFORMED_AT_TIMESTAMP_UTC, WORKOUT_TYPE) VALUES (17, 'Notes', '2019-09-02 15:30:00', 'PULL');
INSERT INTO EXERCISE_ACTIVITY_ENTITY (ID, NOTES, EXERCISE_ID, WORKOUT_ID) VALUES (1700, '', (SELECT ID FROM EXERCISE_ENTITY WHERE NAME = 'Deadlift'), 17);
INSERT INTO EXERCISE_SET_ENTITY (SET_TYPE, ID, NUMBER_OF_REPS, STATUS , WEIGHT , WEIGHT_KG, EXERCISE_ACTIVITY_ID) VALUES ('WeightedSet', 17000, 5.0, 0, null, 20, 1700);
INSERT INTO EXERCISE_SET_ENTITY (SET_TYPE, ID, NUMBER_OF_REPS, STATUS , WEIGHT , WEIGHT_KG, EXERCISE_ACTIVITY_ID) VALUES ('WeightedSet', 17001, 7.0, 0, null, 60, 1700);
INSERT INTO EXERCISE_SET_ENTITY (SET_TYPE, ID, NUMBER_OF_REPS, STATUS , WEIGHT , WEIGHT_KG, EXERCISE_ACTIVITY_ID) VALUES ('WeightedSet', 17002, 2.0, 0, null, 90, 1700);
INSERT INTO EXERCISE_SET_ENTITY (SET_TYPE, ID, NUMBER_OF_REPS, STATUS , WEIGHT , WEIGHT_KG, EXERCISE_ACTIVITY_ID) VALUES ('WeightedSet', 17003, 2.0, 0, null, 100, 1700);
INSERT INTO EXERCISE_SET_ENTITY (SET_TYPE, ID, NUMBER_OF_REPS, STATUS , WEIGHT , WEIGHT_KG, EXERCISE_ACTIVITY_ID) VALUES ('WeightedSet', 17004, 2.0, 0, null, 110, 1700);
INSERT INTO EXERCISE_SET_ENTITY (SET_TYPE, ID, NUMBER_OF_REPS, STATUS , WEIGHT , WEIGHT_KG, EXERCISE_ACTIVITY_ID) VALUES ('WeightedSet', 17005, 5.0, 0, null, 122.5, 1700);
INSERT INTO EXERCISE_ACTIVITY_ENTITY (ID, NOTES, EXERCISE_ID, WORKOUT_ID) VALUES (1701, '', (SELECT ID FROM EXERCISE_ENTITY WHERE NAME = 'Pull Up'), 17);
INSERT INTO EXERCISE_SET_ENTITY (SET_TYPE, ID, NUMBER_OF_REPS, STATUS , WEIGHT , WEIGHT_KG, EXERCISE_ACTIVITY_ID) VALUES ('NonWeightedSet', 17010, 5.0, 0, 'body', null, 1701);
INSERT INTO EXERCISE_SET_ENTITY (SET_TYPE, ID, NUMBER_OF_REPS, STATUS , WEIGHT , WEIGHT_KG, EXERCISE_ACTIVITY_ID) VALUES ('NonWeightedSet', 17011, 5.0, 0, 'body', null, 1701);
INSERT INTO EXERCISE_SET_ENTITY (SET_TYPE, ID, NUMBER_OF_REPS, STATUS , WEIGHT , WEIGHT_KG, EXERCISE_ACTIVITY_ID) VALUES ('NonWeightedSet', 17012, 5.0, 0, 'body', null, 1701);
INSERT INTO EXERCISE_SET_ENTITY (SET_TYPE, ID, NUMBER_OF_REPS, STATUS , WEIGHT , WEIGHT_KG, EXERCISE_ACTIVITY_ID) VALUES ('NonWeightedSet', 17013, 5.0, 0, 'body', null, 1701);
INSERT INTO EXERCISE_ACTIVITY_ENTITY (ID, NOTES, EXERCISE_ID, WORKOUT_ID) VALUES (1702, '', (SELECT ID FROM EXERCISE_ENTITY WHERE NAME = 'Dumbbell Row'), 17);
INSERT INTO EXERCISE_SET_ENTITY (SET_TYPE, ID, NUMBER_OF_REPS, STATUS , WEIGHT , WEIGHT_KG, EXERCISE_ACTIVITY_ID) VALUES ('WeightedSet', 17020, 10.0, 0, null, 10, 1702);
INSERT INTO EXERCISE_SET_ENTITY (SET_TYPE, ID, NUMBER_OF_REPS, STATUS , WEIGHT , WEIGHT_KG, EXERCISE_ACTIVITY_ID) VALUES ('WeightedSet', 17021, 10.0, 0, null, 15, 1702);
INSERT INTO EXERCISE_SET_ENTITY (SET_TYPE, ID, NUMBER_OF_REPS, STATUS , WEIGHT , WEIGHT_KG, EXERCISE_ACTIVITY_ID) VALUES ('WeightedSet', 17022, 10.0, 0, null, 15, 1702);
INSERT INTO EXERCISE_SET_ENTITY (SET_TYPE, ID, NUMBER_OF_REPS, STATUS , WEIGHT , WEIGHT_KG, EXERCISE_ACTIVITY_ID) VALUES ('WeightedSet', 17023, 10.0, 0, null, 10, 1702);
INSERT INTO EXERCISE_ACTIVITY_ENTITY (ID, NOTES, EXERCISE_ID, WORKOUT_ID) VALUES (1703, '', (SELECT ID FROM EXERCISE_ENTITY WHERE NAME = 'Incline Bicep Curl'), 17);
INSERT INTO EXERCISE_SET_ENTITY (SET_TYPE, ID, NUMBER_OF_REPS, STATUS , WEIGHT , WEIGHT_KG, EXERCISE_ACTIVITY_ID) VALUES ('WeightedSet', 17030, 8.0, 0, null, 10, 1703);
INSERT INTO EXERCISE_SET_ENTITY (SET_TYPE, ID, NUMBER_OF_REPS, STATUS , WEIGHT , WEIGHT_KG, EXERCISE_ACTIVITY_ID) VALUES ('WeightedSet', 17031, 8.0, 0, null, 10, 1703);
INSERT INTO EXERCISE_SET_ENTITY (SET_TYPE, ID, NUMBER_OF_REPS, STATUS , WEIGHT , WEIGHT_KG, EXERCISE_ACTIVITY_ID) VALUES ('WeightedSet', 17032, 7.0, 1, null, 10, 1703);
INSERT INTO EXERCISE_ACTIVITY_ENTITY (ID, NOTES, EXERCISE_ID, WORKOUT_ID) VALUES (1704, '', (SELECT ID FROM EXERCISE_ENTITY WHERE NAME = 'Hanging Leg Raise'), 17);
INSERT INTO EXERCISE_SET_ENTITY (SET_TYPE, ID, NUMBER_OF_REPS, STATUS , WEIGHT , WEIGHT_KG, EXERCISE_ACTIVITY_ID) VALUES ('NonWeightedSet', 17040, 5.0, 0, 'body', null, 1704);
INSERT INTO EXERCISE_SET_ENTITY (SET_TYPE, ID, NUMBER_OF_REPS, STATUS , WEIGHT , WEIGHT_KG, EXERCISE_ACTIVITY_ID) VALUES ('NonWeightedSet', 17041, 3.0, 1, 'body', null, 1704);
INSERT INTO EXERCISE_ACTIVITY_ENTITY (ID, NOTES, EXERCISE_ID, WORKOUT_ID) VALUES (1705, '', (SELECT ID FROM EXERCISE_ENTITY WHERE NAME = 'Lying Leg Raise'), 17);
INSERT INTO EXERCISE_SET_ENTITY (SET_TYPE, ID, NUMBER_OF_REPS, STATUS , WEIGHT , WEIGHT_KG, EXERCISE_ACTIVITY_ID) VALUES ('NonWeightedSet', 17050, 10.0, 0, 'body', null, 1705);
INSERT INTO EXERCISE_SET_ENTITY (SET_TYPE, ID, NUMBER_OF_REPS, STATUS , WEIGHT , WEIGHT_KG, EXERCISE_ACTIVITY_ID) VALUES ('NonWeightedSet', 17051, 10.0, 0, 'body', null, 1705);
INSERT INTO EXERCISE_ACTIVITY_ENTITY (ID, NOTES, EXERCISE_ID, WORKOUT_ID) VALUES (1706, '', (SELECT ID FROM EXERCISE_ENTITY WHERE NAME = 'Facepull'), 17);
INSERT INTO EXERCISE_SET_ENTITY (SET_TYPE, ID, NUMBER_OF_REPS, STATUS , WEIGHT , WEIGHT_KG, EXERCISE_ACTIVITY_ID) VALUES ('NonWeightedSet', 17060, 10.0, 0, 'red & yellow', null, 1706);
INSERT INTO EXERCISE_SET_ENTITY (SET_TYPE, ID, NUMBER_OF_REPS, STATUS , WEIGHT , WEIGHT_KG, EXERCISE_ACTIVITY_ID) VALUES ('NonWeightedSet', 17061, 15.0, 0, 'yellow band', null, 1706);
INSERT INTO WORKOUT_ENTITY (ID, NOTES, PERFORMED_AT_TIMESTAMP_UTC, WORKOUT_TYPE) VALUES (18, 'Notes', '2019-09-03 15:35:00', 'PUSH');
INSERT INTO EXERCISE_ACTIVITY_ENTITY (ID, NOTES, EXERCISE_ID, WORKOUT_ID) VALUES (1800, '', (SELECT ID FROM EXERCISE_ENTITY WHERE NAME = 'Bench Press'), 18);
INSERT INTO EXERCISE_SET_ENTITY (SET_TYPE, ID, NUMBER_OF_REPS, STATUS , WEIGHT , WEIGHT_KG, EXERCISE_ACTIVITY_ID) VALUES ('WeightedSet', 18000, 5.0, 0, null, 20, 1800);
INSERT INTO EXERCISE_SET_ENTITY (SET_TYPE, ID, NUMBER_OF_REPS, STATUS , WEIGHT , WEIGHT_KG, EXERCISE_ACTIVITY_ID) VALUES ('WeightedSet', 18001, 5.0, 0, null, 40, 1800);
INSERT INTO EXERCISE_SET_ENTITY (SET_TYPE, ID, NUMBER_OF_REPS, STATUS , WEIGHT , WEIGHT_KG, EXERCISE_ACTIVITY_ID) VALUES ('WeightedSet', 18002, 5.0, 0, null, 55, 1800);
INSERT INTO EXERCISE_SET_ENTITY (SET_TYPE, ID, NUMBER_OF_REPS, STATUS , WEIGHT , WEIGHT_KG, EXERCISE_ACTIVITY_ID) VALUES ('WeightedSet', 18003, 5.0, 0, null, 55, 1800);
INSERT INTO EXERCISE_SET_ENTITY (SET_TYPE, ID, NUMBER_OF_REPS, STATUS , WEIGHT , WEIGHT_KG, EXERCISE_ACTIVITY_ID) VALUES ('WeightedSet', 18004, 5.0, 0, null, 55, 1800);
INSERT INTO EXERCISE_SET_ENTITY (SET_TYPE, ID, NUMBER_OF_REPS, STATUS , WEIGHT , WEIGHT_KG, EXERCISE_ACTIVITY_ID) VALUES ('WeightedSet', 18005, 5.0, 0, null, 50, 1800);
INSERT INTO EXERCISE_SET_ENTITY (SET_TYPE, ID, NUMBER_OF_REPS, STATUS , WEIGHT , WEIGHT_KG, EXERCISE_ACTIVITY_ID) VALUES ('WeightedSet', 18006, 5.0, 0, null, 50, 1800);
INSERT INTO EXERCISE_ACTIVITY_ENTITY (ID, NOTES, EXERCISE_ID, WORKOUT_ID) VALUES (1801, '', (SELECT ID FROM EXERCISE_ENTITY WHERE NAME = 'Overhead Press'), 18);
INSERT INTO EXERCISE_SET_ENTITY (SET_TYPE, ID, NUMBER_OF_REPS, STATUS , WEIGHT , WEIGHT_KG, EXERCISE_ACTIVITY_ID) VALUES ('WeightedSet', 18010, 8.0, 0, null, 20, 1801);
INSERT INTO EXERCISE_SET_ENTITY (SET_TYPE, ID, NUMBER_OF_REPS, STATUS , WEIGHT , WEIGHT_KG, EXERCISE_ACTIVITY_ID) VALUES ('WeightedSet', 18011, 8.0, 0, null, 30, 1801);
INSERT INTO EXERCISE_SET_ENTITY (SET_TYPE, ID, NUMBER_OF_REPS, STATUS , WEIGHT , WEIGHT_KG, EXERCISE_ACTIVITY_ID) VALUES ('WeightedSet', 18012, 8.0, 0, null, 30, 1801);
INSERT INTO EXERCISE_SET_ENTITY (SET_TYPE, ID, NUMBER_OF_REPS, STATUS , WEIGHT , WEIGHT_KG, EXERCISE_ACTIVITY_ID) VALUES ('WeightedSet', 18013, 8.0, 0, null, 30, 1801);
INSERT INTO EXERCISE_ACTIVITY_ENTITY (ID, NOTES, EXERCISE_ID, WORKOUT_ID) VALUES (1802, '', (SELECT ID FROM EXERCISE_ENTITY WHERE NAME = 'Skullcrusher'), 18);
INSERT INTO EXERCISE_SET_ENTITY (SET_TYPE, ID, NUMBER_OF_REPS, STATUS , WEIGHT , WEIGHT_KG, EXERCISE_ACTIVITY_ID) VALUES ('WeightedSet', 18020, 8.0, 0, null, 7.5, 1802);
INSERT INTO EXERCISE_SET_ENTITY (SET_TYPE, ID, NUMBER_OF_REPS, STATUS , WEIGHT , WEIGHT_KG, EXERCISE_ACTIVITY_ID) VALUES ('WeightedSet', 18021, 8.0, 0, null, 7.5, 1802);
INSERT INTO EXERCISE_SET_ENTITY (SET_TYPE, ID, NUMBER_OF_REPS, STATUS , WEIGHT , WEIGHT_KG, EXERCISE_ACTIVITY_ID) VALUES ('WeightedSet', 18022, 8.0, 0, null, 7.5, 1802);
INSERT INTO EXERCISE_ACTIVITY_ENTITY (ID, NOTES, EXERCISE_ID, WORKOUT_ID) VALUES (1803, '', (SELECT ID FROM EXERCISE_ENTITY WHERE NAME = 'Cable Fly (Low)'), 18);
INSERT INTO EXERCISE_SET_ENTITY (SET_TYPE, ID, NUMBER_OF_REPS, STATUS , WEIGHT , WEIGHT_KG, EXERCISE_ACTIVITY_ID) VALUES ('NonWeightedSet', 18030, 10.0, 0, 'yellow & red', null, 1803);
INSERT INTO EXERCISE_SET_ENTITY (SET_TYPE, ID, NUMBER_OF_REPS, STATUS , WEIGHT , WEIGHT_KG, EXERCISE_ACTIVITY_ID) VALUES ('NonWeightedSet', 18031, 10.0, 0, 'yellow & red', null, 1803);
INSERT INTO EXERCISE_SET_ENTITY (SET_TYPE, ID, NUMBER_OF_REPS, STATUS , WEIGHT , WEIGHT_KG, EXERCISE_ACTIVITY_ID) VALUES ('NonWeightedSet', 18032, 10.0, 0, 'yellow & red', null, 1803);
INSERT INTO EXERCISE_ACTIVITY_ENTITY (ID, NOTES, EXERCISE_ID, WORKOUT_ID) VALUES (1804, '', (SELECT ID FROM EXERCISE_ENTITY WHERE NAME = 'Press Up'), 18);
INSERT INTO EXERCISE_SET_ENTITY (SET_TYPE, ID, NUMBER_OF_REPS, STATUS , WEIGHT , WEIGHT_KG, EXERCISE_ACTIVITY_ID) VALUES ('NonWeightedSet', 18040, 10.0, 0, 'body', null, 1804);
INSERT INTO WORKOUT_ENTITY (ID, NOTES, PERFORMED_AT_TIMESTAMP_UTC, WORKOUT_TYPE) VALUES (19, 'Notes', '2019-09-04 15:35:00', 'LEGS');
INSERT INTO EXERCISE_ACTIVITY_ENTITY (ID, NOTES, EXERCISE_ID, WORKOUT_ID) VALUES (1900, '', (SELECT ID FROM EXERCISE_ENTITY WHERE NAME = 'Squat'), 19);
INSERT INTO EXERCISE_SET_ENTITY (SET_TYPE, ID, NUMBER_OF_REPS, STATUS , WEIGHT , WEIGHT_KG, EXERCISE_ACTIVITY_ID) VALUES ('NonWeightedSet', 19000, 5.0, 0, 'body', null, 1900);
INSERT INTO EXERCISE_SET_ENTITY (SET_TYPE, ID, NUMBER_OF_REPS, STATUS , WEIGHT , WEIGHT_KG, EXERCISE_ACTIVITY_ID) VALUES ('WeightedSet', 19001, 5.0, 0, null, 20, 1900);
INSERT INTO EXERCISE_SET_ENTITY (SET_TYPE, ID, NUMBER_OF_REPS, STATUS , WEIGHT , WEIGHT_KG, EXERCISE_ACTIVITY_ID) VALUES ('WeightedSet', 19002, 3.0, 0, null, 40, 1900);
INSERT INTO EXERCISE_SET_ENTITY (SET_TYPE, ID, NUMBER_OF_REPS, STATUS , WEIGHT , WEIGHT_KG, EXERCISE_ACTIVITY_ID) VALUES ('WeightedSet', 19003, 3.0, 0, null, 60, 1900);
INSERT INTO EXERCISE_SET_ENTITY (SET_TYPE, ID, NUMBER_OF_REPS, STATUS , WEIGHT , WEIGHT_KG, EXERCISE_ACTIVITY_ID) VALUES ('WeightedSet', 19004, 5.0, 0, null, 72.5, 1900);
INSERT INTO EXERCISE_SET_ENTITY (SET_TYPE, ID, NUMBER_OF_REPS, STATUS , WEIGHT , WEIGHT_KG, EXERCISE_ACTIVITY_ID) VALUES ('WeightedSet', 19005, 5.0, 0, null, 72.5, 1900);
INSERT INTO EXERCISE_SET_ENTITY (SET_TYPE, ID, NUMBER_OF_REPS, STATUS , WEIGHT , WEIGHT_KG, EXERCISE_ACTIVITY_ID) VALUES ('WeightedSet', 19006, 5.0, 0, null, 72.5, 1900);
INSERT INTO EXERCISE_SET_ENTITY (SET_TYPE, ID, NUMBER_OF_REPS, STATUS , WEIGHT , WEIGHT_KG, EXERCISE_ACTIVITY_ID) VALUES ('WeightedSet', 19007, 5.0, 0, null, 72.5, 1900);
INSERT INTO EXERCISE_SET_ENTITY (SET_TYPE, ID, NUMBER_OF_REPS, STATUS , WEIGHT , WEIGHT_KG, EXERCISE_ACTIVITY_ID) VALUES ('WeightedSet', 19008, 5.0, 0, null, 72.5, 1900);
INSERT INTO EXERCISE_ACTIVITY_ENTITY (ID, NOTES, EXERCISE_ID, WORKOUT_ID) VALUES (1901, '', (SELECT ID FROM EXERCISE_ENTITY WHERE NAME = 'Romanian Deadlift'), 19);
INSERT INTO EXERCISE_SET_ENTITY (SET_TYPE, ID, NUMBER_OF_REPS, STATUS , WEIGHT , WEIGHT_KG, EXERCISE_ACTIVITY_ID) VALUES ('WeightedSet', 19010, 8.0, 0, null, 20, 1901);
INSERT INTO EXERCISE_SET_ENTITY (SET_TYPE, ID, NUMBER_OF_REPS, STATUS , WEIGHT , WEIGHT_KG, EXERCISE_ACTIVITY_ID) VALUES ('WeightedSet', 19011, 8.0, 0, null, 40, 1901);
INSERT INTO EXERCISE_SET_ENTITY (SET_TYPE, ID, NUMBER_OF_REPS, STATUS , WEIGHT , WEIGHT_KG, EXERCISE_ACTIVITY_ID) VALUES ('WeightedSet', 19012, 8.0, 0, null, 40, 1901);
INSERT INTO EXERCISE_SET_ENTITY (SET_TYPE, ID, NUMBER_OF_REPS, STATUS , WEIGHT , WEIGHT_KG, EXERCISE_ACTIVITY_ID) VALUES ('WeightedSet', 19013, 8.0, 0, null, 40, 1901);
INSERT INTO EXERCISE_ACTIVITY_ENTITY (ID, NOTES, EXERCISE_ID, WORKOUT_ID) VALUES (1902, '', (SELECT ID FROM EXERCISE_ENTITY WHERE NAME = 'Lunge'), 19);
INSERT INTO EXERCISE_SET_ENTITY (SET_TYPE, ID, NUMBER_OF_REPS, STATUS , WEIGHT , WEIGHT_KG, EXERCISE_ACTIVITY_ID) VALUES ('WeightedSet', 19020, 8.0, 0, null, 5, 1902);
INSERT INTO EXERCISE_SET_ENTITY (SET_TYPE, ID, NUMBER_OF_REPS, STATUS , WEIGHT , WEIGHT_KG, EXERCISE_ACTIVITY_ID) VALUES ('WeightedSet', 19021, 8.0, 0, null, 5, 1902);
INSERT INTO EXERCISE_SET_ENTITY (SET_TYPE, ID, NUMBER_OF_REPS, STATUS , WEIGHT , WEIGHT_KG, EXERCISE_ACTIVITY_ID) VALUES ('WeightedSet', 19022, 8.0, 0, null, 5, 1902);
INSERT INTO EXERCISE_ACTIVITY_ENTITY (ID, NOTES, EXERCISE_ID, WORKOUT_ID) VALUES (1903, '', (SELECT ID FROM EXERCISE_ENTITY WHERE NAME = 'Calf Raise'), 19);
INSERT INTO EXERCISE_SET_ENTITY (SET_TYPE, ID, NUMBER_OF_REPS, STATUS , WEIGHT , WEIGHT_KG, EXERCISE_ACTIVITY_ID) VALUES ('NonWeightedSet', 19030, 10.0, 0, 'bodyweight', null, 1903);
INSERT INTO EXERCISE_SET_ENTITY (SET_TYPE, ID, NUMBER_OF_REPS, STATUS , WEIGHT , WEIGHT_KG, EXERCISE_ACTIVITY_ID) VALUES ('WeightedSet', 19031, 10.0, 0, null, 125, 1903);
INSERT INTO EXERCISE_SET_ENTITY (SET_TYPE, ID, NUMBER_OF_REPS, STATUS , WEIGHT , WEIGHT_KG, EXERCISE_ACTIVITY_ID) VALUES ('WeightedSet', 19032, 10.0, 0, null, 125, 1903);
INSERT INTO WORKOUT_ENTITY (ID, NOTES, PERFORMED_AT_TIMESTAMP_UTC, WORKOUT_TYPE) VALUES (20, 'Notes', '2019-09-09 15:30:00', 'PULL');
INSERT INTO EXERCISE_ACTIVITY_ENTITY (ID, NOTES, EXERCISE_ID, WORKOUT_ID) VALUES (2000, '', (SELECT ID FROM EXERCISE_ENTITY WHERE NAME = 'Deadlift'), 20);
INSERT INTO EXERCISE_SET_ENTITY (SET_TYPE, ID, NUMBER_OF_REPS, STATUS , WEIGHT , WEIGHT_KG, EXERCISE_ACTIVITY_ID) VALUES ('WeightedSet', 20000, 5.0, 0, null, 20, 2000);
INSERT INTO EXERCISE_SET_ENTITY (SET_TYPE, ID, NUMBER_OF_REPS, STATUS , WEIGHT , WEIGHT_KG, EXERCISE_ACTIVITY_ID) VALUES ('WeightedSet', 20001, 3.0, 0, null, 60, 2000);
INSERT INTO EXERCISE_SET_ENTITY (SET_TYPE, ID, NUMBER_OF_REPS, STATUS , WEIGHT , WEIGHT_KG, EXERCISE_ACTIVITY_ID) VALUES ('WeightedSet', 20002, 2.0, 0, null, 90, 2000);
INSERT INTO EXERCISE_SET_ENTITY (SET_TYPE, ID, NUMBER_OF_REPS, STATUS , WEIGHT , WEIGHT_KG, EXERCISE_ACTIVITY_ID) VALUES ('WeightedSet', 20003, 2.0, 0, null, 110, 2000);
INSERT INTO EXERCISE_SET_ENTITY (SET_TYPE, ID, NUMBER_OF_REPS, STATUS , WEIGHT , WEIGHT_KG, EXERCISE_ACTIVITY_ID) VALUES ('WeightedSet', 20004, 1.0, 0, null, 120, 2000);
INSERT INTO EXERCISE_SET_ENTITY (SET_TYPE, ID, NUMBER_OF_REPS, STATUS , WEIGHT , WEIGHT_KG, EXERCISE_ACTIVITY_ID) VALUES ('WeightedSet', 20005, 5.0, 0, null, 125, 2000);
INSERT INTO EXERCISE_ACTIVITY_ENTITY (ID, NOTES, EXERCISE_ID, WORKOUT_ID) VALUES (2001, '', (SELECT ID FROM EXERCISE_ENTITY WHERE NAME = 'Pull Up'), 20);
INSERT INTO EXERCISE_SET_ENTITY (SET_TYPE, ID, NUMBER_OF_REPS, STATUS , WEIGHT , WEIGHT_KG, EXERCISE_ACTIVITY_ID) VALUES ('NonWeightedSet', 20010, 5.0, 0, 'body', null, 2001);
INSERT INTO EXERCISE_SET_ENTITY (SET_TYPE, ID, NUMBER_OF_REPS, STATUS , WEIGHT , WEIGHT_KG, EXERCISE_ACTIVITY_ID) VALUES ('NonWeightedSet', 20011, 5.0, 0, 'body', null, 2001);
INSERT INTO EXERCISE_SET_ENTITY (SET_TYPE, ID, NUMBER_OF_REPS, STATUS , WEIGHT , WEIGHT_KG, EXERCISE_ACTIVITY_ID) VALUES ('NonWeightedSet', 20012, 5.0, 0, 'body', null, 2001);
INSERT INTO EXERCISE_SET_ENTITY (SET_TYPE, ID, NUMBER_OF_REPS, STATUS , WEIGHT , WEIGHT_KG, EXERCISE_ACTIVITY_ID) VALUES ('NonWeightedSet', 20013, 6.0, 0, 'body', null, 2001);
INSERT INTO EXERCISE_ACTIVITY_ENTITY (ID, NOTES, EXERCISE_ID, WORKOUT_ID) VALUES (2002, '', (SELECT ID FROM EXERCISE_ENTITY WHERE NAME = 'Dumbbell Row'), 20);
INSERT INTO EXERCISE_SET_ENTITY (SET_TYPE, ID, NUMBER_OF_REPS, STATUS , WEIGHT , WEIGHT_KG, EXERCISE_ACTIVITY_ID) VALUES ('WeightedSet', 20020, 10.0, 0, null, 10, 2002);
INSERT INTO EXERCISE_SET_ENTITY (SET_TYPE, ID, NUMBER_OF_REPS, STATUS , WEIGHT , WEIGHT_KG, EXERCISE_ACTIVITY_ID) VALUES ('WeightedSet', 20021, 10.0, 0, null, 10, 2002);
INSERT INTO EXERCISE_SET_ENTITY (SET_TYPE, ID, NUMBER_OF_REPS, STATUS , WEIGHT , WEIGHT_KG, EXERCISE_ACTIVITY_ID) VALUES ('WeightedSet', 20022, 10.0, 0, null, 10, 2002);
INSERT INTO EXERCISE_ACTIVITY_ENTITY (ID, NOTES, EXERCISE_ID, WORKOUT_ID) VALUES (2003, '', (SELECT ID FROM EXERCISE_ENTITY WHERE NAME = 'Barbell Curl'), 20);
INSERT INTO EXERCISE_SET_ENTITY (SET_TYPE, ID, NUMBER_OF_REPS, STATUS , WEIGHT , WEIGHT_KG, EXERCISE_ACTIVITY_ID) VALUES ('WeightedSet', 20030, 10.0, 0, null, 20, 2003);
INSERT INTO EXERCISE_SET_ENTITY (SET_TYPE, ID, NUMBER_OF_REPS, STATUS , WEIGHT , WEIGHT_KG, EXERCISE_ACTIVITY_ID) VALUES ('WeightedSet', 20031, 10.0, 0, null, 20, 2003);
INSERT INTO EXERCISE_SET_ENTITY (SET_TYPE, ID, NUMBER_OF_REPS, STATUS , WEIGHT , WEIGHT_KG, EXERCISE_ACTIVITY_ID) VALUES ('WeightedSet', 20032, 10.0, 0, null, 20, 2003);
INSERT INTO EXERCISE_ACTIVITY_ENTITY (ID, NOTES, EXERCISE_ID, WORKOUT_ID) VALUES (2004, '', (SELECT ID FROM EXERCISE_ENTITY WHERE NAME = 'Incline Dumbbell Curl'), 20);
INSERT INTO EXERCISE_SET_ENTITY (SET_TYPE, ID, NUMBER_OF_REPS, STATUS , WEIGHT , WEIGHT_KG, EXERCISE_ACTIVITY_ID) VALUES ('WeightedSet', 20040, 7.0, 1, null, 7.5, 2004);
INSERT INTO EXERCISE_SET_ENTITY (SET_TYPE, ID, NUMBER_OF_REPS, STATUS , WEIGHT , WEIGHT_KG, EXERCISE_ACTIVITY_ID) VALUES ('WeightedSet', 20041, 7.0, 1, null, 7.5, 2004);
INSERT INTO EXERCISE_SET_ENTITY (SET_TYPE, ID, NUMBER_OF_REPS, STATUS , WEIGHT , WEIGHT_KG, EXERCISE_ACTIVITY_ID) VALUES ('WeightedSet', 20042, 7.0, 1, null, 7.5, 2004);
INSERT INTO EXERCISE_ACTIVITY_ENTITY (ID, NOTES, EXERCISE_ID, WORKOUT_ID) VALUES (2005, '', (SELECT ID FROM EXERCISE_ENTITY WHERE NAME = 'Dumbbell Curl'), 20);
INSERT INTO EXERCISE_SET_ENTITY (SET_TYPE, ID, NUMBER_OF_REPS, STATUS , WEIGHT , WEIGHT_KG, EXERCISE_ACTIVITY_ID) VALUES ('WeightedSet', 20050, 7.0, 1, null, 7.5, 2005);
INSERT INTO EXERCISE_ACTIVITY_ENTITY (ID, NOTES, EXERCISE_ID, WORKOUT_ID) VALUES (2006, '', (SELECT ID FROM EXERCISE_ENTITY WHERE NAME = 'Hanging Leg Raise'), 20);
INSERT INTO EXERCISE_SET_ENTITY (SET_TYPE, ID, NUMBER_OF_REPS, STATUS , WEIGHT , WEIGHT_KG, EXERCISE_ACTIVITY_ID) VALUES ('NonWeightedSet', 20060, 5.0, 0, 'body', null, 2006);
INSERT INTO EXERCISE_SET_ENTITY (SET_TYPE, ID, NUMBER_OF_REPS, STATUS , WEIGHT , WEIGHT_KG, EXERCISE_ACTIVITY_ID) VALUES ('NonWeightedSet', 20061, 2.0, 1, 'body', null, 2006);
INSERT INTO EXERCISE_ACTIVITY_ENTITY (ID, NOTES, EXERCISE_ID, WORKOUT_ID) VALUES (2007, '', (SELECT ID FROM EXERCISE_ENTITY WHERE NAME = 'Lying Leg Raise'), 20);
INSERT INTO EXERCISE_SET_ENTITY (SET_TYPE, ID, NUMBER_OF_REPS, STATUS , WEIGHT , WEIGHT_KG, EXERCISE_ACTIVITY_ID) VALUES ('NonWeightedSet', 20070, 10.0, 0, 'body', null, 2007);
INSERT INTO EXERCISE_SET_ENTITY (SET_TYPE, ID, NUMBER_OF_REPS, STATUS , WEIGHT , WEIGHT_KG, EXERCISE_ACTIVITY_ID) VALUES ('NonWeightedSet', 20071, 10.0, 0, 'body', null, 2007);
INSERT INTO EXERCISE_ACTIVITY_ENTITY (ID, NOTES, EXERCISE_ID, WORKOUT_ID) VALUES (2008, '', (SELECT ID FROM EXERCISE_ENTITY WHERE NAME = 'Cable Crunch'), 20);
INSERT INTO EXERCISE_SET_ENTITY (SET_TYPE, ID, NUMBER_OF_REPS, STATUS , WEIGHT , WEIGHT_KG, EXERCISE_ACTIVITY_ID) VALUES ('NonWeightedSet', 20080, 10.0, 0, 'red band', null, 2008);
INSERT INTO WORKOUT_ENTITY (ID, NOTES, PERFORMED_AT_TIMESTAMP_UTC, WORKOUT_TYPE) VALUES (21, 'Notes', '2019-09-10 15:30:00', 'PUSH');
INSERT INTO EXERCISE_ACTIVITY_ENTITY (ID, NOTES, EXERCISE_ID, WORKOUT_ID) VALUES (2100, '', (SELECT ID FROM EXERCISE_ENTITY WHERE NAME = 'Bench Press'), 21);
INSERT INTO EXERCISE_SET_ENTITY (SET_TYPE, ID, NUMBER_OF_REPS, STATUS , WEIGHT , WEIGHT_KG, EXERCISE_ACTIVITY_ID) VALUES ('WeightedSet', 21000, 5.0, 0, null, 20, 2100);
INSERT INTO EXERCISE_SET_ENTITY (SET_TYPE, ID, NUMBER_OF_REPS, STATUS , WEIGHT , WEIGHT_KG, EXERCISE_ACTIVITY_ID) VALUES ('WeightedSet', 21001, 5.0, 0, null, 40, 2100);
INSERT INTO EXERCISE_SET_ENTITY (SET_TYPE, ID, NUMBER_OF_REPS, STATUS , WEIGHT , WEIGHT_KG, EXERCISE_ACTIVITY_ID) VALUES ('WeightedSet', 21002, 2.0, 0, null, 50, 2100);
INSERT INTO EXERCISE_SET_ENTITY (SET_TYPE, ID, NUMBER_OF_REPS, STATUS , WEIGHT , WEIGHT_KG, EXERCISE_ACTIVITY_ID) VALUES ('WeightedSet', 21003, 5.0, 0, null, 55, 2100);
INSERT INTO EXERCISE_SET_ENTITY (SET_TYPE, ID, NUMBER_OF_REPS, STATUS , WEIGHT , WEIGHT_KG, EXERCISE_ACTIVITY_ID) VALUES ('WeightedSet', 21004, 5.0, 0, null, 55, 2100);
INSERT INTO EXERCISE_SET_ENTITY (SET_TYPE, ID, NUMBER_OF_REPS, STATUS , WEIGHT , WEIGHT_KG, EXERCISE_ACTIVITY_ID) VALUES ('WeightedSet', 21005, 5.0, 0, null, 55, 2100);
INSERT INTO EXERCISE_SET_ENTITY (SET_TYPE, ID, NUMBER_OF_REPS, STATUS , WEIGHT , WEIGHT_KG, EXERCISE_ACTIVITY_ID) VALUES ('WeightedSet', 21006, 5.0, 0, null, 55, 2100);
INSERT INTO EXERCISE_SET_ENTITY (SET_TYPE, ID, NUMBER_OF_REPS, STATUS , WEIGHT , WEIGHT_KG, EXERCISE_ACTIVITY_ID) VALUES ('WeightedSet', 21007, 3.0, 1, null, 55, 2100);
INSERT INTO EXERCISE_ACTIVITY_ENTITY (ID, NOTES, EXERCISE_ID, WORKOUT_ID) VALUES (2101, '', (SELECT ID FROM EXERCISE_ENTITY WHERE NAME = 'Overhead Press'), 21);
INSERT INTO EXERCISE_SET_ENTITY (SET_TYPE, ID, NUMBER_OF_REPS, STATUS , WEIGHT , WEIGHT_KG, EXERCISE_ACTIVITY_ID) VALUES ('WeightedSet', 21010, 8.0, 0, null, 20, 2101);
INSERT INTO EXERCISE_SET_ENTITY (SET_TYPE, ID, NUMBER_OF_REPS, STATUS , WEIGHT , WEIGHT_KG, EXERCISE_ACTIVITY_ID) VALUES ('WeightedSet', 21011, 8.0, 0, null, 32.5, 2101);
INSERT INTO EXERCISE_SET_ENTITY (SET_TYPE, ID, NUMBER_OF_REPS, STATUS , WEIGHT , WEIGHT_KG, EXERCISE_ACTIVITY_ID) VALUES ('WeightedSet', 21012, 8.0, 0, null, 32.5, 2101);
INSERT INTO EXERCISE_SET_ENTITY (SET_TYPE, ID, NUMBER_OF_REPS, STATUS , WEIGHT , WEIGHT_KG, EXERCISE_ACTIVITY_ID) VALUES ('WeightedSet', 21013, 6.0, 1, null, 32.5, 2101);
INSERT INTO EXERCISE_ACTIVITY_ENTITY (ID, NOTES, EXERCISE_ID, WORKOUT_ID) VALUES (2102, '', (SELECT ID FROM EXERCISE_ENTITY WHERE NAME = 'Incline Bench Press'), 21);
INSERT INTO EXERCISE_SET_ENTITY (SET_TYPE, ID, NUMBER_OF_REPS, STATUS , WEIGHT , WEIGHT_KG, EXERCISE_ACTIVITY_ID) VALUES ('WeightedSet', 21020, 10.0, 0, null, 32.5, 2102);
INSERT INTO EXERCISE_ACTIVITY_ENTITY (ID, NOTES, EXERCISE_ID, WORKOUT_ID) VALUES (2103, '', (SELECT ID FROM EXERCISE_ENTITY WHERE NAME = 'Close Grip Bench Press'), 21);
INSERT INTO EXERCISE_SET_ENTITY (SET_TYPE, ID, NUMBER_OF_REPS, STATUS , WEIGHT , WEIGHT_KG, EXERCISE_ACTIVITY_ID) VALUES ('WeightedSet', 21030, 12.0, 0, null, 20, 2103);
INSERT INTO EXERCISE_SET_ENTITY (SET_TYPE, ID, NUMBER_OF_REPS, STATUS , WEIGHT , WEIGHT_KG, EXERCISE_ACTIVITY_ID) VALUES ('WeightedSet', 21031, 12.0, 0, null, 20, 2103);
INSERT INTO EXERCISE_SET_ENTITY (SET_TYPE, ID, NUMBER_OF_REPS, STATUS , WEIGHT , WEIGHT_KG, EXERCISE_ACTIVITY_ID) VALUES ('WeightedSet', 21032, 12.0, 0, null, 20, 2103);
INSERT INTO EXERCISE_ACTIVITY_ENTITY (ID, NOTES, EXERCISE_ID, WORKOUT_ID) VALUES (2104, '', (SELECT ID FROM EXERCISE_ENTITY WHERE NAME = 'Cable Fly (Low)'), 21);
INSERT INTO EXERCISE_SET_ENTITY (SET_TYPE, ID, NUMBER_OF_REPS, STATUS , WEIGHT , WEIGHT_KG, EXERCISE_ACTIVITY_ID) VALUES ('NonWeightedSet', 21040, 10.0, 0, 'yellow', null, 2104);
INSERT INTO EXERCISE_SET_ENTITY (SET_TYPE, ID, NUMBER_OF_REPS, STATUS , WEIGHT , WEIGHT_KG, EXERCISE_ACTIVITY_ID) VALUES ('NonWeightedSet', 21041, 10.0, 0, 'black', null, 2104);
INSERT INTO EXERCISE_SET_ENTITY (SET_TYPE, ID, NUMBER_OF_REPS, STATUS , WEIGHT , WEIGHT_KG, EXERCISE_ACTIVITY_ID) VALUES ('NonWeightedSet', 21042, 10.0, 0, 'red', null, 2104);
INSERT INTO EXERCISE_ACTIVITY_ENTITY (ID, NOTES, EXERCISE_ID, WORKOUT_ID) VALUES (2105, '', (SELECT ID FROM EXERCISE_ENTITY WHERE NAME = 'Skullcrusher'), 21);
INSERT INTO EXERCISE_SET_ENTITY (SET_TYPE, ID, NUMBER_OF_REPS, STATUS , WEIGHT , WEIGHT_KG, EXERCISE_ACTIVITY_ID) VALUES ('WeightedSet', 21050, 8.0, 0, null, 7.5, 2105);
INSERT INTO EXERCISE_SET_ENTITY (SET_TYPE, ID, NUMBER_OF_REPS, STATUS , WEIGHT , WEIGHT_KG, EXERCISE_ACTIVITY_ID) VALUES ('WeightedSet', 21051, 8.0, 0, null, 7.5, 2105);
INSERT INTO EXERCISE_SET_ENTITY (SET_TYPE, ID, NUMBER_OF_REPS, STATUS , WEIGHT , WEIGHT_KG, EXERCISE_ACTIVITY_ID) VALUES ('WeightedSet', 21052, 8.0, 0, null, 7.5, 2105);
INSERT INTO WORKOUT_ENTITY (ID, NOTES, PERFORMED_AT_TIMESTAMP_UTC, WORKOUT_TYPE) VALUES (22, 'Notes', '2019-09-11 15:30:00', 'LEGS');
INSERT INTO EXERCISE_ACTIVITY_ENTITY (ID, NOTES, EXERCISE_ID, WORKOUT_ID) VALUES (2200, '', (SELECT ID FROM EXERCISE_ENTITY WHERE NAME = 'Squat'), 22);
INSERT INTO EXERCISE_SET_ENTITY (SET_TYPE, ID, NUMBER_OF_REPS, STATUS , WEIGHT , WEIGHT_KG, EXERCISE_ACTIVITY_ID) VALUES ('NonWeightedSet', 22000, 5.0, 0, 'body', null, 2200);
INSERT INTO EXERCISE_SET_ENTITY (SET_TYPE, ID, NUMBER_OF_REPS, STATUS , WEIGHT , WEIGHT_KG, EXERCISE_ACTIVITY_ID) VALUES ('WeightedSet', 22001, 5.0, 0, null, 20, 2200);
INSERT INTO EXERCISE_SET_ENTITY (SET_TYPE, ID, NUMBER_OF_REPS, STATUS , WEIGHT , WEIGHT_KG, EXERCISE_ACTIVITY_ID) VALUES ('WeightedSet', 22002, 5.0, 0, null, 40, 2200);
INSERT INTO EXERCISE_SET_ENTITY (SET_TYPE, ID, NUMBER_OF_REPS, STATUS , WEIGHT , WEIGHT_KG, EXERCISE_ACTIVITY_ID) VALUES ('WeightedSet', 22003, 2.0, 0, null, 60, 2200);
INSERT INTO EXERCISE_SET_ENTITY (SET_TYPE, ID, NUMBER_OF_REPS, STATUS , WEIGHT , WEIGHT_KG, EXERCISE_ACTIVITY_ID) VALUES ('WeightedSet', 22004, 5.0, 0, null, 75, 2200);
INSERT INTO EXERCISE_SET_ENTITY (SET_TYPE, ID, NUMBER_OF_REPS, STATUS , WEIGHT , WEIGHT_KG, EXERCISE_ACTIVITY_ID) VALUES ('WeightedSet', 22005, 5.0, 0, null, 75, 2200);
INSERT INTO EXERCISE_SET_ENTITY (SET_TYPE, ID, NUMBER_OF_REPS, STATUS , WEIGHT , WEIGHT_KG, EXERCISE_ACTIVITY_ID) VALUES ('WeightedSet', 22006, 5.0, 0, null, 75, 2200);
INSERT INTO EXERCISE_SET_ENTITY (SET_TYPE, ID, NUMBER_OF_REPS, STATUS , WEIGHT , WEIGHT_KG, EXERCISE_ACTIVITY_ID) VALUES ('WeightedSet', 22007, 5.0, 0, null, 75, 2200);
INSERT INTO EXERCISE_SET_ENTITY (SET_TYPE, ID, NUMBER_OF_REPS, STATUS , WEIGHT , WEIGHT_KG, EXERCISE_ACTIVITY_ID) VALUES ('WeightedSet', 22008, 5.0, 0, null, 75, 2200);
INSERT INTO EXERCISE_ACTIVITY_ENTITY (ID, NOTES, EXERCISE_ID, WORKOUT_ID) VALUES (2201, '', (SELECT ID FROM EXERCISE_ENTITY WHERE NAME = 'Romanian Deadlift'), 22);
INSERT INTO EXERCISE_SET_ENTITY (SET_TYPE, ID, NUMBER_OF_REPS, STATUS , WEIGHT , WEIGHT_KG, EXERCISE_ACTIVITY_ID) VALUES ('WeightedSet', 22010, 8.0, 0, null, 40, 2201);
INSERT INTO EXERCISE_SET_ENTITY (SET_TYPE, ID, NUMBER_OF_REPS, STATUS , WEIGHT , WEIGHT_KG, EXERCISE_ACTIVITY_ID) VALUES ('WeightedSet', 22011, 8.0, 0, null, 50, 2201);
INSERT INTO EXERCISE_SET_ENTITY (SET_TYPE, ID, NUMBER_OF_REPS, STATUS , WEIGHT , WEIGHT_KG, EXERCISE_ACTIVITY_ID) VALUES ('WeightedSet', 22012, 8.0, 0, null, 50, 2201);
INSERT INTO EXERCISE_SET_ENTITY (SET_TYPE, ID, NUMBER_OF_REPS, STATUS , WEIGHT , WEIGHT_KG, EXERCISE_ACTIVITY_ID) VALUES ('WeightedSet', 22013, 8.0, 0, null, 50, 2201);
INSERT INTO EXERCISE_ACTIVITY_ENTITY (ID, NOTES, EXERCISE_ID, WORKOUT_ID) VALUES (2202, '', (SELECT ID FROM EXERCISE_ENTITY WHERE NAME = 'Lunge'), 22);
INSERT INTO EXERCISE_SET_ENTITY (SET_TYPE, ID, NUMBER_OF_REPS, STATUS , WEIGHT , WEIGHT_KG, EXERCISE_ACTIVITY_ID) VALUES ('WeightedSet', 22020, 8.0, 0, null, 7.5, 2202);
INSERT INTO EXERCISE_SET_ENTITY (SET_TYPE, ID, NUMBER_OF_REPS, STATUS , WEIGHT , WEIGHT_KG, EXERCISE_ACTIVITY_ID) VALUES ('WeightedSet', 22021, 8.0, 0, null, 7.5, 2202);
INSERT INTO EXERCISE_SET_ENTITY (SET_TYPE, ID, NUMBER_OF_REPS, STATUS , WEIGHT , WEIGHT_KG, EXERCISE_ACTIVITY_ID) VALUES ('WeightedSet', 22022, 8.0, 0, null, 7.5, 2202);
INSERT INTO EXERCISE_ACTIVITY_ENTITY (ID, NOTES, EXERCISE_ID, WORKOUT_ID) VALUES (2203, '', (SELECT ID FROM EXERCISE_ENTITY WHERE NAME = 'Calf Raise'), 22);
INSERT INTO EXERCISE_SET_ENTITY (SET_TYPE, ID, NUMBER_OF_REPS, STATUS , WEIGHT , WEIGHT_KG, EXERCISE_ACTIVITY_ID) VALUES ('NonWeightedSet', 22030, 10.0, 0, 'body', null, 2203);
INSERT INTO EXERCISE_SET_ENTITY (SET_TYPE, ID, NUMBER_OF_REPS, STATUS , WEIGHT , WEIGHT_KG, EXERCISE_ACTIVITY_ID) VALUES ('WeightedSet', 22031, 10.0, 0, null, 125, 2203);
INSERT INTO EXERCISE_SET_ENTITY (SET_TYPE, ID, NUMBER_OF_REPS, STATUS , WEIGHT , WEIGHT_KG, EXERCISE_ACTIVITY_ID) VALUES ('WeightedSet', 22032, 10.0, 0, null, 125, 2203);
INSERT INTO EXERCISE_ACTIVITY_ENTITY (ID, NOTES, EXERCISE_ID, WORKOUT_ID) VALUES (2204, '', (SELECT ID FROM EXERCISE_ENTITY WHERE NAME = 'Glute Raise'), 22);
INSERT INTO EXERCISE_SET_ENTITY (SET_TYPE, ID, NUMBER_OF_REPS, STATUS , WEIGHT , WEIGHT_KG, EXERCISE_ACTIVITY_ID) VALUES ('NonWeightedSet', 22040, 10.0, 0, 'red band', null, 2204);
INSERT INTO EXERCISE_ACTIVITY_ENTITY (ID, NOTES, EXERCISE_ID, WORKOUT_ID) VALUES (2205, '', (SELECT ID FROM EXERCISE_ENTITY WHERE NAME = 'Leg Curl'), 22);
INSERT INTO EXERCISE_SET_ENTITY (SET_TYPE, ID, NUMBER_OF_REPS, STATUS , WEIGHT , WEIGHT_KG, EXERCISE_ACTIVITY_ID) VALUES ('NonWeightedSet', 22050, 5.0, 0, 'red band', null, 2205);
INSERT INTO EXERCISE_ACTIVITY_ENTITY (ID, NOTES, EXERCISE_ID, WORKOUT_ID) VALUES (2206, '', (SELECT ID FROM EXERCISE_ENTITY WHERE NAME = 'Hip Thrust'), 22);
INSERT INTO EXERCISE_SET_ENTITY (SET_TYPE, ID, NUMBER_OF_REPS, STATUS , WEIGHT , WEIGHT_KG, EXERCISE_ACTIVITY_ID) VALUES ('NonWeightedSet', 22060, 10.0, 0, 'red band', null, 2206);
INSERT INTO WORKOUT_ENTITY (ID, NOTES, PERFORMED_AT_TIMESTAMP_UTC, WORKOUT_TYPE) VALUES (23, 'Notes', '2019-09-12 15:40:00', 'PULL');
INSERT INTO EXERCISE_ACTIVITY_ENTITY (ID, NOTES, EXERCISE_ID, WORKOUT_ID) VALUES (2300, '', (SELECT ID FROM EXERCISE_ENTITY WHERE NAME = 'Barbell Row'), 23);
INSERT INTO EXERCISE_SET_ENTITY (SET_TYPE, ID, NUMBER_OF_REPS, STATUS , WEIGHT , WEIGHT_KG, EXERCISE_ACTIVITY_ID) VALUES ('WeightedSet', 23000, 10.0, 0, null, 20, 2300);
INSERT INTO EXERCISE_SET_ENTITY (SET_TYPE, ID, NUMBER_OF_REPS, STATUS , WEIGHT , WEIGHT_KG, EXERCISE_ACTIVITY_ID) VALUES ('WeightedSet', 23001, 10.0, 0, null, 30, 2300);
INSERT INTO EXERCISE_SET_ENTITY (SET_TYPE, ID, NUMBER_OF_REPS, STATUS , WEIGHT , WEIGHT_KG, EXERCISE_ACTIVITY_ID) VALUES ('WeightedSet', 23002, 10.0, 0, null, 40, 2300);
INSERT INTO EXERCISE_SET_ENTITY (SET_TYPE, ID, NUMBER_OF_REPS, STATUS , WEIGHT , WEIGHT_KG, EXERCISE_ACTIVITY_ID) VALUES ('WeightedSet', 23003, 10.0, 0, null, 40, 2300);
INSERT INTO EXERCISE_SET_ENTITY (SET_TYPE, ID, NUMBER_OF_REPS, STATUS , WEIGHT , WEIGHT_KG, EXERCISE_ACTIVITY_ID) VALUES ('WeightedSet', 23004, 10.0, 0, null, 40, 2300);
INSERT INTO EXERCISE_ACTIVITY_ENTITY (ID, NOTES, EXERCISE_ID, WORKOUT_ID) VALUES (2301, '', (SELECT ID FROM EXERCISE_ENTITY WHERE NAME = 'Pull Up'), 23);
INSERT INTO EXERCISE_SET_ENTITY (SET_TYPE, ID, NUMBER_OF_REPS, STATUS , WEIGHT , WEIGHT_KG, EXERCISE_ACTIVITY_ID) VALUES ('NonWeightedSet', 23010, 5.0, 0, 'body', null, 2301);
INSERT INTO EXERCISE_SET_ENTITY (SET_TYPE, ID, NUMBER_OF_REPS, STATUS , WEIGHT , WEIGHT_KG, EXERCISE_ACTIVITY_ID) VALUES ('NonWeightedSet', 23011, 6.0, 0, 'body', null, 2301);
INSERT INTO EXERCISE_SET_ENTITY (SET_TYPE, ID, NUMBER_OF_REPS, STATUS , WEIGHT , WEIGHT_KG, EXERCISE_ACTIVITY_ID) VALUES ('NonWeightedSet', 23012, 6.0, 0, 'body', null, 2301);
INSERT INTO EXERCISE_SET_ENTITY (SET_TYPE, ID, NUMBER_OF_REPS, STATUS , WEIGHT , WEIGHT_KG, EXERCISE_ACTIVITY_ID) VALUES ('NonWeightedSet', 23013, 5.0, 0, 'body', null, 2301);
INSERT INTO EXERCISE_ACTIVITY_ENTITY (ID, NOTES, EXERCISE_ID, WORKOUT_ID) VALUES (2302, '', (SELECT ID FROM EXERCISE_ENTITY WHERE NAME = 'Scapula Pulldowns'), 23);
INSERT INTO EXERCISE_SET_ENTITY (SET_TYPE, ID, NUMBER_OF_REPS, STATUS , WEIGHT , WEIGHT_KG, EXERCISE_ACTIVITY_ID) VALUES ('NonWeightedSet', 23020, 10.0, 0, 'red band', null, 2302);
INSERT INTO EXERCISE_ACTIVITY_ENTITY (ID, NOTES, EXERCISE_ID, WORKOUT_ID) VALUES (2303, '', (SELECT ID FROM EXERCISE_ENTITY WHERE NAME = 'Facepull'), 23);
INSERT INTO EXERCISE_SET_ENTITY (SET_TYPE, ID, NUMBER_OF_REPS, STATUS , WEIGHT , WEIGHT_KG, EXERCISE_ACTIVITY_ID) VALUES ('NonWeightedSet', 23030, 10.0, 0, 'red band', null, 2303);
INSERT INTO EXERCISE_SET_ENTITY (SET_TYPE, ID, NUMBER_OF_REPS, STATUS , WEIGHT , WEIGHT_KG, EXERCISE_ACTIVITY_ID) VALUES ('NonWeightedSet', 23031, 10.0, 0, 'yellow band', null, 2303);
INSERT INTO EXERCISE_ACTIVITY_ENTITY (ID, NOTES, EXERCISE_ID, WORKOUT_ID) VALUES (2304, '', (SELECT ID FROM EXERCISE_ENTITY WHERE NAME = 'Band Row'), 23);
INSERT INTO EXERCISE_SET_ENTITY (SET_TYPE, ID, NUMBER_OF_REPS, STATUS , WEIGHT , WEIGHT_KG, EXERCISE_ACTIVITY_ID) VALUES ('NonWeightedSet', 23040, 10.0, 0, 'red band', null, 2304);
INSERT INTO EXERCISE_ACTIVITY_ENTITY (ID, NOTES, EXERCISE_ID, WORKOUT_ID) VALUES (2305, '', (SELECT ID FROM EXERCISE_ENTITY WHERE NAME = 'Seated Row'), 23);
INSERT INTO EXERCISE_SET_ENTITY (SET_TYPE, ID, NUMBER_OF_REPS, STATUS , WEIGHT , WEIGHT_KG, EXERCISE_ACTIVITY_ID) VALUES ('NonWeightedSet', 23050, 10.0, 0, 'red and yellow', null, 2305);
INSERT INTO EXERCISE_ACTIVITY_ENTITY (ID, NOTES, EXERCISE_ID, WORKOUT_ID) VALUES (2306, '', (SELECT ID FROM EXERCISE_ENTITY WHERE NAME = 'Barbell Curl'), 23);
INSERT INTO EXERCISE_SET_ENTITY (SET_TYPE, ID, NUMBER_OF_REPS, STATUS , WEIGHT , WEIGHT_KG, EXERCISE_ACTIVITY_ID) VALUES ('WeightedSet', 23060, 10.0, 0, null, 20, 2306);
INSERT INTO EXERCISE_SET_ENTITY (SET_TYPE, ID, NUMBER_OF_REPS, STATUS , WEIGHT , WEIGHT_KG, EXERCISE_ACTIVITY_ID) VALUES ('WeightedSet', 23061, 10.0, 0, null, 20, 2306);
INSERT INTO EXERCISE_SET_ENTITY (SET_TYPE, ID, NUMBER_OF_REPS, STATUS , WEIGHT , WEIGHT_KG, EXERCISE_ACTIVITY_ID) VALUES ('WeightedSet', 23062, 10.0, 0, null, 20, 2306);
INSERT INTO EXERCISE_ACTIVITY_ENTITY (ID, NOTES, EXERCISE_ID, WORKOUT_ID) VALUES (2307, '', (SELECT ID FROM EXERCISE_ENTITY WHERE NAME = 'Dumbbell Curl'), 23);
INSERT INTO EXERCISE_SET_ENTITY (SET_TYPE, ID, NUMBER_OF_REPS, STATUS , WEIGHT , WEIGHT_KG, EXERCISE_ACTIVITY_ID) VALUES ('WeightedSet', 23070, 10.0, 0, null, 7.5, 2307);
INSERT INTO EXERCISE_SET_ENTITY (SET_TYPE, ID, NUMBER_OF_REPS, STATUS , WEIGHT , WEIGHT_KG, EXERCISE_ACTIVITY_ID) VALUES ('WeightedSet', 23071, 10.0, 0, null, 7.5, 2307);
INSERT INTO EXERCISE_SET_ENTITY (SET_TYPE, ID, NUMBER_OF_REPS, STATUS , WEIGHT , WEIGHT_KG, EXERCISE_ACTIVITY_ID) VALUES ('WeightedSet', 23072, 10.0, 0, null, 7.5, 2307);
INSERT INTO EXERCISE_ACTIVITY_ENTITY (ID, NOTES, EXERCISE_ID, WORKOUT_ID) VALUES (2308, '', (SELECT ID FROM EXERCISE_ENTITY WHERE NAME = 'Hanging Leg Raise'), 23);
INSERT INTO EXERCISE_SET_ENTITY (SET_TYPE, ID, NUMBER_OF_REPS, STATUS , WEIGHT , WEIGHT_KG, EXERCISE_ACTIVITY_ID) VALUES ('NonWeightedSet', 23080, 5.0, 0, 'body', null, 2308);
INSERT INTO EXERCISE_SET_ENTITY (SET_TYPE, ID, NUMBER_OF_REPS, STATUS , WEIGHT , WEIGHT_KG, EXERCISE_ACTIVITY_ID) VALUES ('NonWeightedSet', 23081, 5.0, 0, 'body', null, 2308);
INSERT INTO EXERCISE_ACTIVITY_ENTITY (ID, NOTES, EXERCISE_ID, WORKOUT_ID) VALUES (2309, '', (SELECT ID FROM EXERCISE_ENTITY WHERE NAME = 'Lying Leg Raise'), 23);
INSERT INTO EXERCISE_SET_ENTITY (SET_TYPE, ID, NUMBER_OF_REPS, STATUS , WEIGHT , WEIGHT_KG, EXERCISE_ACTIVITY_ID) VALUES ('NonWeightedSet', 23090, 10.0, 0, 'body', null, 2309);
INSERT INTO EXERCISE_SET_ENTITY (SET_TYPE, ID, NUMBER_OF_REPS, STATUS , WEIGHT , WEIGHT_KG, EXERCISE_ACTIVITY_ID) VALUES ('NonWeightedSet', 23091, 10.0, 0, 'body', null, 2309);
INSERT INTO WORKOUT_ENTITY (ID, NOTES, PERFORMED_AT_TIMESTAMP_UTC, WORKOUT_TYPE) VALUES (24, 'Notes', '2019-09-13 15:45:00', 'PUSH');
INSERT INTO EXERCISE_ACTIVITY_ENTITY (ID, NOTES, EXERCISE_ID, WORKOUT_ID) VALUES (2400, '', (SELECT ID FROM EXERCISE_ENTITY WHERE NAME = 'Bench Press'), 24);
INSERT INTO EXERCISE_SET_ENTITY (SET_TYPE, ID, NUMBER_OF_REPS, STATUS , WEIGHT , WEIGHT_KG, EXERCISE_ACTIVITY_ID) VALUES ('WeightedSet', 24000, 9.0, 0, null, 20, 2400);
INSERT INTO EXERCISE_SET_ENTITY (SET_TYPE, ID, NUMBER_OF_REPS, STATUS , WEIGHT , WEIGHT_KG, EXERCISE_ACTIVITY_ID) VALUES ('WeightedSet', 24001, 8.0, 0, null, 40, 2400);
INSERT INTO EXERCISE_SET_ENTITY (SET_TYPE, ID, NUMBER_OF_REPS, STATUS , WEIGHT , WEIGHT_KG, EXERCISE_ACTIVITY_ID) VALUES ('WeightedSet', 24002, 8.0, 0, null, 50, 2400);
INSERT INTO EXERCISE_SET_ENTITY (SET_TYPE, ID, NUMBER_OF_REPS, STATUS , WEIGHT , WEIGHT_KG, EXERCISE_ACTIVITY_ID) VALUES ('WeightedSet', 24003, 8.0, 0, null, 50, 2400);
INSERT INTO EXERCISE_SET_ENTITY (SET_TYPE, ID, NUMBER_OF_REPS, STATUS , WEIGHT , WEIGHT_KG, EXERCISE_ACTIVITY_ID) VALUES ('WeightedSet', 24004, 6.0, 1, null, 50, 2400);
INSERT INTO EXERCISE_ACTIVITY_ENTITY (ID, NOTES, EXERCISE_ID, WORKOUT_ID) VALUES (2401, '', (SELECT ID FROM EXERCISE_ENTITY WHERE NAME = 'Overhead Press'), 24);
INSERT INTO EXERCISE_SET_ENTITY (SET_TYPE, ID, NUMBER_OF_REPS, STATUS , WEIGHT , WEIGHT_KG, EXERCISE_ACTIVITY_ID) VALUES ('WeightedSet', 24010, 5.0, 0, null, 20, 2401);
INSERT INTO EXERCISE_SET_ENTITY (SET_TYPE, ID, NUMBER_OF_REPS, STATUS , WEIGHT , WEIGHT_KG, EXERCISE_ACTIVITY_ID) VALUES ('WeightedSet', 24011, 5.0, 0, null, 35, 2401);
INSERT INTO EXERCISE_SET_ENTITY (SET_TYPE, ID, NUMBER_OF_REPS, STATUS , WEIGHT , WEIGHT_KG, EXERCISE_ACTIVITY_ID) VALUES ('WeightedSet', 24012, 5.0, 0, null, 35, 2401);
INSERT INTO EXERCISE_SET_ENTITY (SET_TYPE, ID, NUMBER_OF_REPS, STATUS , WEIGHT , WEIGHT_KG, EXERCISE_ACTIVITY_ID) VALUES ('WeightedSet', 24013, 5.0, 0, null, 35, 2401);
INSERT INTO EXERCISE_SET_ENTITY (SET_TYPE, ID, NUMBER_OF_REPS, STATUS , WEIGHT , WEIGHT_KG, EXERCISE_ACTIVITY_ID) VALUES ('WeightedSet', 24014, 5.0, 0, null, 35, 2401);
INSERT INTO EXERCISE_SET_ENTITY (SET_TYPE, ID, NUMBER_OF_REPS, STATUS , WEIGHT , WEIGHT_KG, EXERCISE_ACTIVITY_ID) VALUES ('WeightedSet', 24015, 4.0, 1, null, 35, 2401);
INSERT INTO EXERCISE_ACTIVITY_ENTITY (ID, NOTES, EXERCISE_ID, WORKOUT_ID) VALUES (2402, '', (SELECT ID FROM EXERCISE_ENTITY WHERE NAME = 'Close Grip Bench Press'), 24);
INSERT INTO EXERCISE_SET_ENTITY (SET_TYPE, ID, NUMBER_OF_REPS, STATUS , WEIGHT , WEIGHT_KG, EXERCISE_ACTIVITY_ID) VALUES ('WeightedSet', 24020, 8.0, 0, null, 20, 2402);
INSERT INTO EXERCISE_SET_ENTITY (SET_TYPE, ID, NUMBER_OF_REPS, STATUS , WEIGHT , WEIGHT_KG, EXERCISE_ACTIVITY_ID) VALUES ('WeightedSet', 24021, 8.0, 0, null, 20, 2402);
INSERT INTO EXERCISE_SET_ENTITY (SET_TYPE, ID, NUMBER_OF_REPS, STATUS , WEIGHT , WEIGHT_KG, EXERCISE_ACTIVITY_ID) VALUES ('WeightedSet', 24022, 8.0, 0, null, 20, 2402);
INSERT INTO EXERCISE_ACTIVITY_ENTITY (ID, NOTES, EXERCISE_ID, WORKOUT_ID) VALUES (2403, '', (SELECT ID FROM EXERCISE_ENTITY WHERE NAME = 'Tricep Kickback'), 24);
INSERT INTO EXERCISE_SET_ENTITY (SET_TYPE, ID, NUMBER_OF_REPS, STATUS , WEIGHT , WEIGHT_KG, EXERCISE_ACTIVITY_ID) VALUES ('WeightedSet', 24030, 10.0, 0, null, 5, 2403);
INSERT INTO EXERCISE_SET_ENTITY (SET_TYPE, ID, NUMBER_OF_REPS, STATUS , WEIGHT , WEIGHT_KG, EXERCISE_ACTIVITY_ID) VALUES ('WeightedSet', 24031, 10.0, 0, null, 5, 2403);
INSERT INTO EXERCISE_ACTIVITY_ENTITY (ID, NOTES, EXERCISE_ID, WORKOUT_ID) VALUES (2404, '', (SELECT ID FROM EXERCISE_ENTITY WHERE NAME = 'Cable Fly (Low)'), 24);
INSERT INTO EXERCISE_SET_ENTITY (SET_TYPE, ID, NUMBER_OF_REPS, STATUS , WEIGHT , WEIGHT_KG, EXERCISE_ACTIVITY_ID) VALUES ('NonWeightedSet', 24040, 10.0, 0, 'yellow', null, 2404);
INSERT INTO EXERCISE_SET_ENTITY (SET_TYPE, ID, NUMBER_OF_REPS, STATUS , WEIGHT , WEIGHT_KG, EXERCISE_ACTIVITY_ID) VALUES ('NonWeightedSet', 24041, 10.0, 0, 'yellow', null, 2404);
INSERT INTO EXERCISE_SET_ENTITY (SET_TYPE, ID, NUMBER_OF_REPS, STATUS , WEIGHT , WEIGHT_KG, EXERCISE_ACTIVITY_ID) VALUES ('NonWeightedSet', 24042, 10.0, 0, 'yellow', null, 2404);
INSERT INTO EXERCISE_ACTIVITY_ENTITY (ID, NOTES, EXERCISE_ID, WORKOUT_ID) VALUES (2405, '', (SELECT ID FROM EXERCISE_ENTITY WHERE NAME = 'Skullcrusher'), 24);
INSERT INTO EXERCISE_SET_ENTITY (SET_TYPE, ID, NUMBER_OF_REPS, STATUS , WEIGHT , WEIGHT_KG, EXERCISE_ACTIVITY_ID) VALUES ('WeightedSet', 24050, 10.0, 0, null, 7.5, 2405);
INSERT INTO WORKOUT_ENTITY (ID, NOTES, PERFORMED_AT_TIMESTAMP_UTC, WORKOUT_TYPE) VALUES (25, 'Notes', '2019-09-17 15:40:00', 'PULL');
INSERT INTO EXERCISE_ACTIVITY_ENTITY (ID, NOTES, EXERCISE_ID, WORKOUT_ID) VALUES (2500, '', (SELECT ID FROM EXERCISE_ENTITY WHERE NAME = 'Deadlift'), 25);
INSERT INTO EXERCISE_SET_ENTITY (SET_TYPE, ID, NUMBER_OF_REPS, STATUS , WEIGHT , WEIGHT_KG, EXERCISE_ACTIVITY_ID) VALUES ('WeightedSet', 25000, 5.0, 0, null, 20, 2500);
INSERT INTO EXERCISE_SET_ENTITY (SET_TYPE, ID, NUMBER_OF_REPS, STATUS , WEIGHT , WEIGHT_KG, EXERCISE_ACTIVITY_ID) VALUES ('WeightedSet', 25001, 5.0, 0, null, 60, 2500);
INSERT INTO EXERCISE_SET_ENTITY (SET_TYPE, ID, NUMBER_OF_REPS, STATUS , WEIGHT , WEIGHT_KG, EXERCISE_ACTIVITY_ID) VALUES ('WeightedSet', 25002, 2.0, 0, null, 90, 2500);
INSERT INTO EXERCISE_SET_ENTITY (SET_TYPE, ID, NUMBER_OF_REPS, STATUS , WEIGHT , WEIGHT_KG, EXERCISE_ACTIVITY_ID) VALUES ('WeightedSet', 25003, 2.0, 0, null, 110, 2500);
INSERT INTO EXERCISE_SET_ENTITY (SET_TYPE, ID, NUMBER_OF_REPS, STATUS , WEIGHT , WEIGHT_KG, EXERCISE_ACTIVITY_ID) VALUES ('WeightedSet', 25004, 1.0, 0, null, 120, 2500);
INSERT INTO EXERCISE_SET_ENTITY (SET_TYPE, ID, NUMBER_OF_REPS, STATUS , WEIGHT , WEIGHT_KG, EXERCISE_ACTIVITY_ID) VALUES ('WeightedSet', 25005, 5.0, 0, null, 127.5, 2500);
INSERT INTO EXERCISE_ACTIVITY_ENTITY (ID, NOTES, EXERCISE_ID, WORKOUT_ID) VALUES (2501, '', (SELECT ID FROM EXERCISE_ENTITY WHERE NAME = 'Pull Up'), 25);
INSERT INTO EXERCISE_SET_ENTITY (SET_TYPE, ID, NUMBER_OF_REPS, STATUS , WEIGHT , WEIGHT_KG, EXERCISE_ACTIVITY_ID) VALUES ('NonWeightedSet', 25010, 5.0, 0, 'body', null, 2501);
INSERT INTO EXERCISE_SET_ENTITY (SET_TYPE, ID, NUMBER_OF_REPS, STATUS , WEIGHT , WEIGHT_KG, EXERCISE_ACTIVITY_ID) VALUES ('NonWeightedSet', 25011, 5.0, 0, 'body', null, 2501);
INSERT INTO EXERCISE_SET_ENTITY (SET_TYPE, ID, NUMBER_OF_REPS, STATUS , WEIGHT , WEIGHT_KG, EXERCISE_ACTIVITY_ID) VALUES ('NonWeightedSet', 25012, 5.0, 0, 'body', null, 2501);
INSERT INTO EXERCISE_SET_ENTITY (SET_TYPE, ID, NUMBER_OF_REPS, STATUS , WEIGHT , WEIGHT_KG, EXERCISE_ACTIVITY_ID) VALUES ('NonWeightedSet', 25013, 5.0, 0, 'body', null, 2501);
INSERT INTO EXERCISE_ACTIVITY_ENTITY (ID, NOTES, EXERCISE_ID, WORKOUT_ID) VALUES (2502, '', (SELECT ID FROM EXERCISE_ENTITY WHERE NAME = 'Inverted Row'), 25);
INSERT INTO EXERCISE_SET_ENTITY (SET_TYPE, ID, NUMBER_OF_REPS, STATUS , WEIGHT , WEIGHT_KG, EXERCISE_ACTIVITY_ID) VALUES ('NonWeightedSet', 25020, 10.0, 0, 'body', null, 2502);
INSERT INTO EXERCISE_SET_ENTITY (SET_TYPE, ID, NUMBER_OF_REPS, STATUS , WEIGHT , WEIGHT_KG, EXERCISE_ACTIVITY_ID) VALUES ('NonWeightedSet', 25021, 10.0, 0, 'body', null, 2502);
INSERT INTO EXERCISE_SET_ENTITY (SET_TYPE, ID, NUMBER_OF_REPS, STATUS , WEIGHT , WEIGHT_KG, EXERCISE_ACTIVITY_ID) VALUES ('NonWeightedSet', 25022, 10.0, 0, 'body', null, 2502);
INSERT INTO EXERCISE_SET_ENTITY (SET_TYPE, ID, NUMBER_OF_REPS, STATUS , WEIGHT , WEIGHT_KG, EXERCISE_ACTIVITY_ID) VALUES ('NonWeightedSet', 25023, 5.0, 0, 'body', null, 2502);
INSERT INTO EXERCISE_ACTIVITY_ENTITY (ID, NOTES, EXERCISE_ID, WORKOUT_ID) VALUES (2503, '', (SELECT ID FROM EXERCISE_ENTITY WHERE NAME = 'Barbell Curl'), 25);
INSERT INTO EXERCISE_SET_ENTITY (SET_TYPE, ID, NUMBER_OF_REPS, STATUS , WEIGHT , WEIGHT_KG, EXERCISE_ACTIVITY_ID) VALUES ('WeightedSet', 25030, 10.0, 0, null, 20, 2503);
INSERT INTO EXERCISE_SET_ENTITY (SET_TYPE, ID, NUMBER_OF_REPS, STATUS , WEIGHT , WEIGHT_KG, EXERCISE_ACTIVITY_ID) VALUES ('WeightedSet', 25031, 10.0, 0, null, 20, 2503);
INSERT INTO EXERCISE_SET_ENTITY (SET_TYPE, ID, NUMBER_OF_REPS, STATUS , WEIGHT , WEIGHT_KG, EXERCISE_ACTIVITY_ID) VALUES ('WeightedSet', 25032, 10.0, 0, null, 20, 2503);
INSERT INTO EXERCISE_ACTIVITY_ENTITY (ID, NOTES, EXERCISE_ID, WORKOUT_ID) VALUES (2504, '', (SELECT ID FROM EXERCISE_ENTITY WHERE NAME = 'Incline Dumbbell Curl'), 25);
INSERT INTO EXERCISE_SET_ENTITY (SET_TYPE, ID, NUMBER_OF_REPS, STATUS , WEIGHT , WEIGHT_KG, EXERCISE_ACTIVITY_ID) VALUES ('WeightedSet', 25040, 7.0, 1, null, 7.5, 2504);
INSERT INTO EXERCISE_SET_ENTITY (SET_TYPE, ID, NUMBER_OF_REPS, STATUS , WEIGHT , WEIGHT_KG, EXERCISE_ACTIVITY_ID) VALUES ('WeightedSet', 25041, 8.0, 0, null, 7.5, 2504);
INSERT INTO EXERCISE_ACTIVITY_ENTITY (ID, NOTES, EXERCISE_ID, WORKOUT_ID) VALUES (2505, '', (SELECT ID FROM EXERCISE_ENTITY WHERE NAME = 'Hanging Leg Raise'), 25);
INSERT INTO EXERCISE_SET_ENTITY (SET_TYPE, ID, NUMBER_OF_REPS, STATUS , WEIGHT , WEIGHT_KG, EXERCISE_ACTIVITY_ID) VALUES ('NonWeightedSet', 25050, 10.0, 0, 'body', null, 2505);
INSERT INTO EXERCISE_SET_ENTITY (SET_TYPE, ID, NUMBER_OF_REPS, STATUS , WEIGHT , WEIGHT_KG, EXERCISE_ACTIVITY_ID) VALUES ('NonWeightedSet', 25051, 10.0, 0, 'body', null, 2505);
INSERT INTO EXERCISE_ACTIVITY_ENTITY (ID, NOTES, EXERCISE_ID, WORKOUT_ID) VALUES (2506, '', (SELECT ID FROM EXERCISE_ENTITY WHERE NAME = 'Lying Leg Raise'), 25);
INSERT INTO EXERCISE_SET_ENTITY (SET_TYPE, ID, NUMBER_OF_REPS, STATUS , WEIGHT , WEIGHT_KG, EXERCISE_ACTIVITY_ID) VALUES ('NonWeightedSet', 25060, 10.0, 0, 'body', null, 2506);
INSERT INTO EXERCISE_SET_ENTITY (SET_TYPE, ID, NUMBER_OF_REPS, STATUS , WEIGHT , WEIGHT_KG, EXERCISE_ACTIVITY_ID) VALUES ('NonWeightedSet', 25061, 10.0, 0, 'body', null, 2506);
INSERT INTO EXERCISE_ACTIVITY_ENTITY (ID, NOTES, EXERCISE_ID, WORKOUT_ID) VALUES (2507, '', (SELECT ID FROM EXERCISE_ENTITY WHERE NAME = 'Plank'), 25);
INSERT INTO EXERCISE_SET_ENTITY (SET_TYPE, ID, NUMBER_OF_REPS, STATUS , WEIGHT , WEIGHT_KG, EXERCISE_ACTIVITY_ID) VALUES ('NonWeightedSet', 25070, 1, 0, '50 seconds', null, 2507);
INSERT INTO EXERCISE_SET_ENTITY (SET_TYPE, ID, NUMBER_OF_REPS, STATUS , WEIGHT , WEIGHT_KG, EXERCISE_ACTIVITY_ID) VALUES ('NonWeightedSet', 25071, 1, 0, '50 seconds', null, 2507);
INSERT INTO EXERCISE_ACTIVITY_ENTITY (ID, NOTES, EXERCISE_ID, WORKOUT_ID) VALUES (2508, '', (SELECT ID FROM EXERCISE_ENTITY WHERE NAME = 'Cable Crunch'), 25);
INSERT INTO EXERCISE_SET_ENTITY (SET_TYPE, ID, NUMBER_OF_REPS, STATUS , WEIGHT , WEIGHT_KG, EXERCISE_ACTIVITY_ID) VALUES ('NonWeightedSet', 25080, 10.0, 0, 'red band', null, 2508);
INSERT INTO EXERCISE_SET_ENTITY (SET_TYPE, ID, NUMBER_OF_REPS, STATUS , WEIGHT , WEIGHT_KG, EXERCISE_ACTIVITY_ID) VALUES ('NonWeightedSet', 25081, 5.0, 0, 'red band', null, 2508);
INSERT INTO EXERCISE_ACTIVITY_ENTITY (ID, NOTES, EXERCISE_ID, WORKOUT_ID) VALUES (2509, '', (SELECT ID FROM EXERCISE_ENTITY WHERE NAME = 'Facepull'), 25);
INSERT INTO EXERCISE_SET_ENTITY (SET_TYPE, ID, NUMBER_OF_REPS, STATUS , WEIGHT , WEIGHT_KG, EXERCISE_ACTIVITY_ID) VALUES ('NonWeightedSet', 25090, 20.0, 0, 'yellow band', null, 2509);
INSERT INTO EXERCISE_ACTIVITY_ENTITY (ID, NOTES, EXERCISE_ID, WORKOUT_ID) VALUES (2510, '', (SELECT ID FROM EXERCISE_ENTITY WHERE NAME = 'Trap Raise'), 25);
INSERT INTO EXERCISE_SET_ENTITY (SET_TYPE, ID, NUMBER_OF_REPS, STATUS , WEIGHT , WEIGHT_KG, EXERCISE_ACTIVITY_ID) VALUES ('NonWeightedSet', 25100, 10.0, 0, 'yellow band', null, 2510);
INSERT INTO EXERCISE_SET_ENTITY (SET_TYPE, ID, NUMBER_OF_REPS, STATUS , WEIGHT , WEIGHT_KG, EXERCISE_ACTIVITY_ID) VALUES ('NonWeightedSet', 25101, 10.0, 0, 'yellow band', null, 2510);
INSERT INTO WORKOUT_ENTITY (ID, NOTES, PERFORMED_AT_TIMESTAMP_UTC, WORKOUT_TYPE) VALUES (26, 'Notes', '2019-09-18 15:45:00', 'PUSH');
INSERT INTO EXERCISE_ACTIVITY_ENTITY (ID, NOTES, EXERCISE_ID, WORKOUT_ID) VALUES (2600, '', (SELECT ID FROM EXERCISE_ENTITY WHERE NAME = 'Bench Press'), 26);
INSERT INTO EXERCISE_SET_ENTITY (SET_TYPE, ID, NUMBER_OF_REPS, STATUS , WEIGHT , WEIGHT_KG, EXERCISE_ACTIVITY_ID) VALUES ('WeightedSet', 26000, 8.0, 0, null, 20, 2600);
INSERT INTO EXERCISE_SET_ENTITY (SET_TYPE, ID, NUMBER_OF_REPS, STATUS , WEIGHT , WEIGHT_KG, EXERCISE_ACTIVITY_ID) VALUES ('WeightedSet', 26001, 5.0, 0, null, 40, 2600);
INSERT INTO EXERCISE_SET_ENTITY (SET_TYPE, ID, NUMBER_OF_REPS, STATUS , WEIGHT , WEIGHT_KG, EXERCISE_ACTIVITY_ID) VALUES ('WeightedSet', 26002, 2.0, 0, null, 50, 2600);
INSERT INTO EXERCISE_SET_ENTITY (SET_TYPE, ID, NUMBER_OF_REPS, STATUS , WEIGHT , WEIGHT_KG, EXERCISE_ACTIVITY_ID) VALUES ('WeightedSet', 26003, 5.0, 0, null, 55, 2600);
INSERT INTO EXERCISE_SET_ENTITY (SET_TYPE, ID, NUMBER_OF_REPS, STATUS , WEIGHT , WEIGHT_KG, EXERCISE_ACTIVITY_ID) VALUES ('WeightedSet', 26004, 5.0, 0, null, 55, 2600);
INSERT INTO EXERCISE_SET_ENTITY (SET_TYPE, ID, NUMBER_OF_REPS, STATUS , WEIGHT , WEIGHT_KG, EXERCISE_ACTIVITY_ID) VALUES ('WeightedSet', 26005, 5.0, 0, null, 55, 2600);
INSERT INTO EXERCISE_SET_ENTITY (SET_TYPE, ID, NUMBER_OF_REPS, STATUS , WEIGHT , WEIGHT_KG, EXERCISE_ACTIVITY_ID) VALUES ('WeightedSet', 26006, 5.0, 0, null, 55, 2600);
INSERT INTO EXERCISE_SET_ENTITY (SET_TYPE, ID, NUMBER_OF_REPS, STATUS , WEIGHT , WEIGHT_KG, EXERCISE_ACTIVITY_ID) VALUES ('WeightedSet', 26007, 7.0, 0, null, 55, 2600);
INSERT INTO EXERCISE_ACTIVITY_ENTITY (ID, NOTES, EXERCISE_ID, WORKOUT_ID) VALUES (2601, '', (SELECT ID FROM EXERCISE_ENTITY WHERE NAME = 'Overhead Press'), 26);
INSERT INTO EXERCISE_SET_ENTITY (SET_TYPE, ID, NUMBER_OF_REPS, STATUS , WEIGHT , WEIGHT_KG, EXERCISE_ACTIVITY_ID) VALUES ('WeightedSet', 26010, 8.0, 0, null, 20, 2601);
INSERT INTO EXERCISE_SET_ENTITY (SET_TYPE, ID, NUMBER_OF_REPS, STATUS , WEIGHT , WEIGHT_KG, EXERCISE_ACTIVITY_ID) VALUES ('WeightedSet', 26011, 8.0, 0, null, 32.5, 2601);
INSERT INTO EXERCISE_SET_ENTITY (SET_TYPE, ID, NUMBER_OF_REPS, STATUS , WEIGHT , WEIGHT_KG, EXERCISE_ACTIVITY_ID) VALUES ('WeightedSet', 26012, 8.0, 0, null, 32.5, 2601);
INSERT INTO EXERCISE_SET_ENTITY (SET_TYPE, ID, NUMBER_OF_REPS, STATUS , WEIGHT , WEIGHT_KG, EXERCISE_ACTIVITY_ID) VALUES ('WeightedSet', 26013, 7.0, 1, null, 32.5, 2601);
INSERT INTO EXERCISE_ACTIVITY_ENTITY (ID, NOTES, EXERCISE_ID, WORKOUT_ID) VALUES (2602, '', (SELECT ID FROM EXERCISE_ENTITY WHERE NAME = 'Incline Bench Press'), 26);
INSERT INTO EXERCISE_SET_ENTITY (SET_TYPE, ID, NUMBER_OF_REPS, STATUS , WEIGHT , WEIGHT_KG, EXERCISE_ACTIVITY_ID) VALUES ('WeightedSet', 26020, 8.0, 0, null, 32.5, 2602);
INSERT INTO EXERCISE_SET_ENTITY (SET_TYPE, ID, NUMBER_OF_REPS, STATUS , WEIGHT , WEIGHT_KG, EXERCISE_ACTIVITY_ID) VALUES ('WeightedSet', 26021, 8.0, 0, null, 32.5, 2602);
INSERT INTO EXERCISE_SET_ENTITY (SET_TYPE, ID, NUMBER_OF_REPS, STATUS , WEIGHT , WEIGHT_KG, EXERCISE_ACTIVITY_ID) VALUES ('WeightedSet', 26022, 8.0, 0, null, 32.5, 2602);
INSERT INTO EXERCISE_ACTIVITY_ENTITY (ID, NOTES, EXERCISE_ID, WORKOUT_ID) VALUES (2603, '', (SELECT ID FROM EXERCISE_ENTITY WHERE NAME = 'Reverse Bench Press'), 26);
INSERT INTO EXERCISE_SET_ENTITY (SET_TYPE, ID, NUMBER_OF_REPS, STATUS , WEIGHT , WEIGHT_KG, EXERCISE_ACTIVITY_ID) VALUES ('WeightedSet', 26030, 8.0, 0, null, 32.5, 2603);
INSERT INTO EXERCISE_SET_ENTITY (SET_TYPE, ID, NUMBER_OF_REPS, STATUS , WEIGHT , WEIGHT_KG, EXERCISE_ACTIVITY_ID) VALUES ('WeightedSet', 26031, 8.0, 0, null, 32.5, 2603);
INSERT INTO EXERCISE_SET_ENTITY (SET_TYPE, ID, NUMBER_OF_REPS, STATUS , WEIGHT , WEIGHT_KG, EXERCISE_ACTIVITY_ID) VALUES ('WeightedSet', 26032, 8.0, 0, null, 32.5, 2603);
INSERT INTO EXERCISE_ACTIVITY_ENTITY (ID, NOTES, EXERCISE_ID, WORKOUT_ID) VALUES (2604, '', (SELECT ID FROM EXERCISE_ENTITY WHERE NAME = 'Lateral Raise'), 26);
INSERT INTO EXERCISE_SET_ENTITY (SET_TYPE, ID, NUMBER_OF_REPS, STATUS , WEIGHT , WEIGHT_KG, EXERCISE_ACTIVITY_ID) VALUES ('WeightedSet', 26040, 15.0, 0, null, 2.5, 2604);
INSERT INTO EXERCISE_SET_ENTITY (SET_TYPE, ID, NUMBER_OF_REPS, STATUS , WEIGHT , WEIGHT_KG, EXERCISE_ACTIVITY_ID) VALUES ('WeightedSet', 26041, 15.0, 0, null, 2.5, 2604);
INSERT INTO EXERCISE_SET_ENTITY (SET_TYPE, ID, NUMBER_OF_REPS, STATUS , WEIGHT , WEIGHT_KG, EXERCISE_ACTIVITY_ID) VALUES ('WeightedSet', 26042, 8.0, 1, null, 2.5, 2604);
INSERT INTO EXERCISE_SET_ENTITY (SET_TYPE, ID, NUMBER_OF_REPS, STATUS , WEIGHT , WEIGHT_KG, EXERCISE_ACTIVITY_ID) VALUES ('WeightedSet', 26043, 15.0, 0, null, 2.5, 2604);
INSERT INTO EXERCISE_ACTIVITY_ENTITY (ID, NOTES, EXERCISE_ID, WORKOUT_ID) VALUES (2605, '', (SELECT ID FROM EXERCISE_ENTITY WHERE NAME = 'Close Grip Bench Press'), 26);
INSERT INTO EXERCISE_SET_ENTITY (SET_TYPE, ID, NUMBER_OF_REPS, STATUS , WEIGHT , WEIGHT_KG, EXERCISE_ACTIVITY_ID) VALUES ('WeightedSet', 26050, 8.0, 0, null, 32.5, 2605);
INSERT INTO EXERCISE_SET_ENTITY (SET_TYPE, ID, NUMBER_OF_REPS, STATUS , WEIGHT , WEIGHT_KG, EXERCISE_ACTIVITY_ID) VALUES ('WeightedSet', 26051, 3.0, 1, null, 30, 2605);
INSERT INTO EXERCISE_SET_ENTITY (SET_TYPE, ID, NUMBER_OF_REPS, STATUS , WEIGHT , WEIGHT_KG, EXERCISE_ACTIVITY_ID) VALUES ('WeightedSet', 26052, 4.0, 1, null, 20, 2605);
INSERT INTO EXERCISE_ACTIVITY_ENTITY (ID, NOTES, EXERCISE_ID, WORKOUT_ID) VALUES (2606, '', (SELECT ID FROM EXERCISE_ENTITY WHERE NAME = 'Tricep Pushdown'), 26);
INSERT INTO EXERCISE_SET_ENTITY (SET_TYPE, ID, NUMBER_OF_REPS, STATUS , WEIGHT , WEIGHT_KG, EXERCISE_ACTIVITY_ID) VALUES ('NonWeightedSet', 26060, 10.0, 0, 'red band', null, 2606);
INSERT INTO EXERCISE_ACTIVITY_ENTITY (ID, NOTES, EXERCISE_ID, WORKOUT_ID) VALUES (2607, '', (SELECT ID FROM EXERCISE_ENTITY WHERE NAME = 'Tricep Kickback'), 26);
INSERT INTO EXERCISE_SET_ENTITY (SET_TYPE, ID, NUMBER_OF_REPS, STATUS , WEIGHT , WEIGHT_KG, EXERCISE_ACTIVITY_ID) VALUES ('WeightedSet', 26070, 10.0, 0, null, 5, 2607);
INSERT INTO WORKOUT_ENTITY (ID, NOTES, PERFORMED_AT_TIMESTAMP_UTC, WORKOUT_TYPE) VALUES (27, 'Notes', '2019-09-19 15:40:00', 'LEGS');
INSERT INTO EXERCISE_ACTIVITY_ENTITY (ID, NOTES, EXERCISE_ID, WORKOUT_ID) VALUES (2700, '', (SELECT ID FROM EXERCISE_ENTITY WHERE NAME = 'Squat'), 27);
INSERT INTO EXERCISE_SET_ENTITY (SET_TYPE, ID, NUMBER_OF_REPS, STATUS , WEIGHT , WEIGHT_KG, EXERCISE_ACTIVITY_ID) VALUES ('NonWeightedSet', 27000, 10.0, 0, 'body', null, 2700);
INSERT INTO EXERCISE_SET_ENTITY (SET_TYPE, ID, NUMBER_OF_REPS, STATUS , WEIGHT , WEIGHT_KG, EXERCISE_ACTIVITY_ID) VALUES ('WeightedSet', 27001, 6.0, 0, null, 20, 2700);
INSERT INTO EXERCISE_SET_ENTITY (SET_TYPE, ID, NUMBER_OF_REPS, STATUS , WEIGHT , WEIGHT_KG, EXERCISE_ACTIVITY_ID) VALUES ('WeightedSet', 27002, 5.0, 0, null, 40, 2700);
INSERT INTO EXERCISE_SET_ENTITY (SET_TYPE, ID, NUMBER_OF_REPS, STATUS , WEIGHT , WEIGHT_KG, EXERCISE_ACTIVITY_ID) VALUES ('WeightedSet', 27003, 2.0, 0, null, 60, 2700);
INSERT INTO EXERCISE_SET_ENTITY (SET_TYPE, ID, NUMBER_OF_REPS, STATUS , WEIGHT , WEIGHT_KG, EXERCISE_ACTIVITY_ID) VALUES ('WeightedSet', 27004, 2.0, 0, null, 70, 2700);
INSERT INTO EXERCISE_SET_ENTITY (SET_TYPE, ID, NUMBER_OF_REPS, STATUS , WEIGHT , WEIGHT_KG, EXERCISE_ACTIVITY_ID) VALUES ('WeightedSet', 27005, 5.0, 0, null, 77.5, 2700);
INSERT INTO EXERCISE_SET_ENTITY (SET_TYPE, ID, NUMBER_OF_REPS, STATUS , WEIGHT , WEIGHT_KG, EXERCISE_ACTIVITY_ID) VALUES ('WeightedSet', 27006, 5.0, 0, null, 77.5, 2700);
INSERT INTO EXERCISE_SET_ENTITY (SET_TYPE, ID, NUMBER_OF_REPS, STATUS , WEIGHT , WEIGHT_KG, EXERCISE_ACTIVITY_ID) VALUES ('WeightedSet', 27007, 5.0, 0, null, 77.5, 2700);
INSERT INTO EXERCISE_SET_ENTITY (SET_TYPE, ID, NUMBER_OF_REPS, STATUS , WEIGHT , WEIGHT_KG, EXERCISE_ACTIVITY_ID) VALUES ('WeightedSet', 27008, 5.0, 0, null, 77.5, 2700);
INSERT INTO EXERCISE_SET_ENTITY (SET_TYPE, ID, NUMBER_OF_REPS, STATUS , WEIGHT , WEIGHT_KG, EXERCISE_ACTIVITY_ID) VALUES ('WeightedSet', 27009, 5.0, 0, null, 77.5, 2700);
INSERT INTO EXERCISE_ACTIVITY_ENTITY (ID, NOTES, EXERCISE_ID, WORKOUT_ID) VALUES (2701, '', (SELECT ID FROM EXERCISE_ENTITY WHERE NAME = 'Romanian Deadlift'), 27);
INSERT INTO EXERCISE_SET_ENTITY (SET_TYPE, ID, NUMBER_OF_REPS, STATUS , WEIGHT , WEIGHT_KG, EXERCISE_ACTIVITY_ID) VALUES ('WeightedSet', 27010, 8.0, 0, null, 20, 2701);
INSERT INTO EXERCISE_SET_ENTITY (SET_TYPE, ID, NUMBER_OF_REPS, STATUS , WEIGHT , WEIGHT_KG, EXERCISE_ACTIVITY_ID) VALUES ('WeightedSet', 27011, 8.0, 0, null, 40, 2701);
INSERT INTO EXERCISE_SET_ENTITY (SET_TYPE, ID, NUMBER_OF_REPS, STATUS , WEIGHT , WEIGHT_KG, EXERCISE_ACTIVITY_ID) VALUES ('WeightedSet', 27012, 8.0, 0, null, 40, 2701);
INSERT INTO EXERCISE_SET_ENTITY (SET_TYPE, ID, NUMBER_OF_REPS, STATUS , WEIGHT , WEIGHT_KG, EXERCISE_ACTIVITY_ID) VALUES ('WeightedSet', 27013, 8.0, 0, null, 40, 2701);
INSERT INTO EXERCISE_ACTIVITY_ENTITY (ID, NOTES, EXERCISE_ID, WORKOUT_ID) VALUES (2702, '', (SELECT ID FROM EXERCISE_ENTITY WHERE NAME = 'Kettlebell Swing'), 27);
INSERT INTO EXERCISE_SET_ENTITY (SET_TYPE, ID, NUMBER_OF_REPS, STATUS , WEIGHT , WEIGHT_KG, EXERCISE_ACTIVITY_ID) VALUES ('WeightedSet', 27020, 20.0, 0, null, 10, 2702);
INSERT INTO EXERCISE_SET_ENTITY (SET_TYPE, ID, NUMBER_OF_REPS, STATUS , WEIGHT , WEIGHT_KG, EXERCISE_ACTIVITY_ID) VALUES ('WeightedSet', 27021, 20.0, 0, null, 15, 2702);
INSERT INTO EXERCISE_SET_ENTITY (SET_TYPE, ID, NUMBER_OF_REPS, STATUS , WEIGHT , WEIGHT_KG, EXERCISE_ACTIVITY_ID) VALUES ('WeightedSet', 27022, 20.0, 0, null, 10, 2702);
INSERT INTO EXERCISE_SET_ENTITY (SET_TYPE, ID, NUMBER_OF_REPS, STATUS , WEIGHT , WEIGHT_KG, EXERCISE_ACTIVITY_ID) VALUES ('WeightedSet', 27023, 20.0, 0, null, 10, 2702);
INSERT INTO EXERCISE_ACTIVITY_ENTITY (ID, NOTES, EXERCISE_ID, WORKOUT_ID) VALUES (2703, '', (SELECT ID FROM EXERCISE_ENTITY WHERE NAME = 'Calf Raise'), 27);
INSERT INTO EXERCISE_SET_ENTITY (SET_TYPE, ID, NUMBER_OF_REPS, STATUS , WEIGHT , WEIGHT_KG, EXERCISE_ACTIVITY_ID) VALUES ('NonWeightedSet', 27030, 15.0, 0, 'body', null, 2703);
INSERT INTO EXERCISE_SET_ENTITY (SET_TYPE, ID, NUMBER_OF_REPS, STATUS , WEIGHT , WEIGHT_KG, EXERCISE_ACTIVITY_ID) VALUES ('WeightedSet', 27031, 10.0, 0, null, 125, 2703);
INSERT INTO EXERCISE_SET_ENTITY (SET_TYPE, ID, NUMBER_OF_REPS, STATUS , WEIGHT , WEIGHT_KG, EXERCISE_ACTIVITY_ID) VALUES ('WeightedSet', 27032, 10.0, 0, null, 125, 2703);
INSERT INTO EXERCISE_SET_ENTITY (SET_TYPE, ID, NUMBER_OF_REPS, STATUS , WEIGHT , WEIGHT_KG, EXERCISE_ACTIVITY_ID) VALUES ('WeightedSet', 27033, 10.0, 0, null, 125, 2703);
INSERT INTO WORKOUT_ENTITY (ID, NOTES, PERFORMED_AT_TIMESTAMP_UTC, WORKOUT_TYPE) VALUES (28, 'Notes', '2019-09-23 15:45:00', 'PULL');
INSERT INTO EXERCISE_ACTIVITY_ENTITY (ID, NOTES, EXERCISE_ID, WORKOUT_ID) VALUES (2800, '', (SELECT ID FROM EXERCISE_ENTITY WHERE NAME = 'Deadlift'), 28);
INSERT INTO EXERCISE_SET_ENTITY (SET_TYPE, ID, NUMBER_OF_REPS, STATUS , WEIGHT , WEIGHT_KG, EXERCISE_ACTIVITY_ID) VALUES ('WeightedSet', 28000, 5.0, 0, null, 20, 2800);
INSERT INTO EXERCISE_SET_ENTITY (SET_TYPE, ID, NUMBER_OF_REPS, STATUS , WEIGHT , WEIGHT_KG, EXERCISE_ACTIVITY_ID) VALUES ('WeightedSet', 28001, 5.0, 0, null, 60, 2800);
INSERT INTO EXERCISE_SET_ENTITY (SET_TYPE, ID, NUMBER_OF_REPS, STATUS , WEIGHT , WEIGHT_KG, EXERCISE_ACTIVITY_ID) VALUES ('WeightedSet', 28002, 2.0, 0, null, 90, 2800);
INSERT INTO EXERCISE_SET_ENTITY (SET_TYPE, ID, NUMBER_OF_REPS, STATUS , WEIGHT , WEIGHT_KG, EXERCISE_ACTIVITY_ID) VALUES ('WeightedSet', 28003, 2.0, 0, null, 110, 2800);
INSERT INTO EXERCISE_SET_ENTITY (SET_TYPE, ID, NUMBER_OF_REPS, STATUS , WEIGHT , WEIGHT_KG, EXERCISE_ACTIVITY_ID) VALUES ('WeightedSet', 28004, 1.0, 0, null, 120, 2800);
INSERT INTO EXERCISE_SET_ENTITY (SET_TYPE, ID, NUMBER_OF_REPS, STATUS , WEIGHT , WEIGHT_KG, EXERCISE_ACTIVITY_ID) VALUES ('WeightedSet', 28005, 5.0, 0, null, 130, 2800);
INSERT INTO EXERCISE_ACTIVITY_ENTITY (ID, NOTES, EXERCISE_ID, WORKOUT_ID) VALUES (2801, '', (SELECT ID FROM EXERCISE_ENTITY WHERE NAME = 'Pull Up'), 28);
INSERT INTO EXERCISE_SET_ENTITY (SET_TYPE, ID, NUMBER_OF_REPS, STATUS , WEIGHT , WEIGHT_KG, EXERCISE_ACTIVITY_ID) VALUES ('NonWeightedSet', 28010, 5.0, 0, 'body', null, 2801);
INSERT INTO EXERCISE_SET_ENTITY (SET_TYPE, ID, NUMBER_OF_REPS, STATUS , WEIGHT , WEIGHT_KG, EXERCISE_ACTIVITY_ID) VALUES ('NonWeightedSet', 28011, 5.0, 0, 'body', null, 2801);
INSERT INTO EXERCISE_SET_ENTITY (SET_TYPE, ID, NUMBER_OF_REPS, STATUS , WEIGHT , WEIGHT_KG, EXERCISE_ACTIVITY_ID) VALUES ('NonWeightedSet', 28012, 5.0, 0, 'body', null, 2801);
INSERT INTO EXERCISE_SET_ENTITY (SET_TYPE, ID, NUMBER_OF_REPS, STATUS , WEIGHT , WEIGHT_KG, EXERCISE_ACTIVITY_ID) VALUES ('NonWeightedSet', 28013, 5.0, 0, 'body', null, 2801);
INSERT INTO EXERCISE_ACTIVITY_ENTITY (ID, NOTES, EXERCISE_ID, WORKOUT_ID) VALUES (2802, '', (SELECT ID FROM EXERCISE_ENTITY WHERE NAME = 'Inverted Row'), 28);
INSERT INTO EXERCISE_SET_ENTITY (SET_TYPE, ID, NUMBER_OF_REPS, STATUS , WEIGHT , WEIGHT_KG, EXERCISE_ACTIVITY_ID) VALUES ('NonWeightedSet', 28020, 10.0, 0, 'body', null, 2802);
INSERT INTO EXERCISE_SET_ENTITY (SET_TYPE, ID, NUMBER_OF_REPS, STATUS , WEIGHT , WEIGHT_KG, EXERCISE_ACTIVITY_ID) VALUES ('NonWeightedSet', 28021, 10.0, 0, 'body', null, 2802);
INSERT INTO EXERCISE_SET_ENTITY (SET_TYPE, ID, NUMBER_OF_REPS, STATUS , WEIGHT , WEIGHT_KG, EXERCISE_ACTIVITY_ID) VALUES ('NonWeightedSet', 28022, 10.0, 0, 'body', null, 2802);
INSERT INTO EXERCISE_ACTIVITY_ENTITY (ID, NOTES, EXERCISE_ID, WORKOUT_ID) VALUES (2803, '', (SELECT ID FROM EXERCISE_ENTITY WHERE NAME = 'Inverted Row (Bench)'), 28);
INSERT INTO EXERCISE_SET_ENTITY (SET_TYPE, ID, NUMBER_OF_REPS, STATUS , WEIGHT , WEIGHT_KG, EXERCISE_ACTIVITY_ID) VALUES ('WeightedSet', 28030, 10.0, 0, null, 5, 2803);
INSERT INTO EXERCISE_SET_ENTITY (SET_TYPE, ID, NUMBER_OF_REPS, STATUS , WEIGHT , WEIGHT_KG, EXERCISE_ACTIVITY_ID) VALUES ('WeightedSet', 28031, 10.0, 0, null, 5, 2803);
INSERT INTO EXERCISE_SET_ENTITY (SET_TYPE, ID, NUMBER_OF_REPS, STATUS , WEIGHT , WEIGHT_KG, EXERCISE_ACTIVITY_ID) VALUES ('WeightedSet', 28032, 10.0, 0, null, 5, 2803);
INSERT INTO EXERCISE_ACTIVITY_ENTITY (ID, NOTES, EXERCISE_ID, WORKOUT_ID) VALUES (2804, '', (SELECT ID FROM EXERCISE_ENTITY WHERE NAME = 'Barbell Curl'), 28);
INSERT INTO EXERCISE_SET_ENTITY (SET_TYPE, ID, NUMBER_OF_REPS, STATUS , WEIGHT , WEIGHT_KG, EXERCISE_ACTIVITY_ID) VALUES ('WeightedSet', 28040, 10.0, 0, null, 20, 2804);
INSERT INTO EXERCISE_SET_ENTITY (SET_TYPE, ID, NUMBER_OF_REPS, STATUS , WEIGHT , WEIGHT_KG, EXERCISE_ACTIVITY_ID) VALUES ('WeightedSet', 28041, 10.0, 0, null, 20, 2804);
INSERT INTO EXERCISE_SET_ENTITY (SET_TYPE, ID, NUMBER_OF_REPS, STATUS , WEIGHT , WEIGHT_KG, EXERCISE_ACTIVITY_ID) VALUES ('WeightedSet', 28042, 10.0, 0, null, 20, 2804);
INSERT INTO EXERCISE_ACTIVITY_ENTITY (ID, NOTES, EXERCISE_ID, WORKOUT_ID) VALUES (2805, '', (SELECT ID FROM EXERCISE_ENTITY WHERE NAME = 'Incline Dumbbell Curl'), 28);
INSERT INTO EXERCISE_SET_ENTITY (SET_TYPE, ID, NUMBER_OF_REPS, STATUS , WEIGHT , WEIGHT_KG, EXERCISE_ACTIVITY_ID) VALUES ('WeightedSet', 28050, 8.0, 0, null, 7.5, 2805);
INSERT INTO EXERCISE_SET_ENTITY (SET_TYPE, ID, NUMBER_OF_REPS, STATUS , WEIGHT , WEIGHT_KG, EXERCISE_ACTIVITY_ID) VALUES ('WeightedSet', 28051, 8.0, 0, null, 7.5, 2805);
INSERT INTO EXERCISE_SET_ENTITY (SET_TYPE, ID, NUMBER_OF_REPS, STATUS , WEIGHT , WEIGHT_KG, EXERCISE_ACTIVITY_ID) VALUES ('WeightedSet', 28052, 8.0, 0, null, 7.5, 2805);
INSERT INTO EXERCISE_ACTIVITY_ENTITY (ID, NOTES, EXERCISE_ID, WORKOUT_ID) VALUES (2806, '', (SELECT ID FROM EXERCISE_ENTITY WHERE NAME = 'Lying Leg Raise'), 28);
INSERT INTO EXERCISE_SET_ENTITY (SET_TYPE, ID, NUMBER_OF_REPS, STATUS , WEIGHT , WEIGHT_KG, EXERCISE_ACTIVITY_ID) VALUES ('NonWeightedSet', 28060, 10.0, 0, 'body', null, 2806);
INSERT INTO EXERCISE_SET_ENTITY (SET_TYPE, ID, NUMBER_OF_REPS, STATUS , WEIGHT , WEIGHT_KG, EXERCISE_ACTIVITY_ID) VALUES ('NonWeightedSet', 28061, 10.0, 0, 'body', null, 2806);
INSERT INTO EXERCISE_ACTIVITY_ENTITY (ID, NOTES, EXERCISE_ID, WORKOUT_ID) VALUES (2807, '', (SELECT ID FROM EXERCISE_ENTITY WHERE NAME = 'Plank'), 28);
INSERT INTO EXERCISE_SET_ENTITY (SET_TYPE, ID, NUMBER_OF_REPS, STATUS , WEIGHT , WEIGHT_KG, EXERCISE_ACTIVITY_ID) VALUES ('NonWeightedSet', 28070, 1, 0, '50 seconds', null, 2807);
INSERT INTO EXERCISE_SET_ENTITY (SET_TYPE, ID, NUMBER_OF_REPS, STATUS , WEIGHT , WEIGHT_KG, EXERCISE_ACTIVITY_ID) VALUES ('NonWeightedSet', 28071, 1, 0, '40 seconds', null, 2807);
INSERT INTO EXERCISE_ACTIVITY_ENTITY (ID, NOTES, EXERCISE_ID, WORKOUT_ID) VALUES (2808, '', (SELECT ID FROM EXERCISE_ENTITY WHERE NAME = 'Cable Crunch'), 28);
INSERT INTO EXERCISE_SET_ENTITY (SET_TYPE, ID, NUMBER_OF_REPS, STATUS , WEIGHT , WEIGHT_KG, EXERCISE_ACTIVITY_ID) VALUES ('NonWeightedSet', 28080, 10.0, 0, 'red band', null, 2808);
INSERT INTO EXERCISE_SET_ENTITY (SET_TYPE, ID, NUMBER_OF_REPS, STATUS , WEIGHT , WEIGHT_KG, EXERCISE_ACTIVITY_ID) VALUES ('NonWeightedSet', 28081, 10.0, 0, 'red band', null, 2808);
INSERT INTO EXERCISE_ACTIVITY_ENTITY (ID, NOTES, EXERCISE_ID, WORKOUT_ID) VALUES (2809, '', (SELECT ID FROM EXERCISE_ENTITY WHERE NAME = 'Facepull'), 28);
INSERT INTO EXERCISE_SET_ENTITY (SET_TYPE, ID, NUMBER_OF_REPS, STATUS , WEIGHT , WEIGHT_KG, EXERCISE_ACTIVITY_ID) VALUES ('NonWeightedSet', 28090, 20.0, 0, 'yellow band', null, 2809);
INSERT INTO EXERCISE_SET_ENTITY (SET_TYPE, ID, NUMBER_OF_REPS, STATUS , WEIGHT , WEIGHT_KG, EXERCISE_ACTIVITY_ID) VALUES ('NonWeightedSet', 28091, 15.0, 0, 'yellow band', null, 2809);
INSERT INTO EXERCISE_ACTIVITY_ENTITY (ID, NOTES, EXERCISE_ID, WORKOUT_ID) VALUES (2810, '', (SELECT ID FROM EXERCISE_ENTITY WHERE NAME = 'Trap Raise'), 28);
INSERT INTO EXERCISE_SET_ENTITY (SET_TYPE, ID, NUMBER_OF_REPS, STATUS , WEIGHT , WEIGHT_KG, EXERCISE_ACTIVITY_ID) VALUES ('NonWeightedSet', 28100, 10.0, 0, 'yellow band', null, 2810);
INSERT INTO EXERCISE_SET_ENTITY (SET_TYPE, ID, NUMBER_OF_REPS, STATUS , WEIGHT , WEIGHT_KG, EXERCISE_ACTIVITY_ID) VALUES ('NonWeightedSet', 28101, 10.0, 0, 'yellow band', null, 2810);
INSERT INTO WORKOUT_ENTITY (ID, NOTES, PERFORMED_AT_TIMESTAMP_UTC, WORKOUT_TYPE) VALUES (29, 'Notes', '2019-09-24 15:35:00', 'PUSH');
INSERT INTO EXERCISE_ACTIVITY_ENTITY (ID, NOTES, EXERCISE_ID, WORKOUT_ID) VALUES (2900, '', (SELECT ID FROM EXERCISE_ENTITY WHERE NAME = 'Bench Press'), 29);
INSERT INTO EXERCISE_SET_ENTITY (SET_TYPE, ID, NUMBER_OF_REPS, STATUS , WEIGHT , WEIGHT_KG, EXERCISE_ACTIVITY_ID) VALUES ('WeightedSet', 29000, 7.0, 0, null, 20, 2900);
INSERT INTO EXERCISE_SET_ENTITY (SET_TYPE, ID, NUMBER_OF_REPS, STATUS , WEIGHT , WEIGHT_KG, EXERCISE_ACTIVITY_ID) VALUES ('WeightedSet', 29001, 5.0, 0, null, 40, 2900);
INSERT INTO EXERCISE_SET_ENTITY (SET_TYPE, ID, NUMBER_OF_REPS, STATUS , WEIGHT , WEIGHT_KG, EXERCISE_ACTIVITY_ID) VALUES ('WeightedSet', 29002, 4.0, 0, null, 50, 2900);
INSERT INTO EXERCISE_SET_ENTITY (SET_TYPE, ID, NUMBER_OF_REPS, STATUS , WEIGHT , WEIGHT_KG, EXERCISE_ACTIVITY_ID) VALUES ('WeightedSet', 29003, 5.0, 0, null, 57.5, 2900);
INSERT INTO EXERCISE_SET_ENTITY (SET_TYPE, ID, NUMBER_OF_REPS, STATUS , WEIGHT , WEIGHT_KG, EXERCISE_ACTIVITY_ID) VALUES ('WeightedSet', 29004, 5.0, 0, null, 57.5, 2900);
INSERT INTO EXERCISE_SET_ENTITY (SET_TYPE, ID, NUMBER_OF_REPS, STATUS , WEIGHT , WEIGHT_KG, EXERCISE_ACTIVITY_ID) VALUES ('WeightedSet', 29005, 5.0, 0, null, 57.5, 2900);
INSERT INTO EXERCISE_SET_ENTITY (SET_TYPE, ID, NUMBER_OF_REPS, STATUS , WEIGHT , WEIGHT_KG, EXERCISE_ACTIVITY_ID) VALUES ('WeightedSet', 29006, 5.0, 0, null, 57.5, 2900);
INSERT INTO EXERCISE_SET_ENTITY (SET_TYPE, ID, NUMBER_OF_REPS, STATUS , WEIGHT , WEIGHT_KG, EXERCISE_ACTIVITY_ID) VALUES ('WeightedSet', 29007, 5.0, 0, null, 57.5, 2900);
INSERT INTO EXERCISE_ACTIVITY_ENTITY (ID, NOTES, EXERCISE_ID, WORKOUT_ID) VALUES (2901, '', (SELECT ID FROM EXERCISE_ENTITY WHERE NAME = 'Overhead Press'), 29);
INSERT INTO EXERCISE_SET_ENTITY (SET_TYPE, ID, NUMBER_OF_REPS, STATUS , WEIGHT , WEIGHT_KG, EXERCISE_ACTIVITY_ID) VALUES ('WeightedSet', 29010, 8.0, 0, null, 20, 2901);
INSERT INTO EXERCISE_SET_ENTITY (SET_TYPE, ID, NUMBER_OF_REPS, STATUS , WEIGHT , WEIGHT_KG, EXERCISE_ACTIVITY_ID) VALUES ('WeightedSet', 29011, 8.0, 0, null, 32.5, 2901);
INSERT INTO EXERCISE_SET_ENTITY (SET_TYPE, ID, NUMBER_OF_REPS, STATUS , WEIGHT , WEIGHT_KG, EXERCISE_ACTIVITY_ID) VALUES ('WeightedSet', 29012, 8.0, 0, null, 32.5, 2901);
INSERT INTO EXERCISE_SET_ENTITY (SET_TYPE, ID, NUMBER_OF_REPS, STATUS , WEIGHT , WEIGHT_KG, EXERCISE_ACTIVITY_ID) VALUES ('WeightedSet', 29013, 7.0, 1, null, 32.5, 2901);
INSERT INTO EXERCISE_ACTIVITY_ENTITY (ID, NOTES, EXERCISE_ID, WORKOUT_ID) VALUES (2902, '', (SELECT ID FROM EXERCISE_ENTITY WHERE NAME = 'Reverse Bench Press'), 29);
INSERT INTO EXERCISE_SET_ENTITY (SET_TYPE, ID, NUMBER_OF_REPS, STATUS , WEIGHT , WEIGHT_KG, EXERCISE_ACTIVITY_ID) VALUES ('WeightedSet', 29020, 8.0, 0, null, 32.5, 2902);
INSERT INTO EXERCISE_SET_ENTITY (SET_TYPE, ID, NUMBER_OF_REPS, STATUS , WEIGHT , WEIGHT_KG, EXERCISE_ACTIVITY_ID) VALUES ('WeightedSet', 29021, 10.0, 0, null, 32.5, 2902);
INSERT INTO EXERCISE_SET_ENTITY (SET_TYPE, ID, NUMBER_OF_REPS, STATUS , WEIGHT , WEIGHT_KG, EXERCISE_ACTIVITY_ID) VALUES ('WeightedSet', 29022, 8.0, 0, null, 32.5, 2902);
INSERT INTO EXERCISE_ACTIVITY_ENTITY (ID, NOTES, EXERCISE_ID, WORKOUT_ID) VALUES (2903, '', (SELECT ID FROM EXERCISE_ENTITY WHERE NAME = 'Lateral Raise'), 29);
INSERT INTO EXERCISE_SET_ENTITY (SET_TYPE, ID, NUMBER_OF_REPS, STATUS , WEIGHT , WEIGHT_KG, EXERCISE_ACTIVITY_ID) VALUES ('WeightedSet', 29030, 15.0, 0, null, 5, 2903);
INSERT INTO EXERCISE_SET_ENTITY (SET_TYPE, ID, NUMBER_OF_REPS, STATUS , WEIGHT , WEIGHT_KG, EXERCISE_ACTIVITY_ID) VALUES ('WeightedSet', 29031, 15.0, 0, null, 2.5, 2903);
INSERT INTO EXERCISE_SET_ENTITY (SET_TYPE, ID, NUMBER_OF_REPS, STATUS , WEIGHT , WEIGHT_KG, EXERCISE_ACTIVITY_ID) VALUES ('WeightedSet', 29032, 15.0, 0, null, 2.5, 2903);
INSERT INTO EXERCISE_SET_ENTITY (SET_TYPE, ID, NUMBER_OF_REPS, STATUS , WEIGHT , WEIGHT_KG, EXERCISE_ACTIVITY_ID) VALUES ('WeightedSet', 29033, 14.0, 1, null, 2.5, 2903);
INSERT INTO EXERCISE_ACTIVITY_ENTITY (ID, NOTES, EXERCISE_ID, WORKOUT_ID) VALUES (2904, '', (SELECT ID FROM EXERCISE_ENTITY WHERE NAME = 'Close Grip Bench Press'), 29);
INSERT INTO EXERCISE_SET_ENTITY (SET_TYPE, ID, NUMBER_OF_REPS, STATUS , WEIGHT , WEIGHT_KG, EXERCISE_ACTIVITY_ID) VALUES ('WeightedSet', 29040, 8.0, 0, null, 32.5, 2904);
INSERT INTO EXERCISE_SET_ENTITY (SET_TYPE, ID, NUMBER_OF_REPS, STATUS , WEIGHT , WEIGHT_KG, EXERCISE_ACTIVITY_ID) VALUES ('WeightedSet', 29041, 6.0, 1, null, 32.5, 2904);
INSERT INTO EXERCISE_SET_ENTITY (SET_TYPE, ID, NUMBER_OF_REPS, STATUS , WEIGHT , WEIGHT_KG, EXERCISE_ACTIVITY_ID) VALUES ('WeightedSet', 29042, 8.0, 0, null, 20, 2904);
INSERT INTO EXERCISE_ACTIVITY_ENTITY (ID, NOTES, EXERCISE_ID, WORKOUT_ID) VALUES (2905, '', (SELECT ID FROM EXERCISE_ENTITY WHERE NAME = 'Tricep Kickback'), 29);
INSERT INTO EXERCISE_SET_ENTITY (SET_TYPE, ID, NUMBER_OF_REPS, STATUS , WEIGHT , WEIGHT_KG, EXERCISE_ACTIVITY_ID) VALUES ('WeightedSet', 29050, 10.0, 0, null, 5, 2905);
INSERT INTO EXERCISE_SET_ENTITY (SET_TYPE, ID, NUMBER_OF_REPS, STATUS , WEIGHT , WEIGHT_KG, EXERCISE_ACTIVITY_ID) VALUES ('WeightedSet', 29051, 10.0, 0, null, 5, 2905);
INSERT INTO WORKOUT_ENTITY (ID, NOTES, PERFORMED_AT_TIMESTAMP_UTC, WORKOUT_TYPE) VALUES (30, 'Notes', '2019-09-27 11:10:00', 'LEGS');
INSERT INTO EXERCISE_ACTIVITY_ENTITY (ID, NOTES, EXERCISE_ID, WORKOUT_ID) VALUES (3000, '', (SELECT ID FROM EXERCISE_ENTITY WHERE NAME = 'Squat'), 30);
INSERT INTO EXERCISE_SET_ENTITY (SET_TYPE, ID, NUMBER_OF_REPS, STATUS , WEIGHT , WEIGHT_KG, EXERCISE_ACTIVITY_ID) VALUES ('NonWeightedSet', 30000, 8.0, 0, 'body', null, 3000);
INSERT INTO EXERCISE_SET_ENTITY (SET_TYPE, ID, NUMBER_OF_REPS, STATUS , WEIGHT , WEIGHT_KG, EXERCISE_ACTIVITY_ID) VALUES ('WeightedSet', 30001, 5.0, 0, null, 20, 3000);
INSERT INTO EXERCISE_SET_ENTITY (SET_TYPE, ID, NUMBER_OF_REPS, STATUS , WEIGHT , WEIGHT_KG, EXERCISE_ACTIVITY_ID) VALUES ('WeightedSet', 30002, 3.0, 0, null, 40, 3000);
INSERT INTO EXERCISE_SET_ENTITY (SET_TYPE, ID, NUMBER_OF_REPS, STATUS , WEIGHT , WEIGHT_KG, EXERCISE_ACTIVITY_ID) VALUES ('WeightedSet', 30003, 2.0, 0, null, 60, 3000);
INSERT INTO EXERCISE_SET_ENTITY (SET_TYPE, ID, NUMBER_OF_REPS, STATUS , WEIGHT , WEIGHT_KG, EXERCISE_ACTIVITY_ID) VALUES ('WeightedSet', 30004, 1.0, 0, null, 70, 3000);
INSERT INTO EXERCISE_SET_ENTITY (SET_TYPE, ID, NUMBER_OF_REPS, STATUS , WEIGHT , WEIGHT_KG, EXERCISE_ACTIVITY_ID) VALUES ('WeightedSet', 30005, 5.0, 0, null, 80, 3000);
INSERT INTO EXERCISE_SET_ENTITY (SET_TYPE, ID, NUMBER_OF_REPS, STATUS , WEIGHT , WEIGHT_KG, EXERCISE_ACTIVITY_ID) VALUES ('WeightedSet', 30006, 5.0, 0, null, 80, 3000);
INSERT INTO EXERCISE_SET_ENTITY (SET_TYPE, ID, NUMBER_OF_REPS, STATUS , WEIGHT , WEIGHT_KG, EXERCISE_ACTIVITY_ID) VALUES ('WeightedSet', 30007, 5.0, 0, null, 80, 3000);
INSERT INTO EXERCISE_SET_ENTITY (SET_TYPE, ID, NUMBER_OF_REPS, STATUS , WEIGHT , WEIGHT_KG, EXERCISE_ACTIVITY_ID) VALUES ('WeightedSet', 30008, 5.0, 0, null, 80, 3000);
INSERT INTO EXERCISE_SET_ENTITY (SET_TYPE, ID, NUMBER_OF_REPS, STATUS , WEIGHT , WEIGHT_KG, EXERCISE_ACTIVITY_ID) VALUES ('WeightedSet', 30009, 5.0, 0, null, 80, 3000);
INSERT INTO EXERCISE_ACTIVITY_ENTITY (ID, NOTES, EXERCISE_ID, WORKOUT_ID) VALUES (3001, '', (SELECT ID FROM EXERCISE_ENTITY WHERE NAME = 'Romanian Deadlift'), 30);
INSERT INTO EXERCISE_SET_ENTITY (SET_TYPE, ID, NUMBER_OF_REPS, STATUS , WEIGHT , WEIGHT_KG, EXERCISE_ACTIVITY_ID) VALUES ('WeightedSet', 30010, 8.0, 0, null, 20, 3001);
INSERT INTO EXERCISE_SET_ENTITY (SET_TYPE, ID, NUMBER_OF_REPS, STATUS , WEIGHT , WEIGHT_KG, EXERCISE_ACTIVITY_ID) VALUES ('WeightedSet', 30011, 5.0, 0, null, 40, 3001);
INSERT INTO EXERCISE_SET_ENTITY (SET_TYPE, ID, NUMBER_OF_REPS, STATUS , WEIGHT , WEIGHT_KG, EXERCISE_ACTIVITY_ID) VALUES ('WeightedSet', 30012, 8.0, 0, null, 50, 3001);
INSERT INTO EXERCISE_SET_ENTITY (SET_TYPE, ID, NUMBER_OF_REPS, STATUS , WEIGHT , WEIGHT_KG, EXERCISE_ACTIVITY_ID) VALUES ('WeightedSet', 30013, 8.0, 0, null, 50, 3001);
INSERT INTO EXERCISE_SET_ENTITY (SET_TYPE, ID, NUMBER_OF_REPS, STATUS , WEIGHT , WEIGHT_KG, EXERCISE_ACTIVITY_ID) VALUES ('WeightedSet', 30014, 8.0, 0, null, 50, 3001);
INSERT INTO EXERCISE_ACTIVITY_ENTITY (ID, NOTES, EXERCISE_ID, WORKOUT_ID) VALUES (3002, '', (SELECT ID FROM EXERCISE_ENTITY WHERE NAME = 'Frog Pump'), 30);
INSERT INTO EXERCISE_SET_ENTITY (SET_TYPE, ID, NUMBER_OF_REPS, STATUS , WEIGHT , WEIGHT_KG, EXERCISE_ACTIVITY_ID) VALUES ('NonWeightedSet', 30020, 20.0, 0, 'body', null, 3002);
INSERT INTO EXERCISE_ACTIVITY_ENTITY (ID, NOTES, EXERCISE_ID, WORKOUT_ID) VALUES (3003, '', (SELECT ID FROM EXERCISE_ENTITY WHERE NAME = 'Hip Thrust'), 30);
INSERT INTO EXERCISE_SET_ENTITY (SET_TYPE, ID, NUMBER_OF_REPS, STATUS , WEIGHT , WEIGHT_KG, EXERCISE_ACTIVITY_ID) VALUES ('WeightedSet', 30030, 15.0, 0, null, 20, 3003);
INSERT INTO EXERCISE_SET_ENTITY (SET_TYPE, ID, NUMBER_OF_REPS, STATUS , WEIGHT , WEIGHT_KG, EXERCISE_ACTIVITY_ID) VALUES ('WeightedSet', 30031, 15.0, 0, null, 20, 3003);
INSERT INTO EXERCISE_SET_ENTITY (SET_TYPE, ID, NUMBER_OF_REPS, STATUS , WEIGHT , WEIGHT_KG, EXERCISE_ACTIVITY_ID) VALUES ('WeightedSet', 30032, 15.0, 0, null, 20, 3003);
INSERT INTO EXERCISE_ACTIVITY_ENTITY (ID, NOTES, EXERCISE_ID, WORKOUT_ID) VALUES (3004, '', (SELECT ID FROM EXERCISE_ENTITY WHERE NAME = 'Calf Raise'), 30);
INSERT INTO EXERCISE_SET_ENTITY (SET_TYPE, ID, NUMBER_OF_REPS, STATUS , WEIGHT , WEIGHT_KG, EXERCISE_ACTIVITY_ID) VALUES ('NonWeightedSet', 30040, 10.0, 0, 'body', null, 3004);
INSERT INTO EXERCISE_SET_ENTITY (SET_TYPE, ID, NUMBER_OF_REPS, STATUS , WEIGHT , WEIGHT_KG, EXERCISE_ACTIVITY_ID) VALUES ('WeightedSet', 30041, 10.0, 0, null, 125, 3004);
INSERT INTO EXERCISE_SET_ENTITY (SET_TYPE, ID, NUMBER_OF_REPS, STATUS , WEIGHT , WEIGHT_KG, EXERCISE_ACTIVITY_ID) VALUES ('WeightedSet', 30042, 10.0, 0, null, 125, 3004);
INSERT INTO EXERCISE_ACTIVITY_ENTITY (ID, NOTES, EXERCISE_ID, WORKOUT_ID) VALUES (3005, '', (SELECT ID FROM EXERCISE_ENTITY WHERE NAME = 'Seated Calf Raise'), 30);
INSERT INTO EXERCISE_SET_ENTITY (SET_TYPE, ID, NUMBER_OF_REPS, STATUS , WEIGHT , WEIGHT_KG, EXERCISE_ACTIVITY_ID) VALUES ('WeightedSet', 30050, 10.0, 0, null, 20, 3005);
INSERT INTO EXERCISE_SET_ENTITY (SET_TYPE, ID, NUMBER_OF_REPS, STATUS , WEIGHT , WEIGHT_KG, EXERCISE_ACTIVITY_ID) VALUES ('WeightedSet', 30051, 10.0, 0, null, 20, 3005);
INSERT INTO WORKOUT_ENTITY (ID, NOTES, PERFORMED_AT_TIMESTAMP_UTC, WORKOUT_TYPE) VALUES (31, 'Notes', '2019-10-01 17:00:00', 'LEGS');
INSERT INTO EXERCISE_ACTIVITY_ENTITY (ID, NOTES, EXERCISE_ID, WORKOUT_ID) VALUES (3100, '', (SELECT ID FROM EXERCISE_ENTITY WHERE NAME = 'Hip Thrust'), 31);
INSERT INTO EXERCISE_SET_ENTITY (SET_TYPE, ID, NUMBER_OF_REPS, STATUS , WEIGHT , WEIGHT_KG, EXERCISE_ACTIVITY_ID) VALUES ('WeightedSet', 31000, 10.0, 0, null, 20, 3100);
INSERT INTO EXERCISE_SET_ENTITY (SET_TYPE, ID, NUMBER_OF_REPS, STATUS , WEIGHT , WEIGHT_KG, EXERCISE_ACTIVITY_ID) VALUES ('WeightedSet', 31001, 10.0, 0, null, 30, 3100);
INSERT INTO EXERCISE_SET_ENTITY (SET_TYPE, ID, NUMBER_OF_REPS, STATUS , WEIGHT , WEIGHT_KG, EXERCISE_ACTIVITY_ID) VALUES ('WeightedSet', 31002, 10.0, 0, null, 30, 3100);
INSERT INTO EXERCISE_ACTIVITY_ENTITY (ID, NOTES, EXERCISE_ID, WORKOUT_ID) VALUES (3101, '', (SELECT ID FROM EXERCISE_ENTITY WHERE NAME = 'Band Pull Through'), 31);
INSERT INTO EXERCISE_SET_ENTITY (SET_TYPE, ID, NUMBER_OF_REPS, STATUS , WEIGHT , WEIGHT_KG, EXERCISE_ACTIVITY_ID) VALUES ('NonWeightedSet', 31010, 10.0, 0, 'red band', null, 3101);
INSERT INTO EXERCISE_SET_ENTITY (SET_TYPE, ID, NUMBER_OF_REPS, STATUS , WEIGHT , WEIGHT_KG, EXERCISE_ACTIVITY_ID) VALUES ('NonWeightedSet', 31011, 10.0, 0, 'red band', null, 3101);
INSERT INTO EXERCISE_SET_ENTITY (SET_TYPE, ID, NUMBER_OF_REPS, STATUS , WEIGHT , WEIGHT_KG, EXERCISE_ACTIVITY_ID) VALUES ('NonWeightedSet', 31012, 10.0, 0, 'red band', null, 3101);
INSERT INTO WORKOUT_ENTITY (ID, NOTES, PERFORMED_AT_TIMESTAMP_UTC, WORKOUT_TYPE) VALUES (32, 'Notes', '2019-10-02 14:40:00', 'PULL');
INSERT INTO EXERCISE_ACTIVITY_ENTITY (ID, NOTES, EXERCISE_ID, WORKOUT_ID) VALUES (3200, '', (SELECT ID FROM EXERCISE_ENTITY WHERE NAME = 'Bent Over Row'), 32);
INSERT INTO EXERCISE_SET_ENTITY (SET_TYPE, ID, NUMBER_OF_REPS, STATUS , WEIGHT , WEIGHT_KG, EXERCISE_ACTIVITY_ID) VALUES ('WeightedSet', 32000, 10.0, 0, null, 30, 3200);
INSERT INTO EXERCISE_SET_ENTITY (SET_TYPE, ID, NUMBER_OF_REPS, STATUS , WEIGHT , WEIGHT_KG, EXERCISE_ACTIVITY_ID) VALUES ('WeightedSet', 32001, 10.0, 0, null, 30, 3200);
INSERT INTO EXERCISE_SET_ENTITY (SET_TYPE, ID, NUMBER_OF_REPS, STATUS , WEIGHT , WEIGHT_KG, EXERCISE_ACTIVITY_ID) VALUES ('WeightedSet', 32002, 10.0, 0, null, 30, 3200);
INSERT INTO EXERCISE_ACTIVITY_ENTITY (ID, NOTES, EXERCISE_ID, WORKOUT_ID) VALUES (3201, '', (SELECT ID FROM EXERCISE_ENTITY WHERE NAME = 'Chin Up'), 32);
INSERT INTO EXERCISE_SET_ENTITY (SET_TYPE, ID, NUMBER_OF_REPS, STATUS , WEIGHT , WEIGHT_KG, EXERCISE_ACTIVITY_ID) VALUES ('NonWeightedSet', 32010, 6.0, 0, 'body', null, 3201);
INSERT INTO EXERCISE_SET_ENTITY (SET_TYPE, ID, NUMBER_OF_REPS, STATUS , WEIGHT , WEIGHT_KG, EXERCISE_ACTIVITY_ID) VALUES ('NonWeightedSet', 32011, 6.0, 0, 'body', null, 3201);
INSERT INTO EXERCISE_SET_ENTITY (SET_TYPE, ID, NUMBER_OF_REPS, STATUS , WEIGHT , WEIGHT_KG, EXERCISE_ACTIVITY_ID) VALUES ('NonWeightedSet', 32012, 6.0, 0, 'body', null, 3201);
INSERT INTO EXERCISE_ACTIVITY_ENTITY (ID, NOTES, EXERCISE_ID, WORKOUT_ID) VALUES (3202, '', (SELECT ID FROM EXERCISE_ENTITY WHERE NAME = 'Inverted Row (Bench)'), 32);
INSERT INTO EXERCISE_SET_ENTITY (SET_TYPE, ID, NUMBER_OF_REPS, STATUS , WEIGHT , WEIGHT_KG, EXERCISE_ACTIVITY_ID) VALUES ('WeightedSet', 32020, 10.0, 0, null, 5, 3202);
INSERT INTO EXERCISE_SET_ENTITY (SET_TYPE, ID, NUMBER_OF_REPS, STATUS , WEIGHT , WEIGHT_KG, EXERCISE_ACTIVITY_ID) VALUES ('WeightedSet', 32021, 10.0, 0, null, 5, 3202);
INSERT INTO EXERCISE_SET_ENTITY (SET_TYPE, ID, NUMBER_OF_REPS, STATUS , WEIGHT , WEIGHT_KG, EXERCISE_ACTIVITY_ID) VALUES ('WeightedSet', 32022, 10.0, 0, null, 5, 3202);
INSERT INTO EXERCISE_ACTIVITY_ENTITY (ID, NOTES, EXERCISE_ID, WORKOUT_ID) VALUES (3203, '', (SELECT ID FROM EXERCISE_ENTITY WHERE NAME = 'Inverted Row'), 32);
INSERT INTO EXERCISE_SET_ENTITY (SET_TYPE, ID, NUMBER_OF_REPS, STATUS , WEIGHT , WEIGHT_KG, EXERCISE_ACTIVITY_ID) VALUES ('NonWeightedSet', 32030, 10.0, 0, 'body', null, 3203);
INSERT INTO EXERCISE_SET_ENTITY (SET_TYPE, ID, NUMBER_OF_REPS, STATUS , WEIGHT , WEIGHT_KG, EXERCISE_ACTIVITY_ID) VALUES ('NonWeightedSet', 32031, 10.0, 0, 'body', null, 3203);
INSERT INTO EXERCISE_SET_ENTITY (SET_TYPE, ID, NUMBER_OF_REPS, STATUS , WEIGHT , WEIGHT_KG, EXERCISE_ACTIVITY_ID) VALUES ('NonWeightedSet', 32032, 10.0, 0, 'body', null, 3203);
INSERT INTO EXERCISE_ACTIVITY_ENTITY (ID, NOTES, EXERCISE_ID, WORKOUT_ID) VALUES (3204, '', (SELECT ID FROM EXERCISE_ENTITY WHERE NAME = 'One Arm Band Row'), 32);
INSERT INTO EXERCISE_SET_ENTITY (SET_TYPE, ID, NUMBER_OF_REPS, STATUS , WEIGHT , WEIGHT_KG, EXERCISE_ACTIVITY_ID) VALUES ('NonWeightedSet', 32040, 10.0, 0, 'red band', null, 3204);
INSERT INTO EXERCISE_SET_ENTITY (SET_TYPE, ID, NUMBER_OF_REPS, STATUS , WEIGHT , WEIGHT_KG, EXERCISE_ACTIVITY_ID) VALUES ('NonWeightedSet', 32041, 10.0, 0, 'red band', null, 3204);
INSERT INTO EXERCISE_ACTIVITY_ENTITY (ID, NOTES, EXERCISE_ID, WORKOUT_ID) VALUES (3205, '', (SELECT ID FROM EXERCISE_ENTITY WHERE NAME = 'Barbell Curl'), 32);
INSERT INTO EXERCISE_SET_ENTITY (SET_TYPE, ID, NUMBER_OF_REPS, STATUS , WEIGHT , WEIGHT_KG, EXERCISE_ACTIVITY_ID) VALUES ('WeightedSet', 32050, 10.0, 0, null, 20, 3205);
INSERT INTO EXERCISE_SET_ENTITY (SET_TYPE, ID, NUMBER_OF_REPS, STATUS , WEIGHT , WEIGHT_KG, EXERCISE_ACTIVITY_ID) VALUES ('WeightedSet', 32051, 10.0, 0, null, 20, 3205);
INSERT INTO EXERCISE_SET_ENTITY (SET_TYPE, ID, NUMBER_OF_REPS, STATUS , WEIGHT , WEIGHT_KG, EXERCISE_ACTIVITY_ID) VALUES ('WeightedSet', 32052, 10.0, 0, null, 20, 3205);
INSERT INTO EXERCISE_ACTIVITY_ENTITY (ID, NOTES, EXERCISE_ID, WORKOUT_ID) VALUES (3206, '', (SELECT ID FROM EXERCISE_ENTITY WHERE NAME = 'Incline Dumbbell Curl'), 32);
INSERT INTO EXERCISE_SET_ENTITY (SET_TYPE, ID, NUMBER_OF_REPS, STATUS , WEIGHT , WEIGHT_KG, EXERCISE_ACTIVITY_ID) VALUES ('WeightedSet', 32060, 8.0, 0, null, 5, 3206);
INSERT INTO EXERCISE_SET_ENTITY (SET_TYPE, ID, NUMBER_OF_REPS, STATUS , WEIGHT , WEIGHT_KG, EXERCISE_ACTIVITY_ID) VALUES ('WeightedSet', 32061, 8.0, 0, null, 7.5, 3206);
INSERT INTO EXERCISE_SET_ENTITY (SET_TYPE, ID, NUMBER_OF_REPS, STATUS , WEIGHT , WEIGHT_KG, EXERCISE_ACTIVITY_ID) VALUES ('WeightedSet', 32062, 8.0, 0, null, 7.5, 3206);
INSERT INTO EXERCISE_ACTIVITY_ENTITY (ID, NOTES, EXERCISE_ID, WORKOUT_ID) VALUES (3207, '', (SELECT ID FROM EXERCISE_ENTITY WHERE NAME = 'Towel Hang'), 32);
INSERT INTO EXERCISE_SET_ENTITY (SET_TYPE, ID, NUMBER_OF_REPS, STATUS , WEIGHT , WEIGHT_KG, EXERCISE_ACTIVITY_ID) VALUES ('NonWeightedSet', 32070, 1, 0, '15 seconds', null, 3207);
INSERT INTO EXERCISE_SET_ENTITY (SET_TYPE, ID, NUMBER_OF_REPS, STATUS , WEIGHT , WEIGHT_KG, EXERCISE_ACTIVITY_ID) VALUES ('NonWeightedSet', 32071, 1, 0, '15 seconds', null, 3207);
INSERT INTO EXERCISE_SET_ENTITY (SET_TYPE, ID, NUMBER_OF_REPS, STATUS , WEIGHT , WEIGHT_KG, EXERCISE_ACTIVITY_ID) VALUES ('NonWeightedSet', 32072, 1, 0, '10 seconds', null, 3207);
INSERT INTO WORKOUT_ENTITY (ID, NOTES, PERFORMED_AT_TIMESTAMP_UTC, WORKOUT_TYPE) VALUES (33, 'Notes', '2019-10-03 15:45:00', 'PUSH');
INSERT INTO EXERCISE_ACTIVITY_ENTITY (ID, NOTES, EXERCISE_ID, WORKOUT_ID) VALUES (3300, '', (SELECT ID FROM EXERCISE_ENTITY WHERE NAME = 'Bench Press'), 33);
INSERT INTO EXERCISE_SET_ENTITY (SET_TYPE, ID, NUMBER_OF_REPS, STATUS , WEIGHT , WEIGHT_KG, EXERCISE_ACTIVITY_ID) VALUES ('WeightedSet', 33000, 8.0, 0, null, 20, 3300);
INSERT INTO EXERCISE_SET_ENTITY (SET_TYPE, ID, NUMBER_OF_REPS, STATUS , WEIGHT , WEIGHT_KG, EXERCISE_ACTIVITY_ID) VALUES ('WeightedSet', 33001, 5.0, 0, null, 40, 3300);
INSERT INTO EXERCISE_SET_ENTITY (SET_TYPE, ID, NUMBER_OF_REPS, STATUS , WEIGHT , WEIGHT_KG, EXERCISE_ACTIVITY_ID) VALUES ('WeightedSet', 33002, 8.0, 0, null, 50, 3300);
INSERT INTO EXERCISE_SET_ENTITY (SET_TYPE, ID, NUMBER_OF_REPS, STATUS , WEIGHT , WEIGHT_KG, EXERCISE_ACTIVITY_ID) VALUES ('WeightedSet', 33003, 8.0, 0, null, 50, 3300);
INSERT INTO EXERCISE_SET_ENTITY (SET_TYPE, ID, NUMBER_OF_REPS, STATUS , WEIGHT , WEIGHT_KG, EXERCISE_ACTIVITY_ID) VALUES ('WeightedSet', 33004, 7.0, 1, null, 50, 3300);
INSERT INTO EXERCISE_ACTIVITY_ENTITY (ID, NOTES, EXERCISE_ID, WORKOUT_ID) VALUES (3301, '', (SELECT ID FROM EXERCISE_ENTITY WHERE NAME = 'Overhead Press'), 33);
INSERT INTO EXERCISE_SET_ENTITY (SET_TYPE, ID, NUMBER_OF_REPS, STATUS , WEIGHT , WEIGHT_KG, EXERCISE_ACTIVITY_ID) VALUES ('WeightedSet', 33010, 5.0, 0, null, 20, 3301);
INSERT INTO EXERCISE_SET_ENTITY (SET_TYPE, ID, NUMBER_OF_REPS, STATUS , WEIGHT , WEIGHT_KG, EXERCISE_ACTIVITY_ID) VALUES ('WeightedSet', 33011, 5.0, 0, null, 35, 3301);
INSERT INTO EXERCISE_SET_ENTITY (SET_TYPE, ID, NUMBER_OF_REPS, STATUS , WEIGHT , WEIGHT_KG, EXERCISE_ACTIVITY_ID) VALUES ('WeightedSet', 33012, 5.0, 0, null, 35, 3301);
INSERT INTO EXERCISE_SET_ENTITY (SET_TYPE, ID, NUMBER_OF_REPS, STATUS , WEIGHT , WEIGHT_KG, EXERCISE_ACTIVITY_ID) VALUES ('WeightedSet', 33013, 5.0, 0, null, 35, 3301);
INSERT INTO EXERCISE_SET_ENTITY (SET_TYPE, ID, NUMBER_OF_REPS, STATUS , WEIGHT , WEIGHT_KG, EXERCISE_ACTIVITY_ID) VALUES ('WeightedSet', 33014, 5.0, 0, null, 35, 3301);
INSERT INTO EXERCISE_SET_ENTITY (SET_TYPE, ID, NUMBER_OF_REPS, STATUS , WEIGHT , WEIGHT_KG, EXERCISE_ACTIVITY_ID) VALUES ('WeightedSet', 33015, 5.0, 0, null, 35, 3301);
INSERT INTO EXERCISE_ACTIVITY_ENTITY (ID, NOTES, EXERCISE_ID, WORKOUT_ID) VALUES (3302, '', (SELECT ID FROM EXERCISE_ENTITY WHERE NAME = 'Reverse Bench Press'), 33);
INSERT INTO EXERCISE_SET_ENTITY (SET_TYPE, ID, NUMBER_OF_REPS, STATUS , WEIGHT , WEIGHT_KG, EXERCISE_ACTIVITY_ID) VALUES ('WeightedSet', 33020, 8.0, 0, null, 20, 3302);
INSERT INTO EXERCISE_SET_ENTITY (SET_TYPE, ID, NUMBER_OF_REPS, STATUS , WEIGHT , WEIGHT_KG, EXERCISE_ACTIVITY_ID) VALUES ('WeightedSet', 33021, 10.0, 0, null, 30, 3302);
INSERT INTO EXERCISE_SET_ENTITY (SET_TYPE, ID, NUMBER_OF_REPS, STATUS , WEIGHT , WEIGHT_KG, EXERCISE_ACTIVITY_ID) VALUES ('WeightedSet', 33022, 10.0, 0, null, 30, 3302);
INSERT INTO EXERCISE_SET_ENTITY (SET_TYPE, ID, NUMBER_OF_REPS, STATUS , WEIGHT , WEIGHT_KG, EXERCISE_ACTIVITY_ID) VALUES ('WeightedSet', 33023, 10.0, 0, null, 30, 3302);
INSERT INTO EXERCISE_ACTIVITY_ENTITY (ID, NOTES, EXERCISE_ID, WORKOUT_ID) VALUES (3303, '', (SELECT ID FROM EXERCISE_ENTITY WHERE NAME = 'Lateral Raise'), 33);
INSERT INTO EXERCISE_SET_ENTITY (SET_TYPE, ID, NUMBER_OF_REPS, STATUS , WEIGHT , WEIGHT_KG, EXERCISE_ACTIVITY_ID) VALUES ('WeightedSet', 33030, 15.0, 0, null, 2.5, 3303);
INSERT INTO EXERCISE_SET_ENTITY (SET_TYPE, ID, NUMBER_OF_REPS, STATUS , WEIGHT , WEIGHT_KG, EXERCISE_ACTIVITY_ID) VALUES ('WeightedSet', 33031, 15.0, 0, null, 2.5, 3303);
INSERT INTO EXERCISE_SET_ENTITY (SET_TYPE, ID, NUMBER_OF_REPS, STATUS , WEIGHT , WEIGHT_KG, EXERCISE_ACTIVITY_ID) VALUES ('WeightedSet', 33032, 15.0, 0, null, 2.5, 3303);
INSERT INTO EXERCISE_ACTIVITY_ENTITY (ID, NOTES, EXERCISE_ID, WORKOUT_ID) VALUES (3304, '', (SELECT ID FROM EXERCISE_ENTITY WHERE NAME = 'Tricep Kickback'), 33);
INSERT INTO EXERCISE_SET_ENTITY (SET_TYPE, ID, NUMBER_OF_REPS, STATUS , WEIGHT , WEIGHT_KG, EXERCISE_ACTIVITY_ID) VALUES ('WeightedSet', 33040, 10.0, 0, null, 2.5, 3304);
INSERT INTO EXERCISE_SET_ENTITY (SET_TYPE, ID, NUMBER_OF_REPS, STATUS , WEIGHT , WEIGHT_KG, EXERCISE_ACTIVITY_ID) VALUES ('WeightedSet', 33041, 10.0, 0, null, 5, 3304);
INSERT INTO EXERCISE_ACTIVITY_ENTITY (ID, NOTES, EXERCISE_ID, WORKOUT_ID) VALUES (3305, '', (SELECT ID FROM EXERCISE_ENTITY WHERE NAME = 'Press Up'), 33);
INSERT INTO EXERCISE_SET_ENTITY (SET_TYPE, ID, NUMBER_OF_REPS, STATUS , WEIGHT , WEIGHT_KG, EXERCISE_ACTIVITY_ID) VALUES ('NonWeightedSet', 33050, 10.0, 0, 'body', null, 3305);
INSERT INTO EXERCISE_SET_ENTITY (SET_TYPE, ID, NUMBER_OF_REPS, STATUS , WEIGHT , WEIGHT_KG, EXERCISE_ACTIVITY_ID) VALUES ('NonWeightedSet', 33051, 10.0, 0, 'body', null, 3305);
INSERT INTO WORKOUT_ENTITY (ID, NOTES, PERFORMED_AT_TIMESTAMP_UTC, WORKOUT_TYPE) VALUES (34, 'Notes', '2019-10-04 15:50:00', 'LEGS');
INSERT INTO EXERCISE_ACTIVITY_ENTITY (ID, NOTES, EXERCISE_ID, WORKOUT_ID) VALUES (3400, '', (SELECT ID FROM EXERCISE_ENTITY WHERE NAME = 'Squat'), 34);
INSERT INTO EXERCISE_SET_ENTITY (SET_TYPE, ID, NUMBER_OF_REPS, STATUS , WEIGHT , WEIGHT_KG, EXERCISE_ACTIVITY_ID) VALUES ('NonWeightedSet', 34000, 8.0, 0, 'body', null, 3400);
INSERT INTO EXERCISE_SET_ENTITY (SET_TYPE, ID, NUMBER_OF_REPS, STATUS , WEIGHT , WEIGHT_KG, EXERCISE_ACTIVITY_ID) VALUES ('WeightedSet', 34001, 8.0, 0, null, 20, 3400);
INSERT INTO EXERCISE_SET_ENTITY (SET_TYPE, ID, NUMBER_OF_REPS, STATUS , WEIGHT , WEIGHT_KG, EXERCISE_ACTIVITY_ID) VALUES ('WeightedSet', 34002, 3.0, 0, null, 40, 3400);
INSERT INTO EXERCISE_SET_ENTITY (SET_TYPE, ID, NUMBER_OF_REPS, STATUS , WEIGHT , WEIGHT_KG, EXERCISE_ACTIVITY_ID) VALUES ('WeightedSet', 34003, 3.0, 0, null, 50, 3400);
INSERT INTO EXERCISE_SET_ENTITY (SET_TYPE, ID, NUMBER_OF_REPS, STATUS , WEIGHT , WEIGHT_KG, EXERCISE_ACTIVITY_ID) VALUES ('WeightedSet', 34004, 8.0, 0, null, 60, 3400);
INSERT INTO EXERCISE_SET_ENTITY (SET_TYPE, ID, NUMBER_OF_REPS, STATUS , WEIGHT , WEIGHT_KG, EXERCISE_ACTIVITY_ID) VALUES ('WeightedSet', 34005, 8.0, 0, null, 60, 3400);
INSERT INTO EXERCISE_SET_ENTITY (SET_TYPE, ID, NUMBER_OF_REPS, STATUS , WEIGHT , WEIGHT_KG, EXERCISE_ACTIVITY_ID) VALUES ('WeightedSet', 34006, 8.0, 0, null, 60, 3400);
INSERT INTO EXERCISE_ACTIVITY_ENTITY (ID, NOTES, EXERCISE_ID, WORKOUT_ID) VALUES (3401, '', (SELECT ID FROM EXERCISE_ENTITY WHERE NAME = 'Romanian Deadlift'), 34);
INSERT INTO EXERCISE_SET_ENTITY (SET_TYPE, ID, NUMBER_OF_REPS, STATUS , WEIGHT , WEIGHT_KG, EXERCISE_ACTIVITY_ID) VALUES ('WeightedSet', 34010, 8.0, 0, null, 20, 3401);
INSERT INTO EXERCISE_SET_ENTITY (SET_TYPE, ID, NUMBER_OF_REPS, STATUS , WEIGHT , WEIGHT_KG, EXERCISE_ACTIVITY_ID) VALUES ('WeightedSet', 34011, 8.0, 0, null, 40, 3401);
INSERT INTO EXERCISE_SET_ENTITY (SET_TYPE, ID, NUMBER_OF_REPS, STATUS , WEIGHT , WEIGHT_KG, EXERCISE_ACTIVITY_ID) VALUES ('WeightedSet', 34012, 8.0, 0, null, 40, 3401);
INSERT INTO EXERCISE_SET_ENTITY (SET_TYPE, ID, NUMBER_OF_REPS, STATUS , WEIGHT , WEIGHT_KG, EXERCISE_ACTIVITY_ID) VALUES ('WeightedSet', 34013, 8.0, 0, null, 40, 3401);
INSERT INTO EXERCISE_ACTIVITY_ENTITY (ID, NOTES, EXERCISE_ID, WORKOUT_ID) VALUES (3402, '', (SELECT ID FROM EXERCISE_ENTITY WHERE NAME = 'Bulgarian Split Squat'), 34);
INSERT INTO EXERCISE_SET_ENTITY (SET_TYPE, ID, NUMBER_OF_REPS, STATUS , WEIGHT , WEIGHT_KG, EXERCISE_ACTIVITY_ID) VALUES ('NonWeightedSet', 34020, 8.0, 0, 'body', null, 3402);
INSERT INTO EXERCISE_SET_ENTITY (SET_TYPE, ID, NUMBER_OF_REPS, STATUS , WEIGHT , WEIGHT_KG, EXERCISE_ACTIVITY_ID) VALUES ('NonWeightedSet', 34021, 8.0, 0, 'body', null, 3402);
INSERT INTO EXERCISE_SET_ENTITY (SET_TYPE, ID, NUMBER_OF_REPS, STATUS , WEIGHT , WEIGHT_KG, EXERCISE_ACTIVITY_ID) VALUES ('NonWeightedSet', 34022, 8.0, 0, 'body', null, 3402);
INSERT INTO EXERCISE_ACTIVITY_ENTITY (ID, NOTES, EXERCISE_ID, WORKOUT_ID) VALUES (3403, '', (SELECT ID FROM EXERCISE_ENTITY WHERE NAME = 'Hip Thrust'), 34);
INSERT INTO EXERCISE_SET_ENTITY (SET_TYPE, ID, NUMBER_OF_REPS, STATUS , WEIGHT , WEIGHT_KG, EXERCISE_ACTIVITY_ID) VALUES ('WeightedSet', 34030, 8.0, 0, null, 20, 3403);
INSERT INTO EXERCISE_SET_ENTITY (SET_TYPE, ID, NUMBER_OF_REPS, STATUS , WEIGHT , WEIGHT_KG, EXERCISE_ACTIVITY_ID) VALUES ('WeightedSet', 34031, 8.0, 0, null, 20, 3403);
INSERT INTO EXERCISE_SET_ENTITY (SET_TYPE, ID, NUMBER_OF_REPS, STATUS , WEIGHT , WEIGHT_KG, EXERCISE_ACTIVITY_ID) VALUES ('WeightedSet', 34032, 8.0, 0, null, 20, 3403);
INSERT INTO EXERCISE_ACTIVITY_ENTITY (ID, NOTES, EXERCISE_ID, WORKOUT_ID) VALUES (3404, '', (SELECT ID FROM EXERCISE_ENTITY WHERE NAME = 'Lunge'), 34);
INSERT INTO EXERCISE_SET_ENTITY (SET_TYPE, ID, NUMBER_OF_REPS, STATUS , WEIGHT , WEIGHT_KG, EXERCISE_ACTIVITY_ID) VALUES ('NonWeightedSet', 34040, 8.0, 0, 'body', null, 3404);
INSERT INTO EXERCISE_ACTIVITY_ENTITY (ID, NOTES, EXERCISE_ID, WORKOUT_ID) VALUES (3405, '', (SELECT ID FROM EXERCISE_ENTITY WHERE NAME = 'Calf Raise'), 34);
INSERT INTO EXERCISE_SET_ENTITY (SET_TYPE, ID, NUMBER_OF_REPS, STATUS , WEIGHT , WEIGHT_KG, EXERCISE_ACTIVITY_ID) VALUES ('NonWeightedSet', 34050, 8.0, 0, 'body', null, 3405);
INSERT INTO EXERCISE_SET_ENTITY (SET_TYPE, ID, NUMBER_OF_REPS, STATUS , WEIGHT , WEIGHT_KG, EXERCISE_ACTIVITY_ID) VALUES ('NonWeightedSet', 34051, 8.0, 0, 'rack', null, 3405);
INSERT INTO EXERCISE_SET_ENTITY (SET_TYPE, ID, NUMBER_OF_REPS, STATUS , WEIGHT , WEIGHT_KG, EXERCISE_ACTIVITY_ID) VALUES ('NonWeightedSet', 34052, 8.0, 0, 'rack', null, 3405);
INSERT INTO WORKOUT_ENTITY (ID, NOTES, PERFORMED_AT_TIMESTAMP_UTC, WORKOUT_TYPE) VALUES (35, 'Notes', '2019-10-07 15:40:00', 'PULL');
INSERT INTO EXERCISE_ACTIVITY_ENTITY (ID, NOTES, EXERCISE_ID, WORKOUT_ID) VALUES (3500, '', (SELECT ID FROM EXERCISE_ENTITY WHERE NAME = 'Deadlift'), 35);
INSERT INTO EXERCISE_SET_ENTITY (SET_TYPE, ID, NUMBER_OF_REPS, STATUS , WEIGHT , WEIGHT_KG, EXERCISE_ACTIVITY_ID) VALUES ('WeightedSet', 35000, 5.0, 0, null, 20, 3500);
INSERT INTO EXERCISE_SET_ENTITY (SET_TYPE, ID, NUMBER_OF_REPS, STATUS , WEIGHT , WEIGHT_KG, EXERCISE_ACTIVITY_ID) VALUES ('WeightedSet', 35001, 5.0, 0, null, 60, 3500);
INSERT INTO EXERCISE_SET_ENTITY (SET_TYPE, ID, NUMBER_OF_REPS, STATUS , WEIGHT , WEIGHT_KG, EXERCISE_ACTIVITY_ID) VALUES ('WeightedSet', 35002, 3.0, 0, null, 90, 3500);
INSERT INTO EXERCISE_SET_ENTITY (SET_TYPE, ID, NUMBER_OF_REPS, STATUS , WEIGHT , WEIGHT_KG, EXERCISE_ACTIVITY_ID) VALUES ('WeightedSet', 35003, 2.0, 0, null, 110, 3500);
INSERT INTO EXERCISE_SET_ENTITY (SET_TYPE, ID, NUMBER_OF_REPS, STATUS , WEIGHT , WEIGHT_KG, EXERCISE_ACTIVITY_ID) VALUES ('WeightedSet', 35004, 1.0, 0, null, 120, 3500);
INSERT INTO EXERCISE_SET_ENTITY (SET_TYPE, ID, NUMBER_OF_REPS, STATUS , WEIGHT , WEIGHT_KG, EXERCISE_ACTIVITY_ID) VALUES ('WeightedSet', 35005, 4.0, 1, null, 132.5, 3500);
INSERT INTO EXERCISE_ACTIVITY_ENTITY (ID, NOTES, EXERCISE_ID, WORKOUT_ID) VALUES (3501, '', (SELECT ID FROM EXERCISE_ENTITY WHERE NAME = 'Pull Up'), 35);
INSERT INTO EXERCISE_SET_ENTITY (SET_TYPE, ID, NUMBER_OF_REPS, STATUS , WEIGHT , WEIGHT_KG, EXERCISE_ACTIVITY_ID) VALUES ('NonWeightedSet', 35010, 6.0, 0, 'body', null, 3501);
INSERT INTO EXERCISE_SET_ENTITY (SET_TYPE, ID, NUMBER_OF_REPS, STATUS , WEIGHT , WEIGHT_KG, EXERCISE_ACTIVITY_ID) VALUES ('NonWeightedSet', 35011, 6.0, 0, 'body', null, 3501);
INSERT INTO EXERCISE_SET_ENTITY (SET_TYPE, ID, NUMBER_OF_REPS, STATUS , WEIGHT , WEIGHT_KG, EXERCISE_ACTIVITY_ID) VALUES ('NonWeightedSet', 35012, 6.0, 0, 'body', null, 3501);
INSERT INTO EXERCISE_ACTIVITY_ENTITY (ID, NOTES, EXERCISE_ID, WORKOUT_ID) VALUES (3502, '', (SELECT ID FROM EXERCISE_ENTITY WHERE NAME = 'Inverted Row'), 35);
INSERT INTO EXERCISE_SET_ENTITY (SET_TYPE, ID, NUMBER_OF_REPS, STATUS , WEIGHT , WEIGHT_KG, EXERCISE_ACTIVITY_ID) VALUES ('NonWeightedSet', 35020, 10.0, 0, 'body', null, 3502);
INSERT INTO EXERCISE_SET_ENTITY (SET_TYPE, ID, NUMBER_OF_REPS, STATUS , WEIGHT , WEIGHT_KG, EXERCISE_ACTIVITY_ID) VALUES ('NonWeightedSet', 35021, 10.0, 0, 'body', null, 3502);
INSERT INTO EXERCISE_SET_ENTITY (SET_TYPE, ID, NUMBER_OF_REPS, STATUS , WEIGHT , WEIGHT_KG, EXERCISE_ACTIVITY_ID) VALUES ('NonWeightedSet', 35022, 10.0, 0, 'body', null, 3502);
INSERT INTO EXERCISE_ACTIVITY_ENTITY (ID, NOTES, EXERCISE_ID, WORKOUT_ID) VALUES (3503, '', (SELECT ID FROM EXERCISE_ENTITY WHERE NAME = 'Barbell Curl'), 35);
INSERT INTO EXERCISE_SET_ENTITY (SET_TYPE, ID, NUMBER_OF_REPS, STATUS , WEIGHT , WEIGHT_KG, EXERCISE_ACTIVITY_ID) VALUES ('WeightedSet', 35030, 10.0, 0, null, 20, 3503);
INSERT INTO EXERCISE_SET_ENTITY (SET_TYPE, ID, NUMBER_OF_REPS, STATUS , WEIGHT , WEIGHT_KG, EXERCISE_ACTIVITY_ID) VALUES ('WeightedSet', 35031, 10.0, 0, null, 20, 3503);
INSERT INTO EXERCISE_SET_ENTITY (SET_TYPE, ID, NUMBER_OF_REPS, STATUS , WEIGHT , WEIGHT_KG, EXERCISE_ACTIVITY_ID) VALUES ('WeightedSet', 35032, 10.0, 0, null, 20, 3503);
INSERT INTO EXERCISE_ACTIVITY_ENTITY (ID, NOTES, EXERCISE_ID, WORKOUT_ID) VALUES (3504, '', (SELECT ID FROM EXERCISE_ENTITY WHERE NAME = 'Facepull'), 35);
INSERT INTO EXERCISE_SET_ENTITY (SET_TYPE, ID, NUMBER_OF_REPS, STATUS , WEIGHT , WEIGHT_KG, EXERCISE_ACTIVITY_ID) VALUES ('NonWeightedSet', 35040, 20.0, 0, 'yellow band', null, 3504);
INSERT INTO EXERCISE_SET_ENTITY (SET_TYPE, ID, NUMBER_OF_REPS, STATUS , WEIGHT , WEIGHT_KG, EXERCISE_ACTIVITY_ID) VALUES ('NonWeightedSet', 35041, 20.0, 0, 'yellow band', null, 3504);
INSERT INTO EXERCISE_SET_ENTITY (SET_TYPE, ID, NUMBER_OF_REPS, STATUS , WEIGHT , WEIGHT_KG, EXERCISE_ACTIVITY_ID) VALUES ('NonWeightedSet', 35042, 20.0, 0, 'yellow band', null, 3504);
INSERT INTO EXERCISE_ACTIVITY_ENTITY (ID, NOTES, EXERCISE_ID, WORKOUT_ID) VALUES (3505, '', (SELECT ID FROM EXERCISE_ENTITY WHERE NAME = 'Concentration Curl'), 35);
INSERT INTO EXERCISE_SET_ENTITY (SET_TYPE, ID, NUMBER_OF_REPS, STATUS , WEIGHT , WEIGHT_KG, EXERCISE_ACTIVITY_ID) VALUES ('WeightedSet', 35050, 10.0, 0, null, 7.5, 3505);
INSERT INTO EXERCISE_SET_ENTITY (SET_TYPE, ID, NUMBER_OF_REPS, STATUS , WEIGHT , WEIGHT_KG, EXERCISE_ACTIVITY_ID) VALUES ('WeightedSet', 35051, 10.0, 0, null, 7.5, 3505);
INSERT INTO WORKOUT_ENTITY (ID, NOTES, PERFORMED_AT_TIMESTAMP_UTC, WORKOUT_TYPE) VALUES (36, 'Notes', '2019-10-08 12:00:00', 'PUSH');
INSERT INTO EXERCISE_ACTIVITY_ENTITY (ID, NOTES, EXERCISE_ID, WORKOUT_ID) VALUES (3600, '', (SELECT ID FROM EXERCISE_ENTITY WHERE NAME = 'Bench Press'), 36);
INSERT INTO EXERCISE_SET_ENTITY (SET_TYPE, ID, NUMBER_OF_REPS, STATUS , WEIGHT , WEIGHT_KG, EXERCISE_ACTIVITY_ID) VALUES ('WeightedSet', 36000, 5.0, 0, null, 20, 3600);
INSERT INTO EXERCISE_SET_ENTITY (SET_TYPE, ID, NUMBER_OF_REPS, STATUS , WEIGHT , WEIGHT_KG, EXERCISE_ACTIVITY_ID) VALUES ('WeightedSet', 36001, 5.0, 0, null, 40, 3600);
INSERT INTO EXERCISE_SET_ENTITY (SET_TYPE, ID, NUMBER_OF_REPS, STATUS , WEIGHT , WEIGHT_KG, EXERCISE_ACTIVITY_ID) VALUES ('WeightedSet', 36002, 5.0, 0, null, 50, 3600);
INSERT INTO EXERCISE_SET_ENTITY (SET_TYPE, ID, NUMBER_OF_REPS, STATUS , WEIGHT , WEIGHT_KG, EXERCISE_ACTIVITY_ID) VALUES ('WeightedSet', 36003, 5.0, 0, null, 57.5, 3600);
INSERT INTO EXERCISE_SET_ENTITY (SET_TYPE, ID, NUMBER_OF_REPS, STATUS , WEIGHT , WEIGHT_KG, EXERCISE_ACTIVITY_ID) VALUES ('WeightedSet', 36004, 5.0, 0, null, 57.5, 3600);
INSERT INTO EXERCISE_SET_ENTITY (SET_TYPE, ID, NUMBER_OF_REPS, STATUS , WEIGHT , WEIGHT_KG, EXERCISE_ACTIVITY_ID) VALUES ('WeightedSet', 36005, 5.0, 0, null, 57.5, 3600);
INSERT INTO EXERCISE_SET_ENTITY (SET_TYPE, ID, NUMBER_OF_REPS, STATUS , WEIGHT , WEIGHT_KG, EXERCISE_ACTIVITY_ID) VALUES ('WeightedSet', 36006, 5.0, 0, null, 57.5, 3600);
INSERT INTO EXERCISE_SET_ENTITY (SET_TYPE, ID, NUMBER_OF_REPS, STATUS , WEIGHT , WEIGHT_KG, EXERCISE_ACTIVITY_ID) VALUES ('WeightedSet', 36007, 5.0, 0, null, 57.5, 3600);
INSERT INTO EXERCISE_ACTIVITY_ENTITY (ID, NOTES, EXERCISE_ID, WORKOUT_ID) VALUES (3601, '', (SELECT ID FROM EXERCISE_ENTITY WHERE NAME = 'Overhead Press'), 36);
INSERT INTO EXERCISE_SET_ENTITY (SET_TYPE, ID, NUMBER_OF_REPS, STATUS , WEIGHT , WEIGHT_KG, EXERCISE_ACTIVITY_ID) VALUES ('WeightedSet', 36010, 5.0, 0, null, 20, 3601);
INSERT INTO EXERCISE_SET_ENTITY (SET_TYPE, ID, NUMBER_OF_REPS, STATUS , WEIGHT , WEIGHT_KG, EXERCISE_ACTIVITY_ID) VALUES ('WeightedSet', 36011, 8.0, 0, null, 32.5, 3601);
INSERT INTO EXERCISE_SET_ENTITY (SET_TYPE, ID, NUMBER_OF_REPS, STATUS , WEIGHT , WEIGHT_KG, EXERCISE_ACTIVITY_ID) VALUES ('WeightedSet', 36012, 8.0, 0, null, 32.5, 3601);
INSERT INTO EXERCISE_SET_ENTITY (SET_TYPE, ID, NUMBER_OF_REPS, STATUS , WEIGHT , WEIGHT_KG, EXERCISE_ACTIVITY_ID) VALUES ('WeightedSet', 36013, 8.0, 0, null, 32.5, 3601);
INSERT INTO EXERCISE_ACTIVITY_ENTITY (ID, NOTES, EXERCISE_ID, WORKOUT_ID) VALUES (3602, '', (SELECT ID FROM EXERCISE_ENTITY WHERE NAME = 'Reverse Bench Press'), 36);
INSERT INTO EXERCISE_SET_ENTITY (SET_TYPE, ID, NUMBER_OF_REPS, STATUS , WEIGHT , WEIGHT_KG, EXERCISE_ACTIVITY_ID) VALUES ('WeightedSet', 36020, 8.0, 0, null, 30, 3602);
INSERT INTO EXERCISE_SET_ENTITY (SET_TYPE, ID, NUMBER_OF_REPS, STATUS , WEIGHT , WEIGHT_KG, EXERCISE_ACTIVITY_ID) VALUES ('WeightedSet', 36021, 10.0, 0, null, 32.5, 3602);
INSERT INTO EXERCISE_SET_ENTITY (SET_TYPE, ID, NUMBER_OF_REPS, STATUS , WEIGHT , WEIGHT_KG, EXERCISE_ACTIVITY_ID) VALUES ('WeightedSet', 36022, 10.0, 0, null, 32.5, 3602);
INSERT INTO EXERCISE_SET_ENTITY (SET_TYPE, ID, NUMBER_OF_REPS, STATUS , WEIGHT , WEIGHT_KG, EXERCISE_ACTIVITY_ID) VALUES ('WeightedSet', 36023, 10.0, 0, null, 32.5, 3602);
INSERT INTO EXERCISE_ACTIVITY_ENTITY (ID, NOTES, EXERCISE_ID, WORKOUT_ID) VALUES (3603, '', (SELECT ID FROM EXERCISE_ENTITY WHERE NAME = 'Lateral Raise'), 36);
INSERT INTO EXERCISE_SET_ENTITY (SET_TYPE, ID, NUMBER_OF_REPS, STATUS , WEIGHT , WEIGHT_KG, EXERCISE_ACTIVITY_ID) VALUES ('WeightedSet', 36030, 15.0, 0, null, 2.5, 3603);
INSERT INTO EXERCISE_SET_ENTITY (SET_TYPE, ID, NUMBER_OF_REPS, STATUS , WEIGHT , WEIGHT_KG, EXERCISE_ACTIVITY_ID) VALUES ('WeightedSet', 36031, 15.0, 0, null, 2.5, 3603);
INSERT INTO EXERCISE_SET_ENTITY (SET_TYPE, ID, NUMBER_OF_REPS, STATUS , WEIGHT , WEIGHT_KG, EXERCISE_ACTIVITY_ID) VALUES ('WeightedSet', 36032, 15.0, 0, null, 2.5, 3603);
INSERT INTO EXERCISE_ACTIVITY_ENTITY (ID, NOTES, EXERCISE_ID, WORKOUT_ID) VALUES (3604, '', (SELECT ID FROM EXERCISE_ENTITY WHERE NAME = 'Tricep Kickback'), 36);
INSERT INTO EXERCISE_SET_ENTITY (SET_TYPE, ID, NUMBER_OF_REPS, STATUS , WEIGHT , WEIGHT_KG, EXERCISE_ACTIVITY_ID) VALUES ('WeightedSet', 36040, 10.0, 0, null, 2.5, 3604);
INSERT INTO EXERCISE_SET_ENTITY (SET_TYPE, ID, NUMBER_OF_REPS, STATUS , WEIGHT , WEIGHT_KG, EXERCISE_ACTIVITY_ID) VALUES ('WeightedSet', 36041, 10.0, 0, null, 5, 3604);
INSERT INTO EXERCISE_ACTIVITY_ENTITY (ID, NOTES, EXERCISE_ID, WORKOUT_ID) VALUES (3605, '', (SELECT ID FROM EXERCISE_ENTITY WHERE NAME = 'Skullcrusher'), 36);
INSERT INTO EXERCISE_SET_ENTITY (SET_TYPE, ID, NUMBER_OF_REPS, STATUS , WEIGHT , WEIGHT_KG, EXERCISE_ACTIVITY_ID) VALUES ('WeightedSet', 36050, 10.0, 0, null, 5, 3605);
INSERT INTO WORKOUT_ENTITY (ID, NOTES, PERFORMED_AT_TIMESTAMP_UTC, WORKOUT_TYPE) VALUES (37, 'Notes', '2019-10-09 15:40:00', 'LEGS');
INSERT INTO EXERCISE_ACTIVITY_ENTITY (ID, NOTES, EXERCISE_ID, WORKOUT_ID) VALUES (3700, '', (SELECT ID FROM EXERCISE_ENTITY WHERE NAME = 'Squat'), 37);
INSERT INTO EXERCISE_SET_ENTITY (SET_TYPE, ID, NUMBER_OF_REPS, STATUS , WEIGHT , WEIGHT_KG, EXERCISE_ACTIVITY_ID) VALUES ('NonWeightedSet', 37000, 10.0, 0, 'body', null, 3700);
INSERT INTO EXERCISE_SET_ENTITY (SET_TYPE, ID, NUMBER_OF_REPS, STATUS , WEIGHT , WEIGHT_KG, EXERCISE_ACTIVITY_ID) VALUES ('WeightedSet', 37001, 5.0, 0, null, 20, 3700);
INSERT INTO EXERCISE_SET_ENTITY (SET_TYPE, ID, NUMBER_OF_REPS, STATUS , WEIGHT , WEIGHT_KG, EXERCISE_ACTIVITY_ID) VALUES ('WeightedSet', 37002, 3.0, 0, null, 40, 3700);
INSERT INTO EXERCISE_SET_ENTITY (SET_TYPE, ID, NUMBER_OF_REPS, STATUS , WEIGHT , WEIGHT_KG, EXERCISE_ACTIVITY_ID) VALUES ('WeightedSet', 37003, 2.0, 0, null, 60, 3700);
INSERT INTO EXERCISE_SET_ENTITY (SET_TYPE, ID, NUMBER_OF_REPS, STATUS , WEIGHT , WEIGHT_KG, EXERCISE_ACTIVITY_ID) VALUES ('WeightedSet', 37004, 1.0, 0, null, 70, 3700);
INSERT INTO EXERCISE_SET_ENTITY (SET_TYPE, ID, NUMBER_OF_REPS, STATUS , WEIGHT , WEIGHT_KG, EXERCISE_ACTIVITY_ID) VALUES ('WeightedSet', 37005, 5.0, 0, null, 82.5, 3700);
INSERT INTO EXERCISE_SET_ENTITY (SET_TYPE, ID, NUMBER_OF_REPS, STATUS , WEIGHT , WEIGHT_KG, EXERCISE_ACTIVITY_ID) VALUES ('WeightedSet', 37006, 5.0, 0, null, 82.5, 3700);
INSERT INTO EXERCISE_SET_ENTITY (SET_TYPE, ID, NUMBER_OF_REPS, STATUS , WEIGHT , WEIGHT_KG, EXERCISE_ACTIVITY_ID) VALUES ('WeightedSet', 37007, 5.0, 1, null, 82.5, 3700);
INSERT INTO EXERCISE_SET_ENTITY (SET_TYPE, ID, NUMBER_OF_REPS, STATUS , WEIGHT , WEIGHT_KG, EXERCISE_ACTIVITY_ID) VALUES ('WeightedSet', 37008, 5.0, 0, null, 70, 3700);
INSERT INTO EXERCISE_SET_ENTITY (SET_TYPE, ID, NUMBER_OF_REPS, STATUS , WEIGHT , WEIGHT_KG, EXERCISE_ACTIVITY_ID) VALUES ('WeightedSet', 37009, 5.0, 0, null, 70, 3700);
INSERT INTO EXERCISE_ACTIVITY_ENTITY (ID, NOTES, EXERCISE_ID, WORKOUT_ID) VALUES (3701, '', (SELECT ID FROM EXERCISE_ENTITY WHERE NAME = 'Romanian Deadlift'), 37);
INSERT INTO EXERCISE_SET_ENTITY (SET_TYPE, ID, NUMBER_OF_REPS, STATUS , WEIGHT , WEIGHT_KG, EXERCISE_ACTIVITY_ID) VALUES ('WeightedSet', 37010, 8.0, 0, null, 20, 3701);
INSERT INTO EXERCISE_SET_ENTITY (SET_TYPE, ID, NUMBER_OF_REPS, STATUS , WEIGHT , WEIGHT_KG, EXERCISE_ACTIVITY_ID) VALUES ('WeightedSet', 37011, 8.0, 0, null, 40, 3701);
INSERT INTO EXERCISE_SET_ENTITY (SET_TYPE, ID, NUMBER_OF_REPS, STATUS , WEIGHT , WEIGHT_KG, EXERCISE_ACTIVITY_ID) VALUES ('WeightedSet', 37012, 8.0, 0, null, 40, 3701);
INSERT INTO EXERCISE_SET_ENTITY (SET_TYPE, ID, NUMBER_OF_REPS, STATUS , WEIGHT , WEIGHT_KG, EXERCISE_ACTIVITY_ID) VALUES ('WeightedSet', 37013, 8.0, 0, null, 40, 3701);
INSERT INTO EXERCISE_ACTIVITY_ENTITY (ID, NOTES, EXERCISE_ID, WORKOUT_ID) VALUES (3702, '', (SELECT ID FROM EXERCISE_ENTITY WHERE NAME = 'Glute Ham Raise'), 37);
INSERT INTO EXERCISE_SET_ENTITY (SET_TYPE, ID, NUMBER_OF_REPS, STATUS , WEIGHT , WEIGHT_KG, EXERCISE_ACTIVITY_ID) VALUES ('NonWeightedSet', 37020, 8.0, 0, 'body', null, 3702);
INSERT INTO EXERCISE_ACTIVITY_ENTITY (ID, NOTES, EXERCISE_ID, WORKOUT_ID) VALUES (3703, '', (SELECT ID FROM EXERCISE_ENTITY WHERE NAME = 'Bulgarian Split Squat'), 37);
INSERT INTO EXERCISE_SET_ENTITY (SET_TYPE, ID, NUMBER_OF_REPS, STATUS , WEIGHT , WEIGHT_KG, EXERCISE_ACTIVITY_ID) VALUES ('NonWeightedSet', 37030, 8.0, 0, 'body', null, 3703);
INSERT INTO EXERCISE_SET_ENTITY (SET_TYPE, ID, NUMBER_OF_REPS, STATUS , WEIGHT , WEIGHT_KG, EXERCISE_ACTIVITY_ID) VALUES ('NonWeightedSet', 37031, 10.0, 0, 'body', null, 3703);
INSERT INTO EXERCISE_SET_ENTITY (SET_TYPE, ID, NUMBER_OF_REPS, STATUS , WEIGHT , WEIGHT_KG, EXERCISE_ACTIVITY_ID) VALUES ('NonWeightedSet', 37032, 10.0, 0, 'body', null, 3703);
INSERT INTO EXERCISE_ACTIVITY_ENTITY (ID, NOTES, EXERCISE_ID, WORKOUT_ID) VALUES (3704, '', (SELECT ID FROM EXERCISE_ENTITY WHERE NAME = 'Hip Thrust'), 37);
INSERT INTO EXERCISE_SET_ENTITY (SET_TYPE, ID, NUMBER_OF_REPS, STATUS , WEIGHT , WEIGHT_KG, EXERCISE_ACTIVITY_ID) VALUES ('WeightedSet', 37040, 10.0, 0, null, 20, 3704);
INSERT INTO EXERCISE_SET_ENTITY (SET_TYPE, ID, NUMBER_OF_REPS, STATUS , WEIGHT , WEIGHT_KG, EXERCISE_ACTIVITY_ID) VALUES ('WeightedSet', 37041, 10.0, 0, null, 20, 3704);
INSERT INTO EXERCISE_ACTIVITY_ENTITY (ID, NOTES, EXERCISE_ID, WORKOUT_ID) VALUES (3705, '', (SELECT ID FROM EXERCISE_ENTITY WHERE NAME = 'Calf Raise'), 37);
INSERT INTO EXERCISE_SET_ENTITY (SET_TYPE, ID, NUMBER_OF_REPS, STATUS , WEIGHT , WEIGHT_KG, EXERCISE_ACTIVITY_ID) VALUES ('NonWeightedSet', 37050, 10.0, 0, 'body', null, 3705);
INSERT INTO EXERCISE_SET_ENTITY (SET_TYPE, ID, NUMBER_OF_REPS, STATUS , WEIGHT , WEIGHT_KG, EXERCISE_ACTIVITY_ID) VALUES ('WeightedSet', 37051, 10.0, 0, null, 125, 3705);
INSERT INTO EXERCISE_ACTIVITY_ENTITY (ID, NOTES, EXERCISE_ID, WORKOUT_ID) VALUES (3706, '', (SELECT ID FROM EXERCISE_ENTITY WHERE NAME = 'Seated Calf Raise'), 37);
INSERT INTO EXERCISE_SET_ENTITY (SET_TYPE, ID, NUMBER_OF_REPS, STATUS , WEIGHT , WEIGHT_KG, EXERCISE_ACTIVITY_ID) VALUES ('WeightedSet', 37060, 10.0, 0, null, 20, 3706);
INSERT INTO EXERCISE_SET_ENTITY (SET_TYPE, ID, NUMBER_OF_REPS, STATUS , WEIGHT , WEIGHT_KG, EXERCISE_ACTIVITY_ID) VALUES ('WeightedSet', 37061, 10.0, 0, null, 20, 3706);
INSERT INTO WORKOUT_ENTITY (ID, NOTES, PERFORMED_AT_TIMESTAMP_UTC, WORKOUT_TYPE) VALUES (38, 'Notes', '2019-10-10 15:40:00', 'PULL');
INSERT INTO EXERCISE_ACTIVITY_ENTITY (ID, NOTES, EXERCISE_ID, WORKOUT_ID) VALUES (3800, '', (SELECT ID FROM EXERCISE_ENTITY WHERE NAME = 'Bent Over Row'), 38);
INSERT INTO EXERCISE_SET_ENTITY (SET_TYPE, ID, NUMBER_OF_REPS, STATUS , WEIGHT , WEIGHT_KG, EXERCISE_ACTIVITY_ID) VALUES ('WeightedSet', 38000, 10.0, 0, null, 20, 3800);
INSERT INTO EXERCISE_SET_ENTITY (SET_TYPE, ID, NUMBER_OF_REPS, STATUS , WEIGHT , WEIGHT_KG, EXERCISE_ACTIVITY_ID) VALUES ('WeightedSet', 38001, 11.0, 0, null, 30, 3800);
INSERT INTO EXERCISE_SET_ENTITY (SET_TYPE, ID, NUMBER_OF_REPS, STATUS , WEIGHT , WEIGHT_KG, EXERCISE_ACTIVITY_ID) VALUES ('WeightedSet', 38002, 12.0, 0, null, 30, 3800);
INSERT INTO EXERCISE_SET_ENTITY (SET_TYPE, ID, NUMBER_OF_REPS, STATUS , WEIGHT , WEIGHT_KG, EXERCISE_ACTIVITY_ID) VALUES ('WeightedSet', 38003, 13.0, 0, null, 30, 3800);
INSERT INTO EXERCISE_ACTIVITY_ENTITY (ID, NOTES, EXERCISE_ID, WORKOUT_ID) VALUES (3801, '', (SELECT ID FROM EXERCISE_ENTITY WHERE NAME = 'Chin Up'), 38);
INSERT INTO EXERCISE_SET_ENTITY (SET_TYPE, ID, NUMBER_OF_REPS, STATUS , WEIGHT , WEIGHT_KG, EXERCISE_ACTIVITY_ID) VALUES ('NonWeightedSet', 38010, 6.0, 0, 'body', null, 3801);
INSERT INTO EXERCISE_SET_ENTITY (SET_TYPE, ID, NUMBER_OF_REPS, STATUS , WEIGHT , WEIGHT_KG, EXERCISE_ACTIVITY_ID) VALUES ('NonWeightedSet', 38011, 6.0, 0, 'body', null, 3801);
INSERT INTO EXERCISE_SET_ENTITY (SET_TYPE, ID, NUMBER_OF_REPS, STATUS , WEIGHT , WEIGHT_KG, EXERCISE_ACTIVITY_ID) VALUES ('NonWeightedSet', 38012, 6.0, 0, 'body', null, 3801);
INSERT INTO EXERCISE_ACTIVITY_ENTITY (ID, NOTES, EXERCISE_ID, WORKOUT_ID) VALUES (3802, '', (SELECT ID FROM EXERCISE_ENTITY WHERE NAME = 'One Arm Band Row'), 38);
INSERT INTO EXERCISE_SET_ENTITY (SET_TYPE, ID, NUMBER_OF_REPS, STATUS , WEIGHT , WEIGHT_KG, EXERCISE_ACTIVITY_ID) VALUES ('NonWeightedSet', 38020, 10.0, 0, 'red and yellow band', null, 3802);
INSERT INTO EXERCISE_SET_ENTITY (SET_TYPE, ID, NUMBER_OF_REPS, STATUS , WEIGHT , WEIGHT_KG, EXERCISE_ACTIVITY_ID) VALUES ('NonWeightedSet', 38021, 10.0, 0, 'red and yellow band', null, 3802);
INSERT INTO EXERCISE_SET_ENTITY (SET_TYPE, ID, NUMBER_OF_REPS, STATUS , WEIGHT , WEIGHT_KG, EXERCISE_ACTIVITY_ID) VALUES ('NonWeightedSet', 38022, 10.0, 0, 'red and yellow band', null, 3802);
INSERT INTO EXERCISE_ACTIVITY_ENTITY (ID, NOTES, EXERCISE_ID, WORKOUT_ID) VALUES (3803, '', (SELECT ID FROM EXERCISE_ENTITY WHERE NAME = 'Barbell Curl'), 38);
INSERT INTO EXERCISE_SET_ENTITY (SET_TYPE, ID, NUMBER_OF_REPS, STATUS , WEIGHT , WEIGHT_KG, EXERCISE_ACTIVITY_ID) VALUES ('WeightedSet', 38030, 5.0, 0, null, 30, 3803);
INSERT INTO EXERCISE_SET_ENTITY (SET_TYPE, ID, NUMBER_OF_REPS, STATUS , WEIGHT , WEIGHT_KG, EXERCISE_ACTIVITY_ID) VALUES ('WeightedSet', 38031, 10.0, 0, null, 22.5, 3803);
INSERT INTO EXERCISE_SET_ENTITY (SET_TYPE, ID, NUMBER_OF_REPS, STATUS , WEIGHT , WEIGHT_KG, EXERCISE_ACTIVITY_ID) VALUES ('WeightedSet', 38032, 10.0, 0, null, 22.5, 3803);
INSERT INTO EXERCISE_SET_ENTITY (SET_TYPE, ID, NUMBER_OF_REPS, STATUS , WEIGHT , WEIGHT_KG, EXERCISE_ACTIVITY_ID) VALUES ('WeightedSet', 38033, 10.0, 0, null, 22.5, 3803);
INSERT INTO EXERCISE_ACTIVITY_ENTITY (ID, NOTES, EXERCISE_ID, WORKOUT_ID) VALUES (3804, '', (SELECT ID FROM EXERCISE_ENTITY WHERE NAME = 'Facepull'), 38);
INSERT INTO EXERCISE_SET_ENTITY (SET_TYPE, ID, NUMBER_OF_REPS, STATUS , WEIGHT , WEIGHT_KG, EXERCISE_ACTIVITY_ID) VALUES ('NonWeightedSet', 38040, 10.0, 0, 'yellow band', null, 3804);
INSERT INTO EXERCISE_SET_ENTITY (SET_TYPE, ID, NUMBER_OF_REPS, STATUS , WEIGHT , WEIGHT_KG, EXERCISE_ACTIVITY_ID) VALUES ('NonWeightedSet', 38041, 10.0, 0, 'yellow band', null, 3804);
INSERT INTO EXERCISE_SET_ENTITY (SET_TYPE, ID, NUMBER_OF_REPS, STATUS , WEIGHT , WEIGHT_KG, EXERCISE_ACTIVITY_ID) VALUES ('NonWeightedSet', 38042, 10.0, 0, 'yellow band', null, 3804);
INSERT INTO EXERCISE_ACTIVITY_ENTITY (ID, NOTES, EXERCISE_ID, WORKOUT_ID) VALUES (3805, '', (SELECT ID FROM EXERCISE_ENTITY WHERE NAME = 'Dumbbell Curl'), 38);
INSERT INTO EXERCISE_SET_ENTITY (SET_TYPE, ID, NUMBER_OF_REPS, STATUS , WEIGHT , WEIGHT_KG, EXERCISE_ACTIVITY_ID) VALUES ('WeightedSet', 38050, 10.0, 0, null, 7.5, 3805);
INSERT INTO EXERCISE_SET_ENTITY (SET_TYPE, ID, NUMBER_OF_REPS, STATUS , WEIGHT , WEIGHT_KG, EXERCISE_ACTIVITY_ID) VALUES ('WeightedSet', 38051, 10.0, 0, null, 7.5, 3805);
INSERT INTO WORKOUT_ENTITY (ID, NOTES, PERFORMED_AT_TIMESTAMP_UTC, WORKOUT_TYPE) VALUES (39, 'Notes', '2019-10-11 14:45:00', 'PUSH');
INSERT INTO EXERCISE_ACTIVITY_ENTITY (ID, NOTES, EXERCISE_ID, WORKOUT_ID) VALUES (3900, '', (SELECT ID FROM EXERCISE_ENTITY WHERE NAME = 'Bench Press'), 39);
INSERT INTO EXERCISE_SET_ENTITY (SET_TYPE, ID, NUMBER_OF_REPS, STATUS , WEIGHT , WEIGHT_KG, EXERCISE_ACTIVITY_ID) VALUES ('WeightedSet', 39000, 5.0, 0, null, 20, 3900);
INSERT INTO EXERCISE_SET_ENTITY (SET_TYPE, ID, NUMBER_OF_REPS, STATUS , WEIGHT , WEIGHT_KG, EXERCISE_ACTIVITY_ID) VALUES ('WeightedSet', 39001, 8.0, 0, null, 40, 3900);
INSERT INTO EXERCISE_SET_ENTITY (SET_TYPE, ID, NUMBER_OF_REPS, STATUS , WEIGHT , WEIGHT_KG, EXERCISE_ACTIVITY_ID) VALUES ('WeightedSet', 39002, 8.0, 0, null, 50, 3900);
INSERT INTO EXERCISE_SET_ENTITY (SET_TYPE, ID, NUMBER_OF_REPS, STATUS , WEIGHT , WEIGHT_KG, EXERCISE_ACTIVITY_ID) VALUES ('WeightedSet', 39003, 8.0, 0, null, 50, 3900);
INSERT INTO EXERCISE_SET_ENTITY (SET_TYPE, ID, NUMBER_OF_REPS, STATUS , WEIGHT , WEIGHT_KG, EXERCISE_ACTIVITY_ID) VALUES ('WeightedSet', 39004, 8.0, 0, null, 50, 3900);
INSERT INTO EXERCISE_ACTIVITY_ENTITY (ID, NOTES, EXERCISE_ID, WORKOUT_ID) VALUES (3901, '', (SELECT ID FROM EXERCISE_ENTITY WHERE NAME = 'Seated Dumbbell Press'), 39);
INSERT INTO EXERCISE_SET_ENTITY (SET_TYPE, ID, NUMBER_OF_REPS, STATUS , WEIGHT , WEIGHT_KG, EXERCISE_ACTIVITY_ID) VALUES ('WeightedSet', 39010, 8.0, 0, null, 10, 3901);
INSERT INTO EXERCISE_SET_ENTITY (SET_TYPE, ID, NUMBER_OF_REPS, STATUS , WEIGHT , WEIGHT_KG, EXERCISE_ACTIVITY_ID) VALUES ('WeightedSet', 39011, 8.0, 0, null, 15, 3901);
INSERT INTO EXERCISE_SET_ENTITY (SET_TYPE, ID, NUMBER_OF_REPS, STATUS , WEIGHT , WEIGHT_KG, EXERCISE_ACTIVITY_ID) VALUES ('WeightedSet', 39012, 8.0, 0, null, 15, 3901);
INSERT INTO EXERCISE_SET_ENTITY (SET_TYPE, ID, NUMBER_OF_REPS, STATUS , WEIGHT , WEIGHT_KG, EXERCISE_ACTIVITY_ID) VALUES ('WeightedSet', 39013, 8.0, 0, null, 15, 3901);
INSERT INTO EXERCISE_ACTIVITY_ENTITY (ID, NOTES, EXERCISE_ID, WORKOUT_ID) VALUES (3902, '', (SELECT ID FROM EXERCISE_ENTITY WHERE NAME = 'Reverse Bench Press'), 39);
INSERT INTO EXERCISE_SET_ENTITY (SET_TYPE, ID, NUMBER_OF_REPS, STATUS , WEIGHT , WEIGHT_KG, EXERCISE_ACTIVITY_ID) VALUES ('WeightedSet', 39020, 10.0, 0, null, 30, 3902);
INSERT INTO EXERCISE_SET_ENTITY (SET_TYPE, ID, NUMBER_OF_REPS, STATUS , WEIGHT , WEIGHT_KG, EXERCISE_ACTIVITY_ID) VALUES ('WeightedSet', 39021, 10.0, 0, null, 35, 3902);
INSERT INTO EXERCISE_SET_ENTITY (SET_TYPE, ID, NUMBER_OF_REPS, STATUS , WEIGHT , WEIGHT_KG, EXERCISE_ACTIVITY_ID) VALUES ('WeightedSet', 39022, 10.0, 0, null, 35, 3902);
INSERT INTO EXERCISE_ACTIVITY_ENTITY (ID, NOTES, EXERCISE_ID, WORKOUT_ID) VALUES (3903, '', (SELECT ID FROM EXERCISE_ENTITY WHERE NAME = 'Incline Bench Press'), 39);
INSERT INTO EXERCISE_SET_ENTITY (SET_TYPE, ID, NUMBER_OF_REPS, STATUS , WEIGHT , WEIGHT_KG, EXERCISE_ACTIVITY_ID) VALUES ('WeightedSet', 39030, 10.0, 0, null, 35, 3903);
INSERT INTO EXERCISE_SET_ENTITY (SET_TYPE, ID, NUMBER_OF_REPS, STATUS , WEIGHT , WEIGHT_KG, EXERCISE_ACTIVITY_ID) VALUES ('WeightedSet', 39031, 10.0, 0, null, 35, 3903);
INSERT INTO EXERCISE_ACTIVITY_ENTITY (ID, NOTES, EXERCISE_ID, WORKOUT_ID) VALUES (3904, '', (SELECT ID FROM EXERCISE_ENTITY WHERE NAME = 'Tricep Kickback'), 39);
INSERT INTO EXERCISE_SET_ENTITY (SET_TYPE, ID, NUMBER_OF_REPS, STATUS , WEIGHT , WEIGHT_KG, EXERCISE_ACTIVITY_ID) VALUES ('WeightedSet', 39040, 10.0, 0, null, 5, 3904);
INSERT INTO EXERCISE_SET_ENTITY (SET_TYPE, ID, NUMBER_OF_REPS, STATUS , WEIGHT , WEIGHT_KG, EXERCISE_ACTIVITY_ID) VALUES ('WeightedSet', 39041, 10.0, 0, null, 5, 3904);
INSERT INTO EXERCISE_ACTIVITY_ENTITY (ID, NOTES, EXERCISE_ID, WORKOUT_ID) VALUES (3905, '', (SELECT ID FROM EXERCISE_ENTITY WHERE NAME = 'Skullcrusher'), 39);
INSERT INTO EXERCISE_SET_ENTITY (SET_TYPE, ID, NUMBER_OF_REPS, STATUS , WEIGHT , WEIGHT_KG, EXERCISE_ACTIVITY_ID) VALUES ('WeightedSet', 39050, 10.0, 0, null, 5, 3905);
INSERT INTO EXERCISE_SET_ENTITY (SET_TYPE, ID, NUMBER_OF_REPS, STATUS , WEIGHT , WEIGHT_KG, EXERCISE_ACTIVITY_ID) VALUES ('WeightedSet', 39051, 10.0, 0, null, 5, 3905);
INSERT INTO WORKOUT_ENTITY (ID, NOTES, PERFORMED_AT_TIMESTAMP_UTC, WORKOUT_TYPE) VALUES (40, 'Notes', '2019-10-12 11:45:00', 'LEGS');
INSERT INTO EXERCISE_ACTIVITY_ENTITY (ID, NOTES, EXERCISE_ID, WORKOUT_ID) VALUES (4000, '', (SELECT ID FROM EXERCISE_ENTITY WHERE NAME = 'Goblet Squat'), 40);
INSERT INTO EXERCISE_SET_ENTITY (SET_TYPE, ID, NUMBER_OF_REPS, STATUS , WEIGHT , WEIGHT_KG, EXERCISE_ACTIVITY_ID) VALUES ('NonWeightedSet', 40000, 10.0, 0, 'body', null, 4000);
INSERT INTO EXERCISE_SET_ENTITY (SET_TYPE, ID, NUMBER_OF_REPS, STATUS , WEIGHT , WEIGHT_KG, EXERCISE_ACTIVITY_ID) VALUES ('NonWeightedSet', 40001, 20.0, 0, 'body', null, 4000);
INSERT INTO EXERCISE_SET_ENTITY (SET_TYPE, ID, NUMBER_OF_REPS, STATUS , WEIGHT , WEIGHT_KG, EXERCISE_ACTIVITY_ID) VALUES ('WeightedSet', 40002, 15.0, 0, null, 7.5, 4000);
INSERT INTO EXERCISE_SET_ENTITY (SET_TYPE, ID, NUMBER_OF_REPS, STATUS , WEIGHT , WEIGHT_KG, EXERCISE_ACTIVITY_ID) VALUES ('WeightedSet', 40003, 12.0, 0, null, 15, 4000);
INSERT INTO EXERCISE_SET_ENTITY (SET_TYPE, ID, NUMBER_OF_REPS, STATUS , WEIGHT , WEIGHT_KG, EXERCISE_ACTIVITY_ID) VALUES ('WeightedSet', 40004, 12.0, 0, null, 15, 4000);
INSERT INTO EXERCISE_SET_ENTITY (SET_TYPE, ID, NUMBER_OF_REPS, STATUS , WEIGHT , WEIGHT_KG, EXERCISE_ACTIVITY_ID) VALUES ('WeightedSet', 40005, 12.0, 0, null, 15, 4000);
INSERT INTO EXERCISE_ACTIVITY_ENTITY (ID, NOTES, EXERCISE_ID, WORKOUT_ID) VALUES (4001, '', (SELECT ID FROM EXERCISE_ENTITY WHERE NAME = 'Dumbbell Romanian Deadlift'), 40);
INSERT INTO EXERCISE_SET_ENTITY (SET_TYPE, ID, NUMBER_OF_REPS, STATUS , WEIGHT , WEIGHT_KG, EXERCISE_ACTIVITY_ID) VALUES ('NonWeightedSet', 40010, 10.0, 0, 'body', null, 4001);
INSERT INTO EXERCISE_SET_ENTITY (SET_TYPE, ID, NUMBER_OF_REPS, STATUS , WEIGHT , WEIGHT_KG, EXERCISE_ACTIVITY_ID) VALUES ('WeightedSet', 40011, 10.0, 0, null, 7.5, 4001);
INSERT INTO EXERCISE_SET_ENTITY (SET_TYPE, ID, NUMBER_OF_REPS, STATUS , WEIGHT , WEIGHT_KG, EXERCISE_ACTIVITY_ID) VALUES ('WeightedSet', 40012, 10.0, 0, null, 7.5, 4001);
INSERT INTO EXERCISE_SET_ENTITY (SET_TYPE, ID, NUMBER_OF_REPS, STATUS , WEIGHT , WEIGHT_KG, EXERCISE_ACTIVITY_ID) VALUES ('WeightedSet', 40013, 10.0, 0, null, 7.5, 4001);
INSERT INTO EXERCISE_ACTIVITY_ENTITY (ID, NOTES, EXERCISE_ID, WORKOUT_ID) VALUES (4002, '', (SELECT ID FROM EXERCISE_ENTITY WHERE NAME = 'Bulgarian Split Squat'), 40);
INSERT INTO EXERCISE_SET_ENTITY (SET_TYPE, ID, NUMBER_OF_REPS, STATUS , WEIGHT , WEIGHT_KG, EXERCISE_ACTIVITY_ID) VALUES ('NonWeightedSet', 40020, 10.0, 0, 'body', null, 4002);
INSERT INTO EXERCISE_SET_ENTITY (SET_TYPE, ID, NUMBER_OF_REPS, STATUS , WEIGHT , WEIGHT_KG, EXERCISE_ACTIVITY_ID) VALUES ('WeightedSet', 40021, 10.0, 0, null, 7.5, 4002);
INSERT INTO EXERCISE_SET_ENTITY (SET_TYPE, ID, NUMBER_OF_REPS, STATUS , WEIGHT , WEIGHT_KG, EXERCISE_ACTIVITY_ID) VALUES ('WeightedSet', 40022, 10.0, 0, null, 7.5, 4002);
INSERT INTO EXERCISE_ACTIVITY_ENTITY (ID, NOTES, EXERCISE_ID, WORKOUT_ID) VALUES (4003, '', (SELECT ID FROM EXERCISE_ENTITY WHERE NAME = 'Lunge'), 40);
INSERT INTO EXERCISE_SET_ENTITY (SET_TYPE, ID, NUMBER_OF_REPS, STATUS , WEIGHT , WEIGHT_KG, EXERCISE_ACTIVITY_ID) VALUES ('NonWeightedSet', 40030, 10.0, 0, 'body', null, 4003);
INSERT INTO EXERCISE_SET_ENTITY (SET_TYPE, ID, NUMBER_OF_REPS, STATUS , WEIGHT , WEIGHT_KG, EXERCISE_ACTIVITY_ID) VALUES ('WeightedSet', 40031, 10.0, 0, null, 7.5, 4003);
INSERT INTO EXERCISE_SET_ENTITY (SET_TYPE, ID, NUMBER_OF_REPS, STATUS , WEIGHT , WEIGHT_KG, EXERCISE_ACTIVITY_ID) VALUES ('WeightedSet', 40032, 10.0, 0, null, 7.5, 4003);
INSERT INTO EXERCISE_ACTIVITY_ENTITY (ID, NOTES, EXERCISE_ID, WORKOUT_ID) VALUES (4004, '', (SELECT ID FROM EXERCISE_ENTITY WHERE NAME = 'Calf Raise'), 40);
INSERT INTO EXERCISE_SET_ENTITY (SET_TYPE, ID, NUMBER_OF_REPS, STATUS , WEIGHT , WEIGHT_KG, EXERCISE_ACTIVITY_ID) VALUES ('NonWeightedSet', 40040, 10.0, 0, 'body', null, 4004);
INSERT INTO EXERCISE_SET_ENTITY (SET_TYPE, ID, NUMBER_OF_REPS, STATUS , WEIGHT , WEIGHT_KG, EXERCISE_ACTIVITY_ID) VALUES ('NonWeightedSet', 40041, 10.0, 0, 'body', null, 4004);
INSERT INTO EXERCISE_ACTIVITY_ENTITY (ID, NOTES, EXERCISE_ID, WORKOUT_ID) VALUES (4005, '', (SELECT ID FROM EXERCISE_ENTITY WHERE NAME = 'Kettlebell Swing'), 40);
INSERT INTO EXERCISE_SET_ENTITY (SET_TYPE, ID, NUMBER_OF_REPS, STATUS , WEIGHT , WEIGHT_KG, EXERCISE_ACTIVITY_ID) VALUES ('WeightedSet', 40050, 15.0, 0, null, 7.5, 4005);
INSERT INTO WORKOUT_ENTITY (ID, NOTES, PERFORMED_AT_TIMESTAMP_UTC, WORKOUT_TYPE) VALUES (41, 'Notes', '2019-10-14 15:40:00', 'PULL');
INSERT INTO EXERCISE_ACTIVITY_ENTITY (ID, NOTES, EXERCISE_ID, WORKOUT_ID) VALUES (4100, '', (SELECT ID FROM EXERCISE_ENTITY WHERE NAME = 'Deadlift'), 41);
INSERT INTO EXERCISE_SET_ENTITY (SET_TYPE, ID, NUMBER_OF_REPS, STATUS , WEIGHT , WEIGHT_KG, EXERCISE_ACTIVITY_ID) VALUES ('WeightedSet', 41000, 5.0, 0, null, 20, 4100);
INSERT INTO EXERCISE_SET_ENTITY (SET_TYPE, ID, NUMBER_OF_REPS, STATUS , WEIGHT , WEIGHT_KG, EXERCISE_ACTIVITY_ID) VALUES ('WeightedSet', 41001, 5.0, 0, null, 60, 4100);
INSERT INTO EXERCISE_SET_ENTITY (SET_TYPE, ID, NUMBER_OF_REPS, STATUS , WEIGHT , WEIGHT_KG, EXERCISE_ACTIVITY_ID) VALUES ('WeightedSet', 41002, 3.0, 0, null, 90, 4100);
INSERT INTO EXERCISE_SET_ENTITY (SET_TYPE, ID, NUMBER_OF_REPS, STATUS , WEIGHT , WEIGHT_KG, EXERCISE_ACTIVITY_ID) VALUES ('WeightedSet', 41003, 2.0, 0, null, 110, 4100);
INSERT INTO EXERCISE_SET_ENTITY (SET_TYPE, ID, NUMBER_OF_REPS, STATUS , WEIGHT , WEIGHT_KG, EXERCISE_ACTIVITY_ID) VALUES ('WeightedSet', 41004, 1.0, 0, null, 120, 4100);
INSERT INTO EXERCISE_SET_ENTITY (SET_TYPE, ID, NUMBER_OF_REPS, STATUS , WEIGHT , WEIGHT_KG, EXERCISE_ACTIVITY_ID) VALUES ('WeightedSet', 41005, 5.0, 0, null, 132.5, 4100);
INSERT INTO EXERCISE_ACTIVITY_ENTITY (ID, NOTES, EXERCISE_ID, WORKOUT_ID) VALUES (4101, '', (SELECT ID FROM EXERCISE_ENTITY WHERE NAME = 'Pull Up'), 41);
INSERT INTO EXERCISE_SET_ENTITY (SET_TYPE, ID, NUMBER_OF_REPS, STATUS , WEIGHT , WEIGHT_KG, EXERCISE_ACTIVITY_ID) VALUES ('NonWeightedSet', 41010, 6.0, 0, 'body', null, 4101);
INSERT INTO EXERCISE_SET_ENTITY (SET_TYPE, ID, NUMBER_OF_REPS, STATUS , WEIGHT , WEIGHT_KG, EXERCISE_ACTIVITY_ID) VALUES ('NonWeightedSet', 41011, 6.0, 0, 'body', null, 4101);
INSERT INTO EXERCISE_SET_ENTITY (SET_TYPE, ID, NUMBER_OF_REPS, STATUS , WEIGHT , WEIGHT_KG, EXERCISE_ACTIVITY_ID) VALUES ('NonWeightedSet', 41012, 5.0, 1, 'body', null, 4101);
INSERT INTO EXERCISE_ACTIVITY_ENTITY (ID, NOTES, EXERCISE_ID, WORKOUT_ID) VALUES (4102, '', (SELECT ID FROM EXERCISE_ENTITY WHERE NAME = 'Inverted Row'), 41);
INSERT INTO EXERCISE_SET_ENTITY (SET_TYPE, ID, NUMBER_OF_REPS, STATUS , WEIGHT , WEIGHT_KG, EXERCISE_ACTIVITY_ID) VALUES ('NonWeightedSet', 41020, 10.0, 0, 'body', null, 4102);
INSERT INTO EXERCISE_SET_ENTITY (SET_TYPE, ID, NUMBER_OF_REPS, STATUS , WEIGHT , WEIGHT_KG, EXERCISE_ACTIVITY_ID) VALUES ('NonWeightedSet', 41021, 10.0, 0, 'body', null, 4102);
INSERT INTO EXERCISE_SET_ENTITY (SET_TYPE, ID, NUMBER_OF_REPS, STATUS , WEIGHT , WEIGHT_KG, EXERCISE_ACTIVITY_ID) VALUES ('NonWeightedSet', 41022, 10.0, 0, 'body', null, 4102);
INSERT INTO EXERCISE_ACTIVITY_ENTITY (ID, NOTES, EXERCISE_ID, WORKOUT_ID) VALUES (4103, '', (SELECT ID FROM EXERCISE_ENTITY WHERE NAME = 'Barbell Curl'), 41);
INSERT INTO EXERCISE_SET_ENTITY (SET_TYPE, ID, NUMBER_OF_REPS, STATUS , WEIGHT , WEIGHT_KG, EXERCISE_ACTIVITY_ID) VALUES ('WeightedSet', 41030, 10.0, 0, null, 20, 4103);
INSERT INTO EXERCISE_SET_ENTITY (SET_TYPE, ID, NUMBER_OF_REPS, STATUS , WEIGHT , WEIGHT_KG, EXERCISE_ACTIVITY_ID) VALUES ('WeightedSet', 41031, 11.0, 0, null, 20, 4103);
INSERT INTO EXERCISE_SET_ENTITY (SET_TYPE, ID, NUMBER_OF_REPS, STATUS , WEIGHT , WEIGHT_KG, EXERCISE_ACTIVITY_ID) VALUES ('WeightedSet', 41032, 12.0, 0, null, 20, 4103);
INSERT INTO EXERCISE_ACTIVITY_ENTITY (ID, NOTES, EXERCISE_ID, WORKOUT_ID) VALUES (4104, '', (SELECT ID FROM EXERCISE_ENTITY WHERE NAME = 'Facepull'), 41);
INSERT INTO EXERCISE_SET_ENTITY (SET_TYPE, ID, NUMBER_OF_REPS, STATUS , WEIGHT , WEIGHT_KG, EXERCISE_ACTIVITY_ID) VALUES ('NonWeightedSet', 41040, 20.0, 0, 'yellow band', null, 4104);
INSERT INTO EXERCISE_SET_ENTITY (SET_TYPE, ID, NUMBER_OF_REPS, STATUS , WEIGHT , WEIGHT_KG, EXERCISE_ACTIVITY_ID) VALUES ('NonWeightedSet', 41041, 20.0, 0, 'yellow band', null, 4104);
INSERT INTO WORKOUT_ENTITY (ID, NOTES, PERFORMED_AT_TIMESTAMP_UTC, WORKOUT_TYPE) VALUES (42, 'Notes', '2019-10-15 15:50:00', 'PUSH');
INSERT INTO EXERCISE_ACTIVITY_ENTITY (ID, NOTES, EXERCISE_ID, WORKOUT_ID) VALUES (4200, '', (SELECT ID FROM EXERCISE_ENTITY WHERE NAME = 'Bench Press'), 42);
INSERT INTO EXERCISE_SET_ENTITY (SET_TYPE, ID, NUMBER_OF_REPS, STATUS , WEIGHT , WEIGHT_KG, EXERCISE_ACTIVITY_ID) VALUES ('WeightedSet', 42000, 5.0, 0, null, 20, 4200);
INSERT INTO EXERCISE_SET_ENTITY (SET_TYPE, ID, NUMBER_OF_REPS, STATUS , WEIGHT , WEIGHT_KG, EXERCISE_ACTIVITY_ID) VALUES ('WeightedSet', 42001, 5.0, 0, null, 40, 4200);
INSERT INTO EXERCISE_SET_ENTITY (SET_TYPE, ID, NUMBER_OF_REPS, STATUS , WEIGHT , WEIGHT_KG, EXERCISE_ACTIVITY_ID) VALUES ('WeightedSet', 42002, 3.0, 0, null, 50, 4200);
INSERT INTO EXERCISE_SET_ENTITY (SET_TYPE, ID, NUMBER_OF_REPS, STATUS , WEIGHT , WEIGHT_KG, EXERCISE_ACTIVITY_ID) VALUES ('WeightedSet', 42003, 5.0, 0, null, 60, 4200);
INSERT INTO EXERCISE_SET_ENTITY (SET_TYPE, ID, NUMBER_OF_REPS, STATUS , WEIGHT , WEIGHT_KG, EXERCISE_ACTIVITY_ID) VALUES ('WeightedSet', 42004, 5.0, 0, null, 60, 4200);
INSERT INTO EXERCISE_SET_ENTITY (SET_TYPE, ID, NUMBER_OF_REPS, STATUS , WEIGHT , WEIGHT_KG, EXERCISE_ACTIVITY_ID) VALUES ('WeightedSet', 42005, 5.0, 0, null, 60, 4200);
INSERT INTO EXERCISE_SET_ENTITY (SET_TYPE, ID, NUMBER_OF_REPS, STATUS , WEIGHT , WEIGHT_KG, EXERCISE_ACTIVITY_ID) VALUES ('WeightedSet', 42006, 5.0, 0, null, 60, 4200);
INSERT INTO EXERCISE_SET_ENTITY (SET_TYPE, ID, NUMBER_OF_REPS, STATUS , WEIGHT , WEIGHT_KG, EXERCISE_ACTIVITY_ID) VALUES ('WeightedSet', 42007, 5.0, 0, null, 60, 4200);
INSERT INTO EXERCISE_ACTIVITY_ENTITY (ID, NOTES, EXERCISE_ID, WORKOUT_ID) VALUES (4201, '', (SELECT ID FROM EXERCISE_ENTITY WHERE NAME = 'Overhead Press'), 42);
INSERT INTO EXERCISE_SET_ENTITY (SET_TYPE, ID, NUMBER_OF_REPS, STATUS , WEIGHT , WEIGHT_KG, EXERCISE_ACTIVITY_ID) VALUES ('WeightedSet', 42010, 8.0, 0, null, 20, 4201);
INSERT INTO EXERCISE_SET_ENTITY (SET_TYPE, ID, NUMBER_OF_REPS, STATUS , WEIGHT , WEIGHT_KG, EXERCISE_ACTIVITY_ID) VALUES ('WeightedSet', 42011, 8.0, 0, null, 35, 4201);
INSERT INTO EXERCISE_SET_ENTITY (SET_TYPE, ID, NUMBER_OF_REPS, STATUS , WEIGHT , WEIGHT_KG, EXERCISE_ACTIVITY_ID) VALUES ('WeightedSet', 42012, 8.0, 0, null, 35, 4201);
INSERT INTO EXERCISE_SET_ENTITY (SET_TYPE, ID, NUMBER_OF_REPS, STATUS , WEIGHT , WEIGHT_KG, EXERCISE_ACTIVITY_ID) VALUES ('WeightedSet', 42013, 7.0, 1, null, 35, 4201);
INSERT INTO EXERCISE_ACTIVITY_ENTITY (ID, NOTES, EXERCISE_ID, WORKOUT_ID) VALUES (4202, '', (SELECT ID FROM EXERCISE_ENTITY WHERE NAME = 'Reverse Bench Press'), 42);
INSERT INTO EXERCISE_SET_ENTITY (SET_TYPE, ID, NUMBER_OF_REPS, STATUS , WEIGHT , WEIGHT_KG, EXERCISE_ACTIVITY_ID) VALUES ('WeightedSet', 42020, 10.0, 0, null, 35, 4202);
INSERT INTO EXERCISE_SET_ENTITY (SET_TYPE, ID, NUMBER_OF_REPS, STATUS , WEIGHT , WEIGHT_KG, EXERCISE_ACTIVITY_ID) VALUES ('WeightedSet', 42021, 10.0, 0, null, 35, 4202);
INSERT INTO EXERCISE_SET_ENTITY (SET_TYPE, ID, NUMBER_OF_REPS, STATUS , WEIGHT , WEIGHT_KG, EXERCISE_ACTIVITY_ID) VALUES ('WeightedSet', 42022, 10.0, 0, null, 35, 4202);
INSERT INTO EXERCISE_ACTIVITY_ENTITY (ID, NOTES, EXERCISE_ID, WORKOUT_ID) VALUES (4203, '', (SELECT ID FROM EXERCISE_ENTITY WHERE NAME = 'Lateral Raise'), 42);
INSERT INTO EXERCISE_SET_ENTITY (SET_TYPE, ID, NUMBER_OF_REPS, STATUS , WEIGHT , WEIGHT_KG, EXERCISE_ACTIVITY_ID) VALUES ('WeightedSet', 42030, 15.0, 0, null, 2.5, 4203);
INSERT INTO EXERCISE_SET_ENTITY (SET_TYPE, ID, NUMBER_OF_REPS, STATUS , WEIGHT , WEIGHT_KG, EXERCISE_ACTIVITY_ID) VALUES ('WeightedSet', 42031, 15.0, 0, null, 2.5, 4203);
INSERT INTO EXERCISE_SET_ENTITY (SET_TYPE, ID, NUMBER_OF_REPS, STATUS , WEIGHT , WEIGHT_KG, EXERCISE_ACTIVITY_ID) VALUES ('WeightedSet', 42032, 15.0, 0, null, 5, 4203);
INSERT INTO EXERCISE_ACTIVITY_ENTITY (ID, NOTES, EXERCISE_ID, WORKOUT_ID) VALUES (4204, '', (SELECT ID FROM EXERCISE_ENTITY WHERE NAME = 'Skullcrusher'), 42);
INSERT INTO EXERCISE_SET_ENTITY (SET_TYPE, ID, NUMBER_OF_REPS, STATUS , WEIGHT , WEIGHT_KG, EXERCISE_ACTIVITY_ID) VALUES ('WeightedSet', 42040, 10.0, 0, null, 5, 4204);
INSERT INTO EXERCISE_SET_ENTITY (SET_TYPE, ID, NUMBER_OF_REPS, STATUS , WEIGHT , WEIGHT_KG, EXERCISE_ACTIVITY_ID) VALUES ('WeightedSet', 42041, 10.0, 0, null, 7.5, 4204);
INSERT INTO EXERCISE_SET_ENTITY (SET_TYPE, ID, NUMBER_OF_REPS, STATUS , WEIGHT , WEIGHT_KG, EXERCISE_ACTIVITY_ID) VALUES ('WeightedSet', 42042, 10.0, 0, null, 7.5, 4204);
INSERT INTO WORKOUT_ENTITY (ID, NOTES, PERFORMED_AT_TIMESTAMP_UTC, WORKOUT_TYPE) VALUES (43, 'Notes', '2019-10-16 16:00:00', 'LEGS');
INSERT INTO EXERCISE_ACTIVITY_ENTITY (ID, NOTES, EXERCISE_ID, WORKOUT_ID) VALUES (4300, '', (SELECT ID FROM EXERCISE_ENTITY WHERE NAME = 'Squat'), 43);
INSERT INTO EXERCISE_SET_ENTITY (SET_TYPE, ID, NUMBER_OF_REPS, STATUS , WEIGHT , WEIGHT_KG, EXERCISE_ACTIVITY_ID) VALUES ('NonWeightedSet', 43000, 5.0, 0, 'body', null, 4300);
INSERT INTO EXERCISE_SET_ENTITY (SET_TYPE, ID, NUMBER_OF_REPS, STATUS , WEIGHT , WEIGHT_KG, EXERCISE_ACTIVITY_ID) VALUES ('WeightedSet', 43001, 5.0, 0, null, 20, 4300);
INSERT INTO EXERCISE_SET_ENTITY (SET_TYPE, ID, NUMBER_OF_REPS, STATUS , WEIGHT , WEIGHT_KG, EXERCISE_ACTIVITY_ID) VALUES ('WeightedSet', 43002, 5.0, 0, null, 40, 4300);
INSERT INTO EXERCISE_SET_ENTITY (SET_TYPE, ID, NUMBER_OF_REPS, STATUS , WEIGHT , WEIGHT_KG, EXERCISE_ACTIVITY_ID) VALUES ('WeightedSet', 43003, 3.0, 0, null, 60, 4300);
INSERT INTO EXERCISE_SET_ENTITY (SET_TYPE, ID, NUMBER_OF_REPS, STATUS , WEIGHT , WEIGHT_KG, EXERCISE_ACTIVITY_ID) VALUES ('WeightedSet', 43004, 2.0, 0, null, 70, 4300);
INSERT INTO EXERCISE_SET_ENTITY (SET_TYPE, ID, NUMBER_OF_REPS, STATUS , WEIGHT , WEIGHT_KG, EXERCISE_ACTIVITY_ID) VALUES ('WeightedSet', 43005, 5.0, 0, null, 82.5, 4300);
INSERT INTO EXERCISE_SET_ENTITY (SET_TYPE, ID, NUMBER_OF_REPS, STATUS , WEIGHT , WEIGHT_KG, EXERCISE_ACTIVITY_ID) VALUES ('WeightedSet', 43006, 5.0, 0, null, 82.5, 4300);
INSERT INTO EXERCISE_SET_ENTITY (SET_TYPE, ID, NUMBER_OF_REPS, STATUS , WEIGHT , WEIGHT_KG, EXERCISE_ACTIVITY_ID) VALUES ('WeightedSet', 43007, 5.0, 0, null, 82.5, 4300);
INSERT INTO EXERCISE_ACTIVITY_ENTITY (ID, NOTES, EXERCISE_ID, WORKOUT_ID) VALUES (4301, '', (SELECT ID FROM EXERCISE_ENTITY WHERE NAME = 'Romanian Deadlift'), 43);
INSERT INTO EXERCISE_SET_ENTITY (SET_TYPE, ID, NUMBER_OF_REPS, STATUS , WEIGHT , WEIGHT_KG, EXERCISE_ACTIVITY_ID) VALUES ('WeightedSet', 43010, 8.0, 0, null, 20, 4301);
INSERT INTO EXERCISE_SET_ENTITY (SET_TYPE, ID, NUMBER_OF_REPS, STATUS , WEIGHT , WEIGHT_KG, EXERCISE_ACTIVITY_ID) VALUES ('WeightedSet', 43011, 8.0, 0, null, 42.5, 4301);
INSERT INTO EXERCISE_SET_ENTITY (SET_TYPE, ID, NUMBER_OF_REPS, STATUS , WEIGHT , WEIGHT_KG, EXERCISE_ACTIVITY_ID) VALUES ('WeightedSet', 43012, 8.0, 0, null, 42.5, 4301);
INSERT INTO EXERCISE_SET_ENTITY (SET_TYPE, ID, NUMBER_OF_REPS, STATUS , WEIGHT , WEIGHT_KG, EXERCISE_ACTIVITY_ID) VALUES ('WeightedSet', 43013, 8.0, 0, null, 42.5, 4301);
INSERT INTO EXERCISE_ACTIVITY_ENTITY (ID, NOTES, EXERCISE_ID, WORKOUT_ID) VALUES (4302, '', (SELECT ID FROM EXERCISE_ENTITY WHERE NAME = 'Bulgarian Split Squat'), 43);
INSERT INTO EXERCISE_SET_ENTITY (SET_TYPE, ID, NUMBER_OF_REPS, STATUS , WEIGHT , WEIGHT_KG, EXERCISE_ACTIVITY_ID) VALUES ('NonWeightedSet', 43020, 10.0, 0, 'body', null, 4302);
INSERT INTO EXERCISE_SET_ENTITY (SET_TYPE, ID, NUMBER_OF_REPS, STATUS , WEIGHT , WEIGHT_KG, EXERCISE_ACTIVITY_ID) VALUES ('NonWeightedSet', 43021, 10.0, 0, 'body', null, 4302);
INSERT INTO EXERCISE_SET_ENTITY (SET_TYPE, ID, NUMBER_OF_REPS, STATUS , WEIGHT , WEIGHT_KG, EXERCISE_ACTIVITY_ID) VALUES ('NonWeightedSet', 43022, 10.0, 0, 'body', null, 4302);
INSERT INTO EXERCISE_ACTIVITY_ENTITY (ID, NOTES, EXERCISE_ID, WORKOUT_ID) VALUES (4303, '', (SELECT ID FROM EXERCISE_ENTITY WHERE NAME = 'Hip Thrust'), 43);
INSERT INTO EXERCISE_SET_ENTITY (SET_TYPE, ID, NUMBER_OF_REPS, STATUS , WEIGHT , WEIGHT_KG, EXERCISE_ACTIVITY_ID) VALUES ('WeightedSet', 43030, 10.0, 0, null, 20, 4303);
INSERT INTO EXERCISE_SET_ENTITY (SET_TYPE, ID, NUMBER_OF_REPS, STATUS , WEIGHT , WEIGHT_KG, EXERCISE_ACTIVITY_ID) VALUES ('WeightedSet', 43031, 10.0, 0, null, 30, 4303);
INSERT INTO EXERCISE_ACTIVITY_ENTITY (ID, NOTES, EXERCISE_ID, WORKOUT_ID) VALUES (4304, '', (SELECT ID FROM EXERCISE_ENTITY WHERE NAME = 'Seated Calf Raise'), 43);
INSERT INTO EXERCISE_SET_ENTITY (SET_TYPE, ID, NUMBER_OF_REPS, STATUS , WEIGHT , WEIGHT_KG, EXERCISE_ACTIVITY_ID) VALUES ('NonWeightedSet', 43040, 10.0, 0, 'body', null, 4304);
INSERT INTO EXERCISE_SET_ENTITY (SET_TYPE, ID, NUMBER_OF_REPS, STATUS , WEIGHT , WEIGHT_KG, EXERCISE_ACTIVITY_ID) VALUES ('WeightedSet', 43041, 10.0, 0, null, 30, 4304);
INSERT INTO WORKOUT_ENTITY (ID, NOTES, PERFORMED_AT_TIMESTAMP_UTC, WORKOUT_TYPE) VALUES (44, 'Notes', '2019-10-17 15:40:00', 'PULL');
INSERT INTO EXERCISE_ACTIVITY_ENTITY (ID, NOTES, EXERCISE_ID, WORKOUT_ID) VALUES (4400, '', (SELECT ID FROM EXERCISE_ENTITY WHERE NAME = 'Bent Over Row'), 44);
INSERT INTO EXERCISE_SET_ENTITY (SET_TYPE, ID, NUMBER_OF_REPS, STATUS , WEIGHT , WEIGHT_KG, EXERCISE_ACTIVITY_ID) VALUES ('WeightedSet', 44000, 8.0, 0, null, 20, 4400);
INSERT INTO EXERCISE_SET_ENTITY (SET_TYPE, ID, NUMBER_OF_REPS, STATUS , WEIGHT , WEIGHT_KG, EXERCISE_ACTIVITY_ID) VALUES ('WeightedSet', 44001, 9.0, 0, null, 32.5, 4400);
INSERT INTO EXERCISE_SET_ENTITY (SET_TYPE, ID, NUMBER_OF_REPS, STATUS , WEIGHT , WEIGHT_KG, EXERCISE_ACTIVITY_ID) VALUES ('WeightedSet', 44002, 10.0, 0, null, 32.5, 4400);
INSERT INTO EXERCISE_SET_ENTITY (SET_TYPE, ID, NUMBER_OF_REPS, STATUS , WEIGHT , WEIGHT_KG, EXERCISE_ACTIVITY_ID) VALUES ('WeightedSet', 44003, 10.0, 0, null, 32.5, 4400);
INSERT INTO EXERCISE_ACTIVITY_ENTITY (ID, NOTES, EXERCISE_ID, WORKOUT_ID) VALUES (4401, '', (SELECT ID FROM EXERCISE_ENTITY WHERE NAME = 'Chin Up'), 44);
INSERT INTO EXERCISE_SET_ENTITY (SET_TYPE, ID, NUMBER_OF_REPS, STATUS , WEIGHT , WEIGHT_KG, EXERCISE_ACTIVITY_ID) VALUES ('NonWeightedSet', 44010, 6.0, 0, 'body', null, 4401);
INSERT INTO EXERCISE_SET_ENTITY (SET_TYPE, ID, NUMBER_OF_REPS, STATUS , WEIGHT , WEIGHT_KG, EXERCISE_ACTIVITY_ID) VALUES ('NonWeightedSet', 44011, 6.0, 0, 'body', null, 4401);
INSERT INTO EXERCISE_SET_ENTITY (SET_TYPE, ID, NUMBER_OF_REPS, STATUS , WEIGHT , WEIGHT_KG, EXERCISE_ACTIVITY_ID) VALUES ('NonWeightedSet', 44012, 5.0, 1, 'body', null, 4401);
INSERT INTO EXERCISE_ACTIVITY_ENTITY (ID, NOTES, EXERCISE_ID, WORKOUT_ID) VALUES (4402, '', (SELECT ID FROM EXERCISE_ENTITY WHERE NAME = 'One Arm Band Row'), 44);
INSERT INTO EXERCISE_SET_ENTITY (SET_TYPE, ID, NUMBER_OF_REPS, STATUS , WEIGHT , WEIGHT_KG, EXERCISE_ACTIVITY_ID) VALUES ('NonWeightedSet', 44020, 10.0, 0, 'red and yellow band', null, 4402);
INSERT INTO EXERCISE_SET_ENTITY (SET_TYPE, ID, NUMBER_OF_REPS, STATUS , WEIGHT , WEIGHT_KG, EXERCISE_ACTIVITY_ID) VALUES ('NonWeightedSet', 44021, 10.0, 0, 'red and yellow band', null, 4402);
INSERT INTO EXERCISE_SET_ENTITY (SET_TYPE, ID, NUMBER_OF_REPS, STATUS , WEIGHT , WEIGHT_KG, EXERCISE_ACTIVITY_ID) VALUES ('NonWeightedSet', 44022, 10.0, 0, 'red and yellow band', null, 4402);
INSERT INTO EXERCISE_ACTIVITY_ENTITY (ID, NOTES, EXERCISE_ID, WORKOUT_ID) VALUES (4403, '', (SELECT ID FROM EXERCISE_ENTITY WHERE NAME = 'Barbell Curl'), 44);
INSERT INTO EXERCISE_SET_ENTITY (SET_TYPE, ID, NUMBER_OF_REPS, STATUS , WEIGHT , WEIGHT_KG, EXERCISE_ACTIVITY_ID) VALUES ('WeightedSet', 44030, 10.0, 0, null, 22.5, 4403);
INSERT INTO EXERCISE_SET_ENTITY (SET_TYPE, ID, NUMBER_OF_REPS, STATUS , WEIGHT , WEIGHT_KG, EXERCISE_ACTIVITY_ID) VALUES ('WeightedSet', 44031, 10.0, 0, null, 22.5, 4403);
INSERT INTO EXERCISE_SET_ENTITY (SET_TYPE, ID, NUMBER_OF_REPS, STATUS , WEIGHT , WEIGHT_KG, EXERCISE_ACTIVITY_ID) VALUES ('WeightedSet', 44032, 9.0, 1, null, 22.5, 4403);
INSERT INTO EXERCISE_ACTIVITY_ENTITY (ID, NOTES, EXERCISE_ID, WORKOUT_ID) VALUES (4404, '', (SELECT ID FROM EXERCISE_ENTITY WHERE NAME = 'Lying Leg Raise'), 44);
INSERT INTO EXERCISE_SET_ENTITY (SET_TYPE, ID, NUMBER_OF_REPS, STATUS , WEIGHT , WEIGHT_KG, EXERCISE_ACTIVITY_ID) VALUES ('NonWeightedSet', 44040, 10.0, 0, 'body', null, 4404);
INSERT INTO EXERCISE_SET_ENTITY (SET_TYPE, ID, NUMBER_OF_REPS, STATUS , WEIGHT , WEIGHT_KG, EXERCISE_ACTIVITY_ID) VALUES ('NonWeightedSet', 44041, 10.0, 0, 'body', null, 4404);
INSERT INTO EXERCISE_ACTIVITY_ENTITY (ID, NOTES, EXERCISE_ID, WORKOUT_ID) VALUES (4405, '', (SELECT ID FROM EXERCISE_ENTITY WHERE NAME = 'Cable Crunch'), 44);
INSERT INTO EXERCISE_SET_ENTITY (SET_TYPE, ID, NUMBER_OF_REPS, STATUS , WEIGHT , WEIGHT_KG, EXERCISE_ACTIVITY_ID) VALUES ('NonWeightedSet', 44050, 10.0, 0, 'red band', null, 4405);
INSERT INTO EXERCISE_SET_ENTITY (SET_TYPE, ID, NUMBER_OF_REPS, STATUS , WEIGHT , WEIGHT_KG, EXERCISE_ACTIVITY_ID) VALUES ('NonWeightedSet', 44051, 10.0, 0, 'red band', null, 4405);
INSERT INTO EXERCISE_ACTIVITY_ENTITY (ID, NOTES, EXERCISE_ID, WORKOUT_ID) VALUES (4406, '', (SELECT ID FROM EXERCISE_ENTITY WHERE NAME = 'Plank'), 44);
INSERT INTO EXERCISE_SET_ENTITY (SET_TYPE, ID, NUMBER_OF_REPS, STATUS , WEIGHT , WEIGHT_KG, EXERCISE_ACTIVITY_ID) VALUES ('NonWeightedSet', 44060, 1, 0, '45 seconds', null, 4406);
INSERT INTO EXERCISE_SET_ENTITY (SET_TYPE, ID, NUMBER_OF_REPS, STATUS , WEIGHT , WEIGHT_KG, EXERCISE_ACTIVITY_ID) VALUES ('NonWeightedSet', 44061, 1, 0, '40 seconds', null, 4406);
INSERT INTO EXERCISE_ACTIVITY_ENTITY (ID, NOTES, EXERCISE_ID, WORKOUT_ID) VALUES (4407, '', (SELECT ID FROM EXERCISE_ENTITY WHERE NAME = 'Facepull'), 44);
INSERT INTO EXERCISE_SET_ENTITY (SET_TYPE, ID, NUMBER_OF_REPS, STATUS , WEIGHT , WEIGHT_KG, EXERCISE_ACTIVITY_ID) VALUES ('NonWeightedSet', 44070, 15.0, 0, 'yellow band', null, 4407);
INSERT INTO EXERCISE_SET_ENTITY (SET_TYPE, ID, NUMBER_OF_REPS, STATUS , WEIGHT , WEIGHT_KG, EXERCISE_ACTIVITY_ID) VALUES ('NonWeightedSet', 44071, 15.0, 0, 'yellow band', null, 4407);
INSERT INTO WORKOUT_ENTITY (ID, NOTES, PERFORMED_AT_TIMESTAMP_UTC, WORKOUT_TYPE) VALUES (45, 'Notes', '2019-10-18 15:10:00', 'PUSH');
INSERT INTO EXERCISE_ACTIVITY_ENTITY (ID, NOTES, EXERCISE_ID, WORKOUT_ID) VALUES (4500, '', (SELECT ID FROM EXERCISE_ENTITY WHERE NAME = 'Bench Press'), 45);
INSERT INTO EXERCISE_SET_ENTITY (SET_TYPE, ID, NUMBER_OF_REPS, STATUS , WEIGHT , WEIGHT_KG, EXERCISE_ACTIVITY_ID) VALUES ('WeightedSet', 45000, 8.0, 0, null, 20, 4500);
INSERT INTO EXERCISE_SET_ENTITY (SET_TYPE, ID, NUMBER_OF_REPS, STATUS , WEIGHT , WEIGHT_KG, EXERCISE_ACTIVITY_ID) VALUES ('WeightedSet', 45001, 8.0, 0, null, 40, 4500);
INSERT INTO EXERCISE_SET_ENTITY (SET_TYPE, ID, NUMBER_OF_REPS, STATUS , WEIGHT , WEIGHT_KG, EXERCISE_ACTIVITY_ID) VALUES ('WeightedSet', 45002, 8.0, 0, null, 52.5, 4500);
INSERT INTO EXERCISE_SET_ENTITY (SET_TYPE, ID, NUMBER_OF_REPS, STATUS , WEIGHT , WEIGHT_KG, EXERCISE_ACTIVITY_ID) VALUES ('WeightedSet', 45003, 8.0, 0, null, 52.5, 4500);
INSERT INTO EXERCISE_SET_ENTITY (SET_TYPE, ID, NUMBER_OF_REPS, STATUS , WEIGHT , WEIGHT_KG, EXERCISE_ACTIVITY_ID) VALUES ('WeightedSet', 45004, 6.0, 1, null, 52.5, 4500);
INSERT INTO EXERCISE_ACTIVITY_ENTITY (ID, NOTES, EXERCISE_ID, WORKOUT_ID) VALUES (4501, '', (SELECT ID FROM EXERCISE_ENTITY WHERE NAME = 'Overhead Press'), 45);
INSERT INTO EXERCISE_SET_ENTITY (SET_TYPE, ID, NUMBER_OF_REPS, STATUS , WEIGHT , WEIGHT_KG, EXERCISE_ACTIVITY_ID) VALUES ('WeightedSet', 45010, 5.0, 0, null, 20, 4501);
INSERT INTO EXERCISE_SET_ENTITY (SET_TYPE, ID, NUMBER_OF_REPS, STATUS , WEIGHT , WEIGHT_KG, EXERCISE_ACTIVITY_ID) VALUES ('WeightedSet', 45011, 5.0, 0, null, 37.5, 4501);
INSERT INTO EXERCISE_SET_ENTITY (SET_TYPE, ID, NUMBER_OF_REPS, STATUS , WEIGHT , WEIGHT_KG, EXERCISE_ACTIVITY_ID) VALUES ('WeightedSet', 45012, 5.0, 0, null, 37.5, 4501);
INSERT INTO EXERCISE_SET_ENTITY (SET_TYPE, ID, NUMBER_OF_REPS, STATUS , WEIGHT , WEIGHT_KG, EXERCISE_ACTIVITY_ID) VALUES ('WeightedSet', 45013, 5.0, 0, null, 37.5, 4501);
INSERT INTO EXERCISE_SET_ENTITY (SET_TYPE, ID, NUMBER_OF_REPS, STATUS , WEIGHT , WEIGHT_KG, EXERCISE_ACTIVITY_ID) VALUES ('WeightedSet', 45014, 5.0, 0, null, 37.5, 4501);
INSERT INTO EXERCISE_SET_ENTITY (SET_TYPE, ID, NUMBER_OF_REPS, STATUS , WEIGHT , WEIGHT_KG, EXERCISE_ACTIVITY_ID) VALUES ('WeightedSet', 45015, 5.0, 0, null, 37.5, 4501);
INSERT INTO EXERCISE_ACTIVITY_ENTITY (ID, NOTES, EXERCISE_ID, WORKOUT_ID) VALUES (4502, '', (SELECT ID FROM EXERCISE_ENTITY WHERE NAME = 'Incline Dumbbell Press'), 45);
INSERT INTO EXERCISE_SET_ENTITY (SET_TYPE, ID, NUMBER_OF_REPS, STATUS , WEIGHT , WEIGHT_KG, EXERCISE_ACTIVITY_ID) VALUES ('WeightedSet', 45020, 10.0, 0, null, 15, 4502);
INSERT INTO EXERCISE_SET_ENTITY (SET_TYPE, ID, NUMBER_OF_REPS, STATUS , WEIGHT , WEIGHT_KG, EXERCISE_ACTIVITY_ID) VALUES ('WeightedSet', 45021, 7.0, 1, null, 20, 4502);
INSERT INTO EXERCISE_SET_ENTITY (SET_TYPE, ID, NUMBER_OF_REPS, STATUS , WEIGHT , WEIGHT_KG, EXERCISE_ACTIVITY_ID) VALUES ('WeightedSet', 45022, 7.0, 1, null, 15, 4502);
INSERT INTO EXERCISE_ACTIVITY_ENTITY (ID, NOTES, EXERCISE_ID, WORKOUT_ID) VALUES (4503, '', (SELECT ID FROM EXERCISE_ENTITY WHERE NAME = 'Lateral Raise'), 45);
INSERT INTO EXERCISE_SET_ENTITY (SET_TYPE, ID, NUMBER_OF_REPS, STATUS , WEIGHT , WEIGHT_KG, EXERCISE_ACTIVITY_ID) VALUES ('WeightedSet', 45030, 15.0, 0, null, 2.5, 4503);
INSERT INTO EXERCISE_SET_ENTITY (SET_TYPE, ID, NUMBER_OF_REPS, STATUS , WEIGHT , WEIGHT_KG, EXERCISE_ACTIVITY_ID) VALUES ('WeightedSet', 45031, 14.0, 1, null, 5, 4503);
INSERT INTO EXERCISE_SET_ENTITY (SET_TYPE, ID, NUMBER_OF_REPS, STATUS , WEIGHT , WEIGHT_KG, EXERCISE_ACTIVITY_ID) VALUES ('WeightedSet', 45032, 10.0, 1, null, 5, 4503);
INSERT INTO EXERCISE_ACTIVITY_ENTITY (ID, NOTES, EXERCISE_ID, WORKOUT_ID) VALUES (4504, '', (SELECT ID FROM EXERCISE_ENTITY WHERE NAME = 'Skullcrusher'), 45);
INSERT INTO EXERCISE_SET_ENTITY (SET_TYPE, ID, NUMBER_OF_REPS, STATUS , WEIGHT , WEIGHT_KG, EXERCISE_ACTIVITY_ID) VALUES ('WeightedSet', 45040, 10.0, 0, null, 5, 4504);
INSERT INTO EXERCISE_SET_ENTITY (SET_TYPE, ID, NUMBER_OF_REPS, STATUS , WEIGHT , WEIGHT_KG, EXERCISE_ACTIVITY_ID) VALUES ('WeightedSet', 45041, 8.0, 0, null, 7.5, 4504);
INSERT INTO EXERCISE_SET_ENTITY (SET_TYPE, ID, NUMBER_OF_REPS, STATUS , WEIGHT , WEIGHT_KG, EXERCISE_ACTIVITY_ID) VALUES ('WeightedSet', 45042, 8.0, 0, null, 7.5, 4504);
INSERT INTO WORKOUT_ENTITY (ID, NOTES, PERFORMED_AT_TIMESTAMP_UTC, WORKOUT_TYPE) VALUES (46, 'Notes', '2019-10-21 15:50:00', 'PULL');
INSERT INTO EXERCISE_ACTIVITY_ENTITY (ID, NOTES, EXERCISE_ID, WORKOUT_ID) VALUES (4600, '', (SELECT ID FROM EXERCISE_ENTITY WHERE NAME = 'Deadlift'), 46);
INSERT INTO EXERCISE_SET_ENTITY (SET_TYPE, ID, NUMBER_OF_REPS, STATUS , WEIGHT , WEIGHT_KG, EXERCISE_ACTIVITY_ID) VALUES ('WeightedSet', 46000, 5.0, 0, null, 20, 4600);
INSERT INTO EXERCISE_SET_ENTITY (SET_TYPE, ID, NUMBER_OF_REPS, STATUS , WEIGHT , WEIGHT_KG, EXERCISE_ACTIVITY_ID) VALUES ('WeightedSet', 46001, 3.0, 0, null, 60, 4600);
INSERT INTO EXERCISE_SET_ENTITY (SET_TYPE, ID, NUMBER_OF_REPS, STATUS , WEIGHT , WEIGHT_KG, EXERCISE_ACTIVITY_ID) VALUES ('WeightedSet', 46002, 3.0, 0, null, 90, 4600);
INSERT INTO EXERCISE_SET_ENTITY (SET_TYPE, ID, NUMBER_OF_REPS, STATUS , WEIGHT , WEIGHT_KG, EXERCISE_ACTIVITY_ID) VALUES ('WeightedSet', 46003, 2.0, 0, null, 110, 4600);
INSERT INTO EXERCISE_SET_ENTITY (SET_TYPE, ID, NUMBER_OF_REPS, STATUS , WEIGHT , WEIGHT_KG, EXERCISE_ACTIVITY_ID) VALUES ('WeightedSet', 46004, 1.0, 0, null, 125, 4600);
INSERT INTO EXERCISE_SET_ENTITY (SET_TYPE, ID, NUMBER_OF_REPS, STATUS , WEIGHT , WEIGHT_KG, EXERCISE_ACTIVITY_ID) VALUES ('WeightedSet', 46005, 5.0, 0, null, 135, 4600);
INSERT INTO EXERCISE_SET_ENTITY (SET_TYPE, ID, NUMBER_OF_REPS, STATUS , WEIGHT , WEIGHT_KG, EXERCISE_ACTIVITY_ID) VALUES ('WeightedSet', 46006, 5.0, 0, null, 90, 4600);
INSERT INTO EXERCISE_ACTIVITY_ENTITY (ID, NOTES, EXERCISE_ID, WORKOUT_ID) VALUES (4601, '', (SELECT ID FROM EXERCISE_ENTITY WHERE NAME = 'Pull Up'), 46);
INSERT INTO EXERCISE_SET_ENTITY (SET_TYPE, ID, NUMBER_OF_REPS, STATUS , WEIGHT , WEIGHT_KG, EXERCISE_ACTIVITY_ID) VALUES ('NonWeightedSet', 46010, 6.0, 0, 'body', null, 4601);
INSERT INTO EXERCISE_SET_ENTITY (SET_TYPE, ID, NUMBER_OF_REPS, STATUS , WEIGHT , WEIGHT_KG, EXERCISE_ACTIVITY_ID) VALUES ('NonWeightedSet', 46011, 6.0, 0, 'body', null, 4601);
INSERT INTO EXERCISE_SET_ENTITY (SET_TYPE, ID, NUMBER_OF_REPS, STATUS , WEIGHT , WEIGHT_KG, EXERCISE_ACTIVITY_ID) VALUES ('NonWeightedSet', 46012, 5.0, 1, 'body', null, 4601);
INSERT INTO EXERCISE_ACTIVITY_ENTITY (ID, NOTES, EXERCISE_ID, WORKOUT_ID) VALUES (4602, '', (SELECT ID FROM EXERCISE_ENTITY WHERE NAME = 'Inverted Row'), 46);
INSERT INTO EXERCISE_SET_ENTITY (SET_TYPE, ID, NUMBER_OF_REPS, STATUS , WEIGHT , WEIGHT_KG, EXERCISE_ACTIVITY_ID) VALUES ('NonWeightedSet', 46020, 10.0, 0, 'body', null, 4602);
INSERT INTO EXERCISE_SET_ENTITY (SET_TYPE, ID, NUMBER_OF_REPS, STATUS , WEIGHT , WEIGHT_KG, EXERCISE_ACTIVITY_ID) VALUES ('NonWeightedSet', 46021, 10.0, 0, 'body', null, 4602);
INSERT INTO EXERCISE_SET_ENTITY (SET_TYPE, ID, NUMBER_OF_REPS, STATUS , WEIGHT , WEIGHT_KG, EXERCISE_ACTIVITY_ID) VALUES ('NonWeightedSet', 46022, 10.0, 0, 'body', null, 4602);
INSERT INTO EXERCISE_ACTIVITY_ENTITY (ID, NOTES, EXERCISE_ID, WORKOUT_ID) VALUES (4603, '', (SELECT ID FROM EXERCISE_ENTITY WHERE NAME = 'Barbell Curl'), 46);
INSERT INTO EXERCISE_SET_ENTITY (SET_TYPE, ID, NUMBER_OF_REPS, STATUS , WEIGHT , WEIGHT_KG, EXERCISE_ACTIVITY_ID) VALUES ('WeightedSet', 46030, 10.0, 0, null, 22.5, 4603);
INSERT INTO EXERCISE_SET_ENTITY (SET_TYPE, ID, NUMBER_OF_REPS, STATUS , WEIGHT , WEIGHT_KG, EXERCISE_ACTIVITY_ID) VALUES ('WeightedSet', 46031, 10.0, 0, null, 22.5, 4603);
INSERT INTO EXERCISE_SET_ENTITY (SET_TYPE, ID, NUMBER_OF_REPS, STATUS , WEIGHT , WEIGHT_KG, EXERCISE_ACTIVITY_ID) VALUES ('WeightedSet', 46032, 10.0, 0, null, 22.5, 4603);
INSERT INTO EXERCISE_ACTIVITY_ENTITY (ID, NOTES, EXERCISE_ID, WORKOUT_ID) VALUES (4604, '', (SELECT ID FROM EXERCISE_ENTITY WHERE NAME = 'Dumbbell Hammer Curl'), 46);
INSERT INTO EXERCISE_SET_ENTITY (SET_TYPE, ID, NUMBER_OF_REPS, STATUS , WEIGHT , WEIGHT_KG, EXERCISE_ACTIVITY_ID) VALUES ('WeightedSet', 46040, 6.0, 0, null, 10, 4604);
INSERT INTO EXERCISE_SET_ENTITY (SET_TYPE, ID, NUMBER_OF_REPS, STATUS , WEIGHT , WEIGHT_KG, EXERCISE_ACTIVITY_ID) VALUES ('WeightedSet', 46041, 8.0, 0, null, 10, 4604);
INSERT INTO EXERCISE_ACTIVITY_ENTITY (ID, NOTES, EXERCISE_ID, WORKOUT_ID) VALUES (4605, '', (SELECT ID FROM EXERCISE_ENTITY WHERE NAME = 'Facepull'), 46);
INSERT INTO EXERCISE_SET_ENTITY (SET_TYPE, ID, NUMBER_OF_REPS, STATUS , WEIGHT , WEIGHT_KG, EXERCISE_ACTIVITY_ID) VALUES ('NonWeightedSet', 46050, 16.0, 0, 'yellow band', null, 4605);
INSERT INTO EXERCISE_SET_ENTITY (SET_TYPE, ID, NUMBER_OF_REPS, STATUS , WEIGHT , WEIGHT_KG, EXERCISE_ACTIVITY_ID) VALUES ('NonWeightedSet', 46051, 15.0, 0, 'yellow band', null, 4605);
INSERT INTO EXERCISE_ACTIVITY_ENTITY (ID, NOTES, EXERCISE_ID, WORKOUT_ID) VALUES (4606, '', (SELECT ID FROM EXERCISE_ENTITY WHERE NAME = 'Dumbbell Carry'), 46);
INSERT INTO EXERCISE_SET_ENTITY (SET_TYPE, ID, NUMBER_OF_REPS, STATUS , WEIGHT , WEIGHT_KG, EXERCISE_ACTIVITY_ID) VALUES ('WeightedSet', 46060, 25 seconds, 0, null, 32.5, 4606);
INSERT INTO WORKOUT_ENTITY (ID, NOTES, PERFORMED_AT_TIMESTAMP_UTC, WORKOUT_TYPE) VALUES (47, 'Notes', '2019-10-22 15:35:00', 'PUSH');
INSERT INTO EXERCISE_ACTIVITY_ENTITY (ID, NOTES, EXERCISE_ID, WORKOUT_ID) VALUES (4700, '', (SELECT ID FROM EXERCISE_ENTITY WHERE NAME = 'Bench Press'), 47);
INSERT INTO EXERCISE_SET_ENTITY (SET_TYPE, ID, NUMBER_OF_REPS, STATUS , WEIGHT , WEIGHT_KG, EXERCISE_ACTIVITY_ID) VALUES ('WeightedSet', 47000, 6.0, 0, null, 22.5, 4700);
INSERT INTO EXERCISE_SET_ENTITY (SET_TYPE, ID, NUMBER_OF_REPS, STATUS , WEIGHT , WEIGHT_KG, EXERCISE_ACTIVITY_ID) VALUES ('WeightedSet', 47001, 5.0, 0, null, 40, 4700);
INSERT INTO EXERCISE_SET_ENTITY (SET_TYPE, ID, NUMBER_OF_REPS, STATUS , WEIGHT , WEIGHT_KG, EXERCISE_ACTIVITY_ID) VALUES ('WeightedSet', 47002, 3.0, 0, null, 50, 4700);
INSERT INTO EXERCISE_SET_ENTITY (SET_TYPE, ID, NUMBER_OF_REPS, STATUS , WEIGHT , WEIGHT_KG, EXERCISE_ACTIVITY_ID) VALUES ('WeightedSet', 47003, 5.0, 0, null, 62.5, 4700);
INSERT INTO EXERCISE_SET_ENTITY (SET_TYPE, ID, NUMBER_OF_REPS, STATUS , WEIGHT , WEIGHT_KG, EXERCISE_ACTIVITY_ID) VALUES ('WeightedSet', 47004, 5.0, 0, null, 62.5, 4700);
INSERT INTO EXERCISE_SET_ENTITY (SET_TYPE, ID, NUMBER_OF_REPS, STATUS , WEIGHT , WEIGHT_KG, EXERCISE_ACTIVITY_ID) VALUES ('WeightedSet', 47005, 4.0, 1, null, 62.5, 4700);
INSERT INTO EXERCISE_SET_ENTITY (SET_TYPE, ID, NUMBER_OF_REPS, STATUS , WEIGHT , WEIGHT_KG, EXERCISE_ACTIVITY_ID) VALUES ('WeightedSet', 47006, 4.0, 1, null, 62.5, 4700);
INSERT INTO EXERCISE_SET_ENTITY (SET_TYPE, ID, NUMBER_OF_REPS, STATUS , WEIGHT , WEIGHT_KG, EXERCISE_ACTIVITY_ID) VALUES ('WeightedSet', 47007, 2.0, 1, null, 62.5, 4700);
INSERT INTO EXERCISE_ACTIVITY_ENTITY (ID, NOTES, EXERCISE_ID, WORKOUT_ID) VALUES (4701, '', (SELECT ID FROM EXERCISE_ENTITY WHERE NAME = 'Overhead Press'), 47);
INSERT INTO EXERCISE_SET_ENTITY (SET_TYPE, ID, NUMBER_OF_REPS, STATUS , WEIGHT , WEIGHT_KG, EXERCISE_ACTIVITY_ID) VALUES ('WeightedSet', 47010, 8.0, 0, null, 20, 4701);
INSERT INTO EXERCISE_SET_ENTITY (SET_TYPE, ID, NUMBER_OF_REPS, STATUS , WEIGHT , WEIGHT_KG, EXERCISE_ACTIVITY_ID) VALUES ('WeightedSet', 47011, 8.0, 0, null, 35, 4701);
INSERT INTO EXERCISE_SET_ENTITY (SET_TYPE, ID, NUMBER_OF_REPS, STATUS , WEIGHT , WEIGHT_KG, EXERCISE_ACTIVITY_ID) VALUES ('WeightedSet', 47012, 8.0, 0, null, 35, 4701);
INSERT INTO EXERCISE_SET_ENTITY (SET_TYPE, ID, NUMBER_OF_REPS, STATUS , WEIGHT , WEIGHT_KG, EXERCISE_ACTIVITY_ID) VALUES ('WeightedSet', 47013, 7.0, 1, null, 35, 4701);
INSERT INTO EXERCISE_ACTIVITY_ENTITY (ID, NOTES, EXERCISE_ID, WORKOUT_ID) VALUES (4702, '', (SELECT ID FROM EXERCISE_ENTITY WHERE NAME = 'Incline Dumbbell Press'), 47);
INSERT INTO EXERCISE_SET_ENTITY (SET_TYPE, ID, NUMBER_OF_REPS, STATUS , WEIGHT , WEIGHT_KG, EXERCISE_ACTIVITY_ID) VALUES ('WeightedSet', 47020, 8.0, 0, null, 10, 4702);
INSERT INTO EXERCISE_SET_ENTITY (SET_TYPE, ID, NUMBER_OF_REPS, STATUS , WEIGHT , WEIGHT_KG, EXERCISE_ACTIVITY_ID) VALUES ('WeightedSet', 47021, 8.0, 0, null, 15, 4702);
INSERT INTO EXERCISE_SET_ENTITY (SET_TYPE, ID, NUMBER_OF_REPS, STATUS , WEIGHT , WEIGHT_KG, EXERCISE_ACTIVITY_ID) VALUES ('WeightedSet', 47022, 6.0, 1, null, 15, 4702);
INSERT INTO EXERCISE_ACTIVITY_ENTITY (ID, NOTES, EXERCISE_ID, WORKOUT_ID) VALUES (4703, '', (SELECT ID FROM EXERCISE_ENTITY WHERE NAME = 'Lateral Raise'), 47);
INSERT INTO EXERCISE_SET_ENTITY (SET_TYPE, ID, NUMBER_OF_REPS, STATUS , WEIGHT , WEIGHT_KG, EXERCISE_ACTIVITY_ID) VALUES ('WeightedSet', 47030, 15.0, 0, null, 2.5, 4703);
INSERT INTO EXERCISE_SET_ENTITY (SET_TYPE, ID, NUMBER_OF_REPS, STATUS , WEIGHT , WEIGHT_KG, EXERCISE_ACTIVITY_ID) VALUES ('WeightedSet', 47031, 15.0, 0, null, 5, 4703);
INSERT INTO EXERCISE_SET_ENTITY (SET_TYPE, ID, NUMBER_OF_REPS, STATUS , WEIGHT , WEIGHT_KG, EXERCISE_ACTIVITY_ID) VALUES ('WeightedSet', 47032, 15.0, 0, null, 5, 4703);
INSERT INTO EXERCISE_ACTIVITY_ENTITY (ID, NOTES, EXERCISE_ID, WORKOUT_ID) VALUES (4704, '', (SELECT ID FROM EXERCISE_ENTITY WHERE NAME = 'Skullcrusher'), 47);
INSERT INTO EXERCISE_SET_ENTITY (SET_TYPE, ID, NUMBER_OF_REPS, STATUS , WEIGHT , WEIGHT_KG, EXERCISE_ACTIVITY_ID) VALUES ('WeightedSet', 47040, 10.0, 0, null, 5, 4704);
INSERT INTO EXERCISE_SET_ENTITY (SET_TYPE, ID, NUMBER_OF_REPS, STATUS , WEIGHT , WEIGHT_KG, EXERCISE_ACTIVITY_ID) VALUES ('WeightedSet', 47041, 8.0, 0, null, 7.5, 4704);
INSERT INTO EXERCISE_SET_ENTITY (SET_TYPE, ID, NUMBER_OF_REPS, STATUS , WEIGHT , WEIGHT_KG, EXERCISE_ACTIVITY_ID) VALUES ('WeightedSet', 47042, 9.0, 0, null, 7.5, 4704);
INSERT INTO WORKOUT_ENTITY (ID, NOTES, PERFORMED_AT_TIMESTAMP_UTC, WORKOUT_TYPE) VALUES (48, 'Notes', '2019-10-23 15:50:00', 'LEGS');
INSERT INTO EXERCISE_ACTIVITY_ENTITY (ID, NOTES, EXERCISE_ID, WORKOUT_ID) VALUES (4800, '', (SELECT ID FROM EXERCISE_ENTITY WHERE NAME = 'Squat'), 48);
INSERT INTO EXERCISE_SET_ENTITY (SET_TYPE, ID, NUMBER_OF_REPS, STATUS , WEIGHT , WEIGHT_KG, EXERCISE_ACTIVITY_ID) VALUES ('NonWeightedSet', 48000, 8.0, 0, 'body', null, 4800);
INSERT INTO EXERCISE_SET_ENTITY (SET_TYPE, ID, NUMBER_OF_REPS, STATUS , WEIGHT , WEIGHT_KG, EXERCISE_ACTIVITY_ID) VALUES ('WeightedSet', 48001, 5.0, 0, null, 20, 4800);
INSERT INTO EXERCISE_SET_ENTITY (SET_TYPE, ID, NUMBER_OF_REPS, STATUS , WEIGHT , WEIGHT_KG, EXERCISE_ACTIVITY_ID) VALUES ('WeightedSet', 48002, 5.0, 0, null, 40, 4800);
INSERT INTO EXERCISE_SET_ENTITY (SET_TYPE, ID, NUMBER_OF_REPS, STATUS , WEIGHT , WEIGHT_KG, EXERCISE_ACTIVITY_ID) VALUES ('WeightedSet', 48003, 2.0, 0, null, 60, 4800);
INSERT INTO EXERCISE_SET_ENTITY (SET_TYPE, ID, NUMBER_OF_REPS, STATUS , WEIGHT , WEIGHT_KG, EXERCISE_ACTIVITY_ID) VALUES ('WeightedSet', 48004, 2.0, 0, null, 70, 4800);
INSERT INTO EXERCISE_SET_ENTITY (SET_TYPE, ID, NUMBER_OF_REPS, STATUS , WEIGHT , WEIGHT_KG, EXERCISE_ACTIVITY_ID) VALUES ('WeightedSet', 48005, 5.0, 0, null, 85, 4800);
INSERT INTO EXERCISE_SET_ENTITY (SET_TYPE, ID, NUMBER_OF_REPS, STATUS , WEIGHT , WEIGHT_KG, EXERCISE_ACTIVITY_ID) VALUES ('WeightedSet', 48006, 5.0, 0, null, 85, 4800);
INSERT INTO EXERCISE_SET_ENTITY (SET_TYPE, ID, NUMBER_OF_REPS, STATUS , WEIGHT , WEIGHT_KG, EXERCISE_ACTIVITY_ID) VALUES ('WeightedSet', 48007, 4.0, 1, null, 85, 4800);
INSERT INTO EXERCISE_ACTIVITY_ENTITY (ID, NOTES, EXERCISE_ID, WORKOUT_ID) VALUES (4801, '', (SELECT ID FROM EXERCISE_ENTITY WHERE NAME = 'Romanian Deadlift'), 48);
INSERT INTO EXERCISE_SET_ENTITY (SET_TYPE, ID, NUMBER_OF_REPS, STATUS , WEIGHT , WEIGHT_KG, EXERCISE_ACTIVITY_ID) VALUES ('WeightedSet', 48010, 8.0, 0, null, 20, 4801);
INSERT INTO EXERCISE_SET_ENTITY (SET_TYPE, ID, NUMBER_OF_REPS, STATUS , WEIGHT , WEIGHT_KG, EXERCISE_ACTIVITY_ID) VALUES ('WeightedSet', 48011, 8.0, 0, null, 45, 4801);
INSERT INTO EXERCISE_SET_ENTITY (SET_TYPE, ID, NUMBER_OF_REPS, STATUS , WEIGHT , WEIGHT_KG, EXERCISE_ACTIVITY_ID) VALUES ('WeightedSet', 48012, 8.0, 0, null, 45, 4801);
INSERT INTO EXERCISE_SET_ENTITY (SET_TYPE, ID, NUMBER_OF_REPS, STATUS , WEIGHT , WEIGHT_KG, EXERCISE_ACTIVITY_ID) VALUES ('WeightedSet', 48013, 8.0, 0, null, 45, 4801);
INSERT INTO EXERCISE_ACTIVITY_ENTITY (ID, NOTES, EXERCISE_ID, WORKOUT_ID) VALUES (4802, '', (SELECT ID FROM EXERCISE_ENTITY WHERE NAME = 'Front Squat'), 48);
INSERT INTO EXERCISE_SET_ENTITY (SET_TYPE, ID, NUMBER_OF_REPS, STATUS , WEIGHT , WEIGHT_KG, EXERCISE_ACTIVITY_ID) VALUES ('WeightedSet', 48020, 8.0, 0, null, 20, 4802);
INSERT INTO EXERCISE_SET_ENTITY (SET_TYPE, ID, NUMBER_OF_REPS, STATUS , WEIGHT , WEIGHT_KG, EXERCISE_ACTIVITY_ID) VALUES ('WeightedSet', 48021, 8.0, 0, null, 20, 4802);
INSERT INTO EXERCISE_SET_ENTITY (SET_TYPE, ID, NUMBER_OF_REPS, STATUS , WEIGHT , WEIGHT_KG, EXERCISE_ACTIVITY_ID) VALUES ('WeightedSet', 48022, 8.0, 0, null, 20, 4802);
INSERT INTO EXERCISE_ACTIVITY_ENTITY (ID, NOTES, EXERCISE_ID, WORKOUT_ID) VALUES (4803, '', (SELECT ID FROM EXERCISE_ENTITY WHERE NAME = 'Frog Pump'), 48);
INSERT INTO EXERCISE_SET_ENTITY (SET_TYPE, ID, NUMBER_OF_REPS, STATUS , WEIGHT , WEIGHT_KG, EXERCISE_ACTIVITY_ID) VALUES ('NonWeightedSet', 48030, 8.0, 0, 'body', null, 4803);
INSERT INTO EXERCISE_ACTIVITY_ENTITY (ID, NOTES, EXERCISE_ID, WORKOUT_ID) VALUES (4804, '', (SELECT ID FROM EXERCISE_ENTITY WHERE NAME = 'Band Pull Through'), 48);
INSERT INTO EXERCISE_SET_ENTITY (SET_TYPE, ID, NUMBER_OF_REPS, STATUS , WEIGHT , WEIGHT_KG, EXERCISE_ACTIVITY_ID) VALUES ('NonWeightedSet', 48040, 20.0, 0, 'red band', null, 4804);
INSERT INTO EXERCISE_SET_ENTITY (SET_TYPE, ID, NUMBER_OF_REPS, STATUS , WEIGHT , WEIGHT_KG, EXERCISE_ACTIVITY_ID) VALUES ('NonWeightedSet', 48041, 20.0, 0, 'red band', null, 4804);
INSERT INTO EXERCISE_ACTIVITY_ENTITY (ID, NOTES, EXERCISE_ID, WORKOUT_ID) VALUES (4805, '', (SELECT ID FROM EXERCISE_ENTITY WHERE NAME = 'Glute Bridge'), 48);
INSERT INTO EXERCISE_SET_ENTITY (SET_TYPE, ID, NUMBER_OF_REPS, STATUS , WEIGHT , WEIGHT_KG, EXERCISE_ACTIVITY_ID) VALUES ('NonWeightedSet', 48050, 10.0, 0, 'body', null, 4805);
INSERT INTO EXERCISE_ACTIVITY_ENTITY (ID, NOTES, EXERCISE_ID, WORKOUT_ID) VALUES (4806, '', (SELECT ID FROM EXERCISE_ENTITY WHERE NAME = 'Leg Curl'), 48);
INSERT INTO EXERCISE_SET_ENTITY (SET_TYPE, ID, NUMBER_OF_REPS, STATUS , WEIGHT , WEIGHT_KG, EXERCISE_ACTIVITY_ID) VALUES ('NonWeightedSet', 48060, 10.0, 0, 'red band', null, 4806);
INSERT INTO EXERCISE_SET_ENTITY (SET_TYPE, ID, NUMBER_OF_REPS, STATUS , WEIGHT , WEIGHT_KG, EXERCISE_ACTIVITY_ID) VALUES ('NonWeightedSet', 48061, 10.0, 0, 'red band', null, 4806);
INSERT INTO EXERCISE_ACTIVITY_ENTITY (ID, NOTES, EXERCISE_ID, WORKOUT_ID) VALUES (4807, '', (SELECT ID FROM EXERCISE_ENTITY WHERE NAME = 'Seated Calf Raise'), 48);
INSERT INTO EXERCISE_SET_ENTITY (SET_TYPE, ID, NUMBER_OF_REPS, STATUS , WEIGHT , WEIGHT_KG, EXERCISE_ACTIVITY_ID) VALUES ('WeightedSet', 48070, 12.0, 0, null, 20, 4807);
INSERT INTO EXERCISE_SET_ENTITY (SET_TYPE, ID, NUMBER_OF_REPS, STATUS , WEIGHT , WEIGHT_KG, EXERCISE_ACTIVITY_ID) VALUES ('WeightedSet', 48071, 12.0, 0, null, 20, 4807);
INSERT INTO EXERCISE_SET_ENTITY (SET_TYPE, ID, NUMBER_OF_REPS, STATUS , WEIGHT , WEIGHT_KG, EXERCISE_ACTIVITY_ID) VALUES ('WeightedSet', 48072, 12.0, 0, null, 20, 4807);
INSERT INTO EXERCISE_ACTIVITY_ENTITY (ID, NOTES, EXERCISE_ID, WORKOUT_ID) VALUES (4808, '', (SELECT ID FROM EXERCISE_ENTITY WHERE NAME = 'Step Up'), 48);
INSERT INTO EXERCISE_SET_ENTITY (SET_TYPE, ID, NUMBER_OF_REPS, STATUS , WEIGHT , WEIGHT_KG, EXERCISE_ACTIVITY_ID) VALUES ('NonWeightedSet', 48080, 10.0, 0, 'body', null, 4808);
INSERT INTO WORKOUT_ENTITY (ID, NOTES, PERFORMED_AT_TIMESTAMP_UTC, WORKOUT_TYPE) VALUES (49, 'Notes', '2019-10-24 16:05:00', 'PULL');
INSERT INTO EXERCISE_ACTIVITY_ENTITY (ID, NOTES, EXERCISE_ID, WORKOUT_ID) VALUES (4900, '', (SELECT ID FROM EXERCISE_ENTITY WHERE NAME = 'Bent Over Row'), 49);
INSERT INTO EXERCISE_SET_ENTITY (SET_TYPE, ID, NUMBER_OF_REPS, STATUS , WEIGHT , WEIGHT_KG, EXERCISE_ACTIVITY_ID) VALUES ('WeightedSet', 49000, 10.0, 0, null, 20, 4900);
INSERT INTO EXERCISE_SET_ENTITY (SET_TYPE, ID, NUMBER_OF_REPS, STATUS , WEIGHT , WEIGHT_KG, EXERCISE_ACTIVITY_ID) VALUES ('WeightedSet', 49001, 10.0, 0, null, 35, 4900);
INSERT INTO EXERCISE_SET_ENTITY (SET_TYPE, ID, NUMBER_OF_REPS, STATUS , WEIGHT , WEIGHT_KG, EXERCISE_ACTIVITY_ID) VALUES ('WeightedSet', 49002, 10.0, 0, null, 35, 4900);
INSERT INTO EXERCISE_SET_ENTITY (SET_TYPE, ID, NUMBER_OF_REPS, STATUS , WEIGHT , WEIGHT_KG, EXERCISE_ACTIVITY_ID) VALUES ('WeightedSet', 49003, 10.0, 0, null, 35, 4900);
INSERT INTO EXERCISE_ACTIVITY_ENTITY (ID, NOTES, EXERCISE_ID, WORKOUT_ID) VALUES (4901, '', (SELECT ID FROM EXERCISE_ENTITY WHERE NAME = 'Chin Up'), 49);
INSERT INTO EXERCISE_SET_ENTITY (SET_TYPE, ID, NUMBER_OF_REPS, STATUS , WEIGHT , WEIGHT_KG, EXERCISE_ACTIVITY_ID) VALUES ('NonWeightedSet', 49010, 6.0, 0, 'body', null, 4901);
INSERT INTO EXERCISE_SET_ENTITY (SET_TYPE, ID, NUMBER_OF_REPS, STATUS , WEIGHT , WEIGHT_KG, EXERCISE_ACTIVITY_ID) VALUES ('NonWeightedSet', 49011, 6.0, 0, 'body', null, 4901);
INSERT INTO EXERCISE_SET_ENTITY (SET_TYPE, ID, NUMBER_OF_REPS, STATUS , WEIGHT , WEIGHT_KG, EXERCISE_ACTIVITY_ID) VALUES ('NonWeightedSet', 49012, 6.0, 0, 'body', null, 4901);
INSERT INTO EXERCISE_ACTIVITY_ENTITY (ID, NOTES, EXERCISE_ID, WORKOUT_ID) VALUES (4902, '', (SELECT ID FROM EXERCISE_ENTITY WHERE NAME = 'Inverted Row'), 49);
INSERT INTO EXERCISE_SET_ENTITY (SET_TYPE, ID, NUMBER_OF_REPS, STATUS , WEIGHT , WEIGHT_KG, EXERCISE_ACTIVITY_ID) VALUES ('NonWeightedSet', 49020, 10.0, 0, 'body', null, 4902);
INSERT INTO EXERCISE_SET_ENTITY (SET_TYPE, ID, NUMBER_OF_REPS, STATUS , WEIGHT , WEIGHT_KG, EXERCISE_ACTIVITY_ID) VALUES ('NonWeightedSet', 49021, 9.0, 1, 'body', null, 4902);
INSERT INTO EXERCISE_SET_ENTITY (SET_TYPE, ID, NUMBER_OF_REPS, STATUS , WEIGHT , WEIGHT_KG, EXERCISE_ACTIVITY_ID) VALUES ('NonWeightedSet', 49022, 10.0, 0, 'body', null, 4902);
INSERT INTO EXERCISE_SET_ENTITY (SET_TYPE, ID, NUMBER_OF_REPS, STATUS , WEIGHT , WEIGHT_KG, EXERCISE_ACTIVITY_ID) VALUES ('NonWeightedSet', 49023, 10.0, 0, 'body', null, 4902);
INSERT INTO EXERCISE_ACTIVITY_ENTITY (ID, NOTES, EXERCISE_ID, WORKOUT_ID) VALUES (4903, '', (SELECT ID FROM EXERCISE_ENTITY WHERE NAME = 'Dumbbell Curl'), 49);
INSERT INTO EXERCISE_SET_ENTITY (SET_TYPE, ID, NUMBER_OF_REPS, STATUS , WEIGHT , WEIGHT_KG, EXERCISE_ACTIVITY_ID) VALUES ('WeightedSet', 49030, 10.0, 0, null, 7.5, 4903);
INSERT INTO EXERCISE_SET_ENTITY (SET_TYPE, ID, NUMBER_OF_REPS, STATUS , WEIGHT , WEIGHT_KG, EXERCISE_ACTIVITY_ID) VALUES ('WeightedSet', 49031, 10.0, 0, null, 10, 4903);
INSERT INTO EXERCISE_SET_ENTITY (SET_TYPE, ID, NUMBER_OF_REPS, STATUS , WEIGHT , WEIGHT_KG, EXERCISE_ACTIVITY_ID) VALUES ('WeightedSet', 49032, 10.0, 0, null, 10, 4903);
INSERT INTO EXERCISE_ACTIVITY_ENTITY (ID, NOTES, EXERCISE_ID, WORKOUT_ID) VALUES (4904, '', (SELECT ID FROM EXERCISE_ENTITY WHERE NAME = 'Dumbbell Hammer Curl'), 49);
INSERT INTO EXERCISE_SET_ENTITY (SET_TYPE, ID, NUMBER_OF_REPS, STATUS , WEIGHT , WEIGHT_KG, EXERCISE_ACTIVITY_ID) VALUES ('WeightedSet', 49040, 10.0, 0, null, 10, 4904);
INSERT INTO EXERCISE_SET_ENTITY (SET_TYPE, ID, NUMBER_OF_REPS, STATUS , WEIGHT , WEIGHT_KG, EXERCISE_ACTIVITY_ID) VALUES ('WeightedSet', 49041, 10.0, 0, null, 10, 4904);
INSERT INTO EXERCISE_SET_ENTITY (SET_TYPE, ID, NUMBER_OF_REPS, STATUS , WEIGHT , WEIGHT_KG, EXERCISE_ACTIVITY_ID) VALUES ('WeightedSet', 49042, 10.0, 0, null, 7.5, 4904);
INSERT INTO EXERCISE_ACTIVITY_ENTITY (ID, NOTES, EXERCISE_ID, WORKOUT_ID) VALUES (4905, '', (SELECT ID FROM EXERCISE_ENTITY WHERE NAME = 'Barbell Curl'), 49);
INSERT INTO EXERCISE_SET_ENTITY (SET_TYPE, ID, NUMBER_OF_REPS, STATUS , WEIGHT , WEIGHT_KG, EXERCISE_ACTIVITY_ID) VALUES ('WeightedSet', 49050, 10.0, 0, null, 20, 4905);
INSERT INTO EXERCISE_SET_ENTITY (SET_TYPE, ID, NUMBER_OF_REPS, STATUS , WEIGHT , WEIGHT_KG, EXERCISE_ACTIVITY_ID) VALUES ('WeightedSet', 49051, 10.0, 0, null, 20, 4905);
INSERT INTO EXERCISE_ACTIVITY_ENTITY (ID, NOTES, EXERCISE_ID, WORKOUT_ID) VALUES (4906, '', (SELECT ID FROM EXERCISE_ENTITY WHERE NAME = 'Facepull'), 49);
INSERT INTO EXERCISE_SET_ENTITY (SET_TYPE, ID, NUMBER_OF_REPS, STATUS , WEIGHT , WEIGHT_KG, EXERCISE_ACTIVITY_ID) VALUES ('NonWeightedSet', 49060, 20.0, 0, 'yellow band', null, 4906);
INSERT INTO EXERCISE_SET_ENTITY (SET_TYPE, ID, NUMBER_OF_REPS, STATUS , WEIGHT , WEIGHT_KG, EXERCISE_ACTIVITY_ID) VALUES ('NonWeightedSet', 49061, 20.0, 0, 'yellow band', null, 4906);
INSERT INTO WORKOUT_ENTITY (ID, NOTES, PERFORMED_AT_TIMESTAMP_UTC, WORKOUT_TYPE) VALUES (50, 'Notes', '2019-10-25 15:35:00', 'PUSH');
INSERT INTO EXERCISE_ACTIVITY_ENTITY (ID, NOTES, EXERCISE_ID, WORKOUT_ID) VALUES (5000, '', (SELECT ID FROM EXERCISE_ENTITY WHERE NAME = 'Bench Press'), 50);
INSERT INTO EXERCISE_SET_ENTITY (SET_TYPE, ID, NUMBER_OF_REPS, STATUS , WEIGHT , WEIGHT_KG, EXERCISE_ACTIVITY_ID) VALUES ('WeightedSet', 50000, 8.0, 0, null, 20, 5000);
INSERT INTO EXERCISE_SET_ENTITY (SET_TYPE, ID, NUMBER_OF_REPS, STATUS , WEIGHT , WEIGHT_KG, EXERCISE_ACTIVITY_ID) VALUES ('WeightedSet', 50001, 8.0, 0, null, 40, 5000);
INSERT INTO EXERCISE_SET_ENTITY (SET_TYPE, ID, NUMBER_OF_REPS, STATUS , WEIGHT , WEIGHT_KG, EXERCISE_ACTIVITY_ID) VALUES ('WeightedSet', 50002, 8.0, 0, null, 52.5, 5000);
INSERT INTO EXERCISE_SET_ENTITY (SET_TYPE, ID, NUMBER_OF_REPS, STATUS , WEIGHT , WEIGHT_KG, EXERCISE_ACTIVITY_ID) VALUES ('WeightedSet', 50003, 8.0, 0, null, 52.5, 5000);
INSERT INTO EXERCISE_SET_ENTITY (SET_TYPE, ID, NUMBER_OF_REPS, STATUS , WEIGHT , WEIGHT_KG, EXERCISE_ACTIVITY_ID) VALUES ('WeightedSet', 50004, 7.0, 1, null, 52.5, 5000);
INSERT INTO EXERCISE_ACTIVITY_ENTITY (ID, NOTES, EXERCISE_ID, WORKOUT_ID) VALUES (5001, '', (SELECT ID FROM EXERCISE_ENTITY WHERE NAME = 'Overhead Press'), 50);
INSERT INTO EXERCISE_SET_ENTITY (SET_TYPE, ID, NUMBER_OF_REPS, STATUS , WEIGHT , WEIGHT_KG, EXERCISE_ACTIVITY_ID) VALUES ('WeightedSet', 50010, 5.0, 0, null, 20, 5001);
INSERT INTO EXERCISE_SET_ENTITY (SET_TYPE, ID, NUMBER_OF_REPS, STATUS , WEIGHT , WEIGHT_KG, EXERCISE_ACTIVITY_ID) VALUES ('WeightedSet', 50011, 3.0, 0, null, 30, 5001);
INSERT INTO EXERCISE_SET_ENTITY (SET_TYPE, ID, NUMBER_OF_REPS, STATUS , WEIGHT , WEIGHT_KG, EXERCISE_ACTIVITY_ID) VALUES ('WeightedSet', 50012, 4.0, 1, null, 40, 5001);
INSERT INTO EXERCISE_SET_ENTITY (SET_TYPE, ID, NUMBER_OF_REPS, STATUS , WEIGHT , WEIGHT_KG, EXERCISE_ACTIVITY_ID) VALUES ('WeightedSet', 50013, 5.0, 0, null, 37.5, 5001);
INSERT INTO EXERCISE_SET_ENTITY (SET_TYPE, ID, NUMBER_OF_REPS, STATUS , WEIGHT , WEIGHT_KG, EXERCISE_ACTIVITY_ID) VALUES ('WeightedSet', 50014, 5.0, 0, null, 37.5, 5001);
INSERT INTO EXERCISE_SET_ENTITY (SET_TYPE, ID, NUMBER_OF_REPS, STATUS , WEIGHT , WEIGHT_KG, EXERCISE_ACTIVITY_ID) VALUES ('WeightedSet', 50015, 5.0, 0, null, 37.5, 5001);
INSERT INTO EXERCISE_SET_ENTITY (SET_TYPE, ID, NUMBER_OF_REPS, STATUS , WEIGHT , WEIGHT_KG, EXERCISE_ACTIVITY_ID) VALUES ('WeightedSet', 50016, 5.0, 0, null, 37.5, 5001);
INSERT INTO EXERCISE_ACTIVITY_ENTITY (ID, NOTES, EXERCISE_ID, WORKOUT_ID) VALUES (5002, '', (SELECT ID FROM EXERCISE_ENTITY WHERE NAME = 'Incline Dumbbell Press'), 50);
INSERT INTO EXERCISE_SET_ENTITY (SET_TYPE, ID, NUMBER_OF_REPS, STATUS , WEIGHT , WEIGHT_KG, EXERCISE_ACTIVITY_ID) VALUES ('WeightedSet', 50020, 8.0, 0, null, 10, 5002);
INSERT INTO EXERCISE_SET_ENTITY (SET_TYPE, ID, NUMBER_OF_REPS, STATUS , WEIGHT , WEIGHT_KG, EXERCISE_ACTIVITY_ID) VALUES ('WeightedSet', 50021, 8.0, 0, null, 15, 5002);
INSERT INTO EXERCISE_SET_ENTITY (SET_TYPE, ID, NUMBER_OF_REPS, STATUS , WEIGHT , WEIGHT_KG, EXERCISE_ACTIVITY_ID) VALUES ('WeightedSet', 50022, 8.0, 0, null, 15, 5002);
INSERT INTO EXERCISE_SET_ENTITY (SET_TYPE, ID, NUMBER_OF_REPS, STATUS , WEIGHT , WEIGHT_KG, EXERCISE_ACTIVITY_ID) VALUES ('WeightedSet', 50023, 8.0, 0, null, 15, 5002);
INSERT INTO EXERCISE_ACTIVITY_ENTITY (ID, NOTES, EXERCISE_ID, WORKOUT_ID) VALUES (5003, '', (SELECT ID FROM EXERCISE_ENTITY WHERE NAME = 'Lateral Raise'), 50);
INSERT INTO EXERCISE_SET_ENTITY (SET_TYPE, ID, NUMBER_OF_REPS, STATUS , WEIGHT , WEIGHT_KG, EXERCISE_ACTIVITY_ID) VALUES ('WeightedSet', 50030, 15.0, 0, null, 2.5, 5003);
INSERT INTO EXERCISE_SET_ENTITY (SET_TYPE, ID, NUMBER_OF_REPS, STATUS , WEIGHT , WEIGHT_KG, EXERCISE_ACTIVITY_ID) VALUES ('WeightedSet', 50031, 15.0, 0, null, 5, 5003);
INSERT INTO EXERCISE_SET_ENTITY (SET_TYPE, ID, NUMBER_OF_REPS, STATUS , WEIGHT , WEIGHT_KG, EXERCISE_ACTIVITY_ID) VALUES ('WeightedSet', 50032, 15.0, 0, null, 5, 5003);
INSERT INTO EXERCISE_ACTIVITY_ENTITY (ID, NOTES, EXERCISE_ID, WORKOUT_ID) VALUES (5004, '', (SELECT ID FROM EXERCISE_ENTITY WHERE NAME = 'Skullcrusher'), 50);
INSERT INTO EXERCISE_SET_ENTITY (SET_TYPE, ID, NUMBER_OF_REPS, STATUS , WEIGHT , WEIGHT_KG, EXERCISE_ACTIVITY_ID) VALUES ('WeightedSet', 50040, 10.0, 0, null, 5, 5004);
INSERT INTO EXERCISE_SET_ENTITY (SET_TYPE, ID, NUMBER_OF_REPS, STATUS , WEIGHT , WEIGHT_KG, EXERCISE_ACTIVITY_ID) VALUES ('WeightedSet', 50041, 10.0, 0, null, 7.5, 5004);
INSERT INTO EXERCISE_SET_ENTITY (SET_TYPE, ID, NUMBER_OF_REPS, STATUS , WEIGHT , WEIGHT_KG, EXERCISE_ACTIVITY_ID) VALUES ('WeightedSet', 50042, 10.0, 0, null, 7.5, 5004);
INSERT INTO WORKOUT_ENTITY (ID, NOTES, PERFORMED_AT_TIMESTAMP_UTC, WORKOUT_TYPE) VALUES (51, 'Notes', '2019-10-28 16:25:00', 'LEGS');
INSERT INTO EXERCISE_ACTIVITY_ENTITY (ID, NOTES, EXERCISE_ID, WORKOUT_ID) VALUES (5100, '', (SELECT ID FROM EXERCISE_ENTITY WHERE NAME = 'Squat'), 51);
INSERT INTO EXERCISE_SET_ENTITY (SET_TYPE, ID, NUMBER_OF_REPS, STATUS , WEIGHT , WEIGHT_KG, EXERCISE_ACTIVITY_ID) VALUES ('NonWeightedSet', 51000, 8.0, 0, 'body', null, 5100);
INSERT INTO EXERCISE_SET_ENTITY (SET_TYPE, ID, NUMBER_OF_REPS, STATUS , WEIGHT , WEIGHT_KG, EXERCISE_ACTIVITY_ID) VALUES ('WeightedSet', 51001, 8.0, 0, null, 20, 5100);
INSERT INTO EXERCISE_SET_ENTITY (SET_TYPE, ID, NUMBER_OF_REPS, STATUS , WEIGHT , WEIGHT_KG, EXERCISE_ACTIVITY_ID) VALUES ('WeightedSet', 51002, 5.0, 0, null, 40, 5100);
INSERT INTO EXERCISE_SET_ENTITY (SET_TYPE, ID, NUMBER_OF_REPS, STATUS , WEIGHT , WEIGHT_KG, EXERCISE_ACTIVITY_ID) VALUES ('WeightedSet', 51003, 3.0, 0, null, 60, 5100);
INSERT INTO EXERCISE_SET_ENTITY (SET_TYPE, ID, NUMBER_OF_REPS, STATUS , WEIGHT , WEIGHT_KG, EXERCISE_ACTIVITY_ID) VALUES ('WeightedSet', 51004, 8.0, 0, null, 70, 5100);
INSERT INTO EXERCISE_SET_ENTITY (SET_TYPE, ID, NUMBER_OF_REPS, STATUS , WEIGHT , WEIGHT_KG, EXERCISE_ACTIVITY_ID) VALUES ('WeightedSet', 51005, 8.0, 0, null, 70, 5100);
INSERT INTO EXERCISE_SET_ENTITY (SET_TYPE, ID, NUMBER_OF_REPS, STATUS , WEIGHT , WEIGHT_KG, EXERCISE_ACTIVITY_ID) VALUES ('WeightedSet', 51006, 8.0, 0, null, 70, 5100);
INSERT INTO EXERCISE_ACTIVITY_ENTITY (ID, NOTES, EXERCISE_ID, WORKOUT_ID) VALUES (5101, '', (SELECT ID FROM EXERCISE_ENTITY WHERE NAME = 'Romanian Deadlift'), 51);
INSERT INTO EXERCISE_SET_ENTITY (SET_TYPE, ID, NUMBER_OF_REPS, STATUS , WEIGHT , WEIGHT_KG, EXERCISE_ACTIVITY_ID) VALUES ('WeightedSet', 51010, 8.0, 0, null, 20, 5101);
INSERT INTO EXERCISE_SET_ENTITY (SET_TYPE, ID, NUMBER_OF_REPS, STATUS , WEIGHT , WEIGHT_KG, EXERCISE_ACTIVITY_ID) VALUES ('WeightedSet', 51011, 8.0, 0, null, 47.5, 5101);
INSERT INTO EXERCISE_SET_ENTITY (SET_TYPE, ID, NUMBER_OF_REPS, STATUS , WEIGHT , WEIGHT_KG, EXERCISE_ACTIVITY_ID) VALUES ('WeightedSet', 51012, 8.0, 0, null, 47.5, 5101);
INSERT INTO EXERCISE_SET_ENTITY (SET_TYPE, ID, NUMBER_OF_REPS, STATUS , WEIGHT , WEIGHT_KG, EXERCISE_ACTIVITY_ID) VALUES ('WeightedSet', 51013, 8.0, 0, null, 47.5, 5101);
INSERT INTO EXERCISE_ACTIVITY_ENTITY (ID, NOTES, EXERCISE_ID, WORKOUT_ID) VALUES (5102, '', (SELECT ID FROM EXERCISE_ENTITY WHERE NAME = 'Bulgarian Split Squat'), 51);
INSERT INTO EXERCISE_SET_ENTITY (SET_TYPE, ID, NUMBER_OF_REPS, STATUS , WEIGHT , WEIGHT_KG, EXERCISE_ACTIVITY_ID) VALUES ('NonWeightedSet', 51020, 10.0, 0, 'body', null, 5102);
INSERT INTO EXERCISE_SET_ENTITY (SET_TYPE, ID, NUMBER_OF_REPS, STATUS , WEIGHT , WEIGHT_KG, EXERCISE_ACTIVITY_ID) VALUES ('WeightedSet', 51021, 10.0, 0, null, 5, 5102);
INSERT INTO EXERCISE_SET_ENTITY (SET_TYPE, ID, NUMBER_OF_REPS, STATUS , WEIGHT , WEIGHT_KG, EXERCISE_ACTIVITY_ID) VALUES ('WeightedSet', 51022, 10.0, 0, null, 5, 5102);
INSERT INTO EXERCISE_ACTIVITY_ENTITY (ID, NOTES, EXERCISE_ID, WORKOUT_ID) VALUES (5103, '', (SELECT ID FROM EXERCISE_ENTITY WHERE NAME = 'Glute Raise'), 51);
INSERT INTO EXERCISE_SET_ENTITY (SET_TYPE, ID, NUMBER_OF_REPS, STATUS , WEIGHT , WEIGHT_KG, EXERCISE_ACTIVITY_ID) VALUES ('WeightedSet', 51030, 10.0, 0, null, 20, 5103);
INSERT INTO EXERCISE_SET_ENTITY (SET_TYPE, ID, NUMBER_OF_REPS, STATUS , WEIGHT , WEIGHT_KG, EXERCISE_ACTIVITY_ID) VALUES ('WeightedSet', 51031, 10.0, 0, null, 20, 5103);
INSERT INTO EXERCISE_SET_ENTITY (SET_TYPE, ID, NUMBER_OF_REPS, STATUS , WEIGHT , WEIGHT_KG, EXERCISE_ACTIVITY_ID) VALUES ('WeightedSet', 51032, 10.0, 0, null, 20, 5103);
INSERT INTO EXERCISE_ACTIVITY_ENTITY (ID, NOTES, EXERCISE_ID, WORKOUT_ID) VALUES (5104, '', (SELECT ID FROM EXERCISE_ENTITY WHERE NAME = 'Seated Calf Raise'), 51);
INSERT INTO EXERCISE_SET_ENTITY (SET_TYPE, ID, NUMBER_OF_REPS, STATUS , WEIGHT , WEIGHT_KG, EXERCISE_ACTIVITY_ID) VALUES ('WeightedSet', 51040, 10.0, 0, null, 20, 5104);
INSERT INTO EXERCISE_SET_ENTITY (SET_TYPE, ID, NUMBER_OF_REPS, STATUS , WEIGHT , WEIGHT_KG, EXERCISE_ACTIVITY_ID) VALUES ('WeightedSet', 51041, 10.0, 0, null, 20, 5104);
INSERT INTO EXERCISE_SET_ENTITY (SET_TYPE, ID, NUMBER_OF_REPS, STATUS , WEIGHT , WEIGHT_KG, EXERCISE_ACTIVITY_ID) VALUES ('WeightedSet', 51042, 10.0, 0, null, 20, 5104);
INSERT INTO WORKOUT_ENTITY (ID, NOTES, PERFORMED_AT_TIMESTAMP_UTC, WORKOUT_TYPE) VALUES (52, 'Notes', '2019-10-29 15:50:00', 'PULL');
INSERT INTO EXERCISE_ACTIVITY_ENTITY (ID, NOTES, EXERCISE_ID, WORKOUT_ID) VALUES (5200, '', (SELECT ID FROM EXERCISE_ENTITY WHERE NAME = 'Deadlift'), 52);
INSERT INTO EXERCISE_SET_ENTITY (SET_TYPE, ID, NUMBER_OF_REPS, STATUS , WEIGHT , WEIGHT_KG, EXERCISE_ACTIVITY_ID) VALUES ('WeightedSet', 52000, 5.0, 0, null, 20, 5200);
INSERT INTO EXERCISE_SET_ENTITY (SET_TYPE, ID, NUMBER_OF_REPS, STATUS , WEIGHT , WEIGHT_KG, EXERCISE_ACTIVITY_ID) VALUES ('WeightedSet', 52001, 5.0, 0, null, 60, 5200);
INSERT INTO EXERCISE_SET_ENTITY (SET_TYPE, ID, NUMBER_OF_REPS, STATUS , WEIGHT , WEIGHT_KG, EXERCISE_ACTIVITY_ID) VALUES ('WeightedSet', 52002, 3.0, 0, null, 90, 5200);
INSERT INTO EXERCISE_SET_ENTITY (SET_TYPE, ID, NUMBER_OF_REPS, STATUS , WEIGHT , WEIGHT_KG, EXERCISE_ACTIVITY_ID) VALUES ('WeightedSet', 52003, 2.0, 0, null, 110, 5200);
INSERT INTO EXERCISE_SET_ENTITY (SET_TYPE, ID, NUMBER_OF_REPS, STATUS , WEIGHT , WEIGHT_KG, EXERCISE_ACTIVITY_ID) VALUES ('WeightedSet', 52004, 2.0, 0, null, 125, 5200);
INSERT INTO EXERCISE_SET_ENTITY (SET_TYPE, ID, NUMBER_OF_REPS, STATUS , WEIGHT , WEIGHT_KG, EXERCISE_ACTIVITY_ID) VALUES ('WeightedSet', 52005, 5.0, 0, null, 137.5, 5200);
INSERT INTO EXERCISE_SET_ENTITY (SET_TYPE, ID, NUMBER_OF_REPS, STATUS , WEIGHT , WEIGHT_KG, EXERCISE_ACTIVITY_ID) VALUES ('WeightedSet', 52006, 6.0, 0, null, 95, 5200);
INSERT INTO EXERCISE_ACTIVITY_ENTITY (ID, NOTES, EXERCISE_ID, WORKOUT_ID) VALUES (5201, '', (SELECT ID FROM EXERCISE_ENTITY WHERE NAME = 'Pull Up'), 52);
INSERT INTO EXERCISE_SET_ENTITY (SET_TYPE, ID, NUMBER_OF_REPS, STATUS , WEIGHT , WEIGHT_KG, EXERCISE_ACTIVITY_ID) VALUES ('NonWeightedSet', 52010, 8.0, 0, 'body', null, 5201);
INSERT INTO EXERCISE_SET_ENTITY (SET_TYPE, ID, NUMBER_OF_REPS, STATUS , WEIGHT , WEIGHT_KG, EXERCISE_ACTIVITY_ID) VALUES ('NonWeightedSet', 52011, 7.0, 1, 'body', null, 5201);
INSERT INTO EXERCISE_SET_ENTITY (SET_TYPE, ID, NUMBER_OF_REPS, STATUS , WEIGHT , WEIGHT_KG, EXERCISE_ACTIVITY_ID) VALUES ('NonWeightedSet', 52012, 8.0, 1, 'body', null, 5201);
INSERT INTO EXERCISE_ACTIVITY_ENTITY (ID, NOTES, EXERCISE_ID, WORKOUT_ID) VALUES (5202, '', (SELECT ID FROM EXERCISE_ENTITY WHERE NAME = 'Inverted Row'), 52);
INSERT INTO EXERCISE_SET_ENTITY (SET_TYPE, ID, NUMBER_OF_REPS, STATUS , WEIGHT , WEIGHT_KG, EXERCISE_ACTIVITY_ID) VALUES ('NonWeightedSet', 52020, 8.0, 0, 'body', null, 5202);
INSERT INTO EXERCISE_SET_ENTITY (SET_TYPE, ID, NUMBER_OF_REPS, STATUS , WEIGHT , WEIGHT_KG, EXERCISE_ACTIVITY_ID) VALUES ('NonWeightedSet', 52021, 8.0, 0, 'body', null, 5202);
INSERT INTO EXERCISE_SET_ENTITY (SET_TYPE, ID, NUMBER_OF_REPS, STATUS , WEIGHT , WEIGHT_KG, EXERCISE_ACTIVITY_ID) VALUES ('NonWeightedSet', 52022, 8.0, 0, 'body', null, 5202);
INSERT INTO EXERCISE_ACTIVITY_ENTITY (ID, NOTES, EXERCISE_ID, WORKOUT_ID) VALUES (5203, '', (SELECT ID FROM EXERCISE_ENTITY WHERE NAME = 'Batwing Row'), 52);
INSERT INTO EXERCISE_SET_ENTITY (SET_TYPE, ID, NUMBER_OF_REPS, STATUS , WEIGHT , WEIGHT_KG, EXERCISE_ACTIVITY_ID) VALUES ('WeightedSet', 52030, 10.0, 0, null, 5, 5203);
INSERT INTO EXERCISE_SET_ENTITY (SET_TYPE, ID, NUMBER_OF_REPS, STATUS , WEIGHT , WEIGHT_KG, EXERCISE_ACTIVITY_ID) VALUES ('WeightedSet', 52031, 10.0, 0, null, 5, 5203);
INSERT INTO EXERCISE_SET_ENTITY (SET_TYPE, ID, NUMBER_OF_REPS, STATUS , WEIGHT , WEIGHT_KG, EXERCISE_ACTIVITY_ID) VALUES ('WeightedSet', 52032, 10.0, 0, null, 5, 5203);
INSERT INTO EXERCISE_ACTIVITY_ENTITY (ID, NOTES, EXERCISE_ID, WORKOUT_ID) VALUES (5204, '', (SELECT ID FROM EXERCISE_ENTITY WHERE NAME = 'Barbell Curl'), 52);
INSERT INTO EXERCISE_SET_ENTITY (SET_TYPE, ID, NUMBER_OF_REPS, STATUS , WEIGHT , WEIGHT_KG, EXERCISE_ACTIVITY_ID) VALUES ('WeightedSet', 52040, 10.0, 0, null, 22.5, 5204);
INSERT INTO EXERCISE_SET_ENTITY (SET_TYPE, ID, NUMBER_OF_REPS, STATUS , WEIGHT , WEIGHT_KG, EXERCISE_ACTIVITY_ID) VALUES ('WeightedSet', 52041, 10.0, 0, null, 22.5, 5204);
INSERT INTO EXERCISE_SET_ENTITY (SET_TYPE, ID, NUMBER_OF_REPS, STATUS , WEIGHT , WEIGHT_KG, EXERCISE_ACTIVITY_ID) VALUES ('WeightedSet', 52042, 10.0, 0, null, 22.5, 5204);
INSERT INTO EXERCISE_ACTIVITY_ENTITY (ID, NOTES, EXERCISE_ID, WORKOUT_ID) VALUES (5205, '', (SELECT ID FROM EXERCISE_ENTITY WHERE NAME = 'Facepull'), 52);
INSERT INTO EXERCISE_SET_ENTITY (SET_TYPE, ID, NUMBER_OF_REPS, STATUS , WEIGHT , WEIGHT_KG, EXERCISE_ACTIVITY_ID) VALUES ('NonWeightedSet', 52050, 20.0, 0, 'yellow band', null, 5205);
INSERT INTO EXERCISE_SET_ENTITY (SET_TYPE, ID, NUMBER_OF_REPS, STATUS , WEIGHT , WEIGHT_KG, EXERCISE_ACTIVITY_ID) VALUES ('NonWeightedSet', 52051, 20.0, 0, 'yellow band', null, 5205);
INSERT INTO WORKOUT_ENTITY (ID, NOTES, PERFORMED_AT_TIMESTAMP_UTC, WORKOUT_TYPE) VALUES (53, 'Notes', '2019-10-30 15:45:00', 'PUSH');
INSERT INTO EXERCISE_ACTIVITY_ENTITY (ID, NOTES, EXERCISE_ID, WORKOUT_ID) VALUES (5300, '', (SELECT ID FROM EXERCISE_ENTITY WHERE NAME = 'Bench Press'), 53);
INSERT INTO EXERCISE_SET_ENTITY (SET_TYPE, ID, NUMBER_OF_REPS, STATUS , WEIGHT , WEIGHT_KG, EXERCISE_ACTIVITY_ID) VALUES ('WeightedSet', 53000, 5.0, 0, null, 20, 5300);
INSERT INTO EXERCISE_SET_ENTITY (SET_TYPE, ID, NUMBER_OF_REPS, STATUS , WEIGHT , WEIGHT_KG, EXERCISE_ACTIVITY_ID) VALUES ('WeightedSet', 53001, 5.0, 0, null, 40, 5300);
INSERT INTO EXERCISE_SET_ENTITY (SET_TYPE, ID, NUMBER_OF_REPS, STATUS , WEIGHT , WEIGHT_KG, EXERCISE_ACTIVITY_ID) VALUES ('WeightedSet', 53002, 3.0, 0, null, 50, 5300);
INSERT INTO EXERCISE_SET_ENTITY (SET_TYPE, ID, NUMBER_OF_REPS, STATUS , WEIGHT , WEIGHT_KG, EXERCISE_ACTIVITY_ID) VALUES ('WeightedSet', 53003, 5.0, 0, null, 60, 5300);
INSERT INTO EXERCISE_SET_ENTITY (SET_TYPE, ID, NUMBER_OF_REPS, STATUS , WEIGHT , WEIGHT_KG, EXERCISE_ACTIVITY_ID) VALUES ('WeightedSet', 53004, 5.0, 0, null, 60, 5300);
INSERT INTO EXERCISE_SET_ENTITY (SET_TYPE, ID, NUMBER_OF_REPS, STATUS , WEIGHT , WEIGHT_KG, EXERCISE_ACTIVITY_ID) VALUES ('WeightedSet', 53005, 5.0, 0, null, 60, 5300);
INSERT INTO EXERCISE_SET_ENTITY (SET_TYPE, ID, NUMBER_OF_REPS, STATUS , WEIGHT , WEIGHT_KG, EXERCISE_ACTIVITY_ID) VALUES ('WeightedSet', 53006, 5.0, 0, null, 60, 5300);
INSERT INTO EXERCISE_SET_ENTITY (SET_TYPE, ID, NUMBER_OF_REPS, STATUS , WEIGHT , WEIGHT_KG, EXERCISE_ACTIVITY_ID) VALUES ('WeightedSet', 53007, 4.0, 1, null, 60, 5300);
INSERT INTO EXERCISE_ACTIVITY_ENTITY (ID, NOTES, EXERCISE_ID, WORKOUT_ID) VALUES (5301, '', (SELECT ID FROM EXERCISE_ENTITY WHERE NAME = 'Overhead Press'), 53);
INSERT INTO EXERCISE_SET_ENTITY (SET_TYPE, ID, NUMBER_OF_REPS, STATUS , WEIGHT , WEIGHT_KG, EXERCISE_ACTIVITY_ID) VALUES ('WeightedSet', 53010, 8.0, 0, null, 20, 5301);
INSERT INTO EXERCISE_SET_ENTITY (SET_TYPE, ID, NUMBER_OF_REPS, STATUS , WEIGHT , WEIGHT_KG, EXERCISE_ACTIVITY_ID) VALUES ('WeightedSet', 53011, 8.0, 0, null, 35, 5301);
INSERT INTO EXERCISE_SET_ENTITY (SET_TYPE, ID, NUMBER_OF_REPS, STATUS , WEIGHT , WEIGHT_KG, EXERCISE_ACTIVITY_ID) VALUES ('WeightedSet', 53012, 8.0, 0, null, 35, 5301);
INSERT INTO EXERCISE_SET_ENTITY (SET_TYPE, ID, NUMBER_OF_REPS, STATUS , WEIGHT , WEIGHT_KG, EXERCISE_ACTIVITY_ID) VALUES ('WeightedSet', 53013, 6.0, 1, null, 35, 5301);
INSERT INTO EXERCISE_ACTIVITY_ENTITY (ID, NOTES, EXERCISE_ID, WORKOUT_ID) VALUES (5302, '', (SELECT ID FROM EXERCISE_ENTITY WHERE NAME = 'Incline Dumbbell Press'), 53);
INSERT INTO EXERCISE_SET_ENTITY (SET_TYPE, ID, NUMBER_OF_REPS, STATUS , WEIGHT , WEIGHT_KG, EXERCISE_ACTIVITY_ID) VALUES ('WeightedSet', 53020, 8.0, 0, null, 10, 5302);
INSERT INTO EXERCISE_SET_ENTITY (SET_TYPE, ID, NUMBER_OF_REPS, STATUS , WEIGHT , WEIGHT_KG, EXERCISE_ACTIVITY_ID) VALUES ('WeightedSet', 53021, 8.0, 0, null, 17.5, 5302);
INSERT INTO EXERCISE_SET_ENTITY (SET_TYPE, ID, NUMBER_OF_REPS, STATUS , WEIGHT , WEIGHT_KG, EXERCISE_ACTIVITY_ID) VALUES ('WeightedSet', 53022, 8.0, 0, null, 17.5, 5302);
INSERT INTO EXERCISE_SET_ENTITY (SET_TYPE, ID, NUMBER_OF_REPS, STATUS , WEIGHT , WEIGHT_KG, EXERCISE_ACTIVITY_ID) VALUES ('WeightedSet', 53023, 8.0, 0, null, 17.5, 5302);
INSERT INTO EXERCISE_ACTIVITY_ENTITY (ID, NOTES, EXERCISE_ID, WORKOUT_ID) VALUES (5303, '', (SELECT ID FROM EXERCISE_ENTITY WHERE NAME = 'Lateral Raise'), 53);
INSERT INTO EXERCISE_SET_ENTITY (SET_TYPE, ID, NUMBER_OF_REPS, STATUS , WEIGHT , WEIGHT_KG, EXERCISE_ACTIVITY_ID) VALUES ('WeightedSet', 53030, 15.0, 0, null, 2.5, 5303);
INSERT INTO EXERCISE_SET_ENTITY (SET_TYPE, ID, NUMBER_OF_REPS, STATUS , WEIGHT , WEIGHT_KG, EXERCISE_ACTIVITY_ID) VALUES ('WeightedSet', 53031, 15.0, 0, null, 5, 5303);
INSERT INTO EXERCISE_SET_ENTITY (SET_TYPE, ID, NUMBER_OF_REPS, STATUS , WEIGHT , WEIGHT_KG, EXERCISE_ACTIVITY_ID) VALUES ('WeightedSet', 53032, 15.0, 0, null, 5, 5303);
INSERT INTO EXERCISE_ACTIVITY_ENTITY (ID, NOTES, EXERCISE_ID, WORKOUT_ID) VALUES (5304, '', (SELECT ID FROM EXERCISE_ENTITY WHERE NAME = 'Skullcrusher'), 53);
INSERT INTO EXERCISE_SET_ENTITY (SET_TYPE, ID, NUMBER_OF_REPS, STATUS , WEIGHT , WEIGHT_KG, EXERCISE_ACTIVITY_ID) VALUES ('WeightedSet', 53040, 10.0, 0, null, 5, 5304);
INSERT INTO EXERCISE_SET_ENTITY (SET_TYPE, ID, NUMBER_OF_REPS, STATUS , WEIGHT , WEIGHT_KG, EXERCISE_ACTIVITY_ID) VALUES ('WeightedSet', 53041, 10.0, 0, null, 7.5, 5304);
INSERT INTO EXERCISE_SET_ENTITY (SET_TYPE, ID, NUMBER_OF_REPS, STATUS , WEIGHT , WEIGHT_KG, EXERCISE_ACTIVITY_ID) VALUES ('WeightedSet', 53042, 10.0, 0, null, 7.5, 5304);
INSERT INTO WORKOUT_ENTITY (ID, NOTES, PERFORMED_AT_TIMESTAMP_UTC, WORKOUT_TYPE) VALUES (54, 'Notes', '2019-10-31 15:30:00', 'LEGS');
INSERT INTO EXERCISE_ACTIVITY_ENTITY (ID, NOTES, EXERCISE_ID, WORKOUT_ID) VALUES (5400, '', (SELECT ID FROM EXERCISE_ENTITY WHERE NAME = 'Squat'), 54);
INSERT INTO EXERCISE_SET_ENTITY (SET_TYPE, ID, NUMBER_OF_REPS, STATUS , WEIGHT , WEIGHT_KG, EXERCISE_ACTIVITY_ID) VALUES ('NonWeightedSet', 54000, 8.0, 0, 'body', null, 5400);
INSERT INTO EXERCISE_SET_ENTITY (SET_TYPE, ID, NUMBER_OF_REPS, STATUS , WEIGHT , WEIGHT_KG, EXERCISE_ACTIVITY_ID) VALUES ('WeightedSet', 54001, 5.0, 0, null, 20, 5400);
INSERT INTO EXERCISE_SET_ENTITY (SET_TYPE, ID, NUMBER_OF_REPS, STATUS , WEIGHT , WEIGHT_KG, EXERCISE_ACTIVITY_ID) VALUES ('WeightedSet', 54002, 4.0, 0, null, 40, 5400);
INSERT INTO EXERCISE_SET_ENTITY (SET_TYPE, ID, NUMBER_OF_REPS, STATUS , WEIGHT , WEIGHT_KG, EXERCISE_ACTIVITY_ID) VALUES ('WeightedSet', 54003, 3.0, 0, null, 60, 5400);
INSERT INTO EXERCISE_SET_ENTITY (SET_TYPE, ID, NUMBER_OF_REPS, STATUS , WEIGHT , WEIGHT_KG, EXERCISE_ACTIVITY_ID) VALUES ('WeightedSet', 54004, 2.0, 0, null, 70, 5400);
INSERT INTO EXERCISE_SET_ENTITY (SET_TYPE, ID, NUMBER_OF_REPS, STATUS , WEIGHT , WEIGHT_KG, EXERCISE_ACTIVITY_ID) VALUES ('WeightedSet', 54005, 5.0, 0, null, 85, 5400);
INSERT INTO EXERCISE_SET_ENTITY (SET_TYPE, ID, NUMBER_OF_REPS, STATUS , WEIGHT , WEIGHT_KG, EXERCISE_ACTIVITY_ID) VALUES ('WeightedSet', 54006, 5.0, 0, null, 85, 5400);
INSERT INTO EXERCISE_SET_ENTITY (SET_TYPE, ID, NUMBER_OF_REPS, STATUS , WEIGHT , WEIGHT_KG, EXERCISE_ACTIVITY_ID) VALUES ('WeightedSet', 54007, 5.0, 0, null, 85, 5400);
INSERT INTO EXERCISE_ACTIVITY_ENTITY (ID, NOTES, EXERCISE_ID, WORKOUT_ID) VALUES (5401, '', (SELECT ID FROM EXERCISE_ENTITY WHERE NAME = 'Romanian Deadlift'), 54);
INSERT INTO EXERCISE_SET_ENTITY (SET_TYPE, ID, NUMBER_OF_REPS, STATUS , WEIGHT , WEIGHT_KG, EXERCISE_ACTIVITY_ID) VALUES ('WeightedSet', 54010, 8.0, 0, null, 20, 5401);
INSERT INTO EXERCISE_SET_ENTITY (SET_TYPE, ID, NUMBER_OF_REPS, STATUS , WEIGHT , WEIGHT_KG, EXERCISE_ACTIVITY_ID) VALUES ('WeightedSet', 54011, 3.0, 0, null, 40, 5401);
INSERT INTO EXERCISE_SET_ENTITY (SET_TYPE, ID, NUMBER_OF_REPS, STATUS , WEIGHT , WEIGHT_KG, EXERCISE_ACTIVITY_ID) VALUES ('WeightedSet', 54012, 8.0, 0, null, 50, 5401);
INSERT INTO EXERCISE_SET_ENTITY (SET_TYPE, ID, NUMBER_OF_REPS, STATUS , WEIGHT , WEIGHT_KG, EXERCISE_ACTIVITY_ID) VALUES ('WeightedSet', 54013, 8.0, 0, null, 50, 5401);
INSERT INTO EXERCISE_SET_ENTITY (SET_TYPE, ID, NUMBER_OF_REPS, STATUS , WEIGHT , WEIGHT_KG, EXERCISE_ACTIVITY_ID) VALUES ('WeightedSet', 54014, 8.0, 0, null, 50, 5401);
INSERT INTO EXERCISE_ACTIVITY_ENTITY (ID, NOTES, EXERCISE_ID, WORKOUT_ID) VALUES (5402, '', (SELECT ID FROM EXERCISE_ENTITY WHERE NAME = 'Lying Leg Raise'), 54);
INSERT INTO EXERCISE_SET_ENTITY (SET_TYPE, ID, NUMBER_OF_REPS, STATUS , WEIGHT , WEIGHT_KG, EXERCISE_ACTIVITY_ID) VALUES ('NonWeightedSet', 54020, 10.0, 0, 'body', null, 5402);
INSERT INTO EXERCISE_SET_ENTITY (SET_TYPE, ID, NUMBER_OF_REPS, STATUS , WEIGHT , WEIGHT_KG, EXERCISE_ACTIVITY_ID) VALUES ('NonWeightedSet', 54021, 10.0, 0, 'body', null, 5402);
INSERT INTO EXERCISE_SET_ENTITY (SET_TYPE, ID, NUMBER_OF_REPS, STATUS , WEIGHT , WEIGHT_KG, EXERCISE_ACTIVITY_ID) VALUES ('NonWeightedSet', 54022, 10.0, 0, 'body', null, 5402);
INSERT INTO EXERCISE_ACTIVITY_ENTITY (ID, NOTES, EXERCISE_ID, WORKOUT_ID) VALUES (5403, '', (SELECT ID FROM EXERCISE_ENTITY WHERE NAME = 'Lunge'), 54);
INSERT INTO EXERCISE_SET_ENTITY (SET_TYPE, ID, NUMBER_OF_REPS, STATUS , WEIGHT , WEIGHT_KG, EXERCISE_ACTIVITY_ID) VALUES ('NonWeightedSet', 54030, 10.0, 0, 'body', null, 5403);
INSERT INTO EXERCISE_SET_ENTITY (SET_TYPE, ID, NUMBER_OF_REPS, STATUS , WEIGHT , WEIGHT_KG, EXERCISE_ACTIVITY_ID) VALUES ('WeightedSet', 54031, 10.0, 0, null, 7.5, 5403);
INSERT INTO EXERCISE_SET_ENTITY (SET_TYPE, ID, NUMBER_OF_REPS, STATUS , WEIGHT , WEIGHT_KG, EXERCISE_ACTIVITY_ID) VALUES ('WeightedSet', 54032, 10.0, 0, null, 7.5, 5403);
INSERT INTO EXERCISE_ACTIVITY_ENTITY (ID, NOTES, EXERCISE_ID, WORKOUT_ID) VALUES (5404, '', (SELECT ID FROM EXERCISE_ENTITY WHERE NAME = 'Glute Raise'), 54);
INSERT INTO EXERCISE_SET_ENTITY (SET_TYPE, ID, NUMBER_OF_REPS, STATUS , WEIGHT , WEIGHT_KG, EXERCISE_ACTIVITY_ID) VALUES ('NonWeightedSet', 54040, 20.0, 0, 'body', null, 5404);
INSERT INTO EXERCISE_SET_ENTITY (SET_TYPE, ID, NUMBER_OF_REPS, STATUS , WEIGHT , WEIGHT_KG, EXERCISE_ACTIVITY_ID) VALUES ('WeightedSet', 54041, 10.0, 0, null, 20, 5404);
INSERT INTO EXERCISE_SET_ENTITY (SET_TYPE, ID, NUMBER_OF_REPS, STATUS , WEIGHT , WEIGHT_KG, EXERCISE_ACTIVITY_ID) VALUES ('WeightedSet', 54042, 20.0, 0, null, 20, 5404);
INSERT INTO EXERCISE_ACTIVITY_ENTITY (ID, NOTES, EXERCISE_ID, WORKOUT_ID) VALUES (5405, '', (SELECT ID FROM EXERCISE_ENTITY WHERE NAME = 'Bulgarian Split Squat'), 54);
INSERT INTO EXERCISE_SET_ENTITY (SET_TYPE, ID, NUMBER_OF_REPS, STATUS , WEIGHT , WEIGHT_KG, EXERCISE_ACTIVITY_ID) VALUES ('NonWeightedSet', 54050, 10.0, 0, 'body', null, 5405);
INSERT INTO EXERCISE_ACTIVITY_ENTITY (ID, NOTES, EXERCISE_ID, WORKOUT_ID) VALUES (5406, '', (SELECT ID FROM EXERCISE_ENTITY WHERE NAME = 'Seated Calf Raise'), 54);
INSERT INTO EXERCISE_SET_ENTITY (SET_TYPE, ID, NUMBER_OF_REPS, STATUS , WEIGHT , WEIGHT_KG, EXERCISE_ACTIVITY_ID) VALUES ('WeightedSet', 54060, 20.0, 0, null, 20, 5406);
INSERT INTO EXERCISE_SET_ENTITY (SET_TYPE, ID, NUMBER_OF_REPS, STATUS , WEIGHT , WEIGHT_KG, EXERCISE_ACTIVITY_ID) VALUES ('WeightedSet', 54061, 10.0, 0, null, 20, 5406);
INSERT INTO EXERCISE_ACTIVITY_ENTITY (ID, NOTES, EXERCISE_ID, WORKOUT_ID) VALUES (5407, '', (SELECT ID FROM EXERCISE_ENTITY WHERE NAME = 'Standing Calf Raise'), 54);
INSERT INTO EXERCISE_SET_ENTITY (SET_TYPE, ID, NUMBER_OF_REPS, STATUS , WEIGHT , WEIGHT_KG, EXERCISE_ACTIVITY_ID) VALUES ('WeightedSet', 54070, 10.0, 0, null, 125, 5407);
INSERT INTO EXERCISE_SET_ENTITY (SET_TYPE, ID, NUMBER_OF_REPS, STATUS , WEIGHT , WEIGHT_KG, EXERCISE_ACTIVITY_ID) VALUES ('WeightedSet', 54071, 10.0, 0, null, 125, 5407);
INSERT INTO WORKOUT_ENTITY (ID, NOTES, PERFORMED_AT_TIMESTAMP_UTC, WORKOUT_TYPE) VALUES (55, 'Notes', '2019-11-01 15:55:00', 'PULL');
INSERT INTO EXERCISE_ACTIVITY_ENTITY (ID, NOTES, EXERCISE_ID, WORKOUT_ID) VALUES (5500, '', (SELECT ID FROM EXERCISE_ENTITY WHERE NAME = 'Bent Over Row'), 55);
INSERT INTO EXERCISE_SET_ENTITY (SET_TYPE, ID, NUMBER_OF_REPS, STATUS , WEIGHT , WEIGHT_KG, EXERCISE_ACTIVITY_ID) VALUES ('WeightedSet', 55000, 10.0, 0, null, 20, 5500);
INSERT INTO EXERCISE_SET_ENTITY (SET_TYPE, ID, NUMBER_OF_REPS, STATUS , WEIGHT , WEIGHT_KG, EXERCISE_ACTIVITY_ID) VALUES ('WeightedSet', 55001, 10.0, 0, null, 37.5, 5500);
INSERT INTO EXERCISE_SET_ENTITY (SET_TYPE, ID, NUMBER_OF_REPS, STATUS , WEIGHT , WEIGHT_KG, EXERCISE_ACTIVITY_ID) VALUES ('WeightedSet', 55002, 10.0, 0, null, 37.5, 5500);
INSERT INTO EXERCISE_SET_ENTITY (SET_TYPE, ID, NUMBER_OF_REPS, STATUS , WEIGHT , WEIGHT_KG, EXERCISE_ACTIVITY_ID) VALUES ('WeightedSet', 55003, 10.0, 0, null, 37.5, 5500);
INSERT INTO EXERCISE_SET_ENTITY (SET_TYPE, ID, NUMBER_OF_REPS, STATUS , WEIGHT , WEIGHT_KG, EXERCISE_ACTIVITY_ID) VALUES ('WeightedSet', 55004, 10.0, 0, null, 37.5, 5500);
INSERT INTO EXERCISE_ACTIVITY_ENTITY (ID, NOTES, EXERCISE_ID, WORKOUT_ID) VALUES (5501, '', (SELECT ID FROM EXERCISE_ENTITY WHERE NAME = 'Chin Up'), 55);
INSERT INTO EXERCISE_SET_ENTITY (SET_TYPE, ID, NUMBER_OF_REPS, STATUS , WEIGHT , WEIGHT_KG, EXERCISE_ACTIVITY_ID) VALUES ('NonWeightedSet', 55010, 6.0, 0, 'body', null, 5501);
INSERT INTO EXERCISE_SET_ENTITY (SET_TYPE, ID, NUMBER_OF_REPS, STATUS , WEIGHT , WEIGHT_KG, EXERCISE_ACTIVITY_ID) VALUES ('NonWeightedSet', 55011, 6.0, 0, 'body', null, 5501);
INSERT INTO EXERCISE_SET_ENTITY (SET_TYPE, ID, NUMBER_OF_REPS, STATUS , WEIGHT , WEIGHT_KG, EXERCISE_ACTIVITY_ID) VALUES ('NonWeightedSet', 55012, 6.0, 0, 'body', null, 5501);
INSERT INTO EXERCISE_ACTIVITY_ENTITY (ID, NOTES, EXERCISE_ID, WORKOUT_ID) VALUES (5502, '', (SELECT ID FROM EXERCISE_ENTITY WHERE NAME = 'Inverted Row'), 55);
INSERT INTO EXERCISE_SET_ENTITY (SET_TYPE, ID, NUMBER_OF_REPS, STATUS , WEIGHT , WEIGHT_KG, EXERCISE_ACTIVITY_ID) VALUES ('NonWeightedSet', 55020, 10.0, 0, 'body', null, 5502);
INSERT INTO EXERCISE_SET_ENTITY (SET_TYPE, ID, NUMBER_OF_REPS, STATUS , WEIGHT , WEIGHT_KG, EXERCISE_ACTIVITY_ID) VALUES ('NonWeightedSet', 55021, 10.0, 0, 'body', null, 5502);
INSERT INTO EXERCISE_SET_ENTITY (SET_TYPE, ID, NUMBER_OF_REPS, STATUS , WEIGHT , WEIGHT_KG, EXERCISE_ACTIVITY_ID) VALUES ('NonWeightedSet', 55022, 8.0, 0, 'body', null, 5502);
INSERT INTO EXERCISE_SET_ENTITY (SET_TYPE, ID, NUMBER_OF_REPS, STATUS , WEIGHT , WEIGHT_KG, EXERCISE_ACTIVITY_ID) VALUES ('NonWeightedSet', 55023, 10.0, 0, 'body', null, 5502);
INSERT INTO EXERCISE_ACTIVITY_ENTITY (ID, NOTES, EXERCISE_ID, WORKOUT_ID) VALUES (5503, '', (SELECT ID FROM EXERCISE_ENTITY WHERE NAME = 'Batwing Row'), 55);
INSERT INTO EXERCISE_SET_ENTITY (SET_TYPE, ID, NUMBER_OF_REPS, STATUS , WEIGHT , WEIGHT_KG, EXERCISE_ACTIVITY_ID) VALUES ('WeightedSet', 55030, 10.0, 0, null, 5, 5503);
INSERT INTO EXERCISE_SET_ENTITY (SET_TYPE, ID, NUMBER_OF_REPS, STATUS , WEIGHT , WEIGHT_KG, EXERCISE_ACTIVITY_ID) VALUES ('WeightedSet', 55031, 10.0, 0, null, 5, 5503);
INSERT INTO EXERCISE_SET_ENTITY (SET_TYPE, ID, NUMBER_OF_REPS, STATUS , WEIGHT , WEIGHT_KG, EXERCISE_ACTIVITY_ID) VALUES ('WeightedSet', 55032, 10.0, 0, null, 5, 5503);
INSERT INTO EXERCISE_ACTIVITY_ENTITY (ID, NOTES, EXERCISE_ID, WORKOUT_ID) VALUES (5504, '', (SELECT ID FROM EXERCISE_ENTITY WHERE NAME = 'Rear Delt Fly'), 55);
INSERT INTO EXERCISE_SET_ENTITY (SET_TYPE, ID, NUMBER_OF_REPS, STATUS , WEIGHT , WEIGHT_KG, EXERCISE_ACTIVITY_ID) VALUES ('WeightedSet', 55040, 10.0, 0, null, 1.25, 5504);
INSERT INTO EXERCISE_SET_ENTITY (SET_TYPE, ID, NUMBER_OF_REPS, STATUS , WEIGHT , WEIGHT_KG, EXERCISE_ACTIVITY_ID) VALUES ('WeightedSet', 55041, 15.0, 0, null, 1.25, 5504);
INSERT INTO EXERCISE_SET_ENTITY (SET_TYPE, ID, NUMBER_OF_REPS, STATUS , WEIGHT , WEIGHT_KG, EXERCISE_ACTIVITY_ID) VALUES ('WeightedSet', 55042, 15.0, 0, null, 1.25, 5504);
INSERT INTO EXERCISE_ACTIVITY_ENTITY (ID, NOTES, EXERCISE_ID, WORKOUT_ID) VALUES (5505, '', (SELECT ID FROM EXERCISE_ENTITY WHERE NAME = 'Barbell Curl'), 55);
INSERT INTO EXERCISE_SET_ENTITY (SET_TYPE, ID, NUMBER_OF_REPS, STATUS , WEIGHT , WEIGHT_KG, EXERCISE_ACTIVITY_ID) VALUES ('WeightedSet', 55050, 10.0, 0, null, 20, 5505);
INSERT INTO EXERCISE_SET_ENTITY (SET_TYPE, ID, NUMBER_OF_REPS, STATUS , WEIGHT , WEIGHT_KG, EXERCISE_ACTIVITY_ID) VALUES ('WeightedSet', 55051, 10.0, 0, null, 20, 5505);
INSERT INTO EXERCISE_SET_ENTITY (SET_TYPE, ID, NUMBER_OF_REPS, STATUS , WEIGHT , WEIGHT_KG, EXERCISE_ACTIVITY_ID) VALUES ('WeightedSet', 55052, 10.0, 0, null, 20, 5505);
INSERT INTO EXERCISE_SET_ENTITY (SET_TYPE, ID, NUMBER_OF_REPS, STATUS , WEIGHT , WEIGHT_KG, EXERCISE_ACTIVITY_ID) VALUES ('WeightedSet', 55053, 10.0, 0, null, 20, 5505);
INSERT INTO WORKOUT_ENTITY (ID, NOTES, PERFORMED_AT_TIMESTAMP_UTC, WORKOUT_TYPE) VALUES (56, 'Notes', '2019-11-04 15:35:00', 'PUSH');
INSERT INTO EXERCISE_ACTIVITY_ENTITY (ID, NOTES, EXERCISE_ID, WORKOUT_ID) VALUES (5600, '', (SELECT ID FROM EXERCISE_ENTITY WHERE NAME = 'Bench Press'), 56);
INSERT INTO EXERCISE_SET_ENTITY (SET_TYPE, ID, NUMBER_OF_REPS, STATUS , WEIGHT , WEIGHT_KG, EXERCISE_ACTIVITY_ID) VALUES ('WeightedSet', 56000, 8.0, 0, null, 20, 5600);
INSERT INTO EXERCISE_SET_ENTITY (SET_TYPE, ID, NUMBER_OF_REPS, STATUS , WEIGHT , WEIGHT_KG, EXERCISE_ACTIVITY_ID) VALUES ('WeightedSet', 56001, 8.0, 0, null, 40, 5600);
INSERT INTO EXERCISE_SET_ENTITY (SET_TYPE, ID, NUMBER_OF_REPS, STATUS , WEIGHT , WEIGHT_KG, EXERCISE_ACTIVITY_ID) VALUES ('WeightedSet', 56002, 8.0, 0, null, 52.5, 5600);
INSERT INTO EXERCISE_SET_ENTITY (SET_TYPE, ID, NUMBER_OF_REPS, STATUS , WEIGHT , WEIGHT_KG, EXERCISE_ACTIVITY_ID) VALUES ('WeightedSet', 56003, 8.0, 0, null, 52.5, 5600);
INSERT INTO EXERCISE_SET_ENTITY (SET_TYPE, ID, NUMBER_OF_REPS, STATUS , WEIGHT , WEIGHT_KG, EXERCISE_ACTIVITY_ID) VALUES ('WeightedSet', 56004, 7.0, 1, null, 52.5, 5600);
INSERT INTO EXERCISE_ACTIVITY_ENTITY (ID, NOTES, EXERCISE_ID, WORKOUT_ID) VALUES (5601, '', (SELECT ID FROM EXERCISE_ENTITY WHERE NAME = 'Overhead Press'), 56);
INSERT INTO EXERCISE_SET_ENTITY (SET_TYPE, ID, NUMBER_OF_REPS, STATUS , WEIGHT , WEIGHT_KG, EXERCISE_ACTIVITY_ID) VALUES ('WeightedSet', 56010, 7.0, 0, null, 20, 5601);
INSERT INTO EXERCISE_SET_ENTITY (SET_TYPE, ID, NUMBER_OF_REPS, STATUS , WEIGHT , WEIGHT_KG, EXERCISE_ACTIVITY_ID) VALUES ('WeightedSet', 56011, 5.0, 0, null, 37.5, 5601);
INSERT INTO EXERCISE_SET_ENTITY (SET_TYPE, ID, NUMBER_OF_REPS, STATUS , WEIGHT , WEIGHT_KG, EXERCISE_ACTIVITY_ID) VALUES ('WeightedSet', 56012, 5.0, 0, null, 37.5, 5601);
INSERT INTO EXERCISE_SET_ENTITY (SET_TYPE, ID, NUMBER_OF_REPS, STATUS , WEIGHT , WEIGHT_KG, EXERCISE_ACTIVITY_ID) VALUES ('WeightedSet', 56013, 5.0, 0, null, 37.5, 5601);
INSERT INTO EXERCISE_SET_ENTITY (SET_TYPE, ID, NUMBER_OF_REPS, STATUS , WEIGHT , WEIGHT_KG, EXERCISE_ACTIVITY_ID) VALUES ('WeightedSet', 56014, 5.0, 0, null, 37.5, 5601);
INSERT INTO EXERCISE_SET_ENTITY (SET_TYPE, ID, NUMBER_OF_REPS, STATUS , WEIGHT , WEIGHT_KG, EXERCISE_ACTIVITY_ID) VALUES ('WeightedSet', 56015, 7.0, 0, null, 37.5, 5601);
INSERT INTO EXERCISE_ACTIVITY_ENTITY (ID, NOTES, EXERCISE_ID, WORKOUT_ID) VALUES (5602, '', (SELECT ID FROM EXERCISE_ENTITY WHERE NAME = 'Incline Dumbbell Press'), 56);
INSERT INTO EXERCISE_SET_ENTITY (SET_TYPE, ID, NUMBER_OF_REPS, STATUS , WEIGHT , WEIGHT_KG, EXERCISE_ACTIVITY_ID) VALUES ('WeightedSet', 56020, 8.0, 0, null, 10, 5602);
INSERT INTO EXERCISE_SET_ENTITY (SET_TYPE, ID, NUMBER_OF_REPS, STATUS , WEIGHT , WEIGHT_KG, EXERCISE_ACTIVITY_ID) VALUES ('WeightedSet', 56021, 8.0, 0, null, 17.5, 5602);
INSERT INTO EXERCISE_SET_ENTITY (SET_TYPE, ID, NUMBER_OF_REPS, STATUS , WEIGHT , WEIGHT_KG, EXERCISE_ACTIVITY_ID) VALUES ('WeightedSet', 56022, 8.0, 0, null, 17.5, 5602);
INSERT INTO EXERCISE_SET_ENTITY (SET_TYPE, ID, NUMBER_OF_REPS, STATUS , WEIGHT , WEIGHT_KG, EXERCISE_ACTIVITY_ID) VALUES ('WeightedSet', 56023, 7.0, 1, null, 17.5, 5602);
INSERT INTO EXERCISE_ACTIVITY_ENTITY (ID, NOTES, EXERCISE_ID, WORKOUT_ID) VALUES (5603, '', (SELECT ID FROM EXERCISE_ENTITY WHERE NAME = 'Lateral Raise'), 56);
INSERT INTO EXERCISE_SET_ENTITY (SET_TYPE, ID, NUMBER_OF_REPS, STATUS , WEIGHT , WEIGHT_KG, EXERCISE_ACTIVITY_ID) VALUES ('WeightedSet', 56030, 15.0, 0, null, 2.5, 5603);
INSERT INTO EXERCISE_SET_ENTITY (SET_TYPE, ID, NUMBER_OF_REPS, STATUS , WEIGHT , WEIGHT_KG, EXERCISE_ACTIVITY_ID) VALUES ('WeightedSet', 56031, 15.0, 0, null, 5, 5603);
INSERT INTO EXERCISE_SET_ENTITY (SET_TYPE, ID, NUMBER_OF_REPS, STATUS , WEIGHT , WEIGHT_KG, EXERCISE_ACTIVITY_ID) VALUES ('WeightedSet', 56032, 15.0, 0, null, 5, 5603);
INSERT INTO EXERCISE_SET_ENTITY (SET_TYPE, ID, NUMBER_OF_REPS, STATUS , WEIGHT , WEIGHT_KG, EXERCISE_ACTIVITY_ID) VALUES ('WeightedSet', 56033, 15.0, 0, null, 5, 5603);
INSERT INTO EXERCISE_ACTIVITY_ENTITY (ID, NOTES, EXERCISE_ID, WORKOUT_ID) VALUES (5604, '', (SELECT ID FROM EXERCISE_ENTITY WHERE NAME = 'Skullcrusher'), 56);
INSERT INTO EXERCISE_SET_ENTITY (SET_TYPE, ID, NUMBER_OF_REPS, STATUS , WEIGHT , WEIGHT_KG, EXERCISE_ACTIVITY_ID) VALUES ('WeightedSet', 56040, 10.0, 0, null, 5, 5604);
INSERT INTO EXERCISE_SET_ENTITY (SET_TYPE, ID, NUMBER_OF_REPS, STATUS , WEIGHT , WEIGHT_KG, EXERCISE_ACTIVITY_ID) VALUES ('WeightedSet', 56041, 10.0, 0, null, 7.5, 5604);
INSERT INTO EXERCISE_ACTIVITY_ENTITY (ID, NOTES, EXERCISE_ID, WORKOUT_ID) VALUES (5605, '', (SELECT ID FROM EXERCISE_ENTITY WHERE NAME = 'Dip'), 56);
INSERT INTO EXERCISE_SET_ENTITY (SET_TYPE, ID, NUMBER_OF_REPS, STATUS , WEIGHT , WEIGHT_KG, EXERCISE_ACTIVITY_ID) VALUES ('NonWeightedSet', 56050, 7.0, 1, 'body', null, 5605);
INSERT INTO EXERCISE_SET_ENTITY (SET_TYPE, ID, NUMBER_OF_REPS, STATUS , WEIGHT , WEIGHT_KG, EXERCISE_ACTIVITY_ID) VALUES ('NonWeightedSet', 56051, 7.0, 1, 'body', null, 5605);
INSERT INTO EXERCISE_ACTIVITY_ENTITY (ID, NOTES, EXERCISE_ID, WORKOUT_ID) VALUES (5606, '', (SELECT ID FROM EXERCISE_ENTITY WHERE NAME = 'Deadhang'), 56);
INSERT INTO EXERCISE_SET_ENTITY (SET_TYPE, ID, NUMBER_OF_REPS, STATUS , WEIGHT , WEIGHT_KG, EXERCISE_ACTIVITY_ID) VALUES ('NonWeightedSet', 56060, 1, 0, '50 seconds', null, 5606);
INSERT INTO EXERCISE_SET_ENTITY (SET_TYPE, ID, NUMBER_OF_REPS, STATUS , WEIGHT , WEIGHT_KG, EXERCISE_ACTIVITY_ID) VALUES ('NonWeightedSet', 56061, 1, 0, '35 seconds', null, 5606);
INSERT INTO WORKOUT_ENTITY (ID, NOTES, PERFORMED_AT_TIMESTAMP_UTC, WORKOUT_TYPE) VALUES (57, 'Notes', '2019-11-05 15:40:00', 'LEGS');
INSERT INTO EXERCISE_ACTIVITY_ENTITY (ID, NOTES, EXERCISE_ID, WORKOUT_ID) VALUES (5700, '', (SELECT ID FROM EXERCISE_ENTITY WHERE NAME = 'Squat'), 57);
INSERT INTO EXERCISE_SET_ENTITY (SET_TYPE, ID, NUMBER_OF_REPS, STATUS , WEIGHT , WEIGHT_KG, EXERCISE_ACTIVITY_ID) VALUES ('NonWeightedSet', 57000, 8.0, 0, 'body', null, 5700);
INSERT INTO EXERCISE_SET_ENTITY (SET_TYPE, ID, NUMBER_OF_REPS, STATUS , WEIGHT , WEIGHT_KG, EXERCISE_ACTIVITY_ID) VALUES ('WeightedSet', 57001, 8.0, 0, null, 20, 5700);
INSERT INTO EXERCISE_SET_ENTITY (SET_TYPE, ID, NUMBER_OF_REPS, STATUS , WEIGHT , WEIGHT_KG, EXERCISE_ACTIVITY_ID) VALUES ('WeightedSet', 57002, 5.0, 0, null, 40, 5700);
INSERT INTO EXERCISE_SET_ENTITY (SET_TYPE, ID, NUMBER_OF_REPS, STATUS , WEIGHT , WEIGHT_KG, EXERCISE_ACTIVITY_ID) VALUES ('WeightedSet', 57003, 3.0, 0, null, 60, 5700);
INSERT INTO EXERCISE_SET_ENTITY (SET_TYPE, ID, NUMBER_OF_REPS, STATUS , WEIGHT , WEIGHT_KG, EXERCISE_ACTIVITY_ID) VALUES ('WeightedSet', 57004, 8.0, 0, null, 70, 5700);
INSERT INTO EXERCISE_SET_ENTITY (SET_TYPE, ID, NUMBER_OF_REPS, STATUS , WEIGHT , WEIGHT_KG, EXERCISE_ACTIVITY_ID) VALUES ('WeightedSet', 57005, 8.0, 0, null, 70, 5700);
INSERT INTO EXERCISE_SET_ENTITY (SET_TYPE, ID, NUMBER_OF_REPS, STATUS , WEIGHT , WEIGHT_KG, EXERCISE_ACTIVITY_ID) VALUES ('WeightedSet', 57006, 8.0, 0, null, 70, 5700);
INSERT INTO EXERCISE_ACTIVITY_ENTITY (ID, NOTES, EXERCISE_ID, WORKOUT_ID) VALUES (5701, '', (SELECT ID FROM EXERCISE_ENTITY WHERE NAME = 'Romanian Deadlift'), 57);
INSERT INTO EXERCISE_SET_ENTITY (SET_TYPE, ID, NUMBER_OF_REPS, STATUS , WEIGHT , WEIGHT_KG, EXERCISE_ACTIVITY_ID) VALUES ('WeightedSet', 57010, 8.0, 0, null, 20, 5701);
INSERT INTO EXERCISE_SET_ENTITY (SET_TYPE, ID, NUMBER_OF_REPS, STATUS , WEIGHT , WEIGHT_KG, EXERCISE_ACTIVITY_ID) VALUES ('WeightedSet', 57011, 4.0, 0, null, 40, 5701);
INSERT INTO EXERCISE_SET_ENTITY (SET_TYPE, ID, NUMBER_OF_REPS, STATUS , WEIGHT , WEIGHT_KG, EXERCISE_ACTIVITY_ID) VALUES ('WeightedSet', 57012, 8.0, 0, null, 52.5, 5701);
INSERT INTO EXERCISE_SET_ENTITY (SET_TYPE, ID, NUMBER_OF_REPS, STATUS , WEIGHT , WEIGHT_KG, EXERCISE_ACTIVITY_ID) VALUES ('WeightedSet', 57013, 8.0, 0, null, 52.5, 5701);
INSERT INTO EXERCISE_SET_ENTITY (SET_TYPE, ID, NUMBER_OF_REPS, STATUS , WEIGHT , WEIGHT_KG, EXERCISE_ACTIVITY_ID) VALUES ('WeightedSet', 57014, 8.0, 0, null, 52.5, 5701);
INSERT INTO EXERCISE_ACTIVITY_ENTITY (ID, NOTES, EXERCISE_ID, WORKOUT_ID) VALUES (5702, '', (SELECT ID FROM EXERCISE_ENTITY WHERE NAME = 'Lying Leg Raise'), 57);
INSERT INTO EXERCISE_SET_ENTITY (SET_TYPE, ID, NUMBER_OF_REPS, STATUS , WEIGHT , WEIGHT_KG, EXERCISE_ACTIVITY_ID) VALUES ('NonWeightedSet', 57020, 10.0, 0, 'body', null, 5702);
INSERT INTO EXERCISE_SET_ENTITY (SET_TYPE, ID, NUMBER_OF_REPS, STATUS , WEIGHT , WEIGHT_KG, EXERCISE_ACTIVITY_ID) VALUES ('NonWeightedSet', 57021, 10.0, 0, 'body', null, 5702);
INSERT INTO EXERCISE_SET_ENTITY (SET_TYPE, ID, NUMBER_OF_REPS, STATUS , WEIGHT , WEIGHT_KG, EXERCISE_ACTIVITY_ID) VALUES ('NonWeightedSet', 57022, 10.0, 0, 'body', null, 5702);
INSERT INTO EXERCISE_ACTIVITY_ENTITY (ID, NOTES, EXERCISE_ID, WORKOUT_ID) VALUES (5703, '', (SELECT ID FROM EXERCISE_ENTITY WHERE NAME = 'Lunge'), 57);
INSERT INTO EXERCISE_SET_ENTITY (SET_TYPE, ID, NUMBER_OF_REPS, STATUS , WEIGHT , WEIGHT_KG, EXERCISE_ACTIVITY_ID) VALUES ('NonWeightedSet', 57030, 10.0, 0, 'body', null, 5703);
INSERT INTO EXERCISE_SET_ENTITY (SET_TYPE, ID, NUMBER_OF_REPS, STATUS , WEIGHT , WEIGHT_KG, EXERCISE_ACTIVITY_ID) VALUES ('WeightedSet', 57031, 10.0, 0, null, 7.5, 5703);
INSERT INTO EXERCISE_SET_ENTITY (SET_TYPE, ID, NUMBER_OF_REPS, STATUS , WEIGHT , WEIGHT_KG, EXERCISE_ACTIVITY_ID) VALUES ('WeightedSet', 57032, 10.0, 0, null, 7.5, 5703);
INSERT INTO EXERCISE_ACTIVITY_ENTITY (ID, NOTES, EXERCISE_ID, WORKOUT_ID) VALUES (5704, '', (SELECT ID FROM EXERCISE_ENTITY WHERE NAME = 'Glute Raise'), 57);
INSERT INTO EXERCISE_SET_ENTITY (SET_TYPE, ID, NUMBER_OF_REPS, STATUS , WEIGHT , WEIGHT_KG, EXERCISE_ACTIVITY_ID) VALUES ('NonWeightedSet', 57040, 15.0, 0, 'body', null, 5704);
INSERT INTO EXERCISE_SET_ENTITY (SET_TYPE, ID, NUMBER_OF_REPS, STATUS , WEIGHT , WEIGHT_KG, EXERCISE_ACTIVITY_ID) VALUES ('WeightedSet', 57041, 15.0, 0, null, 10, 5704);
INSERT INTO EXERCISE_SET_ENTITY (SET_TYPE, ID, NUMBER_OF_REPS, STATUS , WEIGHT , WEIGHT_KG, EXERCISE_ACTIVITY_ID) VALUES ('WeightedSet', 57042, 10.0, 0, null, 20, 5704);
INSERT INTO EXERCISE_SET_ENTITY (SET_TYPE, ID, NUMBER_OF_REPS, STATUS , WEIGHT , WEIGHT_KG, EXERCISE_ACTIVITY_ID) VALUES ('WeightedSet', 57043, 10.0, 0, null, 20, 5704);
INSERT INTO EXERCISE_ACTIVITY_ENTITY (ID, NOTES, EXERCISE_ID, WORKOUT_ID) VALUES (5705, '', (SELECT ID FROM EXERCISE_ENTITY WHERE NAME = 'Seated Calf Raise'), 57);
INSERT INTO EXERCISE_SET_ENTITY (SET_TYPE, ID, NUMBER_OF_REPS, STATUS , WEIGHT , WEIGHT_KG, EXERCISE_ACTIVITY_ID) VALUES ('WeightedSet', 57050, 20.0, 0, null, 20, 5705);
INSERT INTO EXERCISE_SET_ENTITY (SET_TYPE, ID, NUMBER_OF_REPS, STATUS , WEIGHT , WEIGHT_KG, EXERCISE_ACTIVITY_ID) VALUES ('WeightedSet', 57051, 20.0, 0, null, 20, 5705);
INSERT INTO EXERCISE_ACTIVITY_ENTITY (ID, NOTES, EXERCISE_ID, WORKOUT_ID) VALUES (5706, '', (SELECT ID FROM EXERCISE_ENTITY WHERE NAME = 'Standing Calf Raise'), 57);
INSERT INTO EXERCISE_SET_ENTITY (SET_TYPE, ID, NUMBER_OF_REPS, STATUS , WEIGHT , WEIGHT_KG, EXERCISE_ACTIVITY_ID) VALUES ('WeightedSet', 57060, 10.0, 0, null, 125, 5706);
INSERT INTO EXERCISE_SET_ENTITY (SET_TYPE, ID, NUMBER_OF_REPS, STATUS , WEIGHT , WEIGHT_KG, EXERCISE_ACTIVITY_ID) VALUES ('WeightedSet', 57061, 10.0, 0, null, 125, 5706);
INSERT INTO WORKOUT_ENTITY (ID, NOTES, PERFORMED_AT_TIMESTAMP_UTC, WORKOUT_TYPE) VALUES (58, 'Notes', '2019-11-06 15:40:00', 'PULL');
INSERT INTO EXERCISE_ACTIVITY_ENTITY (ID, NOTES, EXERCISE_ID, WORKOUT_ID) VALUES (5800, '', (SELECT ID FROM EXERCISE_ENTITY WHERE NAME = 'Deadlift'), 58);
INSERT INTO EXERCISE_SET_ENTITY (SET_TYPE, ID, NUMBER_OF_REPS, STATUS , WEIGHT , WEIGHT_KG, EXERCISE_ACTIVITY_ID) VALUES ('WeightedSet', 58000, 5.0, 0, null, 20, 5800);
INSERT INTO EXERCISE_SET_ENTITY (SET_TYPE, ID, NUMBER_OF_REPS, STATUS , WEIGHT , WEIGHT_KG, EXERCISE_ACTIVITY_ID) VALUES ('WeightedSet', 58001, 5.0, 0, null, 60, 5800);
INSERT INTO EXERCISE_SET_ENTITY (SET_TYPE, ID, NUMBER_OF_REPS, STATUS , WEIGHT , WEIGHT_KG, EXERCISE_ACTIVITY_ID) VALUES ('WeightedSet', 58002, 3.0, 0, null, 90, 5800);
INSERT INTO EXERCISE_SET_ENTITY (SET_TYPE, ID, NUMBER_OF_REPS, STATUS , WEIGHT , WEIGHT_KG, EXERCISE_ACTIVITY_ID) VALUES ('WeightedSet', 58003, 2.0, 0, null, 110, 5800);
INSERT INTO EXERCISE_SET_ENTITY (SET_TYPE, ID, NUMBER_OF_REPS, STATUS , WEIGHT , WEIGHT_KG, EXERCISE_ACTIVITY_ID) VALUES ('WeightedSet', 58004, 2.0, 0, null, 125, 5800);
INSERT INTO EXERCISE_SET_ENTITY (SET_TYPE, ID, NUMBER_OF_REPS, STATUS , WEIGHT , WEIGHT_KG, EXERCISE_ACTIVITY_ID) VALUES ('WeightedSet', 58005, 5.0, 0, null, 140, 5800);
INSERT INTO EXERCISE_SET_ENTITY (SET_TYPE, ID, NUMBER_OF_REPS, STATUS , WEIGHT , WEIGHT_KG, EXERCISE_ACTIVITY_ID) VALUES ('WeightedSet', 58006, 5.0, 0, null, 100, 5800);
INSERT INTO EXERCISE_ACTIVITY_ENTITY (ID, NOTES, EXERCISE_ID, WORKOUT_ID) VALUES (5801, '', (SELECT ID FROM EXERCISE_ENTITY WHERE NAME = 'Pull Up'), 58);
INSERT INTO EXERCISE_SET_ENTITY (SET_TYPE, ID, NUMBER_OF_REPS, STATUS , WEIGHT , WEIGHT_KG, EXERCISE_ACTIVITY_ID) VALUES ('NonWeightedSet', 58010, 7.0, 0, 'body', null, 5801);
INSERT INTO EXERCISE_SET_ENTITY (SET_TYPE, ID, NUMBER_OF_REPS, STATUS , WEIGHT , WEIGHT_KG, EXERCISE_ACTIVITY_ID) VALUES ('NonWeightedSet', 58011, 7.0, 0, 'body', null, 5801);
INSERT INTO EXERCISE_SET_ENTITY (SET_TYPE, ID, NUMBER_OF_REPS, STATUS , WEIGHT , WEIGHT_KG, EXERCISE_ACTIVITY_ID) VALUES ('NonWeightedSet', 58012, 7.0, 0, 'body', null, 5801);
INSERT INTO EXERCISE_ACTIVITY_ENTITY (ID, NOTES, EXERCISE_ID, WORKOUT_ID) VALUES (5802, '', (SELECT ID FROM EXERCISE_ENTITY WHERE NAME = 'Inverted Row'), 58);
INSERT INTO EXERCISE_SET_ENTITY (SET_TYPE, ID, NUMBER_OF_REPS, STATUS , WEIGHT , WEIGHT_KG, EXERCISE_ACTIVITY_ID) VALUES ('NonWeightedSet', 58020, 8.0, 0, 'body', null, 5802);
INSERT INTO EXERCISE_SET_ENTITY (SET_TYPE, ID, NUMBER_OF_REPS, STATUS , WEIGHT , WEIGHT_KG, EXERCISE_ACTIVITY_ID) VALUES ('NonWeightedSet', 58021, 8.0, 0, 'body', null, 5802);
INSERT INTO EXERCISE_SET_ENTITY (SET_TYPE, ID, NUMBER_OF_REPS, STATUS , WEIGHT , WEIGHT_KG, EXERCISE_ACTIVITY_ID) VALUES ('NonWeightedSet', 58022, 8.0, 0, 'body', null, 5802);
INSERT INTO EXERCISE_SET_ENTITY (SET_TYPE, ID, NUMBER_OF_REPS, STATUS , WEIGHT , WEIGHT_KG, EXERCISE_ACTIVITY_ID) VALUES ('NonWeightedSet', 58023, 10.0, 0, 'body', null, 5802);
INSERT INTO EXERCISE_ACTIVITY_ENTITY (ID, NOTES, EXERCISE_ID, WORKOUT_ID) VALUES (5803, '', (SELECT ID FROM EXERCISE_ENTITY WHERE NAME = 'Batwing Row'), 58);
INSERT INTO EXERCISE_SET_ENTITY (SET_TYPE, ID, NUMBER_OF_REPS, STATUS , WEIGHT , WEIGHT_KG, EXERCISE_ACTIVITY_ID) VALUES ('WeightedSet', 58030, 10.0, 0, null, 5, 5803);
INSERT INTO EXERCISE_SET_ENTITY (SET_TYPE, ID, NUMBER_OF_REPS, STATUS , WEIGHT , WEIGHT_KG, EXERCISE_ACTIVITY_ID) VALUES ('WeightedSet', 58031, 10.0, 0, null, 5, 5803);
INSERT INTO EXERCISE_SET_ENTITY (SET_TYPE, ID, NUMBER_OF_REPS, STATUS , WEIGHT , WEIGHT_KG, EXERCISE_ACTIVITY_ID) VALUES ('WeightedSet', 58032, 10.0, 0, null, 5, 5803);
INSERT INTO EXERCISE_ACTIVITY_ENTITY (ID, NOTES, EXERCISE_ID, WORKOUT_ID) VALUES (5804, '', (SELECT ID FROM EXERCISE_ENTITY WHERE NAME = 'Rear Delt Fly'), 58);
INSERT INTO EXERCISE_SET_ENTITY (SET_TYPE, ID, NUMBER_OF_REPS, STATUS , WEIGHT , WEIGHT_KG, EXERCISE_ACTIVITY_ID) VALUES ('WeightedSet', 58040, 20.0, 0, null, 1.25, 5804);
INSERT INTO EXERCISE_SET_ENTITY (SET_TYPE, ID, NUMBER_OF_REPS, STATUS , WEIGHT , WEIGHT_KG, EXERCISE_ACTIVITY_ID) VALUES ('WeightedSet', 58041, 20.0, 0, null, 1.25, 5804);
INSERT INTO EXERCISE_SET_ENTITY (SET_TYPE, ID, NUMBER_OF_REPS, STATUS , WEIGHT , WEIGHT_KG, EXERCISE_ACTIVITY_ID) VALUES ('WeightedSet', 58042, 20.0, 0, null, 1.25, 5804);
INSERT INTO EXERCISE_SET_ENTITY (SET_TYPE, ID, NUMBER_OF_REPS, STATUS , WEIGHT , WEIGHT_KG, EXERCISE_ACTIVITY_ID) VALUES ('WeightedSet', 58043, 20.0, 0, null, 1.25, 5804);
INSERT INTO EXERCISE_ACTIVITY_ENTITY (ID, NOTES, EXERCISE_ID, WORKOUT_ID) VALUES (5805, '', (SELECT ID FROM EXERCISE_ENTITY WHERE NAME = 'Barbell Curl'), 58);
INSERT INTO EXERCISE_SET_ENTITY (SET_TYPE, ID, NUMBER_OF_REPS, STATUS , WEIGHT , WEIGHT_KG, EXERCISE_ACTIVITY_ID) VALUES ('WeightedSet', 58050, 10.0, 0, null, 22.5, 5805);
INSERT INTO EXERCISE_SET_ENTITY (SET_TYPE, ID, NUMBER_OF_REPS, STATUS , WEIGHT , WEIGHT_KG, EXERCISE_ACTIVITY_ID) VALUES ('WeightedSet', 58051, 10.0, 0, null, 22.5, 5805);
INSERT INTO EXERCISE_SET_ENTITY (SET_TYPE, ID, NUMBER_OF_REPS, STATUS , WEIGHT , WEIGHT_KG, EXERCISE_ACTIVITY_ID) VALUES ('WeightedSet', 58052, 10.0, 0, null, 22.5, 5805);
INSERT INTO EXERCISE_SET_ENTITY (SET_TYPE, ID, NUMBER_OF_REPS, STATUS , WEIGHT , WEIGHT_KG, EXERCISE_ACTIVITY_ID) VALUES ('WeightedSet', 58053, 10.0, 0, null, 22.5, 5805);
INSERT INTO WORKOUT_ENTITY (ID, NOTES, PERFORMED_AT_TIMESTAMP_UTC, WORKOUT_TYPE) VALUES (59, 'Notes', '2019-11-07 15:40:00', 'PUSH');
INSERT INTO EXERCISE_ACTIVITY_ENTITY (ID, NOTES, EXERCISE_ID, WORKOUT_ID) VALUES (5900, '', (SELECT ID FROM EXERCISE_ENTITY WHERE NAME = 'Bench Press'), 59);
INSERT INTO EXERCISE_SET_ENTITY (SET_TYPE, ID, NUMBER_OF_REPS, STATUS , WEIGHT , WEIGHT_KG, EXERCISE_ACTIVITY_ID) VALUES ('WeightedSet', 59000, 6.0, 0, null, 20, 5900);
INSERT INTO EXERCISE_SET_ENTITY (SET_TYPE, ID, NUMBER_OF_REPS, STATUS , WEIGHT , WEIGHT_KG, EXERCISE_ACTIVITY_ID) VALUES ('WeightedSet', 59001, 5.0, 0, null, 40, 5900);
INSERT INTO EXERCISE_SET_ENTITY (SET_TYPE, ID, NUMBER_OF_REPS, STATUS , WEIGHT , WEIGHT_KG, EXERCISE_ACTIVITY_ID) VALUES ('WeightedSet', 59002, 3.0, 0, null, 50, 5900);
INSERT INTO EXERCISE_SET_ENTITY (SET_TYPE, ID, NUMBER_OF_REPS, STATUS , WEIGHT , WEIGHT_KG, EXERCISE_ACTIVITY_ID) VALUES ('WeightedSet', 59003, 5.0, 0, null, 60, 5900);
INSERT INTO EXERCISE_SET_ENTITY (SET_TYPE, ID, NUMBER_OF_REPS, STATUS , WEIGHT , WEIGHT_KG, EXERCISE_ACTIVITY_ID) VALUES ('WeightedSet', 59004, 5.0, 0, null, 60, 5900);
INSERT INTO EXERCISE_SET_ENTITY (SET_TYPE, ID, NUMBER_OF_REPS, STATUS , WEIGHT , WEIGHT_KG, EXERCISE_ACTIVITY_ID) VALUES ('WeightedSet', 59005, 5.0, 0, null, 60, 5900);
INSERT INTO EXERCISE_SET_ENTITY (SET_TYPE, ID, NUMBER_OF_REPS, STATUS , WEIGHT , WEIGHT_KG, EXERCISE_ACTIVITY_ID) VALUES ('WeightedSet', 59006, 5.0, 0, null, 60, 5900);
INSERT INTO EXERCISE_SET_ENTITY (SET_TYPE, ID, NUMBER_OF_REPS, STATUS , WEIGHT , WEIGHT_KG, EXERCISE_ACTIVITY_ID) VALUES ('WeightedSet', 59007, 5.0, 0, null, 60, 5900);
INSERT INTO EXERCISE_ACTIVITY_ENTITY (ID, NOTES, EXERCISE_ID, WORKOUT_ID) VALUES (5901, '', (SELECT ID FROM EXERCISE_ENTITY WHERE NAME = 'Overhead Press'), 59);
INSERT INTO EXERCISE_SET_ENTITY (SET_TYPE, ID, NUMBER_OF_REPS, STATUS , WEIGHT , WEIGHT_KG, EXERCISE_ACTIVITY_ID) VALUES ('WeightedSet', 59010, 8.0, 0, null, 20, 5901);
INSERT INTO EXERCISE_SET_ENTITY (SET_TYPE, ID, NUMBER_OF_REPS, STATUS , WEIGHT , WEIGHT_KG, EXERCISE_ACTIVITY_ID) VALUES ('WeightedSet', 59011, 8.0, 0, null, 35, 5901);
INSERT INTO EXERCISE_SET_ENTITY (SET_TYPE, ID, NUMBER_OF_REPS, STATUS , WEIGHT , WEIGHT_KG, EXERCISE_ACTIVITY_ID) VALUES ('WeightedSet', 59012, 8.0, 0, null, 35, 5901);
INSERT INTO EXERCISE_SET_ENTITY (SET_TYPE, ID, NUMBER_OF_REPS, STATUS , WEIGHT , WEIGHT_KG, EXERCISE_ACTIVITY_ID) VALUES ('WeightedSet', 59013, 7.0, 1, null, 35, 5901);
INSERT INTO EXERCISE_ACTIVITY_ENTITY (ID, NOTES, EXERCISE_ID, WORKOUT_ID) VALUES (5902, '', (SELECT ID FROM EXERCISE_ENTITY WHERE NAME = 'Incline Dumbbell Press'), 59);
INSERT INTO EXERCISE_SET_ENTITY (SET_TYPE, ID, NUMBER_OF_REPS, STATUS , WEIGHT , WEIGHT_KG, EXERCISE_ACTIVITY_ID) VALUES ('WeightedSet', 59020, 10.0, 0, null, 10, 5902);
INSERT INTO EXERCISE_SET_ENTITY (SET_TYPE, ID, NUMBER_OF_REPS, STATUS , WEIGHT , WEIGHT_KG, EXERCISE_ACTIVITY_ID) VALUES ('WeightedSet', 59021, 8.0, 0, null, 17.5, 5902);
INSERT INTO EXERCISE_SET_ENTITY (SET_TYPE, ID, NUMBER_OF_REPS, STATUS , WEIGHT , WEIGHT_KG, EXERCISE_ACTIVITY_ID) VALUES ('WeightedSet', 59022, 8.0, 0, null, 17.5, 5902);
INSERT INTO EXERCISE_SET_ENTITY (SET_TYPE, ID, NUMBER_OF_REPS, STATUS , WEIGHT , WEIGHT_KG, EXERCISE_ACTIVITY_ID) VALUES ('WeightedSet', 59023, 8.0, 0, null, 17.5, 5902);
INSERT INTO EXERCISE_ACTIVITY_ENTITY (ID, NOTES, EXERCISE_ID, WORKOUT_ID) VALUES (5903, '', (SELECT ID FROM EXERCISE_ENTITY WHERE NAME = 'Lateral Raise'), 59);
INSERT INTO EXERCISE_SET_ENTITY (SET_TYPE, ID, NUMBER_OF_REPS, STATUS , WEIGHT , WEIGHT_KG, EXERCISE_ACTIVITY_ID) VALUES ('WeightedSet', 59030, 15.0, 0, null, 2.5, 5903);
INSERT INTO EXERCISE_SET_ENTITY (SET_TYPE, ID, NUMBER_OF_REPS, STATUS , WEIGHT , WEIGHT_KG, EXERCISE_ACTIVITY_ID) VALUES ('WeightedSet', 59031, 15.0, 0, null, 5, 5903);
INSERT INTO EXERCISE_SET_ENTITY (SET_TYPE, ID, NUMBER_OF_REPS, STATUS , WEIGHT , WEIGHT_KG, EXERCISE_ACTIVITY_ID) VALUES ('WeightedSet', 59032, 15.0, 0, null, 5, 5903);
INSERT INTO EXERCISE_ACTIVITY_ENTITY (ID, NOTES, EXERCISE_ID, WORKOUT_ID) VALUES (5904, '', (SELECT ID FROM EXERCISE_ENTITY WHERE NAME = 'Dip'), 59);
INSERT INTO EXERCISE_SET_ENTITY (SET_TYPE, ID, NUMBER_OF_REPS, STATUS , WEIGHT , WEIGHT_KG, EXERCISE_ACTIVITY_ID) VALUES ('NonWeightedSet', 59040, 8.0, 0, 'body', null, 5904);
INSERT INTO EXERCISE_SET_ENTITY (SET_TYPE, ID, NUMBER_OF_REPS, STATUS , WEIGHT , WEIGHT_KG, EXERCISE_ACTIVITY_ID) VALUES ('NonWeightedSet', 59041, 8.0, 0, 'body', null, 5904);
INSERT INTO EXERCISE_SET_ENTITY (SET_TYPE, ID, NUMBER_OF_REPS, STATUS , WEIGHT , WEIGHT_KG, EXERCISE_ACTIVITY_ID) VALUES ('NonWeightedSet', 59042, 8.0, 0, 'body', null, 5904);
INSERT INTO WORKOUT_ENTITY (ID, NOTES, PERFORMED_AT_TIMESTAMP_UTC, WORKOUT_TYPE) VALUES (60, 'Notes', '2019-11-08 15:40:00', 'LEGS');
INSERT INTO EXERCISE_ACTIVITY_ENTITY (ID, NOTES, EXERCISE_ID, WORKOUT_ID) VALUES (6000, '', (SELECT ID FROM EXERCISE_ENTITY WHERE NAME = 'Squat'), 60);
INSERT INTO EXERCISE_SET_ENTITY (SET_TYPE, ID, NUMBER_OF_REPS, STATUS , WEIGHT , WEIGHT_KG, EXERCISE_ACTIVITY_ID) VALUES ('NonWeightedSet', 60000, 8.0, 0, 'body', null, 6000);
INSERT INTO EXERCISE_SET_ENTITY (SET_TYPE, ID, NUMBER_OF_REPS, STATUS , WEIGHT , WEIGHT_KG, EXERCISE_ACTIVITY_ID) VALUES ('WeightedSet', 60001, 5.0, 0, null, 20, 6000);
INSERT INTO EXERCISE_SET_ENTITY (SET_TYPE, ID, NUMBER_OF_REPS, STATUS , WEIGHT , WEIGHT_KG, EXERCISE_ACTIVITY_ID) VALUES ('WeightedSet', 60002, 5.0, 0, null, 40, 6000);
INSERT INTO EXERCISE_SET_ENTITY (SET_TYPE, ID, NUMBER_OF_REPS, STATUS , WEIGHT , WEIGHT_KG, EXERCISE_ACTIVITY_ID) VALUES ('WeightedSet', 60003, 3.0, 0, null, 60, 6000);
INSERT INTO EXERCISE_SET_ENTITY (SET_TYPE, ID, NUMBER_OF_REPS, STATUS , WEIGHT , WEIGHT_KG, EXERCISE_ACTIVITY_ID) VALUES ('WeightedSet', 60004, 2.0, 0, null, 75, 6000);
INSERT INTO EXERCISE_SET_ENTITY (SET_TYPE, ID, NUMBER_OF_REPS, STATUS , WEIGHT , WEIGHT_KG, EXERCISE_ACTIVITY_ID) VALUES ('WeightedSet', 60005, 5.0, 0, null, 87.5, 6000);
INSERT INTO EXERCISE_SET_ENTITY (SET_TYPE, ID, NUMBER_OF_REPS, STATUS , WEIGHT , WEIGHT_KG, EXERCISE_ACTIVITY_ID) VALUES ('WeightedSet', 60006, 5.0, 0, null, 87.5, 6000);
INSERT INTO EXERCISE_SET_ENTITY (SET_TYPE, ID, NUMBER_OF_REPS, STATUS , WEIGHT , WEIGHT_KG, EXERCISE_ACTIVITY_ID) VALUES ('WeightedSet', 60007, 5.0, 0, null, 87.5, 6000);
INSERT INTO EXERCISE_ACTIVITY_ENTITY (ID, NOTES, EXERCISE_ID, WORKOUT_ID) VALUES (6001, '', (SELECT ID FROM EXERCISE_ENTITY WHERE NAME = 'Romanian Deadlift'), 60);
INSERT INTO EXERCISE_SET_ENTITY (SET_TYPE, ID, NUMBER_OF_REPS, STATUS , WEIGHT , WEIGHT_KG, EXERCISE_ACTIVITY_ID) VALUES ('WeightedSet', 60010, 8.0, 0, null, 20, 6001);
INSERT INTO EXERCISE_SET_ENTITY (SET_TYPE, ID, NUMBER_OF_REPS, STATUS , WEIGHT , WEIGHT_KG, EXERCISE_ACTIVITY_ID) VALUES ('WeightedSet', 60011, 4.0, 0, null, 40, 6001);
INSERT INTO EXERCISE_SET_ENTITY (SET_TYPE, ID, NUMBER_OF_REPS, STATUS , WEIGHT , WEIGHT_KG, EXERCISE_ACTIVITY_ID) VALUES ('WeightedSet', 60012, 8.0, 0, null, 55, 6001);
INSERT INTO EXERCISE_SET_ENTITY (SET_TYPE, ID, NUMBER_OF_REPS, STATUS , WEIGHT , WEIGHT_KG, EXERCISE_ACTIVITY_ID) VALUES ('WeightedSet', 60013, 8.0, 0, null, 55, 6001);
INSERT INTO EXERCISE_SET_ENTITY (SET_TYPE, ID, NUMBER_OF_REPS, STATUS , WEIGHT , WEIGHT_KG, EXERCISE_ACTIVITY_ID) VALUES ('WeightedSet', 60014, 8.0, 0, null, 55, 6001);
INSERT INTO EXERCISE_ACTIVITY_ENTITY (ID, NOTES, EXERCISE_ID, WORKOUT_ID) VALUES (6002, '', (SELECT ID FROM EXERCISE_ENTITY WHERE NAME = 'Lying Leg Raise'), 60);
INSERT INTO EXERCISE_SET_ENTITY (SET_TYPE, ID, NUMBER_OF_REPS, STATUS , WEIGHT , WEIGHT_KG, EXERCISE_ACTIVITY_ID) VALUES ('NonWeightedSet', 60020, 10.0, 0, 'body', null, 6002);
INSERT INTO EXERCISE_SET_ENTITY (SET_TYPE, ID, NUMBER_OF_REPS, STATUS , WEIGHT , WEIGHT_KG, EXERCISE_ACTIVITY_ID) VALUES ('NonWeightedSet', 60021, 10.0, 0, 'body', null, 6002);
INSERT INTO EXERCISE_SET_ENTITY (SET_TYPE, ID, NUMBER_OF_REPS, STATUS , WEIGHT , WEIGHT_KG, EXERCISE_ACTIVITY_ID) VALUES ('NonWeightedSet', 60022, 10.0, 0, 'body', null, 6002);
INSERT INTO EXERCISE_ACTIVITY_ENTITY (ID, NOTES, EXERCISE_ID, WORKOUT_ID) VALUES (6003, '', (SELECT ID FROM EXERCISE_ENTITY WHERE NAME = 'Lunge'), 60);
INSERT INTO EXERCISE_SET_ENTITY (SET_TYPE, ID, NUMBER_OF_REPS, STATUS , WEIGHT , WEIGHT_KG, EXERCISE_ACTIVITY_ID) VALUES ('NonWeightedSet', 60030, 10.0, 0, 'body', null, 6003);
INSERT INTO EXERCISE_SET_ENTITY (SET_TYPE, ID, NUMBER_OF_REPS, STATUS , WEIGHT , WEIGHT_KG, EXERCISE_ACTIVITY_ID) VALUES ('WeightedSet', 60031, 10.0, 0, null, 7.5, 6003);
INSERT INTO EXERCISE_SET_ENTITY (SET_TYPE, ID, NUMBER_OF_REPS, STATUS , WEIGHT , WEIGHT_KG, EXERCISE_ACTIVITY_ID) VALUES ('WeightedSet', 60032, 10.0, 0, null, 10, 6003);
INSERT INTO EXERCISE_ACTIVITY_ENTITY (ID, NOTES, EXERCISE_ID, WORKOUT_ID) VALUES (6004, '', (SELECT ID FROM EXERCISE_ENTITY WHERE NAME = 'Glute Raise'), 60);
INSERT INTO EXERCISE_SET_ENTITY (SET_TYPE, ID, NUMBER_OF_REPS, STATUS , WEIGHT , WEIGHT_KG, EXERCISE_ACTIVITY_ID) VALUES ('NonWeightedSet', 60040, 20.0, 0, 'body', null, 6004);
INSERT INTO EXERCISE_SET_ENTITY (SET_TYPE, ID, NUMBER_OF_REPS, STATUS , WEIGHT , WEIGHT_KG, EXERCISE_ACTIVITY_ID) VALUES ('NonWeightedSet', 60041, 10.0, 0, 'body', null, 6004);
INSERT INTO EXERCISE_SET_ENTITY (SET_TYPE, ID, NUMBER_OF_REPS, STATUS , WEIGHT , WEIGHT_KG, EXERCISE_ACTIVITY_ID) VALUES ('WeightedSet', 60042, 10.0, 0, null, 10, 6004);
INSERT INTO EXERCISE_ACTIVITY_ENTITY (ID, NOTES, EXERCISE_ID, WORKOUT_ID) VALUES (6005, '', (SELECT ID FROM EXERCISE_ENTITY WHERE NAME = 'Seated Calf Raise'), 60);
INSERT INTO EXERCISE_SET_ENTITY (SET_TYPE, ID, NUMBER_OF_REPS, STATUS , WEIGHT , WEIGHT_KG, EXERCISE_ACTIVITY_ID) VALUES ('WeightedSet', 60050, 20.0, 0, null, 20, 6005);
INSERT INTO EXERCISE_SET_ENTITY (SET_TYPE, ID, NUMBER_OF_REPS, STATUS , WEIGHT , WEIGHT_KG, EXERCISE_ACTIVITY_ID) VALUES ('WeightedSet', 60051, 20.0, 0, null, 20, 6005);
INSERT INTO EXERCISE_ACTIVITY_ENTITY (ID, NOTES, EXERCISE_ID, WORKOUT_ID) VALUES (6006, '', (SELECT ID FROM EXERCISE_ENTITY WHERE NAME = 'Standing Calf Raise'), 60);
INSERT INTO EXERCISE_SET_ENTITY (SET_TYPE, ID, NUMBER_OF_REPS, STATUS , WEIGHT , WEIGHT_KG, EXERCISE_ACTIVITY_ID) VALUES ('WeightedSet', 60060, 10.0, 0, null, 125, 6006);
INSERT INTO EXERCISE_SET_ENTITY (SET_TYPE, ID, NUMBER_OF_REPS, STATUS , WEIGHT , WEIGHT_KG, EXERCISE_ACTIVITY_ID) VALUES ('WeightedSet', 60061, 10.0, 0, null, 125, 6006);
INSERT INTO WORKOUT_ENTITY (ID, NOTES, PERFORMED_AT_TIMESTAMP_UTC, WORKOUT_TYPE) VALUES (61, 'Notes', '2019-11-12 15:50:00', 'PULL');
INSERT INTO EXERCISE_ACTIVITY_ENTITY (ID, NOTES, EXERCISE_ID, WORKOUT_ID) VALUES (6100, '', (SELECT ID FROM EXERCISE_ENTITY WHERE NAME = 'Bent Over Row'), 61);
INSERT INTO EXERCISE_SET_ENTITY (SET_TYPE, ID, NUMBER_OF_REPS, STATUS , WEIGHT , WEIGHT_KG, EXERCISE_ACTIVITY_ID) VALUES ('WeightedSet', 61000, 15.0, 0, null, 20, 6100);
INSERT INTO EXERCISE_SET_ENTITY (SET_TYPE, ID, NUMBER_OF_REPS, STATUS , WEIGHT , WEIGHT_KG, EXERCISE_ACTIVITY_ID) VALUES ('WeightedSet', 61001, 10.0, 0, null, 30, 6100);
INSERT INTO EXERCISE_SET_ENTITY (SET_TYPE, ID, NUMBER_OF_REPS, STATUS , WEIGHT , WEIGHT_KG, EXERCISE_ACTIVITY_ID) VALUES ('WeightedSet', 61002, 11.0, 0, null, 40, 6100);
INSERT INTO EXERCISE_SET_ENTITY (SET_TYPE, ID, NUMBER_OF_REPS, STATUS , WEIGHT , WEIGHT_KG, EXERCISE_ACTIVITY_ID) VALUES ('WeightedSet', 61003, 10.0, 0, null, 40, 6100);
INSERT INTO EXERCISE_SET_ENTITY (SET_TYPE, ID, NUMBER_OF_REPS, STATUS , WEIGHT , WEIGHT_KG, EXERCISE_ACTIVITY_ID) VALUES ('WeightedSet', 61004, 10.0, 0, null, 40, 6100);
INSERT INTO EXERCISE_ACTIVITY_ENTITY (ID, NOTES, EXERCISE_ID, WORKOUT_ID) VALUES (6101, '', (SELECT ID FROM EXERCISE_ENTITY WHERE NAME = 'Chin Up'), 61);
INSERT INTO EXERCISE_SET_ENTITY (SET_TYPE, ID, NUMBER_OF_REPS, STATUS , WEIGHT , WEIGHT_KG, EXERCISE_ACTIVITY_ID) VALUES ('NonWeightedSet', 61010, 7.0, 0, 'body', null, 6101);
INSERT INTO EXERCISE_SET_ENTITY (SET_TYPE, ID, NUMBER_OF_REPS, STATUS , WEIGHT , WEIGHT_KG, EXERCISE_ACTIVITY_ID) VALUES ('NonWeightedSet', 61011, 7.0, 0, 'body', null, 6101);
INSERT INTO EXERCISE_SET_ENTITY (SET_TYPE, ID, NUMBER_OF_REPS, STATUS , WEIGHT , WEIGHT_KG, EXERCISE_ACTIVITY_ID) VALUES ('NonWeightedSet', 61012, 7.0, 0, 'body', null, 6101);
INSERT INTO EXERCISE_ACTIVITY_ENTITY (ID, NOTES, EXERCISE_ID, WORKOUT_ID) VALUES (6102, '', (SELECT ID FROM EXERCISE_ENTITY WHERE NAME = 'Inverted Row'), 61);
INSERT INTO EXERCISE_SET_ENTITY (SET_TYPE, ID, NUMBER_OF_REPS, STATUS , WEIGHT , WEIGHT_KG, EXERCISE_ACTIVITY_ID) VALUES ('NonWeightedSet', 61020, 11.0, 0, 'body', null, 6102);
INSERT INTO EXERCISE_SET_ENTITY (SET_TYPE, ID, NUMBER_OF_REPS, STATUS , WEIGHT , WEIGHT_KG, EXERCISE_ACTIVITY_ID) VALUES ('NonWeightedSet', 61021, 8.0, 0, 'body', null, 6102);
INSERT INTO EXERCISE_SET_ENTITY (SET_TYPE, ID, NUMBER_OF_REPS, STATUS , WEIGHT , WEIGHT_KG, EXERCISE_ACTIVITY_ID) VALUES ('NonWeightedSet', 61022, 8.0, 0, 'body', null, 6102);
INSERT INTO EXERCISE_SET_ENTITY (SET_TYPE, ID, NUMBER_OF_REPS, STATUS , WEIGHT , WEIGHT_KG, EXERCISE_ACTIVITY_ID) VALUES ('NonWeightedSet', 61023, 10.0, 0, 'body', null, 6102);
INSERT INTO EXERCISE_ACTIVITY_ENTITY (ID, NOTES, EXERCISE_ID, WORKOUT_ID) VALUES (6103, '', (SELECT ID FROM EXERCISE_ENTITY WHERE NAME = 'Batwing Row'), 61);
INSERT INTO EXERCISE_SET_ENTITY (SET_TYPE, ID, NUMBER_OF_REPS, STATUS , WEIGHT , WEIGHT_KG, EXERCISE_ACTIVITY_ID) VALUES ('WeightedSet', 61030, 10.0, 0, null, 5, 6103);
INSERT INTO EXERCISE_SET_ENTITY (SET_TYPE, ID, NUMBER_OF_REPS, STATUS , WEIGHT , WEIGHT_KG, EXERCISE_ACTIVITY_ID) VALUES ('WeightedSet', 61031, 10.0, 0, null, 10, 6103);
INSERT INTO EXERCISE_SET_ENTITY (SET_TYPE, ID, NUMBER_OF_REPS, STATUS , WEIGHT , WEIGHT_KG, EXERCISE_ACTIVITY_ID) VALUES ('WeightedSet', 61032, 10.0, 0, null, 7.5, 6103);
INSERT INTO EXERCISE_SET_ENTITY (SET_TYPE, ID, NUMBER_OF_REPS, STATUS , WEIGHT , WEIGHT_KG, EXERCISE_ACTIVITY_ID) VALUES ('WeightedSet', 61033, 10.0, 0, null, 5, 6103);
INSERT INTO EXERCISE_ACTIVITY_ENTITY (ID, NOTES, EXERCISE_ID, WORKOUT_ID) VALUES (6104, '', (SELECT ID FROM EXERCISE_ENTITY WHERE NAME = 'Rear Delt Fly'), 61);
INSERT INTO EXERCISE_SET_ENTITY (SET_TYPE, ID, NUMBER_OF_REPS, STATUS , WEIGHT , WEIGHT_KG, EXERCISE_ACTIVITY_ID) VALUES ('WeightedSet', 61040, 20.0, 0, null, 1.25, 6104);
INSERT INTO EXERCISE_SET_ENTITY (SET_TYPE, ID, NUMBER_OF_REPS, STATUS , WEIGHT , WEIGHT_KG, EXERCISE_ACTIVITY_ID) VALUES ('WeightedSet', 61041, 20.0, 0, null, 1.25, 6104);
INSERT INTO EXERCISE_SET_ENTITY (SET_TYPE, ID, NUMBER_OF_REPS, STATUS , WEIGHT , WEIGHT_KG, EXERCISE_ACTIVITY_ID) VALUES ('WeightedSet', 61042, 20.0, 0, null, 1.25, 6104);
INSERT INTO EXERCISE_SET_ENTITY (SET_TYPE, ID, NUMBER_OF_REPS, STATUS , WEIGHT , WEIGHT_KG, EXERCISE_ACTIVITY_ID) VALUES ('WeightedSet', 61043, 20.0, 0, null, 1.25, 6104);
INSERT INTO EXERCISE_ACTIVITY_ENTITY (ID, NOTES, EXERCISE_ID, WORKOUT_ID) VALUES (6105, '', (SELECT ID FROM EXERCISE_ENTITY WHERE NAME = 'Barbell Curl'), 61);
INSERT INTO EXERCISE_SET_ENTITY (SET_TYPE, ID, NUMBER_OF_REPS, STATUS , WEIGHT , WEIGHT_KG, EXERCISE_ACTIVITY_ID) VALUES ('WeightedSet', 61050, 10.0, 0, null, 22.5, 6105);
INSERT INTO EXERCISE_SET_ENTITY (SET_TYPE, ID, NUMBER_OF_REPS, STATUS , WEIGHT , WEIGHT_KG, EXERCISE_ACTIVITY_ID) VALUES ('WeightedSet', 61051, 10.0, 0, null, 22.5, 6105);
INSERT INTO EXERCISE_SET_ENTITY (SET_TYPE, ID, NUMBER_OF_REPS, STATUS , WEIGHT , WEIGHT_KG, EXERCISE_ACTIVITY_ID) VALUES ('WeightedSet', 61052, 10.0, 0, null, 22.5, 6105);
INSERT INTO EXERCISE_SET_ENTITY (SET_TYPE, ID, NUMBER_OF_REPS, STATUS , WEIGHT , WEIGHT_KG, EXERCISE_ACTIVITY_ID) VALUES ('WeightedSet', 61053, 10.0, 0, null, 22.5, 6105);
INSERT INTO EXERCISE_ACTIVITY_ENTITY (ID, NOTES, EXERCISE_ID, WORKOUT_ID) VALUES (6106, '', (SELECT ID FROM EXERCISE_ENTITY WHERE NAME = 'Reverse Dumbbell Curl'), 61);
INSERT INTO EXERCISE_SET_ENTITY (SET_TYPE, ID, NUMBER_OF_REPS, STATUS , WEIGHT , WEIGHT_KG, EXERCISE_ACTIVITY_ID) VALUES ('WeightedSet', 61060, 10.0, 0, null, 5, 6106);
INSERT INTO EXERCISE_SET_ENTITY (SET_TYPE, ID, NUMBER_OF_REPS, STATUS , WEIGHT , WEIGHT_KG, EXERCISE_ACTIVITY_ID) VALUES ('WeightedSet', 61061, 10.0, 0, null, 5, 6106);
INSERT INTO EXERCISE_ACTIVITY_ENTITY (ID, NOTES, EXERCISE_ID, WORKOUT_ID) VALUES (6107, '', (SELECT ID FROM EXERCISE_ENTITY WHERE NAME = 'Deadhang'), 61);
INSERT INTO EXERCISE_SET_ENTITY (SET_TYPE, ID, NUMBER_OF_REPS, STATUS , WEIGHT , WEIGHT_KG, EXERCISE_ACTIVITY_ID) VALUES ('NonWeightedSet', 61070, 1, 0, '30 seconds', null, 6107);
INSERT INTO EXERCISE_SET_ENTITY (SET_TYPE, ID, NUMBER_OF_REPS, STATUS , WEIGHT , WEIGHT_KG, EXERCISE_ACTIVITY_ID) VALUES ('NonWeightedSet', 61071, 1, 0, '10 seconds', null, 6107);
INSERT INTO WORKOUT_ENTITY (ID, NOTES, PERFORMED_AT_TIMESTAMP_UTC, WORKOUT_TYPE) VALUES (62, 'Notes', '2019-11-13 15:40:00', 'PUSH');
INSERT INTO EXERCISE_ACTIVITY_ENTITY (ID, NOTES, EXERCISE_ID, WORKOUT_ID) VALUES (6200, '', (SELECT ID FROM EXERCISE_ENTITY WHERE NAME = 'Bench Press'), 62);
INSERT INTO EXERCISE_SET_ENTITY (SET_TYPE, ID, NUMBER_OF_REPS, STATUS , WEIGHT , WEIGHT_KG, EXERCISE_ACTIVITY_ID) VALUES ('WeightedSet', 62000, 8.0, 0, null, 20, 6200);
INSERT INTO EXERCISE_SET_ENTITY (SET_TYPE, ID, NUMBER_OF_REPS, STATUS , WEIGHT , WEIGHT_KG, EXERCISE_ACTIVITY_ID) VALUES ('WeightedSet', 62001, 8.0, 0, null, 40, 6200);
INSERT INTO EXERCISE_SET_ENTITY (SET_TYPE, ID, NUMBER_OF_REPS, STATUS , WEIGHT , WEIGHT_KG, EXERCISE_ACTIVITY_ID) VALUES ('WeightedSet', 62002, 8.0, 0, null, 52.5, 6200);
INSERT INTO EXERCISE_SET_ENTITY (SET_TYPE, ID, NUMBER_OF_REPS, STATUS , WEIGHT , WEIGHT_KG, EXERCISE_ACTIVITY_ID) VALUES ('WeightedSet', 62003, 8.0, 0, null, 52.5, 6200);
INSERT INTO EXERCISE_SET_ENTITY (SET_TYPE, ID, NUMBER_OF_REPS, STATUS , WEIGHT , WEIGHT_KG, EXERCISE_ACTIVITY_ID) VALUES ('WeightedSet', 62004, 7.0, 1, null, 52.5, 6200);
INSERT INTO EXERCISE_ACTIVITY_ENTITY (ID, NOTES, EXERCISE_ID, WORKOUT_ID) VALUES (6201, '', (SELECT ID FROM EXERCISE_ENTITY WHERE NAME = 'Overhead Press'), 62);
INSERT INTO EXERCISE_SET_ENTITY (SET_TYPE, ID, NUMBER_OF_REPS, STATUS , WEIGHT , WEIGHT_KG, EXERCISE_ACTIVITY_ID) VALUES ('WeightedSet', 62010, 5.0, 0, null, 20, 6201);
INSERT INTO EXERCISE_SET_ENTITY (SET_TYPE, ID, NUMBER_OF_REPS, STATUS , WEIGHT , WEIGHT_KG, EXERCISE_ACTIVITY_ID) VALUES ('WeightedSet', 62011, 5.0, 0, null, 37.5, 6201);
INSERT INTO EXERCISE_SET_ENTITY (SET_TYPE, ID, NUMBER_OF_REPS, STATUS , WEIGHT , WEIGHT_KG, EXERCISE_ACTIVITY_ID) VALUES ('WeightedSet', 62012, 5.0, 0, null, 37.5, 6201);
INSERT INTO EXERCISE_SET_ENTITY (SET_TYPE, ID, NUMBER_OF_REPS, STATUS , WEIGHT , WEIGHT_KG, EXERCISE_ACTIVITY_ID) VALUES ('WeightedSet', 62013, 5.0, 0, null, 37.5, 6201);
INSERT INTO EXERCISE_SET_ENTITY (SET_TYPE, ID, NUMBER_OF_REPS, STATUS , WEIGHT , WEIGHT_KG, EXERCISE_ACTIVITY_ID) VALUES ('WeightedSet', 62014, 5.0, 0, null, 37.5, 6201);
INSERT INTO EXERCISE_SET_ENTITY (SET_TYPE, ID, NUMBER_OF_REPS, STATUS , WEIGHT , WEIGHT_KG, EXERCISE_ACTIVITY_ID) VALUES ('WeightedSet', 62015, 7.0, 0, null, 37.5, 6201);
INSERT INTO EXERCISE_ACTIVITY_ENTITY (ID, NOTES, EXERCISE_ID, WORKOUT_ID) VALUES (6202, '', (SELECT ID FROM EXERCISE_ENTITY WHERE NAME = 'Incline Dumbbell Press'), 62);
INSERT INTO EXERCISE_SET_ENTITY (SET_TYPE, ID, NUMBER_OF_REPS, STATUS , WEIGHT , WEIGHT_KG, EXERCISE_ACTIVITY_ID) VALUES ('WeightedSet', 62020, 10.0, 0, null, 10, 6202);
INSERT INTO EXERCISE_SET_ENTITY (SET_TYPE, ID, NUMBER_OF_REPS, STATUS , WEIGHT , WEIGHT_KG, EXERCISE_ACTIVITY_ID) VALUES ('WeightedSet', 62021, 8.0, 0, null, 20, 6202);
INSERT INTO EXERCISE_SET_ENTITY (SET_TYPE, ID, NUMBER_OF_REPS, STATUS , WEIGHT , WEIGHT_KG, EXERCISE_ACTIVITY_ID) VALUES ('WeightedSet', 62022, 7.0, 1, null, 20, 6202);
INSERT INTO EXERCISE_SET_ENTITY (SET_TYPE, ID, NUMBER_OF_REPS, STATUS , WEIGHT , WEIGHT_KG, EXERCISE_ACTIVITY_ID) VALUES ('WeightedSet', 62023, 7.0, 1, null, 20, 6202);
INSERT INTO EXERCISE_ACTIVITY_ENTITY (ID, NOTES, EXERCISE_ID, WORKOUT_ID) VALUES (6203, '', (SELECT ID FROM EXERCISE_ENTITY WHERE NAME = 'Lateral Raise'), 62);
INSERT INTO EXERCISE_SET_ENTITY (SET_TYPE, ID, NUMBER_OF_REPS, STATUS , WEIGHT , WEIGHT_KG, EXERCISE_ACTIVITY_ID) VALUES ('WeightedSet', 62030, 20.0, 0, null, 2.5, 6203);
INSERT INTO EXERCISE_SET_ENTITY (SET_TYPE, ID, NUMBER_OF_REPS, STATUS , WEIGHT , WEIGHT_KG, EXERCISE_ACTIVITY_ID) VALUES ('WeightedSet', 62031, 15.0, 0, null, 5, 6203);
INSERT INTO EXERCISE_SET_ENTITY (SET_TYPE, ID, NUMBER_OF_REPS, STATUS , WEIGHT , WEIGHT_KG, EXERCISE_ACTIVITY_ID) VALUES ('WeightedSet', 62032, 14.0, 1, null, 5, 6203);
INSERT INTO EXERCISE_ACTIVITY_ENTITY (ID, NOTES, EXERCISE_ID, WORKOUT_ID) VALUES (6204, '', (SELECT ID FROM EXERCISE_ENTITY WHERE NAME = 'Dip'), 62);
INSERT INTO EXERCISE_SET_ENTITY (SET_TYPE, ID, NUMBER_OF_REPS, STATUS , WEIGHT , WEIGHT_KG, EXERCISE_ACTIVITY_ID) VALUES ('NonWeightedSet', 62040, 8.0, 0, 'body', null, 6204);
INSERT INTO EXERCISE_SET_ENTITY (SET_TYPE, ID, NUMBER_OF_REPS, STATUS , WEIGHT , WEIGHT_KG, EXERCISE_ACTIVITY_ID) VALUES ('NonWeightedSet', 62041, 8.0, 0, 'body', null, 6204);
INSERT INTO EXERCISE_SET_ENTITY (SET_TYPE, ID, NUMBER_OF_REPS, STATUS , WEIGHT , WEIGHT_KG, EXERCISE_ACTIVITY_ID) VALUES ('NonWeightedSet', 62042, 7.0, 1, 'body', null, 6204);
INSERT INTO EXERCISE_ACTIVITY_ENTITY (ID, NOTES, EXERCISE_ID, WORKOUT_ID) VALUES (6205, '', (SELECT ID FROM EXERCISE_ENTITY WHERE NAME = 'Deadhang'), 62);
INSERT INTO EXERCISE_SET_ENTITY (SET_TYPE, ID, NUMBER_OF_REPS, STATUS , WEIGHT , WEIGHT_KG, EXERCISE_ACTIVITY_ID) VALUES ('NonWeightedSet', 62050, 1, 0, '40 seconds', null, 6205);
INSERT INTO EXERCISE_SET_ENTITY (SET_TYPE, ID, NUMBER_OF_REPS, STATUS , WEIGHT , WEIGHT_KG, EXERCISE_ACTIVITY_ID) VALUES ('NonWeightedSet', 62051, 1, 0, '27 seconds', null, 6205);
INSERT INTO WORKOUT_ENTITY (ID, NOTES, PERFORMED_AT_TIMESTAMP_UTC, WORKOUT_TYPE) VALUES (63, 'Notes', '2019-11-14 15:40:00', 'LEGS');
INSERT INTO EXERCISE_ACTIVITY_ENTITY (ID, NOTES, EXERCISE_ID, WORKOUT_ID) VALUES (6300, '', (SELECT ID FROM EXERCISE_ENTITY WHERE NAME = 'Squat'), 63);
INSERT INTO EXERCISE_SET_ENTITY (SET_TYPE, ID, NUMBER_OF_REPS, STATUS , WEIGHT , WEIGHT_KG, EXERCISE_ACTIVITY_ID) VALUES ('NonWeightedSet', 63000, 8.0, 0, 'body', null, 6300);
INSERT INTO EXERCISE_SET_ENTITY (SET_TYPE, ID, NUMBER_OF_REPS, STATUS , WEIGHT , WEIGHT_KG, EXERCISE_ACTIVITY_ID) VALUES ('WeightedSet', 63001, 8.0, 0, null, 20, 6300);
INSERT INTO EXERCISE_SET_ENTITY (SET_TYPE, ID, NUMBER_OF_REPS, STATUS , WEIGHT , WEIGHT_KG, EXERCISE_ACTIVITY_ID) VALUES ('WeightedSet', 63002, 5.0, 0, null, 40, 6300);
INSERT INTO EXERCISE_SET_ENTITY (SET_TYPE, ID, NUMBER_OF_REPS, STATUS , WEIGHT , WEIGHT_KG, EXERCISE_ACTIVITY_ID) VALUES ('WeightedSet', 63003, 5.0, 0, null, 60, 6300);
INSERT INTO EXERCISE_SET_ENTITY (SET_TYPE, ID, NUMBER_OF_REPS, STATUS , WEIGHT , WEIGHT_KG, EXERCISE_ACTIVITY_ID) VALUES ('WeightedSet', 63004, 8.0, 0, null, 72.5, 6300);
INSERT INTO EXERCISE_SET_ENTITY (SET_TYPE, ID, NUMBER_OF_REPS, STATUS , WEIGHT , WEIGHT_KG, EXERCISE_ACTIVITY_ID) VALUES ('WeightedSet', 63005, 8.0, 0, null, 72.5, 6300);
INSERT INTO EXERCISE_SET_ENTITY (SET_TYPE, ID, NUMBER_OF_REPS, STATUS , WEIGHT , WEIGHT_KG, EXERCISE_ACTIVITY_ID) VALUES ('WeightedSet', 63006, 8.0, 0, null, 72.5, 6300);
INSERT INTO EXERCISE_ACTIVITY_ENTITY (ID, NOTES, EXERCISE_ID, WORKOUT_ID) VALUES (6301, '', (SELECT ID FROM EXERCISE_ENTITY WHERE NAME = 'Romanian Deadlift'), 63);
INSERT INTO EXERCISE_SET_ENTITY (SET_TYPE, ID, NUMBER_OF_REPS, STATUS , WEIGHT , WEIGHT_KG, EXERCISE_ACTIVITY_ID) VALUES ('WeightedSet', 63010, 8.0, 0, null, 20, 6301);
INSERT INTO EXERCISE_SET_ENTITY (SET_TYPE, ID, NUMBER_OF_REPS, STATUS , WEIGHT , WEIGHT_KG, EXERCISE_ACTIVITY_ID) VALUES ('WeightedSet', 63011, 4.0, 0, null, 40, 6301);
INSERT INTO EXERCISE_SET_ENTITY (SET_TYPE, ID, NUMBER_OF_REPS, STATUS , WEIGHT , WEIGHT_KG, EXERCISE_ACTIVITY_ID) VALUES ('WeightedSet', 63012, 8.0, 0, null, 57.5, 6301);
INSERT INTO EXERCISE_SET_ENTITY (SET_TYPE, ID, NUMBER_OF_REPS, STATUS , WEIGHT , WEIGHT_KG, EXERCISE_ACTIVITY_ID) VALUES ('WeightedSet', 63013, 8.0, 0, null, 57.5, 6301);
INSERT INTO EXERCISE_SET_ENTITY (SET_TYPE, ID, NUMBER_OF_REPS, STATUS , WEIGHT , WEIGHT_KG, EXERCISE_ACTIVITY_ID) VALUES ('WeightedSet', 63014, 8.0, 0, null, 57.5, 6301);
INSERT INTO EXERCISE_ACTIVITY_ENTITY (ID, NOTES, EXERCISE_ID, WORKOUT_ID) VALUES (6302, '', (SELECT ID FROM EXERCISE_ENTITY WHERE NAME = 'Lying Leg Raise'), 63);
INSERT INTO EXERCISE_SET_ENTITY (SET_TYPE, ID, NUMBER_OF_REPS, STATUS , WEIGHT , WEIGHT_KG, EXERCISE_ACTIVITY_ID) VALUES ('NonWeightedSet', 63020, 10.0, 0, 'body', null, 6302);
INSERT INTO EXERCISE_SET_ENTITY (SET_TYPE, ID, NUMBER_OF_REPS, STATUS , WEIGHT , WEIGHT_KG, EXERCISE_ACTIVITY_ID) VALUES ('NonWeightedSet', 63021, 10.0, 0, 'body', null, 6302);
INSERT INTO EXERCISE_SET_ENTITY (SET_TYPE, ID, NUMBER_OF_REPS, STATUS , WEIGHT , WEIGHT_KG, EXERCISE_ACTIVITY_ID) VALUES ('NonWeightedSet', 63022, 10.0, 0, 'body', null, 6302);
INSERT INTO EXERCISE_ACTIVITY_ENTITY (ID, NOTES, EXERCISE_ID, WORKOUT_ID) VALUES (6303, '', (SELECT ID FROM EXERCISE_ENTITY WHERE NAME = 'Bulgarian Split Squat'), 63);
INSERT INTO EXERCISE_SET_ENTITY (SET_TYPE, ID, NUMBER_OF_REPS, STATUS , WEIGHT , WEIGHT_KG, EXERCISE_ACTIVITY_ID) VALUES ('NonWeightedSet', 63030, 10.0, 0, 'body', null, 6303);
INSERT INTO EXERCISE_SET_ENTITY (SET_TYPE, ID, NUMBER_OF_REPS, STATUS , WEIGHT , WEIGHT_KG, EXERCISE_ACTIVITY_ID) VALUES ('WeightedSet', 63031, 10.0, 0, null, 5, 6303);
INSERT INTO EXERCISE_SET_ENTITY (SET_TYPE, ID, NUMBER_OF_REPS, STATUS , WEIGHT , WEIGHT_KG, EXERCISE_ACTIVITY_ID) VALUES ('NonWeightedSet', 63032, 7.0, 1, 'body', null, 6303);
INSERT INTO EXERCISE_ACTIVITY_ENTITY (ID, NOTES, EXERCISE_ID, WORKOUT_ID) VALUES (6304, '', (SELECT ID FROM EXERCISE_ENTITY WHERE NAME = 'Glute Raise'), 63);
INSERT INTO EXERCISE_SET_ENTITY (SET_TYPE, ID, NUMBER_OF_REPS, STATUS , WEIGHT , WEIGHT_KG, EXERCISE_ACTIVITY_ID) VALUES ('WeightedSet', 63040, 10.0, 0, null, 20, 6304);
INSERT INTO EXERCISE_SET_ENTITY (SET_TYPE, ID, NUMBER_OF_REPS, STATUS , WEIGHT , WEIGHT_KG, EXERCISE_ACTIVITY_ID) VALUES ('NonWeightedSet', 63041, 10.0, 0, 'body', null, 6304);
INSERT INTO EXERCISE_SET_ENTITY (SET_TYPE, ID, NUMBER_OF_REPS, STATUS , WEIGHT , WEIGHT_KG, EXERCISE_ACTIVITY_ID) VALUES ('WeightedSet', 63042, 10.0, 0, null, 20, 6304);
INSERT INTO EXERCISE_ACTIVITY_ENTITY (ID, NOTES, EXERCISE_ID, WORKOUT_ID) VALUES (6305, '', (SELECT ID FROM EXERCISE_ENTITY WHERE NAME = 'Glute Kickback'), 63);
INSERT INTO EXERCISE_SET_ENTITY (SET_TYPE, ID, NUMBER_OF_REPS, STATUS , WEIGHT , WEIGHT_KG, EXERCISE_ACTIVITY_ID) VALUES ('NonWeightedSet', 63050, 10.0, 0, 'red band', null, 6305);
INSERT INTO EXERCISE_ACTIVITY_ENTITY (ID, NOTES, EXERCISE_ID, WORKOUT_ID) VALUES (6306, '', (SELECT ID FROM EXERCISE_ENTITY WHERE NAME = 'Seated Calf Raise'), 63);
INSERT INTO EXERCISE_SET_ENTITY (SET_TYPE, ID, NUMBER_OF_REPS, STATUS , WEIGHT , WEIGHT_KG, EXERCISE_ACTIVITY_ID) VALUES ('WeightedSet', 63060, 20.0, 0, null, 20, 6306);
INSERT INTO EXERCISE_ACTIVITY_ENTITY (ID, NOTES, EXERCISE_ID, WORKOUT_ID) VALUES (6307, '', (SELECT ID FROM EXERCISE_ENTITY WHERE NAME = 'Standing Calf Raise'), 63);
INSERT INTO EXERCISE_SET_ENTITY (SET_TYPE, ID, NUMBER_OF_REPS, STATUS , WEIGHT , WEIGHT_KG, EXERCISE_ACTIVITY_ID) VALUES ('WeightedSet', 63070, 10.0, 0, null, 125, 6307);
INSERT INTO WORKOUT_ENTITY (ID, NOTES, PERFORMED_AT_TIMESTAMP_UTC, WORKOUT_TYPE) VALUES (64, 'Notes', '2019-12-02 11:20:00', 'PULL');
INSERT INTO EXERCISE_ACTIVITY_ENTITY (ID, NOTES, EXERCISE_ID, WORKOUT_ID) VALUES (6400, '', (SELECT ID FROM EXERCISE_ENTITY WHERE NAME = 'Deadlift'), 64);
INSERT INTO EXERCISE_SET_ENTITY (SET_TYPE, ID, NUMBER_OF_REPS, STATUS , WEIGHT , WEIGHT_KG, EXERCISE_ACTIVITY_ID) VALUES ('WeightedSet', 64000, 5.0, 0, null, 20, 6400);
INSERT INTO EXERCISE_SET_ENTITY (SET_TYPE, ID, NUMBER_OF_REPS, STATUS , WEIGHT , WEIGHT_KG, EXERCISE_ACTIVITY_ID) VALUES ('WeightedSet', 64001, 5.0, 0, null, 60, 6400);
INSERT INTO EXERCISE_SET_ENTITY (SET_TYPE, ID, NUMBER_OF_REPS, STATUS , WEIGHT , WEIGHT_KG, EXERCISE_ACTIVITY_ID) VALUES ('WeightedSet', 64002, 3.0, 0, null, 90, 6400);
INSERT INTO EXERCISE_SET_ENTITY (SET_TYPE, ID, NUMBER_OF_REPS, STATUS , WEIGHT , WEIGHT_KG, EXERCISE_ACTIVITY_ID) VALUES ('WeightedSet', 64003, 2.0, 0, null, 110, 6400);
INSERT INTO EXERCISE_SET_ENTITY (SET_TYPE, ID, NUMBER_OF_REPS, STATUS , WEIGHT , WEIGHT_KG, EXERCISE_ACTIVITY_ID) VALUES ('WeightedSet', 64004, 5.0, 0, null, 125, 6400);
INSERT INTO EXERCISE_SET_ENTITY (SET_TYPE, ID, NUMBER_OF_REPS, STATUS , WEIGHT , WEIGHT_KG, EXERCISE_ACTIVITY_ID) VALUES ('WeightedSet', 64005, 5.0, 0, null, 110, 6400);
INSERT INTO EXERCISE_ACTIVITY_ENTITY (ID, NOTES, EXERCISE_ID, WORKOUT_ID) VALUES (6401, '', (SELECT ID FROM EXERCISE_ENTITY WHERE NAME = 'Pull Up'), 64);
INSERT INTO EXERCISE_SET_ENTITY (SET_TYPE, ID, NUMBER_OF_REPS, STATUS , WEIGHT , WEIGHT_KG, EXERCISE_ACTIVITY_ID) VALUES ('NonWeightedSet', 64010, 5.0, 0, 'body', null, 6401);
INSERT INTO EXERCISE_SET_ENTITY (SET_TYPE, ID, NUMBER_OF_REPS, STATUS , WEIGHT , WEIGHT_KG, EXERCISE_ACTIVITY_ID) VALUES ('NonWeightedSet', 64011, 5.0, 0, 'body', null, 6401);
INSERT INTO EXERCISE_SET_ENTITY (SET_TYPE, ID, NUMBER_OF_REPS, STATUS , WEIGHT , WEIGHT_KG, EXERCISE_ACTIVITY_ID) VALUES ('NonWeightedSet', 64012, 5.0, 0, 'body', null, 6401);
INSERT INTO EXERCISE_ACTIVITY_ENTITY (ID, NOTES, EXERCISE_ID, WORKOUT_ID) VALUES (6402, '', (SELECT ID FROM EXERCISE_ENTITY WHERE NAME = 'Inverted Row'), 64);
INSERT INTO EXERCISE_SET_ENTITY (SET_TYPE, ID, NUMBER_OF_REPS, STATUS , WEIGHT , WEIGHT_KG, EXERCISE_ACTIVITY_ID) VALUES ('NonWeightedSet', 64020, 8.0, 0, 'body', null, 6402);
INSERT INTO EXERCISE_SET_ENTITY (SET_TYPE, ID, NUMBER_OF_REPS, STATUS , WEIGHT , WEIGHT_KG, EXERCISE_ACTIVITY_ID) VALUES ('NonWeightedSet', 64021, 10.0, 0, 'body', null, 6402);
INSERT INTO EXERCISE_SET_ENTITY (SET_TYPE, ID, NUMBER_OF_REPS, STATUS , WEIGHT , WEIGHT_KG, EXERCISE_ACTIVITY_ID) VALUES ('NonWeightedSet', 64022, 7.0, 1, 'body', null, 6402);
INSERT INTO EXERCISE_SET_ENTITY (SET_TYPE, ID, NUMBER_OF_REPS, STATUS , WEIGHT , WEIGHT_KG, EXERCISE_ACTIVITY_ID) VALUES ('NonWeightedSet', 64023, 10.0, 0, 'body', null, 6402);
INSERT INTO EXERCISE_ACTIVITY_ENTITY (ID, NOTES, EXERCISE_ID, WORKOUT_ID) VALUES (6403, '', (SELECT ID FROM EXERCISE_ENTITY WHERE NAME = 'Batwing Row'), 64);
INSERT INTO EXERCISE_SET_ENTITY (SET_TYPE, ID, NUMBER_OF_REPS, STATUS , WEIGHT , WEIGHT_KG, EXERCISE_ACTIVITY_ID) VALUES ('WeightedSet', 64030, 20.0, 0, null, 5, 6403);
INSERT INTO EXERCISE_SET_ENTITY (SET_TYPE, ID, NUMBER_OF_REPS, STATUS , WEIGHT , WEIGHT_KG, EXERCISE_ACTIVITY_ID) VALUES ('WeightedSet', 64031, 20.0, 0, null, 5, 6403);
INSERT INTO EXERCISE_SET_ENTITY (SET_TYPE, ID, NUMBER_OF_REPS, STATUS , WEIGHT , WEIGHT_KG, EXERCISE_ACTIVITY_ID) VALUES ('WeightedSet', 64032, 20.0, 0, null, 5, 6403);
INSERT INTO EXERCISE_ACTIVITY_ENTITY (ID, NOTES, EXERCISE_ID, WORKOUT_ID) VALUES (6404, '', (SELECT ID FROM EXERCISE_ENTITY WHERE NAME = 'Rear Delt Fly'), 64);
INSERT INTO EXERCISE_SET_ENTITY (SET_TYPE, ID, NUMBER_OF_REPS, STATUS , WEIGHT , WEIGHT_KG, EXERCISE_ACTIVITY_ID) VALUES ('WeightedSet', 64040, 10.0, 0, null, 5, 6404);
INSERT INTO EXERCISE_SET_ENTITY (SET_TYPE, ID, NUMBER_OF_REPS, STATUS , WEIGHT , WEIGHT_KG, EXERCISE_ACTIVITY_ID) VALUES ('WeightedSet', 64041, 10.0, 0, null, 5, 6404);
INSERT INTO EXERCISE_SET_ENTITY (SET_TYPE, ID, NUMBER_OF_REPS, STATUS , WEIGHT , WEIGHT_KG, EXERCISE_ACTIVITY_ID) VALUES ('WeightedSet', 64042, 10.0, 0, null, 5, 6404);
INSERT INTO EXERCISE_ACTIVITY_ENTITY (ID, NOTES, EXERCISE_ID, WORKOUT_ID) VALUES (6405, '', (SELECT ID FROM EXERCISE_ENTITY WHERE NAME = 'Barbell Curl'), 64);
INSERT INTO EXERCISE_SET_ENTITY (SET_TYPE, ID, NUMBER_OF_REPS, STATUS , WEIGHT , WEIGHT_KG, EXERCISE_ACTIVITY_ID) VALUES ('WeightedSet', 64050, 10.0, 0, null, 20, 6405);
INSERT INTO EXERCISE_SET_ENTITY (SET_TYPE, ID, NUMBER_OF_REPS, STATUS , WEIGHT , WEIGHT_KG, EXERCISE_ACTIVITY_ID) VALUES ('WeightedSet', 64051, 10.0, 0, null, 22.5, 6405);
INSERT INTO EXERCISE_SET_ENTITY (SET_TYPE, ID, NUMBER_OF_REPS, STATUS , WEIGHT , WEIGHT_KG, EXERCISE_ACTIVITY_ID) VALUES ('WeightedSet', 64052, 7.0, 1, null, 22.5, 6405);
INSERT INTO EXERCISE_ACTIVITY_ENTITY (ID, NOTES, EXERCISE_ID, WORKOUT_ID) VALUES (6406, '', (SELECT ID FROM EXERCISE_ENTITY WHERE NAME = 'Dumbbell Curl'), 64);
INSERT INTO EXERCISE_SET_ENTITY (SET_TYPE, ID, NUMBER_OF_REPS, STATUS , WEIGHT , WEIGHT_KG, EXERCISE_ACTIVITY_ID) VALUES ('WeightedSet', 64060, 10.0, 0, null, 5, 6406);
INSERT INTO EXERCISE_ACTIVITY_ENTITY (ID, NOTES, EXERCISE_ID, WORKOUT_ID) VALUES (6407, '', (SELECT ID FROM EXERCISE_ENTITY WHERE NAME = 'Preacher Curl'), 64);
INSERT INTO EXERCISE_SET_ENTITY (SET_TYPE, ID, NUMBER_OF_REPS, STATUS , WEIGHT , WEIGHT_KG, EXERCISE_ACTIVITY_ID) VALUES ('WeightedSet', 64070, 10.0, 0, null, 5, 6407);
INSERT INTO EXERCISE_SET_ENTITY (SET_TYPE, ID, NUMBER_OF_REPS, STATUS , WEIGHT , WEIGHT_KG, EXERCISE_ACTIVITY_ID) VALUES ('WeightedSet', 64071, 10.0, 0, null, 5, 6407);
INSERT INTO WORKOUT_ENTITY (ID, NOTES, PERFORMED_AT_TIMESTAMP_UTC, WORKOUT_TYPE) VALUES (65, 'Notes', '2019-12-03 11:45:00', 'PUSH');
INSERT INTO EXERCISE_ACTIVITY_ENTITY (ID, NOTES, EXERCISE_ID, WORKOUT_ID) VALUES (6500, '', (SELECT ID FROM EXERCISE_ENTITY WHERE NAME = 'Dumbbell Floor Press'), 65);
INSERT INTO EXERCISE_SET_ENTITY (SET_TYPE, ID, NUMBER_OF_REPS, STATUS , WEIGHT , WEIGHT_KG, EXERCISE_ACTIVITY_ID) VALUES ('WeightedSet', 65000, 10.0, 0, null, 10, 6500);
INSERT INTO EXERCISE_SET_ENTITY (SET_TYPE, ID, NUMBER_OF_REPS, STATUS , WEIGHT , WEIGHT_KG, EXERCISE_ACTIVITY_ID) VALUES ('WeightedSet', 65001, 10.0, 0, null, 20, 6500);
INSERT INTO EXERCISE_SET_ENTITY (SET_TYPE, ID, NUMBER_OF_REPS, STATUS , WEIGHT , WEIGHT_KG, EXERCISE_ACTIVITY_ID) VALUES ('WeightedSet', 65002, 9.0, 1, null, 20, 6500);
INSERT INTO EXERCISE_ACTIVITY_ENTITY (ID, NOTES, EXERCISE_ID, WORKOUT_ID) VALUES (6501, '', (SELECT ID FROM EXERCISE_ENTITY WHERE NAME = 'Reverse Bench Press'), 65);
INSERT INTO EXERCISE_SET_ENTITY (SET_TYPE, ID, NUMBER_OF_REPS, STATUS , WEIGHT , WEIGHT_KG, EXERCISE_ACTIVITY_ID) VALUES ('WeightedSet', 65010, 10.0, 0, null, 20, 6501);
INSERT INTO EXERCISE_SET_ENTITY (SET_TYPE, ID, NUMBER_OF_REPS, STATUS , WEIGHT , WEIGHT_KG, EXERCISE_ACTIVITY_ID) VALUES ('WeightedSet', 65011, 10.0, 0, null, 30, 6501);
INSERT INTO EXERCISE_SET_ENTITY (SET_TYPE, ID, NUMBER_OF_REPS, STATUS , WEIGHT , WEIGHT_KG, EXERCISE_ACTIVITY_ID) VALUES ('WeightedSet', 65012, 10.0, 0, null, 40, 6501);
INSERT INTO EXERCISE_ACTIVITY_ENTITY (ID, NOTES, EXERCISE_ID, WORKOUT_ID) VALUES (6502, '', (SELECT ID FROM EXERCISE_ENTITY WHERE NAME = 'Barbell Floor Press'), 65);
INSERT INTO EXERCISE_SET_ENTITY (SET_TYPE, ID, NUMBER_OF_REPS, STATUS , WEIGHT , WEIGHT_KG, EXERCISE_ACTIVITY_ID) VALUES ('WeightedSet', 65020, 10.0, 0, null, 40, 6502);
INSERT INTO EXERCISE_ACTIVITY_ENTITY (ID, NOTES, EXERCISE_ID, WORKOUT_ID) VALUES (6503, '', (SELECT ID FROM EXERCISE_ENTITY WHERE NAME = 'Overhead Press'), 65);
INSERT INTO EXERCISE_SET_ENTITY (SET_TYPE, ID, NUMBER_OF_REPS, STATUS , WEIGHT , WEIGHT_KG, EXERCISE_ACTIVITY_ID) VALUES ('WeightedSet', 65030, 5.0, 0, null, 20, 6503);
INSERT INTO EXERCISE_SET_ENTITY (SET_TYPE, ID, NUMBER_OF_REPS, STATUS , WEIGHT , WEIGHT_KG, EXERCISE_ACTIVITY_ID) VALUES ('WeightedSet', 65031, 5.0, 0, null, 35, 6503);
INSERT INTO EXERCISE_SET_ENTITY (SET_TYPE, ID, NUMBER_OF_REPS, STATUS , WEIGHT , WEIGHT_KG, EXERCISE_ACTIVITY_ID) VALUES ('WeightedSet', 65032, 5.0, 0, null, 35, 6503);
INSERT INTO EXERCISE_SET_ENTITY (SET_TYPE, ID, NUMBER_OF_REPS, STATUS , WEIGHT , WEIGHT_KG, EXERCISE_ACTIVITY_ID) VALUES ('WeightedSet', 65033, 5.0, 0, null, 35, 6503);
INSERT INTO EXERCISE_SET_ENTITY (SET_TYPE, ID, NUMBER_OF_REPS, STATUS , WEIGHT , WEIGHT_KG, EXERCISE_ACTIVITY_ID) VALUES ('WeightedSet', 65034, 5.0, 0, null, 35, 6503);
INSERT INTO EXERCISE_SET_ENTITY (SET_TYPE, ID, NUMBER_OF_REPS, STATUS , WEIGHT , WEIGHT_KG, EXERCISE_ACTIVITY_ID) VALUES ('WeightedSet', 65035, 5.0, 0, null, 35, 6503);
INSERT INTO EXERCISE_ACTIVITY_ENTITY (ID, NOTES, EXERCISE_ID, WORKOUT_ID) VALUES (6504, '', (SELECT ID FROM EXERCISE_ENTITY WHERE NAME = 'Incline Dumbbell Fly'), 65);
INSERT INTO EXERCISE_SET_ENTITY (SET_TYPE, ID, NUMBER_OF_REPS, STATUS , WEIGHT , WEIGHT_KG, EXERCISE_ACTIVITY_ID) VALUES ('WeightedSet', 65040, 10.0, 0, null, 5, 6504);
INSERT INTO EXERCISE_ACTIVITY_ENTITY (ID, NOTES, EXERCISE_ID, WORKOUT_ID) VALUES (6505, '', (SELECT ID FROM EXERCISE_ENTITY WHERE NAME = 'Dumbbell Fly'), 65);
INSERT INTO EXERCISE_SET_ENTITY (SET_TYPE, ID, NUMBER_OF_REPS, STATUS , WEIGHT , WEIGHT_KG, EXERCISE_ACTIVITY_ID) VALUES ('WeightedSet', 65050, 10.0, 0, null, 5, 6505);
INSERT INTO EXERCISE_SET_ENTITY (SET_TYPE, ID, NUMBER_OF_REPS, STATUS , WEIGHT , WEIGHT_KG, EXERCISE_ACTIVITY_ID) VALUES ('WeightedSet', 65051, 5.0, 1, null, 7.5, 6505);
INSERT INTO EXERCISE_ACTIVITY_ENTITY (ID, NOTES, EXERCISE_ID, WORKOUT_ID) VALUES (6506, '', (SELECT ID FROM EXERCISE_ENTITY WHERE NAME = 'Lateral Raise'), 65);
INSERT INTO EXERCISE_SET_ENTITY (SET_TYPE, ID, NUMBER_OF_REPS, STATUS , WEIGHT , WEIGHT_KG, EXERCISE_ACTIVITY_ID) VALUES ('WeightedSet', 65060, 15.0, 0, null, 2.5, 6506);
INSERT INTO EXERCISE_SET_ENTITY (SET_TYPE, ID, NUMBER_OF_REPS, STATUS , WEIGHT , WEIGHT_KG, EXERCISE_ACTIVITY_ID) VALUES ('WeightedSet', 65061, 10.0, 0, null, 5, 6506);
INSERT INTO EXERCISE_SET_ENTITY (SET_TYPE, ID, NUMBER_OF_REPS, STATUS , WEIGHT , WEIGHT_KG, EXERCISE_ACTIVITY_ID) VALUES ('WeightedSet', 65062, 13.0, 1, null, 5, 6506);
INSERT INTO EXERCISE_ACTIVITY_ENTITY (ID, NOTES, EXERCISE_ID, WORKOUT_ID) VALUES (6507, '', (SELECT ID FROM EXERCISE_ENTITY WHERE NAME = 'Skullcrusher'), 65);
INSERT INTO EXERCISE_SET_ENTITY (SET_TYPE, ID, NUMBER_OF_REPS, STATUS , WEIGHT , WEIGHT_KG, EXERCISE_ACTIVITY_ID) VALUES ('WeightedSet', 65070, 10.0, 0, null, 5, 6507);
INSERT INTO EXERCISE_SET_ENTITY (SET_TYPE, ID, NUMBER_OF_REPS, STATUS , WEIGHT , WEIGHT_KG, EXERCISE_ACTIVITY_ID) VALUES ('WeightedSet', 65071, 10.0, 0, null, 7.5, 6507);
INSERT INTO EXERCISE_SET_ENTITY (SET_TYPE, ID, NUMBER_OF_REPS, STATUS , WEIGHT , WEIGHT_KG, EXERCISE_ACTIVITY_ID) VALUES ('WeightedSet', 65072, 10.0, 0, null, 7.5, 6507);
INSERT INTO WORKOUT_ENTITY (ID, NOTES, PERFORMED_AT_TIMESTAMP_UTC, WORKOUT_TYPE) VALUES (66, 'Notes', '2019-12-04 11:30:00', 'LEGS');
INSERT INTO EXERCISE_ACTIVITY_ENTITY (ID, NOTES, EXERCISE_ID, WORKOUT_ID) VALUES (6600, '', (SELECT ID FROM EXERCISE_ENTITY WHERE NAME = 'Squat'), 66);
INSERT INTO EXERCISE_SET_ENTITY (SET_TYPE, ID, NUMBER_OF_REPS, STATUS , WEIGHT , WEIGHT_KG, EXERCISE_ACTIVITY_ID) VALUES ('NonWeightedSet', 66000, 8.0, 0, 'body', null, 6600);
INSERT INTO EXERCISE_SET_ENTITY (SET_TYPE, ID, NUMBER_OF_REPS, STATUS , WEIGHT , WEIGHT_KG, EXERCISE_ACTIVITY_ID) VALUES ('WeightedSet', 66001, 5.0, 0, null, 20, 6600);
INSERT INTO EXERCISE_SET_ENTITY (SET_TYPE, ID, NUMBER_OF_REPS, STATUS , WEIGHT , WEIGHT_KG, EXERCISE_ACTIVITY_ID) VALUES ('WeightedSet', 66002, 5.0, 0, null, 40, 6600);
INSERT INTO EXERCISE_SET_ENTITY (SET_TYPE, ID, NUMBER_OF_REPS, STATUS , WEIGHT , WEIGHT_KG, EXERCISE_ACTIVITY_ID) VALUES ('WeightedSet', 66003, 3.0, 0, null, 60, 6600);
INSERT INTO EXERCISE_SET_ENTITY (SET_TYPE, ID, NUMBER_OF_REPS, STATUS , WEIGHT , WEIGHT_KG, EXERCISE_ACTIVITY_ID) VALUES ('WeightedSet', 66004, 5.0, 0, null, 70, 6600);
INSERT INTO EXERCISE_SET_ENTITY (SET_TYPE, ID, NUMBER_OF_REPS, STATUS , WEIGHT , WEIGHT_KG, EXERCISE_ACTIVITY_ID) VALUES ('WeightedSet', 66005, 5.0, 0, null, 70, 6600);
INSERT INTO EXERCISE_SET_ENTITY (SET_TYPE, ID, NUMBER_OF_REPS, STATUS , WEIGHT , WEIGHT_KG, EXERCISE_ACTIVITY_ID) VALUES ('WeightedSet', 66006, 5.0, 0, null, 70, 6600);
INSERT INTO EXERCISE_SET_ENTITY (SET_TYPE, ID, NUMBER_OF_REPS, STATUS , WEIGHT , WEIGHT_KG, EXERCISE_ACTIVITY_ID) VALUES ('WeightedSet', 66007, 5.0, 0, null, 70, 6600);
INSERT INTO EXERCISE_SET_ENTITY (SET_TYPE, ID, NUMBER_OF_REPS, STATUS , WEIGHT , WEIGHT_KG, EXERCISE_ACTIVITY_ID) VALUES ('WeightedSet', 66008, 5.0, 0, null, 70, 6600);
INSERT INTO EXERCISE_ACTIVITY_ENTITY (ID, NOTES, EXERCISE_ID, WORKOUT_ID) VALUES (6601, '', (SELECT ID FROM EXERCISE_ENTITY WHERE NAME = 'Romanian Deadlift'), 66);
INSERT INTO EXERCISE_SET_ENTITY (SET_TYPE, ID, NUMBER_OF_REPS, STATUS , WEIGHT , WEIGHT_KG, EXERCISE_ACTIVITY_ID) VALUES ('WeightedSet', 66010, 8.0, 0, null, 20, 6601);
INSERT INTO EXERCISE_SET_ENTITY (SET_TYPE, ID, NUMBER_OF_REPS, STATUS , WEIGHT , WEIGHT_KG, EXERCISE_ACTIVITY_ID) VALUES ('WeightedSet', 66011, 3.0, 0, null, 40, 6601);
INSERT INTO EXERCISE_SET_ENTITY (SET_TYPE, ID, NUMBER_OF_REPS, STATUS , WEIGHT , WEIGHT_KG, EXERCISE_ACTIVITY_ID) VALUES ('WeightedSet', 66012, 8.0, 0, null, 50, 6601);
INSERT INTO EXERCISE_SET_ENTITY (SET_TYPE, ID, NUMBER_OF_REPS, STATUS , WEIGHT , WEIGHT_KG, EXERCISE_ACTIVITY_ID) VALUES ('WeightedSet', 66013, 8.0, 0, null, 50, 6601);
INSERT INTO EXERCISE_SET_ENTITY (SET_TYPE, ID, NUMBER_OF_REPS, STATUS , WEIGHT , WEIGHT_KG, EXERCISE_ACTIVITY_ID) VALUES ('WeightedSet', 66014, 8.0, 0, null, 50, 6601);
INSERT INTO EXERCISE_ACTIVITY_ENTITY (ID, NOTES, EXERCISE_ID, WORKOUT_ID) VALUES (6602, '', (SELECT ID FROM EXERCISE_ENTITY WHERE NAME = 'Lunge'), 66);
INSERT INTO EXERCISE_SET_ENTITY (SET_TYPE, ID, NUMBER_OF_REPS, STATUS , WEIGHT , WEIGHT_KG, EXERCISE_ACTIVITY_ID) VALUES ('NonWeightedSet', 66020, 10.0, 0, 'body', null, 6602);
INSERT INTO EXERCISE_SET_ENTITY (SET_TYPE, ID, NUMBER_OF_REPS, STATUS , WEIGHT , WEIGHT_KG, EXERCISE_ACTIVITY_ID) VALUES ('WeightedSet', 66021, 10.0, 0, null, 5, 6602);
INSERT INTO EXERCISE_SET_ENTITY (SET_TYPE, ID, NUMBER_OF_REPS, STATUS , WEIGHT , WEIGHT_KG, EXERCISE_ACTIVITY_ID) VALUES ('WeightedSet', 66022, 10.0, 0, null, 7.5, 6602);
INSERT INTO EXERCISE_ACTIVITY_ENTITY (ID, NOTES, EXERCISE_ID, WORKOUT_ID) VALUES (6603, '', (SELECT ID FROM EXERCISE_ENTITY WHERE NAME = 'Lying Leg Raise'), 66);
INSERT INTO EXERCISE_SET_ENTITY (SET_TYPE, ID, NUMBER_OF_REPS, STATUS , WEIGHT , WEIGHT_KG, EXERCISE_ACTIVITY_ID) VALUES ('NonWeightedSet', 66030, 10.0, 0, 'body', null, 6603);
INSERT INTO EXERCISE_SET_ENTITY (SET_TYPE, ID, NUMBER_OF_REPS, STATUS , WEIGHT , WEIGHT_KG, EXERCISE_ACTIVITY_ID) VALUES ('NonWeightedSet', 66031, 10.0, 0, 'body', null, 6603);
INSERT INTO EXERCISE_SET_ENTITY (SET_TYPE, ID, NUMBER_OF_REPS, STATUS , WEIGHT , WEIGHT_KG, EXERCISE_ACTIVITY_ID) VALUES ('NonWeightedSet', 66032, 10.0, 0, 'body', null, 6603);
INSERT INTO EXERCISE_ACTIVITY_ENTITY (ID, NOTES, EXERCISE_ID, WORKOUT_ID) VALUES (6604, '', (SELECT ID FROM EXERCISE_ENTITY WHERE NAME = 'Glute Raise'), 66);
INSERT INTO EXERCISE_SET_ENTITY (SET_TYPE, ID, NUMBER_OF_REPS, STATUS , WEIGHT , WEIGHT_KG, EXERCISE_ACTIVITY_ID) VALUES ('NonWeightedSet', 66040, 20.0, 0, 'body', null, 6604);
INSERT INTO EXERCISE_SET_ENTITY (SET_TYPE, ID, NUMBER_OF_REPS, STATUS , WEIGHT , WEIGHT_KG, EXERCISE_ACTIVITY_ID) VALUES ('WeightedSet', 66041, 10.0, 0, null, 20, 6604);
INSERT INTO EXERCISE_SET_ENTITY (SET_TYPE, ID, NUMBER_OF_REPS, STATUS , WEIGHT , WEIGHT_KG, EXERCISE_ACTIVITY_ID) VALUES ('WeightedSet', 66042, 10.0, 0, null, 20, 6604);
INSERT INTO EXERCISE_ACTIVITY_ENTITY (ID, NOTES, EXERCISE_ID, WORKOUT_ID) VALUES (6605, '', (SELECT ID FROM EXERCISE_ENTITY WHERE NAME = 'Seated Calf Raise'), 66);
INSERT INTO EXERCISE_SET_ENTITY (SET_TYPE, ID, NUMBER_OF_REPS, STATUS , WEIGHT , WEIGHT_KG, EXERCISE_ACTIVITY_ID) VALUES ('WeightedSet', 66050, 20.0, 0, null, 20, 6605);
INSERT INTO EXERCISE_SET_ENTITY (SET_TYPE, ID, NUMBER_OF_REPS, STATUS , WEIGHT , WEIGHT_KG, EXERCISE_ACTIVITY_ID) VALUES ('WeightedSet', 66051, 10.0, 0, null, 20, 6605);
INSERT INTO EXERCISE_ACTIVITY_ENTITY (ID, NOTES, EXERCISE_ID, WORKOUT_ID) VALUES (6606, '', (SELECT ID FROM EXERCISE_ENTITY WHERE NAME = 'Standing Calf Raise'), 66);
INSERT INTO EXERCISE_SET_ENTITY (SET_TYPE, ID, NUMBER_OF_REPS, STATUS , WEIGHT , WEIGHT_KG, EXERCISE_ACTIVITY_ID) VALUES ('WeightedSet', 66060, 10.0, 0, null, 125, 6606);
INSERT INTO EXERCISE_SET_ENTITY (SET_TYPE, ID, NUMBER_OF_REPS, STATUS , WEIGHT , WEIGHT_KG, EXERCISE_ACTIVITY_ID) VALUES ('WeightedSet', 66061, 5.0, 0, null, 125, 6606);
INSERT INTO WORKOUT_ENTITY (ID, NOTES, PERFORMED_AT_TIMESTAMP_UTC, WORKOUT_TYPE) VALUES (67, 'Notes', '2019-12-05 11:50:00', 'PULL');
INSERT INTO EXERCISE_ACTIVITY_ENTITY (ID, NOTES, EXERCISE_ID, WORKOUT_ID) VALUES (6700, '', (SELECT ID FROM EXERCISE_ENTITY WHERE NAME = 'Bent Over Row'), 67);
INSERT INTO EXERCISE_SET_ENTITY (SET_TYPE, ID, NUMBER_OF_REPS, STATUS , WEIGHT , WEIGHT_KG, EXERCISE_ACTIVITY_ID) VALUES ('WeightedSet', 67000, 12.0, 0, null, 20, 6700);
INSERT INTO EXERCISE_SET_ENTITY (SET_TYPE, ID, NUMBER_OF_REPS, STATUS , WEIGHT , WEIGHT_KG, EXERCISE_ACTIVITY_ID) VALUES ('WeightedSet', 67001, 12.0, 0, null, 30, 6700);
INSERT INTO EXERCISE_SET_ENTITY (SET_TYPE, ID, NUMBER_OF_REPS, STATUS , WEIGHT , WEIGHT_KG, EXERCISE_ACTIVITY_ID) VALUES ('WeightedSet', 67002, 10.0, 0, null, 40, 6700);
INSERT INTO EXERCISE_SET_ENTITY (SET_TYPE, ID, NUMBER_OF_REPS, STATUS , WEIGHT , WEIGHT_KG, EXERCISE_ACTIVITY_ID) VALUES ('WeightedSet', 67003, 10.0, 0, null, 40, 6700);
INSERT INTO EXERCISE_SET_ENTITY (SET_TYPE, ID, NUMBER_OF_REPS, STATUS , WEIGHT , WEIGHT_KG, EXERCISE_ACTIVITY_ID) VALUES ('WeightedSet', 67004, 11.0, 0, null, 40, 6700);
INSERT INTO EXERCISE_ACTIVITY_ENTITY (ID, NOTES, EXERCISE_ID, WORKOUT_ID) VALUES (6701, '', (SELECT ID FROM EXERCISE_ENTITY WHERE NAME = 'Chin Up'), 67);
INSERT INTO EXERCISE_SET_ENTITY (SET_TYPE, ID, NUMBER_OF_REPS, STATUS , WEIGHT , WEIGHT_KG, EXERCISE_ACTIVITY_ID) VALUES ('NonWeightedSet', 67010, 6.0, 0, 'body', null, 6701);
INSERT INTO EXERCISE_SET_ENTITY (SET_TYPE, ID, NUMBER_OF_REPS, STATUS , WEIGHT , WEIGHT_KG, EXERCISE_ACTIVITY_ID) VALUES ('NonWeightedSet', 67011, 6.0, 0, 'body', null, 6701);
INSERT INTO EXERCISE_SET_ENTITY (SET_TYPE, ID, NUMBER_OF_REPS, STATUS , WEIGHT , WEIGHT_KG, EXERCISE_ACTIVITY_ID) VALUES ('NonWeightedSet', 67012, 5.0, 1, 'body', null, 6701);
INSERT INTO EXERCISE_ACTIVITY_ENTITY (ID, NOTES, EXERCISE_ID, WORKOUT_ID) VALUES (6702, '', (SELECT ID FROM EXERCISE_ENTITY WHERE NAME = 'Inverted Row'), 67);
INSERT INTO EXERCISE_SET_ENTITY (SET_TYPE, ID, NUMBER_OF_REPS, STATUS , WEIGHT , WEIGHT_KG, EXERCISE_ACTIVITY_ID) VALUES ('NonWeightedSet', 67020, 10.0, 0, 'body', null, 6702);
INSERT INTO EXERCISE_SET_ENTITY (SET_TYPE, ID, NUMBER_OF_REPS, STATUS , WEIGHT , WEIGHT_KG, EXERCISE_ACTIVITY_ID) VALUES ('NonWeightedSet', 67021, 10.0, 0, 'body', null, 6702);
INSERT INTO EXERCISE_SET_ENTITY (SET_TYPE, ID, NUMBER_OF_REPS, STATUS , WEIGHT , WEIGHT_KG, EXERCISE_ACTIVITY_ID) VALUES ('NonWeightedSet', 67022, 10.0, 0, 'body', null, 6702);
INSERT INTO EXERCISE_SET_ENTITY (SET_TYPE, ID, NUMBER_OF_REPS, STATUS , WEIGHT , WEIGHT_KG, EXERCISE_ACTIVITY_ID) VALUES ('NonWeightedSet', 67023, 10.0, 0, 'body', null, 6702);
INSERT INTO EXERCISE_ACTIVITY_ENTITY (ID, NOTES, EXERCISE_ID, WORKOUT_ID) VALUES (6703, '', (SELECT ID FROM EXERCISE_ENTITY WHERE NAME = 'Rear Delt Fly'), 67);
INSERT INTO EXERCISE_SET_ENTITY (SET_TYPE, ID, NUMBER_OF_REPS, STATUS , WEIGHT , WEIGHT_KG, EXERCISE_ACTIVITY_ID) VALUES ('WeightedSet', 67030, 10.0, 0, null, 5, 6703);
INSERT INTO EXERCISE_SET_ENTITY (SET_TYPE, ID, NUMBER_OF_REPS, STATUS , WEIGHT , WEIGHT_KG, EXERCISE_ACTIVITY_ID) VALUES ('WeightedSet', 67031, 10.0, 0, null, 5, 6703);
INSERT INTO EXERCISE_SET_ENTITY (SET_TYPE, ID, NUMBER_OF_REPS, STATUS , WEIGHT , WEIGHT_KG, EXERCISE_ACTIVITY_ID) VALUES ('WeightedSet', 67032, 10.0, 0, null, 5, 6703);
INSERT INTO EXERCISE_ACTIVITY_ENTITY (ID, NOTES, EXERCISE_ID, WORKOUT_ID) VALUES (6704, '', (SELECT ID FROM EXERCISE_ENTITY WHERE NAME = 'Facepull'), 67);
INSERT INTO EXERCISE_SET_ENTITY (SET_TYPE, ID, NUMBER_OF_REPS, STATUS , WEIGHT , WEIGHT_KG, EXERCISE_ACTIVITY_ID) VALUES ('NonWeightedSet', 67040, 10.0, 0, 'yellow band', null, 6704);
INSERT INTO EXERCISE_SET_ENTITY (SET_TYPE, ID, NUMBER_OF_REPS, STATUS , WEIGHT , WEIGHT_KG, EXERCISE_ACTIVITY_ID) VALUES ('NonWeightedSet', 67041, 15.0, 0, 'yellow band', null, 6704);
INSERT INTO EXERCISE_ACTIVITY_ENTITY (ID, NOTES, EXERCISE_ID, WORKOUT_ID) VALUES (6705, '', (SELECT ID FROM EXERCISE_ENTITY WHERE NAME = 'Reverse Dumbbell Curl'), 67);
INSERT INTO EXERCISE_SET_ENTITY (SET_TYPE, ID, NUMBER_OF_REPS, STATUS , WEIGHT , WEIGHT_KG, EXERCISE_ACTIVITY_ID) VALUES ('WeightedSet', 67050, 10.0, 0, null, 5, 6705);
INSERT INTO EXERCISE_ACTIVITY_ENTITY (ID, NOTES, EXERCISE_ID, WORKOUT_ID) VALUES (6706, '', (SELECT ID FROM EXERCISE_ENTITY WHERE NAME = 'Barbell Curl'), 67);
INSERT INTO EXERCISE_SET_ENTITY (SET_TYPE, ID, NUMBER_OF_REPS, STATUS , WEIGHT , WEIGHT_KG, EXERCISE_ACTIVITY_ID) VALUES ('WeightedSet', 67060, 10.0, 0, null, 20, 6706);
INSERT INTO EXERCISE_SET_ENTITY (SET_TYPE, ID, NUMBER_OF_REPS, STATUS , WEIGHT , WEIGHT_KG, EXERCISE_ACTIVITY_ID) VALUES ('WeightedSet', 67061, 10.0, 0, null, 20, 6706);
INSERT INTO EXERCISE_SET_ENTITY (SET_TYPE, ID, NUMBER_OF_REPS, STATUS , WEIGHT , WEIGHT_KG, EXERCISE_ACTIVITY_ID) VALUES ('WeightedSet', 67062, 10.0, 0, null, 20, 6706);
INSERT INTO WORKOUT_ENTITY (ID, NOTES, PERFORMED_AT_TIMESTAMP_UTC, WORKOUT_TYPE) VALUES (68, 'Notes', '2019-12-06 15:35:00', 'PUSH');
INSERT INTO EXERCISE_ACTIVITY_ENTITY (ID, NOTES, EXERCISE_ID, WORKOUT_ID) VALUES (6800, '', (SELECT ID FROM EXERCISE_ENTITY WHERE NAME = 'Dumbbell Floor Fly'), 68);
INSERT INTO EXERCISE_SET_ENTITY (SET_TYPE, ID, NUMBER_OF_REPS, STATUS , WEIGHT , WEIGHT_KG, EXERCISE_ACTIVITY_ID) VALUES ('WeightedSet', 68000, 10.0, 0, null, 5, 6800);
INSERT INTO EXERCISE_ACTIVITY_ENTITY (ID, NOTES, EXERCISE_ID, WORKOUT_ID) VALUES (6801, '', (SELECT ID FROM EXERCISE_ENTITY WHERE NAME = 'Dumbbell Floor Press'), 68);
INSERT INTO EXERCISE_SET_ENTITY (SET_TYPE, ID, NUMBER_OF_REPS, STATUS , WEIGHT , WEIGHT_KG, EXERCISE_ACTIVITY_ID) VALUES ('WeightedSet', 68010, 10.0, 0, null, 10, 6801);
INSERT INTO EXERCISE_SET_ENTITY (SET_TYPE, ID, NUMBER_OF_REPS, STATUS , WEIGHT , WEIGHT_KG, EXERCISE_ACTIVITY_ID) VALUES ('WeightedSet', 68011, 10.0, 0, null, 15, 6801);
INSERT INTO EXERCISE_SET_ENTITY (SET_TYPE, ID, NUMBER_OF_REPS, STATUS , WEIGHT , WEIGHT_KG, EXERCISE_ACTIVITY_ID) VALUES ('WeightedSet', 68012, 10.0, 0, null, 15, 6801);
INSERT INTO EXERCISE_SET_ENTITY (SET_TYPE, ID, NUMBER_OF_REPS, STATUS , WEIGHT , WEIGHT_KG, EXERCISE_ACTIVITY_ID) VALUES ('WeightedSet', 68013, 10.0, 0, null, 20, 6801);
INSERT INTO EXERCISE_ACTIVITY_ENTITY (ID, NOTES, EXERCISE_ID, WORKOUT_ID) VALUES (6802, '', (SELECT ID FROM EXERCISE_ENTITY WHERE NAME = 'Overhead Press'), 68);
INSERT INTO EXERCISE_SET_ENTITY (SET_TYPE, ID, NUMBER_OF_REPS, STATUS , WEIGHT , WEIGHT_KG, EXERCISE_ACTIVITY_ID) VALUES ('WeightedSet', 68020, 8.0, 0, null, 20, 6802);
INSERT INTO EXERCISE_SET_ENTITY (SET_TYPE, ID, NUMBER_OF_REPS, STATUS , WEIGHT , WEIGHT_KG, EXERCISE_ACTIVITY_ID) VALUES ('WeightedSet', 68021, 5.0, 0, null, 45, 6802);
INSERT INTO EXERCISE_SET_ENTITY (SET_TYPE, ID, NUMBER_OF_REPS, STATUS , WEIGHT , WEIGHT_KG, EXERCISE_ACTIVITY_ID) VALUES ('WeightedSet', 68022, 5.0, 0, null, 45, 6802);
INSERT INTO EXERCISE_SET_ENTITY (SET_TYPE, ID, NUMBER_OF_REPS, STATUS , WEIGHT , WEIGHT_KG, EXERCISE_ACTIVITY_ID) VALUES ('WeightedSet', 68023, 5.0, 0, null, 40, 6802);
INSERT INTO EXERCISE_SET_ENTITY (SET_TYPE, ID, NUMBER_OF_REPS, STATUS , WEIGHT , WEIGHT_KG, EXERCISE_ACTIVITY_ID) VALUES ('WeightedSet', 68024, 5.0, 0, null, 40, 6802);
INSERT INTO EXERCISE_SET_ENTITY (SET_TYPE, ID, NUMBER_OF_REPS, STATUS , WEIGHT , WEIGHT_KG, EXERCISE_ACTIVITY_ID) VALUES ('WeightedSet', 68025, 5.0, 0, null, 40, 6802);
INSERT INTO EXERCISE_ACTIVITY_ENTITY (ID, NOTES, EXERCISE_ID, WORKOUT_ID) VALUES (6803, '', (SELECT ID FROM EXERCISE_ENTITY WHERE NAME = 'Barbell Floor Press'), 68);
INSERT INTO EXERCISE_SET_ENTITY (SET_TYPE, ID, NUMBER_OF_REPS, STATUS , WEIGHT , WEIGHT_KG, EXERCISE_ACTIVITY_ID) VALUES ('WeightedSet', 68030, 10.0, 0, null, 40, 6803);
INSERT INTO EXERCISE_SET_ENTITY (SET_TYPE, ID, NUMBER_OF_REPS, STATUS , WEIGHT , WEIGHT_KG, EXERCISE_ACTIVITY_ID) VALUES ('WeightedSet', 68031, 9.0, 1, null, 40, 6803);
INSERT INTO EXERCISE_SET_ENTITY (SET_TYPE, ID, NUMBER_OF_REPS, STATUS , WEIGHT , WEIGHT_KG, EXERCISE_ACTIVITY_ID) VALUES ('WeightedSet', 68032, 10.0, 0, null, 20, 6803);
INSERT INTO EXERCISE_ACTIVITY_ENTITY (ID, NOTES, EXERCISE_ID, WORKOUT_ID) VALUES (6804, '', (SELECT ID FROM EXERCISE_ENTITY WHERE NAME = 'Lateral Raise'), 68);
INSERT INTO EXERCISE_SET_ENTITY (SET_TYPE, ID, NUMBER_OF_REPS, STATUS , WEIGHT , WEIGHT_KG, EXERCISE_ACTIVITY_ID) VALUES ('WeightedSet', 68040, 20.0, 0, null, 2.5, 6804);
INSERT INTO EXERCISE_SET_ENTITY (SET_TYPE, ID, NUMBER_OF_REPS, STATUS , WEIGHT , WEIGHT_KG, EXERCISE_ACTIVITY_ID) VALUES ('WeightedSet', 68041, 10.0, 0, null, 5, 6804);
INSERT INTO EXERCISE_SET_ENTITY (SET_TYPE, ID, NUMBER_OF_REPS, STATUS , WEIGHT , WEIGHT_KG, EXERCISE_ACTIVITY_ID) VALUES ('WeightedSet', 68042, 10.0, 0, null, 2.5, 6804);
INSERT INTO EXERCISE_SET_ENTITY (SET_TYPE, ID, NUMBER_OF_REPS, STATUS , WEIGHT , WEIGHT_KG, EXERCISE_ACTIVITY_ID) VALUES ('WeightedSet', 68043, 10.0, 0, null, 2.5, 6804);
INSERT INTO EXERCISE_ACTIVITY_ENTITY (ID, NOTES, EXERCISE_ID, WORKOUT_ID) VALUES (6805, '', (SELECT ID FROM EXERCISE_ENTITY WHERE NAME = 'Dip'), 68);
INSERT INTO EXERCISE_SET_ENTITY (SET_TYPE, ID, NUMBER_OF_REPS, STATUS , WEIGHT , WEIGHT_KG, EXERCISE_ACTIVITY_ID) VALUES ('NonWeightedSet', 68050, 8.0, 0, 'body', null, 6805);
INSERT INTO EXERCISE_SET_ENTITY (SET_TYPE, ID, NUMBER_OF_REPS, STATUS , WEIGHT , WEIGHT_KG, EXERCISE_ACTIVITY_ID) VALUES ('NonWeightedSet', 68051, 8.0, 0, 'body', null, 6805);
INSERT INTO EXERCISE_SET_ENTITY (SET_TYPE, ID, NUMBER_OF_REPS, STATUS , WEIGHT , WEIGHT_KG, EXERCISE_ACTIVITY_ID) VALUES ('NonWeightedSet', 68052, 8.0, 0, 'body', null, 6805);
INSERT INTO EXERCISE_ACTIVITY_ENTITY (ID, NOTES, EXERCISE_ID, WORKOUT_ID) VALUES (6806, '', (SELECT ID FROM EXERCISE_ENTITY WHERE NAME = 'Skullcrusher'), 68);
INSERT INTO EXERCISE_SET_ENTITY (SET_TYPE, ID, NUMBER_OF_REPS, STATUS , WEIGHT , WEIGHT_KG, EXERCISE_ACTIVITY_ID) VALUES ('WeightedSet', 68060, 10.0, 0, null, 5, 6806);
INSERT INTO EXERCISE_SET_ENTITY (SET_TYPE, ID, NUMBER_OF_REPS, STATUS , WEIGHT , WEIGHT_KG, EXERCISE_ACTIVITY_ID) VALUES ('WeightedSet', 68061, 10.0, 0, null, 7.5, 6806);
INSERT INTO EXERCISE_SET_ENTITY (SET_TYPE, ID, NUMBER_OF_REPS, STATUS , WEIGHT , WEIGHT_KG, EXERCISE_ACTIVITY_ID) VALUES ('WeightedSet', 68062, 10.0, 0, null, 7.5, 6806);
INSERT INTO WORKOUT_ENTITY (ID, NOTES, PERFORMED_AT_TIMESTAMP_UTC, WORKOUT_TYPE) VALUES (69, 'Notes', '2019-12-09 11:20:00', 'PULL');
INSERT INTO EXERCISE_ACTIVITY_ENTITY (ID, NOTES, EXERCISE_ID, WORKOUT_ID) VALUES (6900, '', (SELECT ID FROM EXERCISE_ENTITY WHERE NAME = 'Deadlift'), 69);
INSERT INTO EXERCISE_SET_ENTITY (SET_TYPE, ID, NUMBER_OF_REPS, STATUS , WEIGHT , WEIGHT_KG, EXERCISE_ACTIVITY_ID) VALUES ('WeightedSet', 69000, 5.0, 0, null, 20, 6900);
INSERT INTO EXERCISE_SET_ENTITY (SET_TYPE, ID, NUMBER_OF_REPS, STATUS , WEIGHT , WEIGHT_KG, EXERCISE_ACTIVITY_ID) VALUES ('WeightedSet', 69001, 5.0, 0, null, 60, 6900);
INSERT INTO EXERCISE_SET_ENTITY (SET_TYPE, ID, NUMBER_OF_REPS, STATUS , WEIGHT , WEIGHT_KG, EXERCISE_ACTIVITY_ID) VALUES ('WeightedSet', 69002, 3.0, 0, null, 60, 6900);
INSERT INTO EXERCISE_SET_ENTITY (SET_TYPE, ID, NUMBER_OF_REPS, STATUS , WEIGHT , WEIGHT_KG, EXERCISE_ACTIVITY_ID) VALUES ('WeightedSet', 69003, 3.0, 0, null, 90, 6900);
INSERT INTO EXERCISE_SET_ENTITY (SET_TYPE, ID, NUMBER_OF_REPS, STATUS , WEIGHT , WEIGHT_KG, EXERCISE_ACTIVITY_ID) VALUES ('WeightedSet', 69004, 3.0, 0, null, 110, 6900);
INSERT INTO EXERCISE_SET_ENTITY (SET_TYPE, ID, NUMBER_OF_REPS, STATUS , WEIGHT , WEIGHT_KG, EXERCISE_ACTIVITY_ID) VALUES ('WeightedSet', 69005, 2.0, 0, null, 120, 6900);
INSERT INTO EXERCISE_SET_ENTITY (SET_TYPE, ID, NUMBER_OF_REPS, STATUS , WEIGHT , WEIGHT_KG, EXERCISE_ACTIVITY_ID) VALUES ('WeightedSet', 69006, 5.0, 0, null, 130, 6900);
INSERT INTO EXERCISE_SET_ENTITY (SET_TYPE, ID, NUMBER_OF_REPS, STATUS , WEIGHT , WEIGHT_KG, EXERCISE_ACTIVITY_ID) VALUES ('WeightedSet', 69007, 5.0, 0, null, 100, 6900);
INSERT INTO EXERCISE_ACTIVITY_ENTITY (ID, NOTES, EXERCISE_ID, WORKOUT_ID) VALUES (6901, '', (SELECT ID FROM EXERCISE_ENTITY WHERE NAME = 'Pull Up'), 69);
INSERT INTO EXERCISE_SET_ENTITY (SET_TYPE, ID, NUMBER_OF_REPS, STATUS , WEIGHT , WEIGHT_KG, EXERCISE_ACTIVITY_ID) VALUES ('NonWeightedSet', 69010, 6.0, 0, 'body', null, 6901);
INSERT INTO EXERCISE_SET_ENTITY (SET_TYPE, ID, NUMBER_OF_REPS, STATUS , WEIGHT , WEIGHT_KG, EXERCISE_ACTIVITY_ID) VALUES ('NonWeightedSet', 69011, 6.0, 0, 'body', null, 6901);
INSERT INTO EXERCISE_SET_ENTITY (SET_TYPE, ID, NUMBER_OF_REPS, STATUS , WEIGHT , WEIGHT_KG, EXERCISE_ACTIVITY_ID) VALUES ('NonWeightedSet', 69012, 6.0, 0, 'body', null, 6901);
INSERT INTO EXERCISE_ACTIVITY_ENTITY (ID, NOTES, EXERCISE_ID, WORKOUT_ID) VALUES (6902, '', (SELECT ID FROM EXERCISE_ENTITY WHERE NAME = 'Inverted Row'), 69);
INSERT INTO EXERCISE_SET_ENTITY (SET_TYPE, ID, NUMBER_OF_REPS, STATUS , WEIGHT , WEIGHT_KG, EXERCISE_ACTIVITY_ID) VALUES ('NonWeightedSet', 69020, 10.0, 0, 'body', null, 6902);
INSERT INTO EXERCISE_SET_ENTITY (SET_TYPE, ID, NUMBER_OF_REPS, STATUS , WEIGHT , WEIGHT_KG, EXERCISE_ACTIVITY_ID) VALUES ('NonWeightedSet', 69021, 10.0, 0, 'body', null, 6902);
INSERT INTO EXERCISE_SET_ENTITY (SET_TYPE, ID, NUMBER_OF_REPS, STATUS , WEIGHT , WEIGHT_KG, EXERCISE_ACTIVITY_ID) VALUES ('NonWeightedSet', 69022, 10.0, 0, 'body', null, 6902);
INSERT INTO EXERCISE_SET_ENTITY (SET_TYPE, ID, NUMBER_OF_REPS, STATUS , WEIGHT , WEIGHT_KG, EXERCISE_ACTIVITY_ID) VALUES ('NonWeightedSet', 69023, 10.0, 0, 'body', null, 6902);
INSERT INTO EXERCISE_ACTIVITY_ENTITY (ID, NOTES, EXERCISE_ID, WORKOUT_ID) VALUES (6903, '', (SELECT ID FROM EXERCISE_ENTITY WHERE NAME = 'Rear Delt Fly'), 69);
INSERT INTO EXERCISE_SET_ENTITY (SET_TYPE, ID, NUMBER_OF_REPS, STATUS , WEIGHT , WEIGHT_KG, EXERCISE_ACTIVITY_ID) VALUES ('WeightedSet', 69030, 10.0, 0, null, 5, 6903);
INSERT INTO EXERCISE_SET_ENTITY (SET_TYPE, ID, NUMBER_OF_REPS, STATUS , WEIGHT , WEIGHT_KG, EXERCISE_ACTIVITY_ID) VALUES ('WeightedSet', 69031, 10.0, 0, null, 5, 6903);
INSERT INTO EXERCISE_SET_ENTITY (SET_TYPE, ID, NUMBER_OF_REPS, STATUS , WEIGHT , WEIGHT_KG, EXERCISE_ACTIVITY_ID) VALUES ('WeightedSet', 69032, 10.0, 0, null, 5, 6903);
INSERT INTO EXERCISE_ACTIVITY_ENTITY (ID, NOTES, EXERCISE_ID, WORKOUT_ID) VALUES (6904, '', (SELECT ID FROM EXERCISE_ENTITY WHERE NAME = 'Barbell Curl'), 69);
INSERT INTO EXERCISE_SET_ENTITY (SET_TYPE, ID, NUMBER_OF_REPS, STATUS , WEIGHT , WEIGHT_KG, EXERCISE_ACTIVITY_ID) VALUES ('WeightedSet', 69040, 10.0, 0, null, 20, 6904);
INSERT INTO EXERCISE_SET_ENTITY (SET_TYPE, ID, NUMBER_OF_REPS, STATUS , WEIGHT , WEIGHT_KG, EXERCISE_ACTIVITY_ID) VALUES ('WeightedSet', 69041, 10.0, 0, null, 20, 6904);
INSERT INTO EXERCISE_SET_ENTITY (SET_TYPE, ID, NUMBER_OF_REPS, STATUS , WEIGHT , WEIGHT_KG, EXERCISE_ACTIVITY_ID) VALUES ('WeightedSet', 69042, 10.0, 0, null, 20, 6904);
INSERT INTO WORKOUT_ENTITY (ID, NOTES, PERFORMED_AT_TIMESTAMP_UTC, WORKOUT_TYPE) VALUES (70, 'Notes', '2019-12-10 15:50:00', 'PUSH');
INSERT INTO EXERCISE_ACTIVITY_ENTITY (ID, NOTES, EXERCISE_ID, WORKOUT_ID) VALUES (7000, '', (SELECT ID FROM EXERCISE_ENTITY WHERE NAME = 'Dumbbell Floor Fly'), 70);
INSERT INTO EXERCISE_SET_ENTITY (SET_TYPE, ID, NUMBER_OF_REPS, STATUS , WEIGHT , WEIGHT_KG, EXERCISE_ACTIVITY_ID) VALUES ('WeightedSet', 70000, 8.0, 0, null, 5, 7000);
INSERT INTO EXERCISE_ACTIVITY_ENTITY (ID, NOTES, EXERCISE_ID, WORKOUT_ID) VALUES (7001, '', (SELECT ID FROM EXERCISE_ENTITY WHERE NAME = 'Dumbbell Floor Press'), 70);
INSERT INTO EXERCISE_SET_ENTITY (SET_TYPE, ID, NUMBER_OF_REPS, STATUS , WEIGHT , WEIGHT_KG, EXERCISE_ACTIVITY_ID) VALUES ('WeightedSet', 70010, 10.0, 0, null, 10, 7001);
INSERT INTO EXERCISE_SET_ENTITY (SET_TYPE, ID, NUMBER_OF_REPS, STATUS , WEIGHT , WEIGHT_KG, EXERCISE_ACTIVITY_ID) VALUES ('WeightedSet', 70011, 10.0, 0, null, 15, 7001);
INSERT INTO EXERCISE_SET_ENTITY (SET_TYPE, ID, NUMBER_OF_REPS, STATUS , WEIGHT , WEIGHT_KG, EXERCISE_ACTIVITY_ID) VALUES ('WeightedSet', 70012, 10.0, 0, null, 15, 7001);
INSERT INTO EXERCISE_SET_ENTITY (SET_TYPE, ID, NUMBER_OF_REPS, STATUS , WEIGHT , WEIGHT_KG, EXERCISE_ACTIVITY_ID) VALUES ('WeightedSet', 70013, 10.0, 0, null, 20, 7001);
INSERT INTO EXERCISE_ACTIVITY_ENTITY (ID, NOTES, EXERCISE_ID, WORKOUT_ID) VALUES (7002, '', (SELECT ID FROM EXERCISE_ENTITY WHERE NAME = 'Overhead Press'), 70);
INSERT INTO EXERCISE_SET_ENTITY (SET_TYPE, ID, NUMBER_OF_REPS, STATUS , WEIGHT , WEIGHT_KG, EXERCISE_ACTIVITY_ID) VALUES ('WeightedSet', 70020, 8.0, 0, null, 20, 7002);
INSERT INTO EXERCISE_SET_ENTITY (SET_TYPE, ID, NUMBER_OF_REPS, STATUS , WEIGHT , WEIGHT_KG, EXERCISE_ACTIVITY_ID) VALUES ('WeightedSet', 70021, 8.0, 0, null, 35, 7002);
INSERT INTO EXERCISE_SET_ENTITY (SET_TYPE, ID, NUMBER_OF_REPS, STATUS , WEIGHT , WEIGHT_KG, EXERCISE_ACTIVITY_ID) VALUES ('WeightedSet', 70022, 8.0, 0, null, 35, 7002);
INSERT INTO EXERCISE_SET_ENTITY (SET_TYPE, ID, NUMBER_OF_REPS, STATUS , WEIGHT , WEIGHT_KG, EXERCISE_ACTIVITY_ID) VALUES ('WeightedSet', 70023, 7.0, 1, null, 35, 7002);
INSERT INTO EXERCISE_ACTIVITY_ENTITY (ID, NOTES, EXERCISE_ID, WORKOUT_ID) VALUES (7003, '', (SELECT ID FROM EXERCISE_ENTITY WHERE NAME = 'Barbell Floor Press'), 70);
INSERT INTO EXERCISE_SET_ENTITY (SET_TYPE, ID, NUMBER_OF_REPS, STATUS , WEIGHT , WEIGHT_KG, EXERCISE_ACTIVITY_ID) VALUES ('WeightedSet', 70030, 10.0, 0, null, 35, 7003);
INSERT INTO EXERCISE_ACTIVITY_ENTITY (ID, NOTES, EXERCISE_ID, WORKOUT_ID) VALUES (7004, '', (SELECT ID FROM EXERCISE_ENTITY WHERE NAME = 'Reverse Bench Press'), 70);
INSERT INTO EXERCISE_SET_ENTITY (SET_TYPE, ID, NUMBER_OF_REPS, STATUS , WEIGHT , WEIGHT_KG, EXERCISE_ACTIVITY_ID) VALUES ('WeightedSet', 70040, 8.0, 0, null, 35, 7004);
INSERT INTO EXERCISE_ACTIVITY_ENTITY (ID, NOTES, EXERCISE_ID, WORKOUT_ID) VALUES (7005, '', (SELECT ID FROM EXERCISE_ENTITY WHERE NAME = 'Dumbbell Fly'), 70);
INSERT INTO EXERCISE_SET_ENTITY (SET_TYPE, ID, NUMBER_OF_REPS, STATUS , WEIGHT , WEIGHT_KG, EXERCISE_ACTIVITY_ID) VALUES ('WeightedSet', 70050, 8.0, 0, null, 5, 7005);
INSERT INTO EXERCISE_SET_ENTITY (SET_TYPE, ID, NUMBER_OF_REPS, STATUS , WEIGHT , WEIGHT_KG, EXERCISE_ACTIVITY_ID) VALUES ('WeightedSet', 70051, 8.0, 0, null, 5, 7005);
INSERT INTO EXERCISE_ACTIVITY_ENTITY (ID, NOTES, EXERCISE_ID, WORKOUT_ID) VALUES (7006, '', (SELECT ID FROM EXERCISE_ENTITY WHERE NAME = 'Lateral Raise'), 70);
INSERT INTO EXERCISE_SET_ENTITY (SET_TYPE, ID, NUMBER_OF_REPS, STATUS , WEIGHT , WEIGHT_KG, EXERCISE_ACTIVITY_ID) VALUES ('WeightedSet', 70060, 16.0, 0, null, 2.5, 7006);
INSERT INTO EXERCISE_SET_ENTITY (SET_TYPE, ID, NUMBER_OF_REPS, STATUS , WEIGHT , WEIGHT_KG, EXERCISE_ACTIVITY_ID) VALUES ('WeightedSet', 70061, 20.0, 0, null, 2.5, 7006);
INSERT INTO EXERCISE_SET_ENTITY (SET_TYPE, ID, NUMBER_OF_REPS, STATUS , WEIGHT , WEIGHT_KG, EXERCISE_ACTIVITY_ID) VALUES ('WeightedSet', 70062, 10.0, 0, null, 5, 7006);
INSERT INTO EXERCISE_SET_ENTITY (SET_TYPE, ID, NUMBER_OF_REPS, STATUS , WEIGHT , WEIGHT_KG, EXERCISE_ACTIVITY_ID) VALUES ('WeightedSet', 70063, 10.0, 0, null, 2.5, 7006);
INSERT INTO EXERCISE_ACTIVITY_ENTITY (ID, NOTES, EXERCISE_ID, WORKOUT_ID) VALUES (7007, '', (SELECT ID FROM EXERCISE_ENTITY WHERE NAME = 'Dip'), 70);
INSERT INTO EXERCISE_SET_ENTITY (SET_TYPE, ID, NUMBER_OF_REPS, STATUS , WEIGHT , WEIGHT_KG, EXERCISE_ACTIVITY_ID) VALUES ('NonWeightedSet', 70070, 8.0, 0, 'body', null, 7007);
INSERT INTO EXERCISE_SET_ENTITY (SET_TYPE, ID, NUMBER_OF_REPS, STATUS , WEIGHT , WEIGHT_KG, EXERCISE_ACTIVITY_ID) VALUES ('NonWeightedSet', 70071, 8.0, 0, 'body', null, 7007);
INSERT INTO EXERCISE_SET_ENTITY (SET_TYPE, ID, NUMBER_OF_REPS, STATUS , WEIGHT , WEIGHT_KG, EXERCISE_ACTIVITY_ID) VALUES ('NonWeightedSet', 70072, 8.0, 0, 'body', null, 7007);
INSERT INTO EXERCISE_ACTIVITY_ENTITY (ID, NOTES, EXERCISE_ID, WORKOUT_ID) VALUES (7008, '', (SELECT ID FROM EXERCISE_ENTITY WHERE NAME = 'Skullcrusher'), 70);
INSERT INTO EXERCISE_SET_ENTITY (SET_TYPE, ID, NUMBER_OF_REPS, STATUS , WEIGHT , WEIGHT_KG, EXERCISE_ACTIVITY_ID) VALUES ('WeightedSet', 70080, 8.0, 0, null, 5, 7008);
INSERT INTO EXERCISE_ACTIVITY_ENTITY (ID, NOTES, EXERCISE_ID, WORKOUT_ID) VALUES (7009, '', (SELECT ID FROM EXERCISE_ENTITY WHERE NAME = 'Floor Plate Press'), 70);
INSERT INTO EXERCISE_SET_ENTITY (SET_TYPE, ID, NUMBER_OF_REPS, STATUS , WEIGHT , WEIGHT_KG, EXERCISE_ACTIVITY_ID) VALUES ('WeightedSet', 70090, 20.0, 0, null, 20, 7009);
INSERT INTO EXERCISE_SET_ENTITY (SET_TYPE, ID, NUMBER_OF_REPS, STATUS , WEIGHT , WEIGHT_KG, EXERCISE_ACTIVITY_ID) VALUES ('WeightedSet', 70091, 20.0, 0, null, 20, 7009);
INSERT INTO WORKOUT_ENTITY (ID, NOTES, PERFORMED_AT_TIMESTAMP_UTC, WORKOUT_TYPE) VALUES (71, 'Notes', '2019-12-11 15:10:00', 'LEGS');
INSERT INTO EXERCISE_ACTIVITY_ENTITY (ID, NOTES, EXERCISE_ID, WORKOUT_ID) VALUES (7100, '', (SELECT ID FROM EXERCISE_ENTITY WHERE NAME = 'Squat'), 71);
INSERT INTO EXERCISE_SET_ENTITY (SET_TYPE, ID, NUMBER_OF_REPS, STATUS , WEIGHT , WEIGHT_KG, EXERCISE_ACTIVITY_ID) VALUES ('NonWeightedSet', 71000, 8.0, 0, 'body', null, 7100);
INSERT INTO EXERCISE_SET_ENTITY (SET_TYPE, ID, NUMBER_OF_REPS, STATUS , WEIGHT , WEIGHT_KG, EXERCISE_ACTIVITY_ID) VALUES ('WeightedSet', 71001, 5.0, 0, null, 20, 7100);
INSERT INTO EXERCISE_SET_ENTITY (SET_TYPE, ID, NUMBER_OF_REPS, STATUS , WEIGHT , WEIGHT_KG, EXERCISE_ACTIVITY_ID) VALUES ('WeightedSet', 71002, 5.0, 0, null, 40, 7100);
INSERT INTO EXERCISE_SET_ENTITY (SET_TYPE, ID, NUMBER_OF_REPS, STATUS , WEIGHT , WEIGHT_KG, EXERCISE_ACTIVITY_ID) VALUES ('WeightedSet', 71003, 3.0, 0, null, 60, 7100);
INSERT INTO EXERCISE_SET_ENTITY (SET_TYPE, ID, NUMBER_OF_REPS, STATUS , WEIGHT , WEIGHT_KG, EXERCISE_ACTIVITY_ID) VALUES ('WeightedSet', 71004, 5.0, 0, null, 70, 7100);
INSERT INTO EXERCISE_SET_ENTITY (SET_TYPE, ID, NUMBER_OF_REPS, STATUS , WEIGHT , WEIGHT_KG, EXERCISE_ACTIVITY_ID) VALUES ('WeightedSet', 71005, 5.0, 0, null, 70, 7100);
INSERT INTO EXERCISE_SET_ENTITY (SET_TYPE, ID, NUMBER_OF_REPS, STATUS , WEIGHT , WEIGHT_KG, EXERCISE_ACTIVITY_ID) VALUES ('WeightedSet', 71006, 5.0, 0, null, 70, 7100);
INSERT INTO EXERCISE_SET_ENTITY (SET_TYPE, ID, NUMBER_OF_REPS, STATUS , WEIGHT , WEIGHT_KG, EXERCISE_ACTIVITY_ID) VALUES ('WeightedSet', 71007, 5.0, 0, null, 70, 7100);
INSERT INTO EXERCISE_SET_ENTITY (SET_TYPE, ID, NUMBER_OF_REPS, STATUS , WEIGHT , WEIGHT_KG, EXERCISE_ACTIVITY_ID) VALUES ('WeightedSet', 71008, 5.0, 0, null, 70, 7100);
INSERT INTO EXERCISE_ACTIVITY_ENTITY (ID, NOTES, EXERCISE_ID, WORKOUT_ID) VALUES (7101, '', (SELECT ID FROM EXERCISE_ENTITY WHERE NAME = 'Romanian Deadlift'), 71);
INSERT INTO EXERCISE_SET_ENTITY (SET_TYPE, ID, NUMBER_OF_REPS, STATUS , WEIGHT , WEIGHT_KG, EXERCISE_ACTIVITY_ID) VALUES ('WeightedSet', 71010, 8.0, 0, null, 20, 7101);
INSERT INTO EXERCISE_SET_ENTITY (SET_TYPE, ID, NUMBER_OF_REPS, STATUS , WEIGHT , WEIGHT_KG, EXERCISE_ACTIVITY_ID) VALUES ('WeightedSet', 71011, 4.0, 0, null, 40, 7101);
INSERT INTO EXERCISE_SET_ENTITY (SET_TYPE, ID, NUMBER_OF_REPS, STATUS , WEIGHT , WEIGHT_KG, EXERCISE_ACTIVITY_ID) VALUES ('WeightedSet', 71012, 8.0, 0, null, 50, 7101);
INSERT INTO EXERCISE_SET_ENTITY (SET_TYPE, ID, NUMBER_OF_REPS, STATUS , WEIGHT , WEIGHT_KG, EXERCISE_ACTIVITY_ID) VALUES ('WeightedSet', 71013, 8.0, 0, null, 50, 7101);
INSERT INTO EXERCISE_SET_ENTITY (SET_TYPE, ID, NUMBER_OF_REPS, STATUS , WEIGHT , WEIGHT_KG, EXERCISE_ACTIVITY_ID) VALUES ('WeightedSet', 71014, 8.0, 0, null, 50, 7101);
INSERT INTO EXERCISE_ACTIVITY_ENTITY (ID, NOTES, EXERCISE_ID, WORKOUT_ID) VALUES (7102, '', (SELECT ID FROM EXERCISE_ENTITY WHERE NAME = 'Lying Leg Raise'), 71);
INSERT INTO EXERCISE_SET_ENTITY (SET_TYPE, ID, NUMBER_OF_REPS, STATUS , WEIGHT , WEIGHT_KG, EXERCISE_ACTIVITY_ID) VALUES ('NonWeightedSet', 71020, 10.0, 0, 'body', null, 7102);
INSERT INTO EXERCISE_SET_ENTITY (SET_TYPE, ID, NUMBER_OF_REPS, STATUS , WEIGHT , WEIGHT_KG, EXERCISE_ACTIVITY_ID) VALUES ('NonWeightedSet', 71021, 10.0, 0, 'body', null, 7102);
INSERT INTO EXERCISE_SET_ENTITY (SET_TYPE, ID, NUMBER_OF_REPS, STATUS , WEIGHT , WEIGHT_KG, EXERCISE_ACTIVITY_ID) VALUES ('NonWeightedSet', 71022, 10.0, 0, 'body', null, 7102);
INSERT INTO EXERCISE_ACTIVITY_ENTITY (ID, NOTES, EXERCISE_ID, WORKOUT_ID) VALUES (7103, '', (SELECT ID FROM EXERCISE_ENTITY WHERE NAME = 'Lunge'), 71);
INSERT INTO EXERCISE_SET_ENTITY (SET_TYPE, ID, NUMBER_OF_REPS, STATUS , WEIGHT , WEIGHT_KG, EXERCISE_ACTIVITY_ID) VALUES ('NonWeightedSet', 71030, 10.0, 0, 'body', null, 7103);
INSERT INTO EXERCISE_SET_ENTITY (SET_TYPE, ID, NUMBER_OF_REPS, STATUS , WEIGHT , WEIGHT_KG, EXERCISE_ACTIVITY_ID) VALUES ('WeightedSet', 71031, 10.0, 0, null, 5, 7103);
INSERT INTO EXERCISE_SET_ENTITY (SET_TYPE, ID, NUMBER_OF_REPS, STATUS , WEIGHT , WEIGHT_KG, EXERCISE_ACTIVITY_ID) VALUES ('WeightedSet', 71032, 10.0, 0, null, 5, 7103);
INSERT INTO EXERCISE_ACTIVITY_ENTITY (ID, NOTES, EXERCISE_ID, WORKOUT_ID) VALUES (7104, '', (SELECT ID FROM EXERCISE_ENTITY WHERE NAME = 'Banded Squat Walk'), 71);
INSERT INTO EXERCISE_SET_ENTITY (SET_TYPE, ID, NUMBER_OF_REPS, STATUS , WEIGHT , WEIGHT_KG, EXERCISE_ACTIVITY_ID) VALUES ('NonWeightedSet', 71040, 8.0, 0, 'red band', null, 7104);
INSERT INTO EXERCISE_ACTIVITY_ENTITY (ID, NOTES, EXERCISE_ID, WORKOUT_ID) VALUES (7105, '', (SELECT ID FROM EXERCISE_ENTITY WHERE NAME = 'Glute Raise'), 71);
INSERT INTO EXERCISE_SET_ENTITY (SET_TYPE, ID, NUMBER_OF_REPS, STATUS , WEIGHT , WEIGHT_KG, EXERCISE_ACTIVITY_ID) VALUES ('NonWeightedSet', 71050, 10.0, 0, 'body', null, 7105);
INSERT INTO EXERCISE_SET_ENTITY (SET_TYPE, ID, NUMBER_OF_REPS, STATUS , WEIGHT , WEIGHT_KG, EXERCISE_ACTIVITY_ID) VALUES ('NonWeightedSet', 71051, 10.0, 0, 'body', null, 7105);
INSERT INTO EXERCISE_SET_ENTITY (SET_TYPE, ID, NUMBER_OF_REPS, STATUS , WEIGHT , WEIGHT_KG, EXERCISE_ACTIVITY_ID) VALUES ('NonWeightedSet', 71052, 10.0, 0, 'body', null, 7105);
INSERT INTO EXERCISE_ACTIVITY_ENTITY (ID, NOTES, EXERCISE_ID, WORKOUT_ID) VALUES (7106, '', (SELECT ID FROM EXERCISE_ENTITY WHERE NAME = 'Seated Calf Raise'), 71);
INSERT INTO EXERCISE_SET_ENTITY (SET_TYPE, ID, NUMBER_OF_REPS, STATUS , WEIGHT , WEIGHT_KG, EXERCISE_ACTIVITY_ID) VALUES ('WeightedSet', 71060, 10.0, 0, null, 20, 7106);
INSERT INTO EXERCISE_SET_ENTITY (SET_TYPE, ID, NUMBER_OF_REPS, STATUS , WEIGHT , WEIGHT_KG, EXERCISE_ACTIVITY_ID) VALUES ('WeightedSet', 71061, 12.0, 0, null, 20, 7106);
INSERT INTO EXERCISE_ACTIVITY_ENTITY (ID, NOTES, EXERCISE_ID, WORKOUT_ID) VALUES (7107, '', (SELECT ID FROM EXERCISE_ENTITY WHERE NAME = 'Standing Calf Raise'), 71);
INSERT INTO EXERCISE_SET_ENTITY (SET_TYPE, ID, NUMBER_OF_REPS, STATUS , WEIGHT , WEIGHT_KG, EXERCISE_ACTIVITY_ID) VALUES ('WeightedSet', 71070, 10.0, 0, null, 125, 7107);
INSERT INTO EXERCISE_SET_ENTITY (SET_TYPE, ID, NUMBER_OF_REPS, STATUS , WEIGHT , WEIGHT_KG, EXERCISE_ACTIVITY_ID) VALUES ('WeightedSet', 71071, 10.0, 0, null, 125, 7107);
INSERT INTO WORKOUT_ENTITY (ID, NOTES, PERFORMED_AT_TIMESTAMP_UTC, WORKOUT_TYPE) VALUES (72, 'Notes', '2019-12-12 15:40:00', 'PULL');
INSERT INTO EXERCISE_ACTIVITY_ENTITY (ID, NOTES, EXERCISE_ID, WORKOUT_ID) VALUES (7200, '', (SELECT ID FROM EXERCISE_ENTITY WHERE NAME = 'Bent Over Row'), 72);
INSERT INTO EXERCISE_SET_ENTITY (SET_TYPE, ID, NUMBER_OF_REPS, STATUS , WEIGHT , WEIGHT_KG, EXERCISE_ACTIVITY_ID) VALUES ('WeightedSet', 72000, 8.0, 0, null, 20, 7200);
INSERT INTO EXERCISE_SET_ENTITY (SET_TYPE, ID, NUMBER_OF_REPS, STATUS , WEIGHT , WEIGHT_KG, EXERCISE_ACTIVITY_ID) VALUES ('WeightedSet', 72001, 10.0, 0, null, 30, 7200);
INSERT INTO EXERCISE_SET_ENTITY (SET_TYPE, ID, NUMBER_OF_REPS, STATUS , WEIGHT , WEIGHT_KG, EXERCISE_ACTIVITY_ID) VALUES ('WeightedSet', 72002, 8.0, 0, null, 40, 7200);
INSERT INTO EXERCISE_SET_ENTITY (SET_TYPE, ID, NUMBER_OF_REPS, STATUS , WEIGHT , WEIGHT_KG, EXERCISE_ACTIVITY_ID) VALUES ('WeightedSet', 72003, 9.0, 0, null, 40, 7200);
INSERT INTO EXERCISE_SET_ENTITY (SET_TYPE, ID, NUMBER_OF_REPS, STATUS , WEIGHT , WEIGHT_KG, EXERCISE_ACTIVITY_ID) VALUES ('WeightedSet', 72004, 10.0, 0, null, 40, 7200);
INSERT INTO EXERCISE_ACTIVITY_ENTITY (ID, NOTES, EXERCISE_ID, WORKOUT_ID) VALUES (7201, '', (SELECT ID FROM EXERCISE_ENTITY WHERE NAME = 'Chin Up'), 72);
INSERT INTO EXERCISE_SET_ENTITY (SET_TYPE, ID, NUMBER_OF_REPS, STATUS , WEIGHT , WEIGHT_KG, EXERCISE_ACTIVITY_ID) VALUES ('NonWeightedSet', 72010, 6.0, 0, 'body', null, 7201);
INSERT INTO EXERCISE_SET_ENTITY (SET_TYPE, ID, NUMBER_OF_REPS, STATUS , WEIGHT , WEIGHT_KG, EXERCISE_ACTIVITY_ID) VALUES ('NonWeightedSet', 72011, 6.0, 0, 'body', null, 7201);
INSERT INTO EXERCISE_SET_ENTITY (SET_TYPE, ID, NUMBER_OF_REPS, STATUS , WEIGHT , WEIGHT_KG, EXERCISE_ACTIVITY_ID) VALUES ('NonWeightedSet', 72012, 6.0, 0, 'body', null, 7201);
INSERT INTO EXERCISE_ACTIVITY_ENTITY (ID, NOTES, EXERCISE_ID, WORKOUT_ID) VALUES (7202, '', (SELECT ID FROM EXERCISE_ENTITY WHERE NAME = 'Batwing Row'), 72);
INSERT INTO EXERCISE_SET_ENTITY (SET_TYPE, ID, NUMBER_OF_REPS, STATUS , WEIGHT , WEIGHT_KG, EXERCISE_ACTIVITY_ID) VALUES ('WeightedSet', 72020, 12.0, 0, null, 5, 7202);
INSERT INTO EXERCISE_SET_ENTITY (SET_TYPE, ID, NUMBER_OF_REPS, STATUS , WEIGHT , WEIGHT_KG, EXERCISE_ACTIVITY_ID) VALUES ('WeightedSet', 72021, 12.0, 0, null, 7.5, 7202);
INSERT INTO EXERCISE_SET_ENTITY (SET_TYPE, ID, NUMBER_OF_REPS, STATUS , WEIGHT , WEIGHT_KG, EXERCISE_ACTIVITY_ID) VALUES ('WeightedSet', 72022, 12.0, 0, null, 7.5, 7202);
INSERT INTO EXERCISE_ACTIVITY_ENTITY (ID, NOTES, EXERCISE_ID, WORKOUT_ID) VALUES (7203, '', (SELECT ID FROM EXERCISE_ENTITY WHERE NAME = 'Barbell Curl'), 72);
INSERT INTO EXERCISE_SET_ENTITY (SET_TYPE, ID, NUMBER_OF_REPS, STATUS , WEIGHT , WEIGHT_KG, EXERCISE_ACTIVITY_ID) VALUES ('WeightedSet', 72030, 10.0, 0, null, 22.5, 7203);
INSERT INTO EXERCISE_SET_ENTITY (SET_TYPE, ID, NUMBER_OF_REPS, STATUS , WEIGHT , WEIGHT_KG, EXERCISE_ACTIVITY_ID) VALUES ('WeightedSet', 72031, 10.0, 0, null, 22.5, 7203);
INSERT INTO EXERCISE_SET_ENTITY (SET_TYPE, ID, NUMBER_OF_REPS, STATUS , WEIGHT , WEIGHT_KG, EXERCISE_ACTIVITY_ID) VALUES ('WeightedSet', 72032, 10.0, 0, null, 22.5, 7203);
INSERT INTO EXERCISE_ACTIVITY_ENTITY (ID, NOTES, EXERCISE_ID, WORKOUT_ID) VALUES (7204, '', (SELECT ID FROM EXERCISE_ENTITY WHERE NAME = 'Facepull'), 72);
INSERT INTO EXERCISE_SET_ENTITY (SET_TYPE, ID, NUMBER_OF_REPS, STATUS , WEIGHT , WEIGHT_KG, EXERCISE_ACTIVITY_ID) VALUES ('NonWeightedSet', 72040, 17.0, 0, 'yellow band', null, 7204);
INSERT INTO EXERCISE_SET_ENTITY (SET_TYPE, ID, NUMBER_OF_REPS, STATUS , WEIGHT , WEIGHT_KG, EXERCISE_ACTIVITY_ID) VALUES ('NonWeightedSet', 72041, 15.0, 0, 'yellow band', null, 7204);
INSERT INTO EXERCISE_ACTIVITY_ENTITY (ID, NOTES, EXERCISE_ID, WORKOUT_ID) VALUES (7205, '', (SELECT ID FROM EXERCISE_ENTITY WHERE NAME = 'Dumbbell Curl'), 72);
INSERT INTO EXERCISE_SET_ENTITY (SET_TYPE, ID, NUMBER_OF_REPS, STATUS , WEIGHT , WEIGHT_KG, EXERCISE_ACTIVITY_ID) VALUES ('WeightedSet', 72050, 10.0, 0, null, 7.5, 7205);
INSERT INTO EXERCISE_SET_ENTITY (SET_TYPE, ID, NUMBER_OF_REPS, STATUS , WEIGHT , WEIGHT_KG, EXERCISE_ACTIVITY_ID) VALUES ('WeightedSet', 72051, 10.0, 0, null, 7.5, 7205);
INSERT INTO WORKOUT_ENTITY (ID, NOTES, PERFORMED_AT_TIMESTAMP_UTC, WORKOUT_TYPE) VALUES (73, 'Notes', '2019-12-13 12:20:00', 'PUSH');
INSERT INTO EXERCISE_ACTIVITY_ENTITY (ID, NOTES, EXERCISE_ID, WORKOUT_ID) VALUES (7300, '', (SELECT ID FROM EXERCISE_ENTITY WHERE NAME = 'Dumbbell Floor Fly'), 73);
INSERT INTO EXERCISE_SET_ENTITY (SET_TYPE, ID, NUMBER_OF_REPS, STATUS , WEIGHT , WEIGHT_KG, EXERCISE_ACTIVITY_ID) VALUES ('WeightedSet', 73000, 10.0, 0, null, 5, 7300);
INSERT INTO EXERCISE_ACTIVITY_ENTITY (ID, NOTES, EXERCISE_ID, WORKOUT_ID) VALUES (7301, '', (SELECT ID FROM EXERCISE_ENTITY WHERE NAME = 'Dumbbell Floor Press'), 73);
INSERT INTO EXERCISE_SET_ENTITY (SET_TYPE, ID, NUMBER_OF_REPS, STATUS , WEIGHT , WEIGHT_KG, EXERCISE_ACTIVITY_ID) VALUES ('WeightedSet', 73010, 10.0, 0, null, 10, 7301);
INSERT INTO EXERCISE_SET_ENTITY (SET_TYPE, ID, NUMBER_OF_REPS, STATUS , WEIGHT , WEIGHT_KG, EXERCISE_ACTIVITY_ID) VALUES ('WeightedSet', 73011, 10.0, 0, null, 15, 7301);
INSERT INTO EXERCISE_SET_ENTITY (SET_TYPE, ID, NUMBER_OF_REPS, STATUS , WEIGHT , WEIGHT_KG, EXERCISE_ACTIVITY_ID) VALUES ('WeightedSet', 73012, 10.0, 0, null, 20, 7301);
INSERT INTO EXERCISE_SET_ENTITY (SET_TYPE, ID, NUMBER_OF_REPS, STATUS , WEIGHT , WEIGHT_KG, EXERCISE_ACTIVITY_ID) VALUES ('WeightedSet', 73013, 8.0, 1, null, 20, 7301);
INSERT INTO EXERCISE_ACTIVITY_ENTITY (ID, NOTES, EXERCISE_ID, WORKOUT_ID) VALUES (7302, '', (SELECT ID FROM EXERCISE_ENTITY WHERE NAME = 'Overhead Press'), 73);
INSERT INTO EXERCISE_SET_ENTITY (SET_TYPE, ID, NUMBER_OF_REPS, STATUS , WEIGHT , WEIGHT_KG, EXERCISE_ACTIVITY_ID) VALUES ('WeightedSet', 73020, 5.0, 0, null, 20, 7302);
INSERT INTO EXERCISE_SET_ENTITY (SET_TYPE, ID, NUMBER_OF_REPS, STATUS , WEIGHT , WEIGHT_KG, EXERCISE_ACTIVITY_ID) VALUES ('WeightedSet', 73021, 3.0, 0, null, 30, 7302);
INSERT INTO EXERCISE_SET_ENTITY (SET_TYPE, ID, NUMBER_OF_REPS, STATUS , WEIGHT , WEIGHT_KG, EXERCISE_ACTIVITY_ID) VALUES ('WeightedSet', 73022, 5.0, 0, null, 42.5, 7302);
INSERT INTO EXERCISE_SET_ENTITY (SET_TYPE, ID, NUMBER_OF_REPS, STATUS , WEIGHT , WEIGHT_KG, EXERCISE_ACTIVITY_ID) VALUES ('WeightedSet', 73023, 5.0, 0, null, 40, 7302);
INSERT INTO EXERCISE_SET_ENTITY (SET_TYPE, ID, NUMBER_OF_REPS, STATUS , WEIGHT , WEIGHT_KG, EXERCISE_ACTIVITY_ID) VALUES ('WeightedSet', 73024, 5.0, 0, null, 40, 7302);
INSERT INTO EXERCISE_SET_ENTITY (SET_TYPE, ID, NUMBER_OF_REPS, STATUS , WEIGHT , WEIGHT_KG, EXERCISE_ACTIVITY_ID) VALUES ('WeightedSet', 73025, 5.0, 0, null, 40, 7302);
INSERT INTO EXERCISE_SET_ENTITY (SET_TYPE, ID, NUMBER_OF_REPS, STATUS , WEIGHT , WEIGHT_KG, EXERCISE_ACTIVITY_ID) VALUES ('WeightedSet', 73026, 5.0, 0, null, 40, 7302);
INSERT INTO EXERCISE_ACTIVITY_ENTITY (ID, NOTES, EXERCISE_ID, WORKOUT_ID) VALUES (7303, '', (SELECT ID FROM EXERCISE_ENTITY WHERE NAME = 'Lateral Raise'), 73);
INSERT INTO EXERCISE_SET_ENTITY (SET_TYPE, ID, NUMBER_OF_REPS, STATUS , WEIGHT , WEIGHT_KG, EXERCISE_ACTIVITY_ID) VALUES ('WeightedSet', 73030, 18.0, 0, null, 2.5, 7303);
INSERT INTO EXERCISE_SET_ENTITY (SET_TYPE, ID, NUMBER_OF_REPS, STATUS , WEIGHT , WEIGHT_KG, EXERCISE_ACTIVITY_ID) VALUES ('WeightedSet', 73031, 18.0, 0, null, 2.5, 7303);
INSERT INTO EXERCISE_SET_ENTITY (SET_TYPE, ID, NUMBER_OF_REPS, STATUS , WEIGHT , WEIGHT_KG, EXERCISE_ACTIVITY_ID) VALUES ('WeightedSet', 73032, 16.0, 0, null, 2.5, 7303);
INSERT INTO EXERCISE_ACTIVITY_ENTITY (ID, NOTES, EXERCISE_ID, WORKOUT_ID) VALUES (7304, '', (SELECT ID FROM EXERCISE_ENTITY WHERE NAME = 'Dip'), 73);
INSERT INTO EXERCISE_SET_ENTITY (SET_TYPE, ID, NUMBER_OF_REPS, STATUS , WEIGHT , WEIGHT_KG, EXERCISE_ACTIVITY_ID) VALUES ('NonWeightedSet', 73040, 8.0, 0, 'body', null, 7304);
INSERT INTO EXERCISE_SET_ENTITY (SET_TYPE, ID, NUMBER_OF_REPS, STATUS , WEIGHT , WEIGHT_KG, EXERCISE_ACTIVITY_ID) VALUES ('NonWeightedSet', 73041, 8.0, 0, 'body', null, 7304);
INSERT INTO EXERCISE_SET_ENTITY (SET_TYPE, ID, NUMBER_OF_REPS, STATUS , WEIGHT , WEIGHT_KG, EXERCISE_ACTIVITY_ID) VALUES ('NonWeightedSet', 73042, 8.0, 0, 'body', null, 7304);
INSERT INTO EXERCISE_ACTIVITY_ENTITY (ID, NOTES, EXERCISE_ID, WORKOUT_ID) VALUES (7305, '', (SELECT ID FROM EXERCISE_ENTITY WHERE NAME = 'Floor Plate Press'), 73);
INSERT INTO EXERCISE_SET_ENTITY (SET_TYPE, ID, NUMBER_OF_REPS, STATUS , WEIGHT , WEIGHT_KG, EXERCISE_ACTIVITY_ID) VALUES ('WeightedSet', 73050, 20.0, 0, null, 20, 7305);
