INSERT INTO WORKOUT_ENTITY (ID, NAME, NOTES, PERFORMED_AT_TIMESTAMP_UTC, WORKOUT_TYPE) VALUES (0, '2019-07-24 17:00:00', 'Notes', '2019-07-24 17:00:00', 'PULL');
INSERT INTO EXERCISE_ACTIVITY_ENTITY (ID, NOTES, EXERCISE_ID) VALUES (0, '', SELECT ID FROM EXERCISE_ENTITY WHERE NAME = 'Deadlift');
INSERT INTO EXERCISE_SET_ENTITY (SET_TYPE, ID, NUMBER_OF_REPS, STATUS , WEIGHT , WEIGHT_KG) VALUES ('WeightedSet', 0, 5.0, 0, null, 20);
INSERT INTO EXERCISE_ACTIVITY_ENTITY_SETS (EXERCISE_ACTIVITY_ENTITY_ID, SETS_ID) VALUES (0, 0);
INSERT INTO EXERCISE_SET_ENTITY (SET_TYPE, ID, NUMBER_OF_REPS, STATUS , WEIGHT , WEIGHT_KG) VALUES ('WeightedSet', 1, 5.0, 0, null, 60);
INSERT INTO EXERCISE_ACTIVITY_ENTITY_SETS (EXERCISE_ACTIVITY_ENTITY_ID, SETS_ID) VALUES (0, 1);
INSERT INTO EXERCISE_SET_ENTITY (SET_TYPE, ID, NUMBER_OF_REPS, STATUS , WEIGHT , WEIGHT_KG) VALUES ('WeightedSet', 2, 3.0, 0, null, 80);
INSERT INTO EXERCISE_ACTIVITY_ENTITY_SETS (EXERCISE_ACTIVITY_ENTITY_ID, SETS_ID) VALUES (0, 2);
INSERT INTO EXERCISE_SET_ENTITY (SET_TYPE, ID, NUMBER_OF_REPS, STATUS , WEIGHT , WEIGHT_KG) VALUES ('WeightedSet', 3, 3.0, 0, null, 90);
INSERT INTO EXERCISE_ACTIVITY_ENTITY_SETS (EXERCISE_ACTIVITY_ENTITY_ID, SETS_ID) VALUES (0, 3);
INSERT INTO EXERCISE_SET_ENTITY (SET_TYPE, ID, NUMBER_OF_REPS, STATUS , WEIGHT , WEIGHT_KG) VALUES ('WeightedSet', 4, 5.0, 0, null, 100);
INSERT INTO EXERCISE_ACTIVITY_ENTITY_SETS (EXERCISE_ACTIVITY_ENTITY_ID, SETS_ID) VALUES (0, 4);
INSERT INTO WORKOUT_ENTITY_EXERCISE_ACTIVITIES (WORKOUT_ENTITY_ID, EXERCISE_ACTIVITIES_ID)  VALUES (0, 0);
INSERT INTO EXERCISE_ACTIVITY_ENTITY (ID, NOTES, EXERCISE_ID) VALUES (1, '', SELECT ID FROM EXERCISE_ENTITY WHERE NAME = 'Pull Up');
INSERT INTO EXERCISE_SET_ENTITY (SET_TYPE, ID, NUMBER_OF_REPS, STATUS , WEIGHT , WEIGHT_KG) VALUES ('NonWeightedSet', 10, 6.0, 0, 'body', null);
INSERT INTO EXERCISE_ACTIVITY_ENTITY_SETS (EXERCISE_ACTIVITY_ENTITY_ID, SETS_ID) VALUES (1, 10);
INSERT INTO EXERCISE_SET_ENTITY (SET_TYPE, ID, NUMBER_OF_REPS, STATUS , WEIGHT , WEIGHT_KG) VALUES ('NonWeightedSet', 11, 6.0, 0, 'body', null);
INSERT INTO EXERCISE_ACTIVITY_ENTITY_SETS (EXERCISE_ACTIVITY_ENTITY_ID, SETS_ID) VALUES (1, 11);
INSERT INTO EXERCISE_SET_ENTITY (SET_TYPE, ID, NUMBER_OF_REPS, STATUS , WEIGHT , WEIGHT_KG) VALUES ('NonWeightedSet', 12, 6.0, 0, 'body', null);
INSERT INTO EXERCISE_ACTIVITY_ENTITY_SETS (EXERCISE_ACTIVITY_ENTITY_ID, SETS_ID) VALUES (1, 12);
INSERT INTO WORKOUT_ENTITY_EXERCISE_ACTIVITIES (WORKOUT_ENTITY_ID, EXERCISE_ACTIVITIES_ID)  VALUES (0, 1);
INSERT INTO EXERCISE_ACTIVITY_ENTITY (ID, NOTES, EXERCISE_ID) VALUES (2, '', SELECT ID FROM EXERCISE_ENTITY WHERE NAME = 'Barbell Curl');
INSERT INTO EXERCISE_SET_ENTITY (SET_TYPE, ID, NUMBER_OF_REPS, STATUS , WEIGHT , WEIGHT_KG) VALUES ('WeightedSet', 20, 10.0, 0, null, 20);
INSERT INTO EXERCISE_ACTIVITY_ENTITY_SETS (EXERCISE_ACTIVITY_ENTITY_ID, SETS_ID) VALUES (2, 20);
INSERT INTO EXERCISE_SET_ENTITY (SET_TYPE, ID, NUMBER_OF_REPS, STATUS , WEIGHT , WEIGHT_KG) VALUES ('WeightedSet', 21, 10.0, 0, null, 20);
INSERT INTO EXERCISE_ACTIVITY_ENTITY_SETS (EXERCISE_ACTIVITY_ENTITY_ID, SETS_ID) VALUES (2, 21);
INSERT INTO WORKOUT_ENTITY_EXERCISE_ACTIVITIES (WORKOUT_ENTITY_ID, EXERCISE_ACTIVITIES_ID)  VALUES (0, 2);
INSERT INTO WORKOUT_ENTITY (ID, NAME, NOTES, PERFORMED_AT_TIMESTAMP_UTC, WORKOUT_TYPE) VALUES (1, '2019-07-25 17:00:00', 'Notes', '2019-07-25 17:00:00', 'PUSH');
INSERT INTO EXERCISE_ACTIVITY_ENTITY (ID, NOTES, EXERCISE_ID) VALUES (100, '', SELECT ID FROM EXERCISE_ENTITY WHERE NAME = 'Bench Press');
INSERT INTO EXERCISE_SET_ENTITY (SET_TYPE, ID, NUMBER_OF_REPS, STATUS , WEIGHT , WEIGHT_KG) VALUES ('WeightedSet', 1000, 5.0, 0, null, 20);
INSERT INTO EXERCISE_ACTIVITY_ENTITY_SETS (EXERCISE_ACTIVITY_ENTITY_ID, SETS_ID) VALUES (100, 1000);
INSERT INTO EXERCISE_SET_ENTITY (SET_TYPE, ID, NUMBER_OF_REPS, STATUS , WEIGHT , WEIGHT_KG) VALUES ('WeightedSet', 1001, 5.0, 0, null, 30);
INSERT INTO EXERCISE_ACTIVITY_ENTITY_SETS (EXERCISE_ACTIVITY_ENTITY_ID, SETS_ID) VALUES (100, 1001);
INSERT INTO EXERCISE_SET_ENTITY (SET_TYPE, ID, NUMBER_OF_REPS, STATUS , WEIGHT , WEIGHT_KG) VALUES ('WeightedSet', 1002, 5.0, 0, null, 40);
INSERT INTO EXERCISE_ACTIVITY_ENTITY_SETS (EXERCISE_ACTIVITY_ENTITY_ID, SETS_ID) VALUES (100, 1002);
INSERT INTO EXERCISE_SET_ENTITY (SET_TYPE, ID, NUMBER_OF_REPS, STATUS , WEIGHT , WEIGHT_KG) VALUES ('WeightedSet', 1003, 5.0, 0, null, 50);
INSERT INTO EXERCISE_ACTIVITY_ENTITY_SETS (EXERCISE_ACTIVITY_ENTITY_ID, SETS_ID) VALUES (100, 1003);
INSERT INTO EXERCISE_SET_ENTITY (SET_TYPE, ID, NUMBER_OF_REPS, STATUS , WEIGHT , WEIGHT_KG) VALUES ('WeightedSet', 1004, 5.0, 0, null, 50);
INSERT INTO EXERCISE_ACTIVITY_ENTITY_SETS (EXERCISE_ACTIVITY_ENTITY_ID, SETS_ID) VALUES (100, 1004);
INSERT INTO EXERCISE_SET_ENTITY (SET_TYPE, ID, NUMBER_OF_REPS, STATUS , WEIGHT , WEIGHT_KG) VALUES ('WeightedSet', 1005, 5.0, 0, null, 50);
INSERT INTO EXERCISE_ACTIVITY_ENTITY_SETS (EXERCISE_ACTIVITY_ENTITY_ID, SETS_ID) VALUES (100, 1005);
INSERT INTO EXERCISE_SET_ENTITY (SET_TYPE, ID, NUMBER_OF_REPS, STATUS , WEIGHT , WEIGHT_KG) VALUES ('WeightedSet', 1006, 5.0, 0, null, 50);
INSERT INTO EXERCISE_ACTIVITY_ENTITY_SETS (EXERCISE_ACTIVITY_ENTITY_ID, SETS_ID) VALUES (100, 1006);
INSERT INTO EXERCISE_SET_ENTITY (SET_TYPE, ID, NUMBER_OF_REPS, STATUS , WEIGHT , WEIGHT_KG) VALUES ('WeightedSet', 1007, 5.0, 0, null, 50);
INSERT INTO EXERCISE_ACTIVITY_ENTITY_SETS (EXERCISE_ACTIVITY_ENTITY_ID, SETS_ID) VALUES (100, 1007);
INSERT INTO WORKOUT_ENTITY_EXERCISE_ACTIVITIES (WORKOUT_ENTITY_ID, EXERCISE_ACTIVITIES_ID)  VALUES (1, 100);
INSERT INTO EXERCISE_ACTIVITY_ENTITY (ID, NOTES, EXERCISE_ID) VALUES (101, '', SELECT ID FROM EXERCISE_ENTITY WHERE NAME = 'Overhead Press');
INSERT INTO EXERCISE_SET_ENTITY (SET_TYPE, ID, NUMBER_OF_REPS, STATUS , WEIGHT , WEIGHT_KG) VALUES ('WeightedSet', 1010, 8.0, 0, null, 20);
INSERT INTO EXERCISE_ACTIVITY_ENTITY_SETS (EXERCISE_ACTIVITY_ENTITY_ID, SETS_ID) VALUES (101, 1010);
INSERT INTO EXERCISE_SET_ENTITY (SET_TYPE, ID, NUMBER_OF_REPS, STATUS , WEIGHT , WEIGHT_KG) VALUES ('WeightedSet', 1011, 8.0, 0, null, 30);
INSERT INTO EXERCISE_ACTIVITY_ENTITY_SETS (EXERCISE_ACTIVITY_ENTITY_ID, SETS_ID) VALUES (101, 1011);
INSERT INTO EXERCISE_SET_ENTITY (SET_TYPE, ID, NUMBER_OF_REPS, STATUS , WEIGHT , WEIGHT_KG) VALUES ('WeightedSet', 1012, 6.0, 0, null, 30);
INSERT INTO EXERCISE_ACTIVITY_ENTITY_SETS (EXERCISE_ACTIVITY_ENTITY_ID, SETS_ID) VALUES (101, 1012);
INSERT INTO EXERCISE_SET_ENTITY (SET_TYPE, ID, NUMBER_OF_REPS, STATUS , WEIGHT , WEIGHT_KG) VALUES ('WeightedSet', 1013, 6.0, 0, null, 30);
INSERT INTO EXERCISE_ACTIVITY_ENTITY_SETS (EXERCISE_ACTIVITY_ENTITY_ID, SETS_ID) VALUES (101, 1013);
INSERT INTO WORKOUT_ENTITY_EXERCISE_ACTIVITIES (WORKOUT_ENTITY_ID, EXERCISE_ACTIVITIES_ID)  VALUES (1, 101);
INSERT INTO EXERCISE_ACTIVITY_ENTITY (ID, NOTES, EXERCISE_ID) VALUES (102, '', SELECT ID FROM EXERCISE_ENTITY WHERE NAME = 'Close Grip Bench Press');
INSERT INTO EXERCISE_SET_ENTITY (SET_TYPE, ID, NUMBER_OF_REPS, STATUS , WEIGHT , WEIGHT_KG) VALUES ('WeightedSet', 1020, 6.0, 0, null, 30);
INSERT INTO EXERCISE_ACTIVITY_ENTITY_SETS (EXERCISE_ACTIVITY_ENTITY_ID, SETS_ID) VALUES (102, 1020);
INSERT INTO EXERCISE_SET_ENTITY (SET_TYPE, ID, NUMBER_OF_REPS, STATUS , WEIGHT , WEIGHT_KG) VALUES ('WeightedSet', 1021, 10.0, 0, null, 20);
INSERT INTO EXERCISE_ACTIVITY_ENTITY_SETS (EXERCISE_ACTIVITY_ENTITY_ID, SETS_ID) VALUES (102, 1021);
INSERT INTO EXERCISE_SET_ENTITY (SET_TYPE, ID, NUMBER_OF_REPS, STATUS , WEIGHT , WEIGHT_KG) VALUES ('WeightedSet', 1022, 10.0, 0, null, 20);
INSERT INTO EXERCISE_ACTIVITY_ENTITY_SETS (EXERCISE_ACTIVITY_ENTITY_ID, SETS_ID) VALUES (102, 1022);
INSERT INTO WORKOUT_ENTITY_EXERCISE_ACTIVITIES (WORKOUT_ENTITY_ID, EXERCISE_ACTIVITIES_ID)  VALUES (1, 102);
INSERT INTO WORKOUT_ENTITY (ID, NAME, NOTES, PERFORMED_AT_TIMESTAMP_UTC, WORKOUT_TYPE) VALUES (2, '2019-07-26 15:00:00', 'Notes', '2019-07-26 15:00:00', 'LEGS');
INSERT INTO EXERCISE_ACTIVITY_ENTITY (ID, NOTES, EXERCISE_ID) VALUES (200, '', SELECT ID FROM EXERCISE_ENTITY WHERE NAME = 'Squat');
INSERT INTO EXERCISE_SET_ENTITY (SET_TYPE, ID, NUMBER_OF_REPS, STATUS , WEIGHT , WEIGHT_KG) VALUES ('WeightedSet', 2000, 8.0, 0, null, 20);
INSERT INTO EXERCISE_ACTIVITY_ENTITY_SETS (EXERCISE_ACTIVITY_ENTITY_ID, SETS_ID) VALUES (200, 2000);
INSERT INTO EXERCISE_SET_ENTITY (SET_TYPE, ID, NUMBER_OF_REPS, STATUS , WEIGHT , WEIGHT_KG) VALUES ('WeightedSet', 2001, 5.0, 0, null, 40);
INSERT INTO EXERCISE_ACTIVITY_ENTITY_SETS (EXERCISE_ACTIVITY_ENTITY_ID, SETS_ID) VALUES (200, 2001);
INSERT INTO EXERCISE_SET_ENTITY (SET_TYPE, ID, NUMBER_OF_REPS, STATUS , WEIGHT , WEIGHT_KG) VALUES ('WeightedSet', 2002, 5.0, 0, null, 50);
INSERT INTO EXERCISE_ACTIVITY_ENTITY_SETS (EXERCISE_ACTIVITY_ENTITY_ID, SETS_ID) VALUES (200, 2002);
INSERT INTO EXERCISE_SET_ENTITY (SET_TYPE, ID, NUMBER_OF_REPS, STATUS , WEIGHT , WEIGHT_KG) VALUES ('WeightedSet', 2003, 5.0, 0, null, 60);
INSERT INTO EXERCISE_ACTIVITY_ENTITY_SETS (EXERCISE_ACTIVITY_ENTITY_ID, SETS_ID) VALUES (200, 2003);
INSERT INTO EXERCISE_SET_ENTITY (SET_TYPE, ID, NUMBER_OF_REPS, STATUS , WEIGHT , WEIGHT_KG) VALUES ('WeightedSet', 2004, 5.0, 0, null, 60);
INSERT INTO EXERCISE_ACTIVITY_ENTITY_SETS (EXERCISE_ACTIVITY_ENTITY_ID, SETS_ID) VALUES (200, 2004);
INSERT INTO EXERCISE_SET_ENTITY (SET_TYPE, ID, NUMBER_OF_REPS, STATUS , WEIGHT , WEIGHT_KG) VALUES ('WeightedSet', 2005, 5.0, 0, null, 60);
INSERT INTO EXERCISE_ACTIVITY_ENTITY_SETS (EXERCISE_ACTIVITY_ENTITY_ID, SETS_ID) VALUES (200, 2005);
INSERT INTO EXERCISE_SET_ENTITY (SET_TYPE, ID, NUMBER_OF_REPS, STATUS , WEIGHT , WEIGHT_KG) VALUES ('WeightedSet', 2006, 5.0, 0, null, 60);
INSERT INTO EXERCISE_ACTIVITY_ENTITY_SETS (EXERCISE_ACTIVITY_ENTITY_ID, SETS_ID) VALUES (200, 2006);
INSERT INTO EXERCISE_SET_ENTITY (SET_TYPE, ID, NUMBER_OF_REPS, STATUS , WEIGHT , WEIGHT_KG) VALUES ('WeightedSet', 2007, 5.0, 0, null, 60);
INSERT INTO EXERCISE_ACTIVITY_ENTITY_SETS (EXERCISE_ACTIVITY_ENTITY_ID, SETS_ID) VALUES (200, 2007);
INSERT INTO WORKOUT_ENTITY_EXERCISE_ACTIVITIES (WORKOUT_ENTITY_ID, EXERCISE_ACTIVITIES_ID)  VALUES (2, 200);
INSERT INTO EXERCISE_ACTIVITY_ENTITY (ID, NOTES, EXERCISE_ID) VALUES (201, '', SELECT ID FROM EXERCISE_ENTITY WHERE NAME = 'Romanian Deadlift');
INSERT INTO EXERCISE_SET_ENTITY (SET_TYPE, ID, NUMBER_OF_REPS, STATUS , WEIGHT , WEIGHT_KG) VALUES ('WeightedSet', 2010, 8.0, 0, null, 40);
INSERT INTO EXERCISE_ACTIVITY_ENTITY_SETS (EXERCISE_ACTIVITY_ENTITY_ID, SETS_ID) VALUES (201, 2010);
INSERT INTO EXERCISE_SET_ENTITY (SET_TYPE, ID, NUMBER_OF_REPS, STATUS , WEIGHT , WEIGHT_KG) VALUES ('WeightedSet', 2011, 8.0, 0, null, 40);
INSERT INTO EXERCISE_ACTIVITY_ENTITY_SETS (EXERCISE_ACTIVITY_ENTITY_ID, SETS_ID) VALUES (201, 2011);
INSERT INTO EXERCISE_SET_ENTITY (SET_TYPE, ID, NUMBER_OF_REPS, STATUS , WEIGHT , WEIGHT_KG) VALUES ('WeightedSet', 2012, 8.0, 0, null, 40);
INSERT INTO EXERCISE_ACTIVITY_ENTITY_SETS (EXERCISE_ACTIVITY_ENTITY_ID, SETS_ID) VALUES (201, 2012);
INSERT INTO WORKOUT_ENTITY_EXERCISE_ACTIVITIES (WORKOUT_ENTITY_ID, EXERCISE_ACTIVITIES_ID)  VALUES (2, 201);
INSERT INTO WORKOUT_ENTITY (ID, NAME, NOTES, PERFORMED_AT_TIMESTAMP_UTC, WORKOUT_TYPE) VALUES (3, '2019-07-29 16:10:00', 'Notes', '2019-07-29 16:10:00', 'PULL');
INSERT INTO EXERCISE_ACTIVITY_ENTITY (ID, NOTES, EXERCISE_ID) VALUES (300, '', SELECT ID FROM EXERCISE_ENTITY WHERE NAME = 'Deadlift');
INSERT INTO EXERCISE_SET_ENTITY (SET_TYPE, ID, NUMBER_OF_REPS, STATUS , WEIGHT , WEIGHT_KG) VALUES ('WeightedSet', 3000, 5.0, 0, null, 40);
INSERT INTO EXERCISE_ACTIVITY_ENTITY_SETS (EXERCISE_ACTIVITY_ENTITY_ID, SETS_ID) VALUES (300, 3000);
INSERT INTO EXERCISE_SET_ENTITY (SET_TYPE, ID, NUMBER_OF_REPS, STATUS , WEIGHT , WEIGHT_KG) VALUES ('WeightedSet', 3001, 5.0, 0, null, 60);
INSERT INTO EXERCISE_ACTIVITY_ENTITY_SETS (EXERCISE_ACTIVITY_ENTITY_ID, SETS_ID) VALUES (300, 3001);
INSERT INTO EXERCISE_SET_ENTITY (SET_TYPE, ID, NUMBER_OF_REPS, STATUS , WEIGHT , WEIGHT_KG) VALUES ('WeightedSet', 3002, 5.0, 0, null, 80);
INSERT INTO EXERCISE_ACTIVITY_ENTITY_SETS (EXERCISE_ACTIVITY_ENTITY_ID, SETS_ID) VALUES (300, 3002);
INSERT INTO EXERCISE_SET_ENTITY (SET_TYPE, ID, NUMBER_OF_REPS, STATUS , WEIGHT , WEIGHT_KG) VALUES ('WeightedSet', 3003, 3.0, 0, null, 90);
INSERT INTO EXERCISE_ACTIVITY_ENTITY_SETS (EXERCISE_ACTIVITY_ENTITY_ID, SETS_ID) VALUES (300, 3003);
INSERT INTO EXERCISE_SET_ENTITY (SET_TYPE, ID, NUMBER_OF_REPS, STATUS , WEIGHT , WEIGHT_KG) VALUES ('WeightedSet', 3004, 3.0, 0, null, 100);
INSERT INTO EXERCISE_ACTIVITY_ENTITY_SETS (EXERCISE_ACTIVITY_ENTITY_ID, SETS_ID) VALUES (300, 3004);
INSERT INTO EXERCISE_SET_ENTITY (SET_TYPE, ID, NUMBER_OF_REPS, STATUS , WEIGHT , WEIGHT_KG) VALUES ('WeightedSet', 3005, 2.0, 0, null, 105);
INSERT INTO EXERCISE_ACTIVITY_ENTITY_SETS (EXERCISE_ACTIVITY_ENTITY_ID, SETS_ID) VALUES (300, 3005);
INSERT INTO EXERCISE_SET_ENTITY (SET_TYPE, ID, NUMBER_OF_REPS, STATUS , WEIGHT , WEIGHT_KG) VALUES ('WeightedSet', 3006, 5.0, 0, null, 110);
INSERT INTO EXERCISE_ACTIVITY_ENTITY_SETS (EXERCISE_ACTIVITY_ENTITY_ID, SETS_ID) VALUES (300, 3006);
INSERT INTO WORKOUT_ENTITY_EXERCISE_ACTIVITIES (WORKOUT_ENTITY_ID, EXERCISE_ACTIVITIES_ID)  VALUES (3, 300);
INSERT INTO EXERCISE_ACTIVITY_ENTITY (ID, NOTES, EXERCISE_ID) VALUES (301, '', SELECT ID FROM EXERCISE_ENTITY WHERE NAME = 'Pull Up');
INSERT INTO EXERCISE_SET_ENTITY (SET_TYPE, ID, NUMBER_OF_REPS, STATUS , WEIGHT , WEIGHT_KG) VALUES ('NonWeightedSet', 3010, 6.0, 0, 'body', null);
INSERT INTO EXERCISE_ACTIVITY_ENTITY_SETS (EXERCISE_ACTIVITY_ENTITY_ID, SETS_ID) VALUES (301, 3010);
INSERT INTO EXERCISE_SET_ENTITY (SET_TYPE, ID, NUMBER_OF_REPS, STATUS , WEIGHT , WEIGHT_KG) VALUES ('NonWeightedSet', 3011, 6.0, 0, 'body', null);
INSERT INTO EXERCISE_ACTIVITY_ENTITY_SETS (EXERCISE_ACTIVITY_ENTITY_ID, SETS_ID) VALUES (301, 3011);
INSERT INTO EXERCISE_SET_ENTITY (SET_TYPE, ID, NUMBER_OF_REPS, STATUS , WEIGHT , WEIGHT_KG) VALUES ('NonWeightedSet', 3012, 6.0, 0, 'body', null);
INSERT INTO EXERCISE_ACTIVITY_ENTITY_SETS (EXERCISE_ACTIVITY_ENTITY_ID, SETS_ID) VALUES (301, 3012);
INSERT INTO WORKOUT_ENTITY_EXERCISE_ACTIVITIES (WORKOUT_ENTITY_ID, EXERCISE_ACTIVITIES_ID)  VALUES (3, 301);
INSERT INTO EXERCISE_ACTIVITY_ENTITY (ID, NOTES, EXERCISE_ID) VALUES (302, '', SELECT ID FROM EXERCISE_ENTITY WHERE NAME = 'Barbell Curl');
INSERT INTO EXERCISE_SET_ENTITY (SET_TYPE, ID, NUMBER_OF_REPS, STATUS , WEIGHT , WEIGHT_KG) VALUES ('WeightedSet', 3020, 10.0, 0, null, 20);
INSERT INTO EXERCISE_ACTIVITY_ENTITY_SETS (EXERCISE_ACTIVITY_ENTITY_ID, SETS_ID) VALUES (302, 3020);
INSERT INTO EXERCISE_SET_ENTITY (SET_TYPE, ID, NUMBER_OF_REPS, STATUS , WEIGHT , WEIGHT_KG) VALUES ('WeightedSet', 3021, 10.0, 0, null, 20);
INSERT INTO EXERCISE_ACTIVITY_ENTITY_SETS (EXERCISE_ACTIVITY_ENTITY_ID, SETS_ID) VALUES (302, 3021);
INSERT INTO EXERCISE_SET_ENTITY (SET_TYPE, ID, NUMBER_OF_REPS, STATUS , WEIGHT , WEIGHT_KG) VALUES ('WeightedSet', 3022, 10.0, 0, null, 20);
INSERT INTO EXERCISE_ACTIVITY_ENTITY_SETS (EXERCISE_ACTIVITY_ENTITY_ID, SETS_ID) VALUES (302, 3022);
INSERT INTO WORKOUT_ENTITY_EXERCISE_ACTIVITIES (WORKOUT_ENTITY_ID, EXERCISE_ACTIVITIES_ID)  VALUES (3, 302);
INSERT INTO EXERCISE_ACTIVITY_ENTITY (ID, NOTES, EXERCISE_ID) VALUES (303, '', SELECT ID FROM EXERCISE_ENTITY WHERE NAME = 'Lying Leg Raise');
INSERT INTO EXERCISE_SET_ENTITY (SET_TYPE, ID, NUMBER_OF_REPS, STATUS , WEIGHT , WEIGHT_KG) VALUES ('NonWeightedSet', 3030, 15.0, 0, 'body', null);
INSERT INTO EXERCISE_ACTIVITY_ENTITY_SETS (EXERCISE_ACTIVITY_ENTITY_ID, SETS_ID) VALUES (303, 3030);
INSERT INTO EXERCISE_SET_ENTITY (SET_TYPE, ID, NUMBER_OF_REPS, STATUS , WEIGHT , WEIGHT_KG) VALUES ('NonWeightedSet', 3031, 15.0, 0, 'body', null);
INSERT INTO EXERCISE_ACTIVITY_ENTITY_SETS (EXERCISE_ACTIVITY_ENTITY_ID, SETS_ID) VALUES (303, 3031);
INSERT INTO WORKOUT_ENTITY_EXERCISE_ACTIVITIES (WORKOUT_ENTITY_ID, EXERCISE_ACTIVITIES_ID)  VALUES (3, 303);
INSERT INTO EXERCISE_ACTIVITY_ENTITY (ID, NOTES, EXERCISE_ID) VALUES (304, '', SELECT ID FROM EXERCISE_ENTITY WHERE NAME = 'Dumbbell Hammer Curl');
INSERT INTO EXERCISE_SET_ENTITY (SET_TYPE, ID, NUMBER_OF_REPS, STATUS , WEIGHT , WEIGHT_KG) VALUES ('WeightedSet', 3040, 10.0, 0, null, 7.5);
INSERT INTO EXERCISE_ACTIVITY_ENTITY_SETS (EXERCISE_ACTIVITY_ENTITY_ID, SETS_ID) VALUES (304, 3040);
INSERT INTO WORKOUT_ENTITY_EXERCISE_ACTIVITIES (WORKOUT_ENTITY_ID, EXERCISE_ACTIVITIES_ID)  VALUES (3, 304);
INSERT INTO EXERCISE_ACTIVITY_ENTITY (ID, NOTES, EXERCISE_ID) VALUES (305, '', SELECT ID FROM EXERCISE_ENTITY WHERE NAME = 'Cable Crunch');
INSERT INTO EXERCISE_SET_ENTITY (SET_TYPE, ID, NUMBER_OF_REPS, STATUS , WEIGHT , WEIGHT_KG) VALUES ('NonWeightedSet', 3050, 10.0, 0, 'red band', null);
INSERT INTO EXERCISE_ACTIVITY_ENTITY_SETS (EXERCISE_ACTIVITY_ENTITY_ID, SETS_ID) VALUES (305, 3050);
INSERT INTO WORKOUT_ENTITY_EXERCISE_ACTIVITIES (WORKOUT_ENTITY_ID, EXERCISE_ACTIVITIES_ID)  VALUES (3, 305);
INSERT INTO EXERCISE_ACTIVITY_ENTITY (ID, NOTES, EXERCISE_ID) VALUES (306, '', SELECT ID FROM EXERCISE_ENTITY WHERE NAME = 'Facepull');
INSERT INTO EXERCISE_SET_ENTITY (SET_TYPE, ID, NUMBER_OF_REPS, STATUS , WEIGHT , WEIGHT_KG) VALUES ('NonWeightedSet', 3060, 15.0, 0, 'yellow band', null);
INSERT INTO EXERCISE_ACTIVITY_ENTITY_SETS (EXERCISE_ACTIVITY_ENTITY_ID, SETS_ID) VALUES (306, 3060);
INSERT INTO EXERCISE_SET_ENTITY (SET_TYPE, ID, NUMBER_OF_REPS, STATUS , WEIGHT , WEIGHT_KG) VALUES ('NonWeightedSet', 3061, 10.0, 0, 'yellow band', null);
INSERT INTO EXERCISE_ACTIVITY_ENTITY_SETS (EXERCISE_ACTIVITY_ENTITY_ID, SETS_ID) VALUES (306, 3061);
INSERT INTO EXERCISE_SET_ENTITY (SET_TYPE, ID, NUMBER_OF_REPS, STATUS , WEIGHT , WEIGHT_KG) VALUES ('NonWeightedSet', 3062, 10.0, 0, 'yellow band', null);
INSERT INTO EXERCISE_ACTIVITY_ENTITY_SETS (EXERCISE_ACTIVITY_ENTITY_ID, SETS_ID) VALUES (306, 3062);
INSERT INTO WORKOUT_ENTITY_EXERCISE_ACTIVITIES (WORKOUT_ENTITY_ID, EXERCISE_ACTIVITIES_ID)  VALUES (3, 306);
INSERT INTO WORKOUT_ENTITY (ID, NAME, NOTES, PERFORMED_AT_TIMESTAMP_UTC, WORKOUT_TYPE) VALUES (4, '2019-07-30 15:30:00', 'Notes', '2019-07-30 15:30:00', 'PUSH');
INSERT INTO EXERCISE_ACTIVITY_ENTITY (ID, NOTES, EXERCISE_ID) VALUES (400, '', SELECT ID FROM EXERCISE_ENTITY WHERE NAME = 'Bench Press');
INSERT INTO EXERCISE_SET_ENTITY (SET_TYPE, ID, NUMBER_OF_REPS, STATUS , WEIGHT , WEIGHT_KG) VALUES ('WeightedSet', 4000, 5.0, 0, null, 20);
INSERT INTO EXERCISE_ACTIVITY_ENTITY_SETS (EXERCISE_ACTIVITY_ENTITY_ID, SETS_ID) VALUES (400, 4000);
INSERT INTO EXERCISE_SET_ENTITY (SET_TYPE, ID, NUMBER_OF_REPS, STATUS , WEIGHT , WEIGHT_KG) VALUES ('WeightedSet', 4001, 5.0, 0, null, 40);
INSERT INTO EXERCISE_ACTIVITY_ENTITY_SETS (EXERCISE_ACTIVITY_ENTITY_ID, SETS_ID) VALUES (400, 4001);
INSERT INTO EXERCISE_SET_ENTITY (SET_TYPE, ID, NUMBER_OF_REPS, STATUS , WEIGHT , WEIGHT_KG) VALUES ('WeightedSet', 4002, 5.0, 0, null, 52.5);
INSERT INTO EXERCISE_ACTIVITY_ENTITY_SETS (EXERCISE_ACTIVITY_ENTITY_ID, SETS_ID) VALUES (400, 4002);
INSERT INTO EXERCISE_SET_ENTITY (SET_TYPE, ID, NUMBER_OF_REPS, STATUS , WEIGHT , WEIGHT_KG) VALUES ('WeightedSet', 4003, 5.0, 0, null, 52.5);
INSERT INTO EXERCISE_ACTIVITY_ENTITY_SETS (EXERCISE_ACTIVITY_ENTITY_ID, SETS_ID) VALUES (400, 4003);
INSERT INTO EXERCISE_SET_ENTITY (SET_TYPE, ID, NUMBER_OF_REPS, STATUS , WEIGHT , WEIGHT_KG) VALUES ('WeightedSet', 4004, 5.0, 0, null, 52.5);
INSERT INTO EXERCISE_ACTIVITY_ENTITY_SETS (EXERCISE_ACTIVITY_ENTITY_ID, SETS_ID) VALUES (400, 4004);
INSERT INTO EXERCISE_SET_ENTITY (SET_TYPE, ID, NUMBER_OF_REPS, STATUS , WEIGHT , WEIGHT_KG) VALUES ('WeightedSet', 4005, 4.0, 1, null, 52.5);
INSERT INTO EXERCISE_ACTIVITY_ENTITY_SETS (EXERCISE_ACTIVITY_ENTITY_ID, SETS_ID) VALUES (400, 4005);
INSERT INTO EXERCISE_SET_ENTITY (SET_TYPE, ID, NUMBER_OF_REPS, STATUS , WEIGHT , WEIGHT_KG) VALUES ('WeightedSet', 4006, 4.0, 1, null, 52.5);
INSERT INTO EXERCISE_ACTIVITY_ENTITY_SETS (EXERCISE_ACTIVITY_ENTITY_ID, SETS_ID) VALUES (400, 4006);
INSERT INTO WORKOUT_ENTITY_EXERCISE_ACTIVITIES (WORKOUT_ENTITY_ID, EXERCISE_ACTIVITIES_ID)  VALUES (4, 400);
INSERT INTO EXERCISE_ACTIVITY_ENTITY (ID, NOTES, EXERCISE_ID) VALUES (401, '', SELECT ID FROM EXERCISE_ENTITY WHERE NAME = 'Overhead Press');
INSERT INTO EXERCISE_SET_ENTITY (SET_TYPE, ID, NUMBER_OF_REPS, STATUS , WEIGHT , WEIGHT_KG) VALUES ('WeightedSet', 4010, 8.0, 0, null, 20);
INSERT INTO EXERCISE_ACTIVITY_ENTITY_SETS (EXERCISE_ACTIVITY_ENTITY_ID, SETS_ID) VALUES (401, 4010);
INSERT INTO EXERCISE_SET_ENTITY (SET_TYPE, ID, NUMBER_OF_REPS, STATUS , WEIGHT , WEIGHT_KG) VALUES ('WeightedSet', 4011, 8.0, 0, null, 30);
INSERT INTO EXERCISE_ACTIVITY_ENTITY_SETS (EXERCISE_ACTIVITY_ENTITY_ID, SETS_ID) VALUES (401, 4011);
INSERT INTO EXERCISE_SET_ENTITY (SET_TYPE, ID, NUMBER_OF_REPS, STATUS , WEIGHT , WEIGHT_KG) VALUES ('WeightedSet', 4012, 8.0, 0, null, 30);
INSERT INTO EXERCISE_ACTIVITY_ENTITY_SETS (EXERCISE_ACTIVITY_ENTITY_ID, SETS_ID) VALUES (401, 4012);
INSERT INTO EXERCISE_SET_ENTITY (SET_TYPE, ID, NUMBER_OF_REPS, STATUS , WEIGHT , WEIGHT_KG) VALUES ('WeightedSet', 4013, 6.0, 1, null, 30);
INSERT INTO EXERCISE_ACTIVITY_ENTITY_SETS (EXERCISE_ACTIVITY_ENTITY_ID, SETS_ID) VALUES (401, 4013);
INSERT INTO WORKOUT_ENTITY_EXERCISE_ACTIVITIES (WORKOUT_ENTITY_ID, EXERCISE_ACTIVITIES_ID)  VALUES (4, 401);
INSERT INTO EXERCISE_ACTIVITY_ENTITY (ID, NOTES, EXERCISE_ID) VALUES (402, '', SELECT ID FROM EXERCISE_ENTITY WHERE NAME = 'Calf Raise');
INSERT INTO EXERCISE_SET_ENTITY (SET_TYPE, ID, NUMBER_OF_REPS, STATUS , WEIGHT , WEIGHT_KG) VALUES ('WeightedSet', 4020, 8.0, 0, null, 30);
INSERT INTO EXERCISE_ACTIVITY_ENTITY_SETS (EXERCISE_ACTIVITY_ENTITY_ID, SETS_ID) VALUES (402, 4020);
INSERT INTO EXERCISE_SET_ENTITY (SET_TYPE, ID, NUMBER_OF_REPS, STATUS , WEIGHT , WEIGHT_KG) VALUES ('WeightedSet', 4021, 8.0, 0, null, 30);
INSERT INTO EXERCISE_ACTIVITY_ENTITY_SETS (EXERCISE_ACTIVITY_ENTITY_ID, SETS_ID) VALUES (402, 4021);
INSERT INTO EXERCISE_SET_ENTITY (SET_TYPE, ID, NUMBER_OF_REPS, STATUS , WEIGHT , WEIGHT_KG) VALUES ('WeightedSet', 4022, 8.0, 0, null, 30);
INSERT INTO EXERCISE_ACTIVITY_ENTITY_SETS (EXERCISE_ACTIVITY_ENTITY_ID, SETS_ID) VALUES (402, 4022);
INSERT INTO WORKOUT_ENTITY_EXERCISE_ACTIVITIES (WORKOUT_ENTITY_ID, EXERCISE_ACTIVITIES_ID)  VALUES (4, 402);
INSERT INTO EXERCISE_ACTIVITY_ENTITY (ID, NOTES, EXERCISE_ID) VALUES (403, '', SELECT ID FROM EXERCISE_ENTITY WHERE NAME = 'Skullcrusher');
INSERT INTO EXERCISE_SET_ENTITY (SET_TYPE, ID, NUMBER_OF_REPS, STATUS , WEIGHT , WEIGHT_KG) VALUES ('WeightedSet', 4030, 10.0, 0, null, 10);
INSERT INTO EXERCISE_ACTIVITY_ENTITY_SETS (EXERCISE_ACTIVITY_ENTITY_ID, SETS_ID) VALUES (403, 4030);
INSERT INTO EXERCISE_SET_ENTITY (SET_TYPE, ID, NUMBER_OF_REPS, STATUS , WEIGHT , WEIGHT_KG) VALUES ('WeightedSet', 4031, 10.0, 0, null, 10);
INSERT INTO EXERCISE_ACTIVITY_ENTITY_SETS (EXERCISE_ACTIVITY_ENTITY_ID, SETS_ID) VALUES (403, 4031);
INSERT INTO WORKOUT_ENTITY_EXERCISE_ACTIVITIES (WORKOUT_ENTITY_ID, EXERCISE_ACTIVITIES_ID)  VALUES (4, 403);
INSERT INTO WORKOUT_ENTITY (ID, NAME, NOTES, PERFORMED_AT_TIMESTAMP_UTC, WORKOUT_TYPE) VALUES (5, '2019-07-31 17:50:00', 'Notes', '2019-07-31 17:50:00', 'LEGS');
INSERT INTO EXERCISE_ACTIVITY_ENTITY (ID, NOTES, EXERCISE_ID) VALUES (500, '', SELECT ID FROM EXERCISE_ENTITY WHERE NAME = 'Squat');
INSERT INTO EXERCISE_SET_ENTITY (SET_TYPE, ID, NUMBER_OF_REPS, STATUS , WEIGHT , WEIGHT_KG) VALUES ('WeightedSet', 5000, 8.0, 0, null, 20);
INSERT INTO EXERCISE_ACTIVITY_ENTITY_SETS (EXERCISE_ACTIVITY_ENTITY_ID, SETS_ID) VALUES (500, 5000);
INSERT INTO EXERCISE_SET_ENTITY (SET_TYPE, ID, NUMBER_OF_REPS, STATUS , WEIGHT , WEIGHT_KG) VALUES ('WeightedSet', 5001, 5.0, 0, null, 40);
INSERT INTO EXERCISE_ACTIVITY_ENTITY_SETS (EXERCISE_ACTIVITY_ENTITY_ID, SETS_ID) VALUES (500, 5001);
INSERT INTO EXERCISE_SET_ENTITY (SET_TYPE, ID, NUMBER_OF_REPS, STATUS , WEIGHT , WEIGHT_KG) VALUES ('WeightedSet', 5002, 5.0, 0, null, 50);
INSERT INTO EXERCISE_ACTIVITY_ENTITY_SETS (EXERCISE_ACTIVITY_ENTITY_ID, SETS_ID) VALUES (500, 5002);
INSERT INTO EXERCISE_SET_ENTITY (SET_TYPE, ID, NUMBER_OF_REPS, STATUS , WEIGHT , WEIGHT_KG) VALUES ('WeightedSet', 5003, 5.0, 0, null, 62.5);
INSERT INTO EXERCISE_ACTIVITY_ENTITY_SETS (EXERCISE_ACTIVITY_ENTITY_ID, SETS_ID) VALUES (500, 5003);
INSERT INTO EXERCISE_SET_ENTITY (SET_TYPE, ID, NUMBER_OF_REPS, STATUS , WEIGHT , WEIGHT_KG) VALUES ('WeightedSet', 5004, 5.0, 0, null, 62.5);
INSERT INTO EXERCISE_ACTIVITY_ENTITY_SETS (EXERCISE_ACTIVITY_ENTITY_ID, SETS_ID) VALUES (500, 5004);
INSERT INTO EXERCISE_SET_ENTITY (SET_TYPE, ID, NUMBER_OF_REPS, STATUS , WEIGHT , WEIGHT_KG) VALUES ('WeightedSet', 5005, 5.0, 0, null, 62.5);
INSERT INTO EXERCISE_ACTIVITY_ENTITY_SETS (EXERCISE_ACTIVITY_ENTITY_ID, SETS_ID) VALUES (500, 5005);
INSERT INTO EXERCISE_SET_ENTITY (SET_TYPE, ID, NUMBER_OF_REPS, STATUS , WEIGHT , WEIGHT_KG) VALUES ('WeightedSet', 5006, 5.0, 0, null, 62.5);
INSERT INTO EXERCISE_ACTIVITY_ENTITY_SETS (EXERCISE_ACTIVITY_ENTITY_ID, SETS_ID) VALUES (500, 5006);
INSERT INTO EXERCISE_SET_ENTITY (SET_TYPE, ID, NUMBER_OF_REPS, STATUS , WEIGHT , WEIGHT_KG) VALUES ('WeightedSet', 5007, 5.0, 0, null, 62.5);
INSERT INTO EXERCISE_ACTIVITY_ENTITY_SETS (EXERCISE_ACTIVITY_ENTITY_ID, SETS_ID) VALUES (500, 5007);
INSERT INTO WORKOUT_ENTITY_EXERCISE_ACTIVITIES (WORKOUT_ENTITY_ID, EXERCISE_ACTIVITIES_ID)  VALUES (5, 500);
INSERT INTO EXERCISE_ACTIVITY_ENTITY (ID, NOTES, EXERCISE_ID) VALUES (501, '', SELECT ID FROM EXERCISE_ENTITY WHERE NAME = 'Romanian Deadlift');
INSERT INTO EXERCISE_SET_ENTITY (SET_TYPE, ID, NUMBER_OF_REPS, STATUS , WEIGHT , WEIGHT_KG) VALUES ('WeightedSet', 5010, 8.0, 0, null, 40);
INSERT INTO EXERCISE_ACTIVITY_ENTITY_SETS (EXERCISE_ACTIVITY_ENTITY_ID, SETS_ID) VALUES (501, 5010);
INSERT INTO EXERCISE_SET_ENTITY (SET_TYPE, ID, NUMBER_OF_REPS, STATUS , WEIGHT , WEIGHT_KG) VALUES ('WeightedSet', 5011, 8.0, 0, null, 50);
INSERT INTO EXERCISE_ACTIVITY_ENTITY_SETS (EXERCISE_ACTIVITY_ENTITY_ID, SETS_ID) VALUES (501, 5011);
INSERT INTO EXERCISE_SET_ENTITY (SET_TYPE, ID, NUMBER_OF_REPS, STATUS , WEIGHT , WEIGHT_KG) VALUES ('WeightedSet', 5012, 8.0, 0, null, 50);
INSERT INTO EXERCISE_ACTIVITY_ENTITY_SETS (EXERCISE_ACTIVITY_ENTITY_ID, SETS_ID) VALUES (501, 5012);
INSERT INTO EXERCISE_SET_ENTITY (SET_TYPE, ID, NUMBER_OF_REPS, STATUS , WEIGHT , WEIGHT_KG) VALUES ('WeightedSet', 5013, 8.0, 0, null, 50);
INSERT INTO EXERCISE_ACTIVITY_ENTITY_SETS (EXERCISE_ACTIVITY_ENTITY_ID, SETS_ID) VALUES (501, 5013);
INSERT INTO WORKOUT_ENTITY_EXERCISE_ACTIVITIES (WORKOUT_ENTITY_ID, EXERCISE_ACTIVITIES_ID)  VALUES (5, 501);
INSERT INTO EXERCISE_ACTIVITY_ENTITY (ID, NOTES, EXERCISE_ID) VALUES (502, '', SELECT ID FROM EXERCISE_ENTITY WHERE NAME = 'Calf Raise');
INSERT INTO EXERCISE_SET_ENTITY (SET_TYPE, ID, NUMBER_OF_REPS, STATUS , WEIGHT , WEIGHT_KG) VALUES ('NonWeightedSet', 5020, 8.0, 0, 'body', null);
INSERT INTO EXERCISE_ACTIVITY_ENTITY_SETS (EXERCISE_ACTIVITY_ENTITY_ID, SETS_ID) VALUES (502, 5020);
INSERT INTO EXERCISE_SET_ENTITY (SET_TYPE, ID, NUMBER_OF_REPS, STATUS , WEIGHT , WEIGHT_KG) VALUES ('WeightedSet', 5021, 8.0, 0, null, 50);
INSERT INTO EXERCISE_ACTIVITY_ENTITY_SETS (EXERCISE_ACTIVITY_ENTITY_ID, SETS_ID) VALUES (502, 5021);
INSERT INTO EXERCISE_SET_ENTITY (SET_TYPE, ID, NUMBER_OF_REPS, STATUS , WEIGHT , WEIGHT_KG) VALUES ('WeightedSet', 5022, 10.0, 0, null, 50);
INSERT INTO EXERCISE_ACTIVITY_ENTITY_SETS (EXERCISE_ACTIVITY_ENTITY_ID, SETS_ID) VALUES (502, 5022);
INSERT INTO EXERCISE_SET_ENTITY (SET_TYPE, ID, NUMBER_OF_REPS, STATUS , WEIGHT , WEIGHT_KG) VALUES ('WeightedSet', 5023, 10.0, 0, null, 50);
INSERT INTO EXERCISE_ACTIVITY_ENTITY_SETS (EXERCISE_ACTIVITY_ENTITY_ID, SETS_ID) VALUES (502, 5023);
INSERT INTO WORKOUT_ENTITY_EXERCISE_ACTIVITIES (WORKOUT_ENTITY_ID, EXERCISE_ACTIVITIES_ID)  VALUES (5, 502);
INSERT INTO WORKOUT_ENTITY (ID, NAME, NOTES, PERFORMED_AT_TIMESTAMP_UTC, WORKOUT_TYPE) VALUES (6, '2019-08-12 16:10:00', 'Notes', '2019-08-12 16:10:00', 'PULL');
INSERT INTO EXERCISE_ACTIVITY_ENTITY (ID, NOTES, EXERCISE_ID) VALUES (600, '', SELECT ID FROM EXERCISE_ENTITY WHERE NAME = 'Deadlift');
INSERT INTO EXERCISE_SET_ENTITY (SET_TYPE, ID, NUMBER_OF_REPS, STATUS , WEIGHT , WEIGHT_KG) VALUES ('WeightedSet', 6000, 5.0, 0, null, 60);
INSERT INTO EXERCISE_ACTIVITY_ENTITY_SETS (EXERCISE_ACTIVITY_ENTITY_ID, SETS_ID) VALUES (600, 6000);
INSERT INTO EXERCISE_SET_ENTITY (SET_TYPE, ID, NUMBER_OF_REPS, STATUS , WEIGHT , WEIGHT_KG) VALUES ('WeightedSet', 6001, 3.0, 0, null, 90);
INSERT INTO EXERCISE_ACTIVITY_ENTITY_SETS (EXERCISE_ACTIVITY_ENTITY_ID, SETS_ID) VALUES (600, 6001);
INSERT INTO EXERCISE_SET_ENTITY (SET_TYPE, ID, NUMBER_OF_REPS, STATUS , WEIGHT , WEIGHT_KG) VALUES ('WeightedSet', 6002, 3.0, 0, null, 100);
INSERT INTO EXERCISE_ACTIVITY_ENTITY_SETS (EXERCISE_ACTIVITY_ENTITY_ID, SETS_ID) VALUES (600, 6002);
INSERT INTO EXERCISE_SET_ENTITY (SET_TYPE, ID, NUMBER_OF_REPS, STATUS , WEIGHT , WEIGHT_KG) VALUES ('WeightedSet', 6003, 1.0, 0, null, 110);
INSERT INTO EXERCISE_ACTIVITY_ENTITY_SETS (EXERCISE_ACTIVITY_ENTITY_ID, SETS_ID) VALUES (600, 6003);
INSERT INTO EXERCISE_SET_ENTITY (SET_TYPE, ID, NUMBER_OF_REPS, STATUS , WEIGHT , WEIGHT_KG) VALUES ('WeightedSet', 6004, 5.0, 0, null, 115);
INSERT INTO EXERCISE_ACTIVITY_ENTITY_SETS (EXERCISE_ACTIVITY_ENTITY_ID, SETS_ID) VALUES (600, 6004);
INSERT INTO WORKOUT_ENTITY_EXERCISE_ACTIVITIES (WORKOUT_ENTITY_ID, EXERCISE_ACTIVITIES_ID)  VALUES (6, 600);
INSERT INTO EXERCISE_ACTIVITY_ENTITY (ID, NOTES, EXERCISE_ID) VALUES (601, '', SELECT ID FROM EXERCISE_ENTITY WHERE NAME = 'Pull Up');
INSERT INTO EXERCISE_SET_ENTITY (SET_TYPE, ID, NUMBER_OF_REPS, STATUS , WEIGHT , WEIGHT_KG) VALUES ('NonWeightedSet', 6010, 6.0, 0, 'body', null);
INSERT INTO EXERCISE_ACTIVITY_ENTITY_SETS (EXERCISE_ACTIVITY_ENTITY_ID, SETS_ID) VALUES (601, 6010);
INSERT INTO EXERCISE_SET_ENTITY (SET_TYPE, ID, NUMBER_OF_REPS, STATUS , WEIGHT , WEIGHT_KG) VALUES ('NonWeightedSet', 6011, 6.0, 0, 'body', null);
INSERT INTO EXERCISE_ACTIVITY_ENTITY_SETS (EXERCISE_ACTIVITY_ENTITY_ID, SETS_ID) VALUES (601, 6011);
INSERT INTO EXERCISE_SET_ENTITY (SET_TYPE, ID, NUMBER_OF_REPS, STATUS , WEIGHT , WEIGHT_KG) VALUES ('NonWeightedSet', 6012, 6.0, 0, 'body', null);
INSERT INTO EXERCISE_ACTIVITY_ENTITY_SETS (EXERCISE_ACTIVITY_ENTITY_ID, SETS_ID) VALUES (601, 6012);
INSERT INTO WORKOUT_ENTITY_EXERCISE_ACTIVITIES (WORKOUT_ENTITY_ID, EXERCISE_ACTIVITIES_ID)  VALUES (6, 601);
INSERT INTO EXERCISE_ACTIVITY_ENTITY (ID, NOTES, EXERCISE_ID) VALUES (602, '', SELECT ID FROM EXERCISE_ENTITY WHERE NAME = 'Barbell Curl');
INSERT INTO EXERCISE_SET_ENTITY (SET_TYPE, ID, NUMBER_OF_REPS, STATUS , WEIGHT , WEIGHT_KG) VALUES ('WeightedSet', 6020, 12.0, 0, null, 20);
INSERT INTO EXERCISE_ACTIVITY_ENTITY_SETS (EXERCISE_ACTIVITY_ENTITY_ID, SETS_ID) VALUES (602, 6020);
INSERT INTO EXERCISE_SET_ENTITY (SET_TYPE, ID, NUMBER_OF_REPS, STATUS , WEIGHT , WEIGHT_KG) VALUES ('WeightedSet', 6021, 12.0, 0, null, 20);
INSERT INTO EXERCISE_ACTIVITY_ENTITY_SETS (EXERCISE_ACTIVITY_ENTITY_ID, SETS_ID) VALUES (602, 6021);
INSERT INTO EXERCISE_SET_ENTITY (SET_TYPE, ID, NUMBER_OF_REPS, STATUS , WEIGHT , WEIGHT_KG) VALUES ('WeightedSet', 6022, 10.0, 0, null, 20);
INSERT INTO EXERCISE_ACTIVITY_ENTITY_SETS (EXERCISE_ACTIVITY_ENTITY_ID, SETS_ID) VALUES (602, 6022);
INSERT INTO WORKOUT_ENTITY_EXERCISE_ACTIVITIES (WORKOUT_ENTITY_ID, EXERCISE_ACTIVITIES_ID)  VALUES (6, 602);
INSERT INTO EXERCISE_ACTIVITY_ENTITY (ID, NOTES, EXERCISE_ID) VALUES (603, '', SELECT ID FROM EXERCISE_ENTITY WHERE NAME = 'Facepull');
INSERT INTO EXERCISE_SET_ENTITY (SET_TYPE, ID, NUMBER_OF_REPS, STATUS , WEIGHT , WEIGHT_KG) VALUES ('NonWeightedSet', 6030, 20.0, 0, 'yellow band', null);
INSERT INTO EXERCISE_ACTIVITY_ENTITY_SETS (EXERCISE_ACTIVITY_ENTITY_ID, SETS_ID) VALUES (603, 6030);
INSERT INTO EXERCISE_SET_ENTITY (SET_TYPE, ID, NUMBER_OF_REPS, STATUS , WEIGHT , WEIGHT_KG) VALUES ('NonWeightedSet', 6031, 20.0, 0, 'yellow band', null);
INSERT INTO EXERCISE_ACTIVITY_ENTITY_SETS (EXERCISE_ACTIVITY_ENTITY_ID, SETS_ID) VALUES (603, 6031);
INSERT INTO WORKOUT_ENTITY_EXERCISE_ACTIVITIES (WORKOUT_ENTITY_ID, EXERCISE_ACTIVITIES_ID)  VALUES (6, 603);
INSERT INTO EXERCISE_ACTIVITY_ENTITY (ID, NOTES, EXERCISE_ID) VALUES (604, '', SELECT ID FROM EXERCISE_ENTITY WHERE NAME = 'Ab Wheel');
INSERT INTO EXERCISE_SET_ENTITY (SET_TYPE, ID, NUMBER_OF_REPS, STATUS , WEIGHT , WEIGHT_KG) VALUES ('NonWeightedSet', 6040, 10.0, 0, 'body', null);
INSERT INTO EXERCISE_ACTIVITY_ENTITY_SETS (EXERCISE_ACTIVITY_ENTITY_ID, SETS_ID) VALUES (604, 6040);
INSERT INTO EXERCISE_SET_ENTITY (SET_TYPE, ID, NUMBER_OF_REPS, STATUS , WEIGHT , WEIGHT_KG) VALUES ('NonWeightedSet', 6041, 10.0, 0, 'body', null);
INSERT INTO EXERCISE_ACTIVITY_ENTITY_SETS (EXERCISE_ACTIVITY_ENTITY_ID, SETS_ID) VALUES (604, 6041);
INSERT INTO WORKOUT_ENTITY_EXERCISE_ACTIVITIES (WORKOUT_ENTITY_ID, EXERCISE_ACTIVITIES_ID)  VALUES (6, 604);
INSERT INTO EXERCISE_ACTIVITY_ENTITY (ID, NOTES, EXERCISE_ID) VALUES (605, '', SELECT ID FROM EXERCISE_ENTITY WHERE NAME = 'Lying Leg Raise');
INSERT INTO EXERCISE_SET_ENTITY (SET_TYPE, ID, NUMBER_OF_REPS, STATUS , WEIGHT , WEIGHT_KG) VALUES ('NonWeightedSet', 6050, 10.0, 0, 'body', null);
INSERT INTO EXERCISE_ACTIVITY_ENTITY_SETS (EXERCISE_ACTIVITY_ENTITY_ID, SETS_ID) VALUES (605, 6050);
INSERT INTO EXERCISE_SET_ENTITY (SET_TYPE, ID, NUMBER_OF_REPS, STATUS , WEIGHT , WEIGHT_KG) VALUES ('NonWeightedSet', 6051, 10.0, 0, 'body', null);
INSERT INTO EXERCISE_ACTIVITY_ENTITY_SETS (EXERCISE_ACTIVITY_ENTITY_ID, SETS_ID) VALUES (605, 6051);
INSERT INTO WORKOUT_ENTITY_EXERCISE_ACTIVITIES (WORKOUT_ENTITY_ID, EXERCISE_ACTIVITIES_ID)  VALUES (6, 605);
INSERT INTO WORKOUT_ENTITY (ID, NAME, NOTES, PERFORMED_AT_TIMESTAMP_UTC, WORKOUT_TYPE) VALUES (7, '2019-08-13 15:30:00', 'Notes', '2019-08-13 15:30:00', 'PUSH');
INSERT INTO EXERCISE_ACTIVITY_ENTITY (ID, NOTES, EXERCISE_ID) VALUES (700, '', SELECT ID FROM EXERCISE_ENTITY WHERE NAME = 'Bench Press');
INSERT INTO EXERCISE_SET_ENTITY (SET_TYPE, ID, NUMBER_OF_REPS, STATUS , WEIGHT , WEIGHT_KG) VALUES ('WeightedSet', 7000, 8.0, 0, null, 20);
INSERT INTO EXERCISE_ACTIVITY_ENTITY_SETS (EXERCISE_ACTIVITY_ENTITY_ID, SETS_ID) VALUES (700, 7000);
INSERT INTO EXERCISE_SET_ENTITY (SET_TYPE, ID, NUMBER_OF_REPS, STATUS , WEIGHT , WEIGHT_KG) VALUES ('WeightedSet', 7001, 5.0, 0, null, 40);
INSERT INTO EXERCISE_ACTIVITY_ENTITY_SETS (EXERCISE_ACTIVITY_ENTITY_ID, SETS_ID) VALUES (700, 7001);
INSERT INTO EXERCISE_SET_ENTITY (SET_TYPE, ID, NUMBER_OF_REPS, STATUS , WEIGHT , WEIGHT_KG) VALUES ('WeightedSet', 7002, 5.0, 0, null, 52.5);
INSERT INTO EXERCISE_ACTIVITY_ENTITY_SETS (EXERCISE_ACTIVITY_ENTITY_ID, SETS_ID) VALUES (700, 7002);
INSERT INTO EXERCISE_SET_ENTITY (SET_TYPE, ID, NUMBER_OF_REPS, STATUS , WEIGHT , WEIGHT_KG) VALUES ('WeightedSet', 7003, 5.0, 0, null, 52.5);
INSERT INTO EXERCISE_ACTIVITY_ENTITY_SETS (EXERCISE_ACTIVITY_ENTITY_ID, SETS_ID) VALUES (700, 7003);
INSERT INTO EXERCISE_SET_ENTITY (SET_TYPE, ID, NUMBER_OF_REPS, STATUS , WEIGHT , WEIGHT_KG) VALUES ('WeightedSet', 7004, 5.0, 0, null, 52.5);
INSERT INTO EXERCISE_ACTIVITY_ENTITY_SETS (EXERCISE_ACTIVITY_ENTITY_ID, SETS_ID) VALUES (700, 7004);
INSERT INTO EXERCISE_SET_ENTITY (SET_TYPE, ID, NUMBER_OF_REPS, STATUS , WEIGHT , WEIGHT_KG) VALUES ('WeightedSet', 7005, 5.0, 0, null, 52.5);
INSERT INTO EXERCISE_ACTIVITY_ENTITY_SETS (EXERCISE_ACTIVITY_ENTITY_ID, SETS_ID) VALUES (700, 7005);
INSERT INTO EXERCISE_SET_ENTITY (SET_TYPE, ID, NUMBER_OF_REPS, STATUS , WEIGHT , WEIGHT_KG) VALUES ('WeightedSet', 7006, 5.0, 0, null, 52.5);
INSERT INTO EXERCISE_ACTIVITY_ENTITY_SETS (EXERCISE_ACTIVITY_ENTITY_ID, SETS_ID) VALUES (700, 7006);
INSERT INTO WORKOUT_ENTITY_EXERCISE_ACTIVITIES (WORKOUT_ENTITY_ID, EXERCISE_ACTIVITIES_ID)  VALUES (7, 700);
INSERT INTO EXERCISE_ACTIVITY_ENTITY (ID, NOTES, EXERCISE_ID) VALUES (701, '', SELECT ID FROM EXERCISE_ENTITY WHERE NAME = 'Overhead Press');
INSERT INTO EXERCISE_SET_ENTITY (SET_TYPE, ID, NUMBER_OF_REPS, STATUS , WEIGHT , WEIGHT_KG) VALUES ('WeightedSet', 7010, 8.0, 0, null, 20);
INSERT INTO EXERCISE_ACTIVITY_ENTITY_SETS (EXERCISE_ACTIVITY_ENTITY_ID, SETS_ID) VALUES (701, 7010);
INSERT INTO EXERCISE_SET_ENTITY (SET_TYPE, ID, NUMBER_OF_REPS, STATUS , WEIGHT , WEIGHT_KG) VALUES ('WeightedSet', 7011, 8.0, 0, null, 30);
INSERT INTO EXERCISE_ACTIVITY_ENTITY_SETS (EXERCISE_ACTIVITY_ENTITY_ID, SETS_ID) VALUES (701, 7011);
INSERT INTO EXERCISE_SET_ENTITY (SET_TYPE, ID, NUMBER_OF_REPS, STATUS , WEIGHT , WEIGHT_KG) VALUES ('WeightedSet', 7012, 8.0, 0, null, 30);
INSERT INTO EXERCISE_ACTIVITY_ENTITY_SETS (EXERCISE_ACTIVITY_ENTITY_ID, SETS_ID) VALUES (701, 7012);
INSERT INTO EXERCISE_SET_ENTITY (SET_TYPE, ID, NUMBER_OF_REPS, STATUS , WEIGHT , WEIGHT_KG) VALUES ('WeightedSet', 7013, 7.0, 1, null, 30);
INSERT INTO EXERCISE_ACTIVITY_ENTITY_SETS (EXERCISE_ACTIVITY_ENTITY_ID, SETS_ID) VALUES (701, 7013);
INSERT INTO WORKOUT_ENTITY_EXERCISE_ACTIVITIES (WORKOUT_ENTITY_ID, EXERCISE_ACTIVITIES_ID)  VALUES (7, 701);
INSERT INTO EXERCISE_ACTIVITY_ENTITY (ID, NOTES, EXERCISE_ID) VALUES (702, '', SELECT ID FROM EXERCISE_ENTITY WHERE NAME = 'Calf Raise');
INSERT INTO EXERCISE_SET_ENTITY (SET_TYPE, ID, NUMBER_OF_REPS, STATUS , WEIGHT , WEIGHT_KG) VALUES ('WeightedSet', 7020, 8.0, 0, null, 30);
INSERT INTO EXERCISE_ACTIVITY_ENTITY_SETS (EXERCISE_ACTIVITY_ENTITY_ID, SETS_ID) VALUES (702, 7020);
INSERT INTO EXERCISE_SET_ENTITY (SET_TYPE, ID, NUMBER_OF_REPS, STATUS , WEIGHT , WEIGHT_KG) VALUES ('WeightedSet', 7021, 6.0, 0, null, 30);
INSERT INTO EXERCISE_ACTIVITY_ENTITY_SETS (EXERCISE_ACTIVITY_ENTITY_ID, SETS_ID) VALUES (702, 7021);
INSERT INTO EXERCISE_SET_ENTITY (SET_TYPE, ID, NUMBER_OF_REPS, STATUS , WEIGHT , WEIGHT_KG) VALUES ('WeightedSet', 7022, 8.0, 0, null, 30);
INSERT INTO EXERCISE_ACTIVITY_ENTITY_SETS (EXERCISE_ACTIVITY_ENTITY_ID, SETS_ID) VALUES (702, 7022);
INSERT INTO WORKOUT_ENTITY_EXERCISE_ACTIVITIES (WORKOUT_ENTITY_ID, EXERCISE_ACTIVITIES_ID)  VALUES (7, 702);
INSERT INTO EXERCISE_ACTIVITY_ENTITY (ID, NOTES, EXERCISE_ID) VALUES (703, '', SELECT ID FROM EXERCISE_ENTITY WHERE NAME = 'Skullcrusher');
INSERT INTO EXERCISE_SET_ENTITY (SET_TYPE, ID, NUMBER_OF_REPS, STATUS , WEIGHT , WEIGHT_KG) VALUES ('WeightedSet', 7030, 10.0, 0, null, 7.5);
INSERT INTO EXERCISE_ACTIVITY_ENTITY_SETS (EXERCISE_ACTIVITY_ENTITY_ID, SETS_ID) VALUES (703, 7030);
INSERT INTO EXERCISE_SET_ENTITY (SET_TYPE, ID, NUMBER_OF_REPS, STATUS , WEIGHT , WEIGHT_KG) VALUES ('WeightedSet', 7031, 10.0, 0, null, 7.5);
INSERT INTO EXERCISE_ACTIVITY_ENTITY_SETS (EXERCISE_ACTIVITY_ENTITY_ID, SETS_ID) VALUES (703, 7031);
INSERT INTO EXERCISE_SET_ENTITY (SET_TYPE, ID, NUMBER_OF_REPS, STATUS , WEIGHT , WEIGHT_KG) VALUES ('WeightedSet', 7032, 8.0, 0, null, 5);
INSERT INTO EXERCISE_ACTIVITY_ENTITY_SETS (EXERCISE_ACTIVITY_ENTITY_ID, SETS_ID) VALUES (703, 7032);
INSERT INTO WORKOUT_ENTITY_EXERCISE_ACTIVITIES (WORKOUT_ENTITY_ID, EXERCISE_ACTIVITIES_ID)  VALUES (7, 703);
INSERT INTO WORKOUT_ENTITY (ID, NAME, NOTES, PERFORMED_AT_TIMESTAMP_UTC, WORKOUT_TYPE) VALUES (8, '2019-08-14 16:30:00', 'Notes', '2019-08-14 16:30:00', 'LEGS');
INSERT INTO EXERCISE_ACTIVITY_ENTITY (ID, NOTES, EXERCISE_ID) VALUES (800, '', SELECT ID FROM EXERCISE_ENTITY WHERE NAME = 'Squat');
INSERT INTO EXERCISE_SET_ENTITY (SET_TYPE, ID, NUMBER_OF_REPS, STATUS , WEIGHT , WEIGHT_KG) VALUES ('WeightedSet', 8000, 8.0, 0, null, 20);
INSERT INTO EXERCISE_ACTIVITY_ENTITY_SETS (EXERCISE_ACTIVITY_ENTITY_ID, SETS_ID) VALUES (800, 8000);
INSERT INTO EXERCISE_SET_ENTITY (SET_TYPE, ID, NUMBER_OF_REPS, STATUS , WEIGHT , WEIGHT_KG) VALUES ('WeightedSet', 8001, 5.0, 0, null, 40);
INSERT INTO EXERCISE_ACTIVITY_ENTITY_SETS (EXERCISE_ACTIVITY_ENTITY_ID, SETS_ID) VALUES (800, 8001);
INSERT INTO EXERCISE_SET_ENTITY (SET_TYPE, ID, NUMBER_OF_REPS, STATUS , WEIGHT , WEIGHT_KG) VALUES ('WeightedSet', 8002, 3.0, 0, null, 55);
INSERT INTO EXERCISE_ACTIVITY_ENTITY_SETS (EXERCISE_ACTIVITY_ENTITY_ID, SETS_ID) VALUES (800, 8002);
INSERT INTO EXERCISE_SET_ENTITY (SET_TYPE, ID, NUMBER_OF_REPS, STATUS , WEIGHT , WEIGHT_KG) VALUES ('WeightedSet', 8003, 5.0, 0, null, 65);
INSERT INTO EXERCISE_ACTIVITY_ENTITY_SETS (EXERCISE_ACTIVITY_ENTITY_ID, SETS_ID) VALUES (800, 8003);
INSERT INTO EXERCISE_SET_ENTITY (SET_TYPE, ID, NUMBER_OF_REPS, STATUS , WEIGHT , WEIGHT_KG) VALUES ('WeightedSet', 8004, 5.0, 0, null, 65);
INSERT INTO EXERCISE_ACTIVITY_ENTITY_SETS (EXERCISE_ACTIVITY_ENTITY_ID, SETS_ID) VALUES (800, 8004);
INSERT INTO EXERCISE_SET_ENTITY (SET_TYPE, ID, NUMBER_OF_REPS, STATUS , WEIGHT , WEIGHT_KG) VALUES ('WeightedSet', 8005, 5.0, 0, null, 65);
INSERT INTO EXERCISE_ACTIVITY_ENTITY_SETS (EXERCISE_ACTIVITY_ENTITY_ID, SETS_ID) VALUES (800, 8005);
INSERT INTO EXERCISE_SET_ENTITY (SET_TYPE, ID, NUMBER_OF_REPS, STATUS , WEIGHT , WEIGHT_KG) VALUES ('WeightedSet', 8006, 5.0, 0, null, 65);
INSERT INTO EXERCISE_ACTIVITY_ENTITY_SETS (EXERCISE_ACTIVITY_ENTITY_ID, SETS_ID) VALUES (800, 8006);
INSERT INTO EXERCISE_SET_ENTITY (SET_TYPE, ID, NUMBER_OF_REPS, STATUS , WEIGHT , WEIGHT_KG) VALUES ('WeightedSet', 8007, 5.0, 0, null, 65);
INSERT INTO EXERCISE_ACTIVITY_ENTITY_SETS (EXERCISE_ACTIVITY_ENTITY_ID, SETS_ID) VALUES (800, 8007);
INSERT INTO WORKOUT_ENTITY_EXERCISE_ACTIVITIES (WORKOUT_ENTITY_ID, EXERCISE_ACTIVITIES_ID)  VALUES (8, 800);
INSERT INTO EXERCISE_ACTIVITY_ENTITY (ID, NOTES, EXERCISE_ID) VALUES (801, '', SELECT ID FROM EXERCISE_ENTITY WHERE NAME = 'Romanian Deadlift');
INSERT INTO EXERCISE_SET_ENTITY (SET_TYPE, ID, NUMBER_OF_REPS, STATUS , WEIGHT , WEIGHT_KG) VALUES ('WeightedSet', 8010, 8.0, 0, null, 40);
INSERT INTO EXERCISE_ACTIVITY_ENTITY_SETS (EXERCISE_ACTIVITY_ENTITY_ID, SETS_ID) VALUES (801, 8010);
INSERT INTO EXERCISE_SET_ENTITY (SET_TYPE, ID, NUMBER_OF_REPS, STATUS , WEIGHT , WEIGHT_KG) VALUES ('WeightedSet', 8011, 8.0, 0, null, 52.5);
INSERT INTO EXERCISE_ACTIVITY_ENTITY_SETS (EXERCISE_ACTIVITY_ENTITY_ID, SETS_ID) VALUES (801, 8011);
INSERT INTO EXERCISE_SET_ENTITY (SET_TYPE, ID, NUMBER_OF_REPS, STATUS , WEIGHT , WEIGHT_KG) VALUES ('WeightedSet', 8012, 8.0, 0, null, 52.5);
INSERT INTO EXERCISE_ACTIVITY_ENTITY_SETS (EXERCISE_ACTIVITY_ENTITY_ID, SETS_ID) VALUES (801, 8012);
INSERT INTO EXERCISE_SET_ENTITY (SET_TYPE, ID, NUMBER_OF_REPS, STATUS , WEIGHT , WEIGHT_KG) VALUES ('WeightedSet', 8013, 8.0, 0, null, 52.5);
INSERT INTO EXERCISE_ACTIVITY_ENTITY_SETS (EXERCISE_ACTIVITY_ENTITY_ID, SETS_ID) VALUES (801, 8013);
INSERT INTO WORKOUT_ENTITY_EXERCISE_ACTIVITIES (WORKOUT_ENTITY_ID, EXERCISE_ACTIVITIES_ID)  VALUES (8, 801);
INSERT INTO EXERCISE_ACTIVITY_ENTITY (ID, NOTES, EXERCISE_ID) VALUES (802, '', SELECT ID FROM EXERCISE_ENTITY WHERE NAME = 'Calf Raise');
INSERT INTO EXERCISE_SET_ENTITY (SET_TYPE, ID, NUMBER_OF_REPS, STATUS , WEIGHT , WEIGHT_KG) VALUES ('NonWeightedSet', 8020, 10.0, 0, 'body', null);
INSERT INTO EXERCISE_ACTIVITY_ENTITY_SETS (EXERCISE_ACTIVITY_ENTITY_ID, SETS_ID) VALUES (802, 8020);
INSERT INTO EXERCISE_SET_ENTITY (SET_TYPE, ID, NUMBER_OF_REPS, STATUS , WEIGHT , WEIGHT_KG) VALUES ('NonWeightedSet', 8021, 10.0, 0, 'body', null);
INSERT INTO EXERCISE_ACTIVITY_ENTITY_SETS (EXERCISE_ACTIVITY_ENTITY_ID, SETS_ID) VALUES (802, 8021);
INSERT INTO WORKOUT_ENTITY_EXERCISE_ACTIVITIES (WORKOUT_ENTITY_ID, EXERCISE_ACTIVITIES_ID)  VALUES (8, 802);
INSERT INTO WORKOUT_ENTITY (ID, NAME, NOTES, PERFORMED_AT_TIMESTAMP_UTC, WORKOUT_TYPE) VALUES (9, '2019-08-15 16:50:00', 'Notes', '2019-08-15 16:50:00', 'PULL');
INSERT INTO EXERCISE_ACTIVITY_ENTITY (ID, NOTES, EXERCISE_ID) VALUES (900, '', SELECT ID FROM EXERCISE_ENTITY WHERE NAME = 'Bent Over Row');
INSERT INTO EXERCISE_SET_ENTITY (SET_TYPE, ID, NUMBER_OF_REPS, STATUS , WEIGHT , WEIGHT_KG) VALUES ('WeightedSet', 9000, 8.0, 0, null, 20);
INSERT INTO EXERCISE_ACTIVITY_ENTITY_SETS (EXERCISE_ACTIVITY_ENTITY_ID, SETS_ID) VALUES (900, 9000);
INSERT INTO EXERCISE_SET_ENTITY (SET_TYPE, ID, NUMBER_OF_REPS, STATUS , WEIGHT , WEIGHT_KG) VALUES ('WeightedSet', 9001, 12.0, 0, null, 40);
INSERT INTO EXERCISE_ACTIVITY_ENTITY_SETS (EXERCISE_ACTIVITY_ENTITY_ID, SETS_ID) VALUES (900, 9001);
INSERT INTO EXERCISE_SET_ENTITY (SET_TYPE, ID, NUMBER_OF_REPS, STATUS , WEIGHT , WEIGHT_KG) VALUES ('WeightedSet', 9002, 12.0, 0, null, 40);
INSERT INTO EXERCISE_ACTIVITY_ENTITY_SETS (EXERCISE_ACTIVITY_ENTITY_ID, SETS_ID) VALUES (900, 9002);
INSERT INTO EXERCISE_SET_ENTITY (SET_TYPE, ID, NUMBER_OF_REPS, STATUS , WEIGHT , WEIGHT_KG) VALUES ('WeightedSet', 9003, 12.0, 0, null, 40);
INSERT INTO EXERCISE_ACTIVITY_ENTITY_SETS (EXERCISE_ACTIVITY_ENTITY_ID, SETS_ID) VALUES (900, 9003);
INSERT INTO WORKOUT_ENTITY_EXERCISE_ACTIVITIES (WORKOUT_ENTITY_ID, EXERCISE_ACTIVITIES_ID)  VALUES (9, 900);
INSERT INTO EXERCISE_ACTIVITY_ENTITY (ID, NOTES, EXERCISE_ID) VALUES (901, '', SELECT ID FROM EXERCISE_ENTITY WHERE NAME = 'Pull Up');
INSERT INTO EXERCISE_SET_ENTITY (SET_TYPE, ID, NUMBER_OF_REPS, STATUS , WEIGHT , WEIGHT_KG) VALUES ('NonWeightedSet', 9010, 6.0, 0, 'body', null);
INSERT INTO EXERCISE_ACTIVITY_ENTITY_SETS (EXERCISE_ACTIVITY_ENTITY_ID, SETS_ID) VALUES (901, 9010);
INSERT INTO EXERCISE_SET_ENTITY (SET_TYPE, ID, NUMBER_OF_REPS, STATUS , WEIGHT , WEIGHT_KG) VALUES ('NonWeightedSet', 9011, 5.0, 1, 'body', null);
INSERT INTO EXERCISE_ACTIVITY_ENTITY_SETS (EXERCISE_ACTIVITY_ENTITY_ID, SETS_ID) VALUES (901, 9011);
INSERT INTO EXERCISE_SET_ENTITY (SET_TYPE, ID, NUMBER_OF_REPS, STATUS , WEIGHT , WEIGHT_KG) VALUES ('NonWeightedSet', 9012, 4.0, 1, 'body', null);
INSERT INTO EXERCISE_ACTIVITY_ENTITY_SETS (EXERCISE_ACTIVITY_ENTITY_ID, SETS_ID) VALUES (901, 9012);
INSERT INTO WORKOUT_ENTITY_EXERCISE_ACTIVITIES (WORKOUT_ENTITY_ID, EXERCISE_ACTIVITIES_ID)  VALUES (9, 901);
INSERT INTO EXERCISE_ACTIVITY_ENTITY (ID, NOTES, EXERCISE_ID) VALUES (902, '', SELECT ID FROM EXERCISE_ENTITY WHERE NAME = 'Barbell Curl');
INSERT INTO EXERCISE_SET_ENTITY (SET_TYPE, ID, NUMBER_OF_REPS, STATUS , WEIGHT , WEIGHT_KG) VALUES ('WeightedSet', 9020, 10.0, 0, null, 20);
INSERT INTO EXERCISE_ACTIVITY_ENTITY_SETS (EXERCISE_ACTIVITY_ENTITY_ID, SETS_ID) VALUES (902, 9020);
INSERT INTO EXERCISE_SET_ENTITY (SET_TYPE, ID, NUMBER_OF_REPS, STATUS , WEIGHT , WEIGHT_KG) VALUES ('WeightedSet', 9021, 10.0, 0, null, 20);
INSERT INTO EXERCISE_ACTIVITY_ENTITY_SETS (EXERCISE_ACTIVITY_ENTITY_ID, SETS_ID) VALUES (902, 9021);
INSERT INTO EXERCISE_SET_ENTITY (SET_TYPE, ID, NUMBER_OF_REPS, STATUS , WEIGHT , WEIGHT_KG) VALUES ('WeightedSet', 9022, 10.0, 0, null, 20);
INSERT INTO EXERCISE_ACTIVITY_ENTITY_SETS (EXERCISE_ACTIVITY_ENTITY_ID, SETS_ID) VALUES (902, 9022);
INSERT INTO WORKOUT_ENTITY_EXERCISE_ACTIVITIES (WORKOUT_ENTITY_ID, EXERCISE_ACTIVITIES_ID)  VALUES (9, 902);
INSERT INTO EXERCISE_ACTIVITY_ENTITY (ID, NOTES, EXERCISE_ID) VALUES (903, '', SELECT ID FROM EXERCISE_ENTITY WHERE NAME = 'Weight Plate Curl');
INSERT INTO EXERCISE_SET_ENTITY (SET_TYPE, ID, NUMBER_OF_REPS, STATUS , WEIGHT , WEIGHT_KG) VALUES ('WeightedSet', 9030, 10.0, 0, null, 5);
INSERT INTO EXERCISE_ACTIVITY_ENTITY_SETS (EXERCISE_ACTIVITY_ENTITY_ID, SETS_ID) VALUES (903, 9030);
INSERT INTO WORKOUT_ENTITY_EXERCISE_ACTIVITIES (WORKOUT_ENTITY_ID, EXERCISE_ACTIVITIES_ID)  VALUES (9, 903);
INSERT INTO EXERCISE_ACTIVITY_ENTITY (ID, NOTES, EXERCISE_ID) VALUES (904, '', SELECT ID FROM EXERCISE_ENTITY WHERE NAME = 'Hanging Leg Raise');
INSERT INTO EXERCISE_SET_ENTITY (SET_TYPE, ID, NUMBER_OF_REPS, STATUS , WEIGHT , WEIGHT_KG) VALUES ('NonWeightedSet', 9040, 4.0, 0, 'body', null);
INSERT INTO EXERCISE_ACTIVITY_ENTITY_SETS (EXERCISE_ACTIVITY_ENTITY_ID, SETS_ID) VALUES (904, 9040);
INSERT INTO WORKOUT_ENTITY_EXERCISE_ACTIVITIES (WORKOUT_ENTITY_ID, EXERCISE_ACTIVITIES_ID)  VALUES (9, 904);
INSERT INTO EXERCISE_ACTIVITY_ENTITY (ID, NOTES, EXERCISE_ID) VALUES (905, '', SELECT ID FROM EXERCISE_ENTITY WHERE NAME = 'Hanging Leg Raise With Bench');
INSERT INTO EXERCISE_SET_ENTITY (SET_TYPE, ID, NUMBER_OF_REPS, STATUS , WEIGHT , WEIGHT_KG) VALUES ('NonWeightedSet', 9050, 4.0, 0, 'body', null);
INSERT INTO EXERCISE_ACTIVITY_ENTITY_SETS (EXERCISE_ACTIVITY_ENTITY_ID, SETS_ID) VALUES (905, 9050);
INSERT INTO WORKOUT_ENTITY_EXERCISE_ACTIVITIES (WORKOUT_ENTITY_ID, EXERCISE_ACTIVITIES_ID)  VALUES (9, 905);
INSERT INTO WORKOUT_ENTITY (ID, NAME, NOTES, PERFORMED_AT_TIMESTAMP_UTC, WORKOUT_TYPE) VALUES (10, '2019-08-19 16:00:00', 'Notes', '2019-08-19 16:00:00', 'PULL');
INSERT INTO EXERCISE_ACTIVITY_ENTITY (ID, NOTES, EXERCISE_ID) VALUES (1000, '', SELECT ID FROM EXERCISE_ENTITY WHERE NAME = 'Deadlift');
INSERT INTO EXERCISE_SET_ENTITY (SET_TYPE, ID, NUMBER_OF_REPS, STATUS , WEIGHT , WEIGHT_KG) VALUES ('WeightedSet', 10000, 8.0, 0, null, 20);
INSERT INTO EXERCISE_ACTIVITY_ENTITY_SETS (EXERCISE_ACTIVITY_ENTITY_ID, SETS_ID) VALUES (1000, 10000);
INSERT INTO EXERCISE_SET_ENTITY (SET_TYPE, ID, NUMBER_OF_REPS, STATUS , WEIGHT , WEIGHT_KG) VALUES ('WeightedSet', 10001, 5.0, 0, null, 60);
INSERT INTO EXERCISE_ACTIVITY_ENTITY_SETS (EXERCISE_ACTIVITY_ENTITY_ID, SETS_ID) VALUES (1000, 10001);
INSERT INTO EXERCISE_SET_ENTITY (SET_TYPE, ID, NUMBER_OF_REPS, STATUS , WEIGHT , WEIGHT_KG) VALUES ('WeightedSet', 10002, 3.0, 0, null, 90);
INSERT INTO EXERCISE_ACTIVITY_ENTITY_SETS (EXERCISE_ACTIVITY_ENTITY_ID, SETS_ID) VALUES (1000, 10002);
INSERT INTO EXERCISE_SET_ENTITY (SET_TYPE, ID, NUMBER_OF_REPS, STATUS , WEIGHT , WEIGHT_KG) VALUES ('WeightedSet', 10003, 2.0, 0, null, 100);
INSERT INTO EXERCISE_ACTIVITY_ENTITY_SETS (EXERCISE_ACTIVITY_ENTITY_ID, SETS_ID) VALUES (1000, 10003);
INSERT INTO EXERCISE_SET_ENTITY (SET_TYPE, ID, NUMBER_OF_REPS, STATUS , WEIGHT , WEIGHT_KG) VALUES ('WeightedSet', 10004, 1.0, 0, null, 110);
INSERT INTO EXERCISE_ACTIVITY_ENTITY_SETS (EXERCISE_ACTIVITY_ENTITY_ID, SETS_ID) VALUES (1000, 10004);
INSERT INTO EXERCISE_SET_ENTITY (SET_TYPE, ID, NUMBER_OF_REPS, STATUS , WEIGHT , WEIGHT_KG) VALUES ('WeightedSet', 10005, 5.0, 0, null, 117.5);
INSERT INTO EXERCISE_ACTIVITY_ENTITY_SETS (EXERCISE_ACTIVITY_ENTITY_ID, SETS_ID) VALUES (1000, 10005);
INSERT INTO WORKOUT_ENTITY_EXERCISE_ACTIVITIES (WORKOUT_ENTITY_ID, EXERCISE_ACTIVITIES_ID)  VALUES (10, 1000);
INSERT INTO EXERCISE_ACTIVITY_ENTITY (ID, NOTES, EXERCISE_ID) VALUES (1001, '', SELECT ID FROM EXERCISE_ENTITY WHERE NAME = 'Pull Up');
INSERT INTO EXERCISE_SET_ENTITY (SET_TYPE, ID, NUMBER_OF_REPS, STATUS , WEIGHT , WEIGHT_KG) VALUES ('NonWeightedSet', 10010, 5.0, 0, 'body', null);
INSERT INTO EXERCISE_ACTIVITY_ENTITY_SETS (EXERCISE_ACTIVITY_ENTITY_ID, SETS_ID) VALUES (1001, 10010);
INSERT INTO EXERCISE_SET_ENTITY (SET_TYPE, ID, NUMBER_OF_REPS, STATUS , WEIGHT , WEIGHT_KG) VALUES ('NonWeightedSet', 10011, 5.0, 0, 'body', null);
INSERT INTO EXERCISE_ACTIVITY_ENTITY_SETS (EXERCISE_ACTIVITY_ENTITY_ID, SETS_ID) VALUES (1001, 10011);
INSERT INTO EXERCISE_SET_ENTITY (SET_TYPE, ID, NUMBER_OF_REPS, STATUS , WEIGHT , WEIGHT_KG) VALUES ('NonWeightedSet', 10012, 5.0, 0, 'body', null);
INSERT INTO EXERCISE_ACTIVITY_ENTITY_SETS (EXERCISE_ACTIVITY_ENTITY_ID, SETS_ID) VALUES (1001, 10012);
INSERT INTO EXERCISE_SET_ENTITY (SET_TYPE, ID, NUMBER_OF_REPS, STATUS , WEIGHT , WEIGHT_KG) VALUES ('NonWeightedSet', 10013, 5.0, 0, 'body', null);
INSERT INTO EXERCISE_ACTIVITY_ENTITY_SETS (EXERCISE_ACTIVITY_ENTITY_ID, SETS_ID) VALUES (1001, 10013);
INSERT INTO WORKOUT_ENTITY_EXERCISE_ACTIVITIES (WORKOUT_ENTITY_ID, EXERCISE_ACTIVITIES_ID)  VALUES (10, 1001);
INSERT INTO EXERCISE_ACTIVITY_ENTITY (ID, NOTES, EXERCISE_ID) VALUES (1002, '', SELECT ID FROM EXERCISE_ENTITY WHERE NAME = 'Barbell Curl');
INSERT INTO EXERCISE_SET_ENTITY (SET_TYPE, ID, NUMBER_OF_REPS, STATUS , WEIGHT , WEIGHT_KG) VALUES ('WeightedSet', 10020, 10.0, 0, null, 20);
INSERT INTO EXERCISE_ACTIVITY_ENTITY_SETS (EXERCISE_ACTIVITY_ENTITY_ID, SETS_ID) VALUES (1002, 10020);
INSERT INTO EXERCISE_SET_ENTITY (SET_TYPE, ID, NUMBER_OF_REPS, STATUS , WEIGHT , WEIGHT_KG) VALUES ('WeightedSet', 10021, 10.0, 0, null, 20);
INSERT INTO EXERCISE_ACTIVITY_ENTITY_SETS (EXERCISE_ACTIVITY_ENTITY_ID, SETS_ID) VALUES (1002, 10021);
INSERT INTO EXERCISE_SET_ENTITY (SET_TYPE, ID, NUMBER_OF_REPS, STATUS , WEIGHT , WEIGHT_KG) VALUES ('WeightedSet', 10022, 10.0, 0, null, 20);
INSERT INTO EXERCISE_ACTIVITY_ENTITY_SETS (EXERCISE_ACTIVITY_ENTITY_ID, SETS_ID) VALUES (1002, 10022);
INSERT INTO WORKOUT_ENTITY_EXERCISE_ACTIVITIES (WORKOUT_ENTITY_ID, EXERCISE_ACTIVITIES_ID)  VALUES (10, 1002);
INSERT INTO EXERCISE_ACTIVITY_ENTITY (ID, NOTES, EXERCISE_ID) VALUES (1003, '', SELECT ID FROM EXERCISE_ENTITY WHERE NAME = 'Hanging Leg Raise');
INSERT INTO EXERCISE_SET_ENTITY (SET_TYPE, ID, NUMBER_OF_REPS, STATUS , WEIGHT , WEIGHT_KG) VALUES ('NonWeightedSet', 10030, 5.0, 0, 'body', null);
INSERT INTO EXERCISE_ACTIVITY_ENTITY_SETS (EXERCISE_ACTIVITY_ENTITY_ID, SETS_ID) VALUES (1003, 10030);
INSERT INTO EXERCISE_SET_ENTITY (SET_TYPE, ID, NUMBER_OF_REPS, STATUS , WEIGHT , WEIGHT_KG) VALUES ('NonWeightedSet', 10031, 5.0, 0, 'body', null);
INSERT INTO EXERCISE_ACTIVITY_ENTITY_SETS (EXERCISE_ACTIVITY_ENTITY_ID, SETS_ID) VALUES (1003, 10031);
INSERT INTO EXERCISE_SET_ENTITY (SET_TYPE, ID, NUMBER_OF_REPS, STATUS , WEIGHT , WEIGHT_KG) VALUES ('NonWeightedSet', 10032, 5.0, 0, 'body', null);
INSERT INTO EXERCISE_ACTIVITY_ENTITY_SETS (EXERCISE_ACTIVITY_ENTITY_ID, SETS_ID) VALUES (1003, 10032);
INSERT INTO WORKOUT_ENTITY_EXERCISE_ACTIVITIES (WORKOUT_ENTITY_ID, EXERCISE_ACTIVITIES_ID)  VALUES (10, 1003);
INSERT INTO EXERCISE_ACTIVITY_ENTITY (ID, NOTES, EXERCISE_ID) VALUES (1004, '', SELECT ID FROM EXERCISE_ENTITY WHERE NAME = 'Cable Crunch');
INSERT INTO EXERCISE_SET_ENTITY (SET_TYPE, ID, NUMBER_OF_REPS, STATUS , WEIGHT , WEIGHT_KG) VALUES ('NonWeightedSet', 10040, 10.0, 0, 'red band', null);
INSERT INTO EXERCISE_ACTIVITY_ENTITY_SETS (EXERCISE_ACTIVITY_ENTITY_ID, SETS_ID) VALUES (1004, 10040);
INSERT INTO EXERCISE_SET_ENTITY (SET_TYPE, ID, NUMBER_OF_REPS, STATUS , WEIGHT , WEIGHT_KG) VALUES ('NonWeightedSet', 10041, 10.0, 0, 'red band', null);
INSERT INTO EXERCISE_ACTIVITY_ENTITY_SETS (EXERCISE_ACTIVITY_ENTITY_ID, SETS_ID) VALUES (1004, 10041);
INSERT INTO WORKOUT_ENTITY_EXERCISE_ACTIVITIES (WORKOUT_ENTITY_ID, EXERCISE_ACTIVITIES_ID)  VALUES (10, 1004);
INSERT INTO WORKOUT_ENTITY (ID, NAME, NOTES, PERFORMED_AT_TIMESTAMP_UTC, WORKOUT_TYPE) VALUES (11, '2019-08-20 15:00:00', 'Notes', '2019-08-20 15:00:00', 'PUSH');
INSERT INTO EXERCISE_ACTIVITY_ENTITY (ID, NOTES, EXERCISE_ID) VALUES (1100, '', SELECT ID FROM EXERCISE_ENTITY WHERE NAME = 'Bench Press');
INSERT INTO EXERCISE_SET_ENTITY (SET_TYPE, ID, NUMBER_OF_REPS, STATUS , WEIGHT , WEIGHT_KG) VALUES ('WeightedSet', 11000, 5.0, 0, null, 20);
INSERT INTO EXERCISE_ACTIVITY_ENTITY_SETS (EXERCISE_ACTIVITY_ENTITY_ID, SETS_ID) VALUES (1100, 11000);
INSERT INTO EXERCISE_SET_ENTITY (SET_TYPE, ID, NUMBER_OF_REPS, STATUS , WEIGHT , WEIGHT_KG) VALUES ('WeightedSet', 11001, 5.0, 0, null, 40);
INSERT INTO EXERCISE_ACTIVITY_ENTITY_SETS (EXERCISE_ACTIVITY_ENTITY_ID, SETS_ID) VALUES (1100, 11001);
INSERT INTO EXERCISE_SET_ENTITY (SET_TYPE, ID, NUMBER_OF_REPS, STATUS , WEIGHT , WEIGHT_KG) VALUES ('WeightedSet', 11002, 5.0, 0, null, 55);
INSERT INTO EXERCISE_ACTIVITY_ENTITY_SETS (EXERCISE_ACTIVITY_ENTITY_ID, SETS_ID) VALUES (1100, 11002);
INSERT INTO EXERCISE_SET_ENTITY (SET_TYPE, ID, NUMBER_OF_REPS, STATUS , WEIGHT , WEIGHT_KG) VALUES ('WeightedSet', 11003, 5.0, 0, null, 55);
INSERT INTO EXERCISE_ACTIVITY_ENTITY_SETS (EXERCISE_ACTIVITY_ENTITY_ID, SETS_ID) VALUES (1100, 11003);
INSERT INTO EXERCISE_SET_ENTITY (SET_TYPE, ID, NUMBER_OF_REPS, STATUS , WEIGHT , WEIGHT_KG) VALUES ('WeightedSet', 11004, 5.0, 0, null, 55);
INSERT INTO EXERCISE_ACTIVITY_ENTITY_SETS (EXERCISE_ACTIVITY_ENTITY_ID, SETS_ID) VALUES (1100, 11004);
INSERT INTO EXERCISE_SET_ENTITY (SET_TYPE, ID, NUMBER_OF_REPS, STATUS , WEIGHT , WEIGHT_KG) VALUES ('WeightedSet', 11005, 5.0, 0, null, 55);
INSERT INTO EXERCISE_ACTIVITY_ENTITY_SETS (EXERCISE_ACTIVITY_ENTITY_ID, SETS_ID) VALUES (1100, 11005);
INSERT INTO EXERCISE_SET_ENTITY (SET_TYPE, ID, NUMBER_OF_REPS, STATUS , WEIGHT , WEIGHT_KG) VALUES ('WeightedSet', 11006, 3.0, 1, null, 55);
INSERT INTO EXERCISE_ACTIVITY_ENTITY_SETS (EXERCISE_ACTIVITY_ENTITY_ID, SETS_ID) VALUES (1100, 11006);
INSERT INTO WORKOUT_ENTITY_EXERCISE_ACTIVITIES (WORKOUT_ENTITY_ID, EXERCISE_ACTIVITIES_ID)  VALUES (11, 1100);
INSERT INTO EXERCISE_ACTIVITY_ENTITY (ID, NOTES, EXERCISE_ID) VALUES (1101, '', SELECT ID FROM EXERCISE_ENTITY WHERE NAME = 'Overhead Press');
INSERT INTO EXERCISE_SET_ENTITY (SET_TYPE, ID, NUMBER_OF_REPS, STATUS , WEIGHT , WEIGHT_KG) VALUES ('WeightedSet', 11010, 8.0, 0, null, 20);
INSERT INTO EXERCISE_ACTIVITY_ENTITY_SETS (EXERCISE_ACTIVITY_ENTITY_ID, SETS_ID) VALUES (1101, 11010);
INSERT INTO EXERCISE_SET_ENTITY (SET_TYPE, ID, NUMBER_OF_REPS, STATUS , WEIGHT , WEIGHT_KG) VALUES ('WeightedSet', 11011, 8.0, 0, null, 30);
INSERT INTO EXERCISE_ACTIVITY_ENTITY_SETS (EXERCISE_ACTIVITY_ENTITY_ID, SETS_ID) VALUES (1101, 11011);
INSERT INTO EXERCISE_SET_ENTITY (SET_TYPE, ID, NUMBER_OF_REPS, STATUS , WEIGHT , WEIGHT_KG) VALUES ('WeightedSet', 11012, 8.0, 0, null, 30);
INSERT INTO EXERCISE_ACTIVITY_ENTITY_SETS (EXERCISE_ACTIVITY_ENTITY_ID, SETS_ID) VALUES (1101, 11012);
INSERT INTO EXERCISE_SET_ENTITY (SET_TYPE, ID, NUMBER_OF_REPS, STATUS , WEIGHT , WEIGHT_KG) VALUES ('WeightedSet', 11013, 8.0, 0, null, 30);
INSERT INTO EXERCISE_ACTIVITY_ENTITY_SETS (EXERCISE_ACTIVITY_ENTITY_ID, SETS_ID) VALUES (1101, 11013);
INSERT INTO WORKOUT_ENTITY_EXERCISE_ACTIVITIES (WORKOUT_ENTITY_ID, EXERCISE_ACTIVITIES_ID)  VALUES (11, 1101);
INSERT INTO EXERCISE_ACTIVITY_ENTITY (ID, NOTES, EXERCISE_ID) VALUES (1102, '', SELECT ID FROM EXERCISE_ENTITY WHERE NAME = 'Close Dip');
INSERT INTO EXERCISE_SET_ENTITY (SET_TYPE, ID, NUMBER_OF_REPS, STATUS , WEIGHT , WEIGHT_KG) VALUES ('NonWeightedSet', 11020, 6.0, 0, 'body', null);
INSERT INTO EXERCISE_ACTIVITY_ENTITY_SETS (EXERCISE_ACTIVITY_ENTITY_ID, SETS_ID) VALUES (1102, 11020);
INSERT INTO EXERCISE_SET_ENTITY (SET_TYPE, ID, NUMBER_OF_REPS, STATUS , WEIGHT , WEIGHT_KG) VALUES ('NonWeightedSet', 11021, 6.0, 0, 'body', null);
INSERT INTO EXERCISE_ACTIVITY_ENTITY_SETS (EXERCISE_ACTIVITY_ENTITY_ID, SETS_ID) VALUES (1102, 11021);
INSERT INTO EXERCISE_SET_ENTITY (SET_TYPE, ID, NUMBER_OF_REPS, STATUS , WEIGHT , WEIGHT_KG) VALUES ('NonWeightedSet', 11022, 6.0, 0, 'body', null);
INSERT INTO EXERCISE_ACTIVITY_ENTITY_SETS (EXERCISE_ACTIVITY_ENTITY_ID, SETS_ID) VALUES (1102, 11022);
INSERT INTO WORKOUT_ENTITY_EXERCISE_ACTIVITIES (WORKOUT_ENTITY_ID, EXERCISE_ACTIVITIES_ID)  VALUES (11, 1102);
INSERT INTO EXERCISE_ACTIVITY_ENTITY (ID, NOTES, EXERCISE_ID) VALUES (1103, '', SELECT ID FROM EXERCISE_ENTITY WHERE NAME = 'Close Grip Bench Press');
INSERT INTO EXERCISE_SET_ENTITY (SET_TYPE, ID, NUMBER_OF_REPS, STATUS , WEIGHT , WEIGHT_KG) VALUES ('WeightedSet', 11030, 10.0, 0, null, 30);
INSERT INTO EXERCISE_ACTIVITY_ENTITY_SETS (EXERCISE_ACTIVITY_ENTITY_ID, SETS_ID) VALUES (1103, 11030);
INSERT INTO EXERCISE_SET_ENTITY (SET_TYPE, ID, NUMBER_OF_REPS, STATUS , WEIGHT , WEIGHT_KG) VALUES ('WeightedSet', 11031, 8.0, 0, null, 30);
INSERT INTO EXERCISE_ACTIVITY_ENTITY_SETS (EXERCISE_ACTIVITY_ENTITY_ID, SETS_ID) VALUES (1103, 11031);
INSERT INTO WORKOUT_ENTITY_EXERCISE_ACTIVITIES (WORKOUT_ENTITY_ID, EXERCISE_ACTIVITIES_ID)  VALUES (11, 1103);
INSERT INTO WORKOUT_ENTITY (ID, NAME, NOTES, PERFORMED_AT_TIMESTAMP_UTC, WORKOUT_TYPE) VALUES (12, '2019-08-22 15:00:00', 'Notes', '2019-08-22 15:00:00', 'LEGS');
INSERT INTO EXERCISE_ACTIVITY_ENTITY (ID, NOTES, EXERCISE_ID) VALUES (1200, '', SELECT ID FROM EXERCISE_ENTITY WHERE NAME = 'Squat');
INSERT INTO EXERCISE_SET_ENTITY (SET_TYPE, ID, NUMBER_OF_REPS, STATUS , WEIGHT , WEIGHT_KG) VALUES ('WeightedSet', 12000, 5.0, 0, null, 20);
INSERT INTO EXERCISE_ACTIVITY_ENTITY_SETS (EXERCISE_ACTIVITY_ENTITY_ID, SETS_ID) VALUES (1200, 12000);
INSERT INTO EXERCISE_SET_ENTITY (SET_TYPE, ID, NUMBER_OF_REPS, STATUS , WEIGHT , WEIGHT_KG) VALUES ('WeightedSet', 12001, 2.0, 0, null, 40);
INSERT INTO EXERCISE_ACTIVITY_ENTITY_SETS (EXERCISE_ACTIVITY_ENTITY_ID, SETS_ID) VALUES (1200, 12001);
INSERT INTO EXERCISE_SET_ENTITY (SET_TYPE, ID, NUMBER_OF_REPS, STATUS , WEIGHT , WEIGHT_KG) VALUES ('WeightedSet', 12002, 2.0, 0, null, 55);
INSERT INTO EXERCISE_ACTIVITY_ENTITY_SETS (EXERCISE_ACTIVITY_ENTITY_ID, SETS_ID) VALUES (1200, 12002);
INSERT INTO EXERCISE_SET_ENTITY (SET_TYPE, ID, NUMBER_OF_REPS, STATUS , WEIGHT , WEIGHT_KG) VALUES ('WeightedSet', 12003, 5.0, 0, null, 67.5);
INSERT INTO EXERCISE_ACTIVITY_ENTITY_SETS (EXERCISE_ACTIVITY_ENTITY_ID, SETS_ID) VALUES (1200, 12003);
INSERT INTO EXERCISE_SET_ENTITY (SET_TYPE, ID, NUMBER_OF_REPS, STATUS , WEIGHT , WEIGHT_KG) VALUES ('WeightedSet', 12004, 5.0, 0, null, 67.5);
INSERT INTO EXERCISE_ACTIVITY_ENTITY_SETS (EXERCISE_ACTIVITY_ENTITY_ID, SETS_ID) VALUES (1200, 12004);
INSERT INTO EXERCISE_SET_ENTITY (SET_TYPE, ID, NUMBER_OF_REPS, STATUS , WEIGHT , WEIGHT_KG) VALUES ('WeightedSet', 12005, 5.0, 0, null, 67.5);
INSERT INTO EXERCISE_ACTIVITY_ENTITY_SETS (EXERCISE_ACTIVITY_ENTITY_ID, SETS_ID) VALUES (1200, 12005);
INSERT INTO EXERCISE_SET_ENTITY (SET_TYPE, ID, NUMBER_OF_REPS, STATUS , WEIGHT , WEIGHT_KG) VALUES ('WeightedSet', 12006, 5.0, 0, null, 67.5);
INSERT INTO EXERCISE_ACTIVITY_ENTITY_SETS (EXERCISE_ACTIVITY_ENTITY_ID, SETS_ID) VALUES (1200, 12006);
INSERT INTO EXERCISE_SET_ENTITY (SET_TYPE, ID, NUMBER_OF_REPS, STATUS , WEIGHT , WEIGHT_KG) VALUES ('WeightedSet', 12007, 5.0, 0, null, 67.5);
INSERT INTO EXERCISE_ACTIVITY_ENTITY_SETS (EXERCISE_ACTIVITY_ENTITY_ID, SETS_ID) VALUES (1200, 12007);
INSERT INTO WORKOUT_ENTITY_EXERCISE_ACTIVITIES (WORKOUT_ENTITY_ID, EXERCISE_ACTIVITIES_ID)  VALUES (12, 1200);
INSERT INTO EXERCISE_ACTIVITY_ENTITY (ID, NOTES, EXERCISE_ID) VALUES (1201, '', SELECT ID FROM EXERCISE_ENTITY WHERE NAME = 'Romanian Deadlift');
INSERT INTO EXERCISE_SET_ENTITY (SET_TYPE, ID, NUMBER_OF_REPS, STATUS , WEIGHT , WEIGHT_KG) VALUES ('WeightedSet', 12010, 6.0, 0, null, 40);
INSERT INTO EXERCISE_ACTIVITY_ENTITY_SETS (EXERCISE_ACTIVITY_ENTITY_ID, SETS_ID) VALUES (1201, 12010);
INSERT INTO EXERCISE_SET_ENTITY (SET_TYPE, ID, NUMBER_OF_REPS, STATUS , WEIGHT , WEIGHT_KG) VALUES ('WeightedSet', 12011, 8.0, 0, null, 55);
INSERT INTO EXERCISE_ACTIVITY_ENTITY_SETS (EXERCISE_ACTIVITY_ENTITY_ID, SETS_ID) VALUES (1201, 12011);
INSERT INTO EXERCISE_SET_ENTITY (SET_TYPE, ID, NUMBER_OF_REPS, STATUS , WEIGHT , WEIGHT_KG) VALUES ('WeightedSet', 12012, 8.0, 0, null, 55);
INSERT INTO EXERCISE_ACTIVITY_ENTITY_SETS (EXERCISE_ACTIVITY_ENTITY_ID, SETS_ID) VALUES (1201, 12012);
INSERT INTO EXERCISE_SET_ENTITY (SET_TYPE, ID, NUMBER_OF_REPS, STATUS , WEIGHT , WEIGHT_KG) VALUES ('WeightedSet', 12013, 8.0, 0, null, 55);
INSERT INTO EXERCISE_ACTIVITY_ENTITY_SETS (EXERCISE_ACTIVITY_ENTITY_ID, SETS_ID) VALUES (1201, 12013);
INSERT INTO WORKOUT_ENTITY_EXERCISE_ACTIVITIES (WORKOUT_ENTITY_ID, EXERCISE_ACTIVITIES_ID)  VALUES (12, 1201);
INSERT INTO EXERCISE_ACTIVITY_ENTITY (ID, NOTES, EXERCISE_ID) VALUES (1202, '', SELECT ID FROM EXERCISE_ENTITY WHERE NAME = 'Lunge');
INSERT INTO EXERCISE_SET_ENTITY (SET_TYPE, ID, NUMBER_OF_REPS, STATUS , WEIGHT , WEIGHT_KG) VALUES ('NonWeightedSet', 12020, 8.0, 0, 'body', null);
INSERT INTO EXERCISE_ACTIVITY_ENTITY_SETS (EXERCISE_ACTIVITY_ENTITY_ID, SETS_ID) VALUES (1202, 12020);
INSERT INTO EXERCISE_SET_ENTITY (SET_TYPE, ID, NUMBER_OF_REPS, STATUS , WEIGHT , WEIGHT_KG) VALUES ('WeightedSet', 12021, 8.0, 0, null, 5);
INSERT INTO EXERCISE_ACTIVITY_ENTITY_SETS (EXERCISE_ACTIVITY_ENTITY_ID, SETS_ID) VALUES (1202, 12021);
INSERT INTO EXERCISE_SET_ENTITY (SET_TYPE, ID, NUMBER_OF_REPS, STATUS , WEIGHT , WEIGHT_KG) VALUES ('WeightedSet', 12022, 8.0, 0, null, 10);
INSERT INTO EXERCISE_ACTIVITY_ENTITY_SETS (EXERCISE_ACTIVITY_ENTITY_ID, SETS_ID) VALUES (1202, 12022);
INSERT INTO WORKOUT_ENTITY_EXERCISE_ACTIVITIES (WORKOUT_ENTITY_ID, EXERCISE_ACTIVITIES_ID)  VALUES (12, 1202);
INSERT INTO EXERCISE_ACTIVITY_ENTITY (ID, NOTES, EXERCISE_ID) VALUES (1203, '', SELECT ID FROM EXERCISE_ENTITY WHERE NAME = 'Glute Raise');
INSERT INTO EXERCISE_SET_ENTITY (SET_TYPE, ID, NUMBER_OF_REPS, STATUS , WEIGHT , WEIGHT_KG) VALUES ('WeightedSet', 12030, 10.0, 0, null, 20);
INSERT INTO EXERCISE_ACTIVITY_ENTITY_SETS (EXERCISE_ACTIVITY_ENTITY_ID, SETS_ID) VALUES (1203, 12030);
INSERT INTO EXERCISE_SET_ENTITY (SET_TYPE, ID, NUMBER_OF_REPS, STATUS , WEIGHT , WEIGHT_KG) VALUES ('WeightedSet', 12031, 8.0, 0, null, 20);
INSERT INTO EXERCISE_ACTIVITY_ENTITY_SETS (EXERCISE_ACTIVITY_ENTITY_ID, SETS_ID) VALUES (1203, 12031);
INSERT INTO WORKOUT_ENTITY_EXERCISE_ACTIVITIES (WORKOUT_ENTITY_ID, EXERCISE_ACTIVITIES_ID)  VALUES (12, 1203);
INSERT INTO EXERCISE_ACTIVITY_ENTITY (ID, NOTES, EXERCISE_ID) VALUES (1204, '', SELECT ID FROM EXERCISE_ENTITY WHERE NAME = 'Barbell Floor Press');
INSERT INTO EXERCISE_SET_ENTITY (SET_TYPE, ID, NUMBER_OF_REPS, STATUS , WEIGHT , WEIGHT_KG) VALUES ('WeightedSet', 12040, 10.0, 0, null, 20);
INSERT INTO EXERCISE_ACTIVITY_ENTITY_SETS (EXERCISE_ACTIVITY_ENTITY_ID, SETS_ID) VALUES (1204, 12040);
INSERT INTO EXERCISE_SET_ENTITY (SET_TYPE, ID, NUMBER_OF_REPS, STATUS , WEIGHT , WEIGHT_KG) VALUES ('WeightedSet', 12041, 10.0, 0, null, 20);
INSERT INTO EXERCISE_ACTIVITY_ENTITY_SETS (EXERCISE_ACTIVITY_ENTITY_ID, SETS_ID) VALUES (1204, 12041);
INSERT INTO WORKOUT_ENTITY_EXERCISE_ACTIVITIES (WORKOUT_ENTITY_ID, EXERCISE_ACTIVITIES_ID)  VALUES (12, 1204);
INSERT INTO EXERCISE_ACTIVITY_ENTITY (ID, NOTES, EXERCISE_ID) VALUES (1205, '', SELECT ID FROM EXERCISE_ENTITY WHERE NAME = 'Cable Fly');
INSERT INTO EXERCISE_SET_ENTITY (SET_TYPE, ID, NUMBER_OF_REPS, STATUS , WEIGHT , WEIGHT_KG) VALUES ('NonWeightedSet', 12050, 10.0, 0, 'yellow band', null);
INSERT INTO EXERCISE_ACTIVITY_ENTITY_SETS (EXERCISE_ACTIVITY_ENTITY_ID, SETS_ID) VALUES (1205, 12050);
INSERT INTO WORKOUT_ENTITY_EXERCISE_ACTIVITIES (WORKOUT_ENTITY_ID, EXERCISE_ACTIVITIES_ID)  VALUES (12, 1205);
INSERT INTO EXERCISE_ACTIVITY_ENTITY (ID, NOTES, EXERCISE_ID) VALUES (1206, '', SELECT ID FROM EXERCISE_ENTITY WHERE NAME = 'Cable Fly (Upper)');
INSERT INTO EXERCISE_SET_ENTITY (SET_TYPE, ID, NUMBER_OF_REPS, STATUS , WEIGHT , WEIGHT_KG) VALUES ('NonWeightedSet', 12060, 10.0, 0, 'yellow band', null);
INSERT INTO EXERCISE_ACTIVITY_ENTITY_SETS (EXERCISE_ACTIVITY_ENTITY_ID, SETS_ID) VALUES (1206, 12060);
INSERT INTO EXERCISE_SET_ENTITY (SET_TYPE, ID, NUMBER_OF_REPS, STATUS , WEIGHT , WEIGHT_KG) VALUES ('NonWeightedSet', 12061, 10.0, 0, 'red + yellow', null);
INSERT INTO EXERCISE_ACTIVITY_ENTITY_SETS (EXERCISE_ACTIVITY_ENTITY_ID, SETS_ID) VALUES (1206, 12061);
INSERT INTO WORKOUT_ENTITY_EXERCISE_ACTIVITIES (WORKOUT_ENTITY_ID, EXERCISE_ACTIVITIES_ID)  VALUES (12, 1206);
INSERT INTO EXERCISE_ACTIVITY_ENTITY (ID, NOTES, EXERCISE_ID) VALUES (1207, '', SELECT ID FROM EXERCISE_ENTITY WHERE NAME = 'Incline Bench Press');
INSERT INTO EXERCISE_SET_ENTITY (SET_TYPE, ID, NUMBER_OF_REPS, STATUS , WEIGHT , WEIGHT_KG) VALUES ('WeightedSet', 12070, 10.0, 0, null, 20);
INSERT INTO EXERCISE_ACTIVITY_ENTITY_SETS (EXERCISE_ACTIVITY_ENTITY_ID, SETS_ID) VALUES (1207, 12070);
INSERT INTO WORKOUT_ENTITY_EXERCISE_ACTIVITIES (WORKOUT_ENTITY_ID, EXERCISE_ACTIVITIES_ID)  VALUES (12, 1207);
INSERT INTO WORKOUT_ENTITY (ID, NAME, NOTES, PERFORMED_AT_TIMESTAMP_UTC, WORKOUT_TYPE) VALUES (13, '2019-08-27 16:30:00', 'Notes', '2019-08-27 16:30:00', 'PULL');
INSERT INTO EXERCISE_ACTIVITY_ENTITY (ID, NOTES, EXERCISE_ID) VALUES (1300, '', SELECT ID FROM EXERCISE_ENTITY WHERE NAME = 'Deadlift');
INSERT INTO EXERCISE_SET_ENTITY (SET_TYPE, ID, NUMBER_OF_REPS, STATUS , WEIGHT , WEIGHT_KG) VALUES ('WeightedSet', 13000, 5.0, 0, null, 20);
INSERT INTO EXERCISE_ACTIVITY_ENTITY_SETS (EXERCISE_ACTIVITY_ENTITY_ID, SETS_ID) VALUES (1300, 13000);
INSERT INTO EXERCISE_SET_ENTITY (SET_TYPE, ID, NUMBER_OF_REPS, STATUS , WEIGHT , WEIGHT_KG) VALUES ('WeightedSet', 13001, 3.0, 0, null, 60);
INSERT INTO EXERCISE_ACTIVITY_ENTITY_SETS (EXERCISE_ACTIVITY_ENTITY_ID, SETS_ID) VALUES (1300, 13001);
INSERT INTO EXERCISE_SET_ENTITY (SET_TYPE, ID, NUMBER_OF_REPS, STATUS , WEIGHT , WEIGHT_KG) VALUES ('WeightedSet', 13002, 3.0, 0, null, 90);
INSERT INTO EXERCISE_ACTIVITY_ENTITY_SETS (EXERCISE_ACTIVITY_ENTITY_ID, SETS_ID) VALUES (1300, 13002);
INSERT INTO EXERCISE_SET_ENTITY (SET_TYPE, ID, NUMBER_OF_REPS, STATUS , WEIGHT , WEIGHT_KG) VALUES ('WeightedSet', 13003, 2.0, 0, null, 110);
INSERT INTO EXERCISE_ACTIVITY_ENTITY_SETS (EXERCISE_ACTIVITY_ENTITY_ID, SETS_ID) VALUES (1300, 13003);
INSERT INTO EXERCISE_SET_ENTITY (SET_TYPE, ID, NUMBER_OF_REPS, STATUS , WEIGHT , WEIGHT_KG) VALUES ('WeightedSet', 13004, 5.0, 0, null, 120);
INSERT INTO EXERCISE_ACTIVITY_ENTITY_SETS (EXERCISE_ACTIVITY_ENTITY_ID, SETS_ID) VALUES (1300, 13004);
INSERT INTO WORKOUT_ENTITY_EXERCISE_ACTIVITIES (WORKOUT_ENTITY_ID, EXERCISE_ACTIVITIES_ID)  VALUES (13, 1300);
INSERT INTO EXERCISE_ACTIVITY_ENTITY (ID, NOTES, EXERCISE_ID) VALUES (1301, '', SELECT ID FROM EXERCISE_ENTITY WHERE NAME = 'Pull Up');
INSERT INTO EXERCISE_SET_ENTITY (SET_TYPE, ID, NUMBER_OF_REPS, STATUS , WEIGHT , WEIGHT_KG) VALUES ('NonWeightedSet', 13010, 5.0, 0, 'body', null);
INSERT INTO EXERCISE_ACTIVITY_ENTITY_SETS (EXERCISE_ACTIVITY_ENTITY_ID, SETS_ID) VALUES (1301, 13010);
INSERT INTO EXERCISE_SET_ENTITY (SET_TYPE, ID, NUMBER_OF_REPS, STATUS , WEIGHT , WEIGHT_KG) VALUES ('NonWeightedSet', 13011, 5.0, 0, 'body', null);
INSERT INTO EXERCISE_ACTIVITY_ENTITY_SETS (EXERCISE_ACTIVITY_ENTITY_ID, SETS_ID) VALUES (1301, 13011);
INSERT INTO EXERCISE_SET_ENTITY (SET_TYPE, ID, NUMBER_OF_REPS, STATUS , WEIGHT , WEIGHT_KG) VALUES ('NonWeightedSet', 13012, 5.0, 0, 'body', null);
INSERT INTO EXERCISE_ACTIVITY_ENTITY_SETS (EXERCISE_ACTIVITY_ENTITY_ID, SETS_ID) VALUES (1301, 13012);
INSERT INTO EXERCISE_SET_ENTITY (SET_TYPE, ID, NUMBER_OF_REPS, STATUS , WEIGHT , WEIGHT_KG) VALUES ('NonWeightedSet', 13013, 5.0, 0, 'body', null);
INSERT INTO EXERCISE_ACTIVITY_ENTITY_SETS (EXERCISE_ACTIVITY_ENTITY_ID, SETS_ID) VALUES (1301, 13013);
INSERT INTO WORKOUT_ENTITY_EXERCISE_ACTIVITIES (WORKOUT_ENTITY_ID, EXERCISE_ACTIVITIES_ID)  VALUES (13, 1301);
INSERT INTO EXERCISE_ACTIVITY_ENTITY (ID, NOTES, EXERCISE_ID) VALUES (1302, '', SELECT ID FROM EXERCISE_ENTITY WHERE NAME = 'Bent Over Row');
INSERT INTO EXERCISE_SET_ENTITY (SET_TYPE, ID, NUMBER_OF_REPS, STATUS , WEIGHT , WEIGHT_KG) VALUES ('WeightedSet', 13020, 12.0, 0, null, 20);
INSERT INTO EXERCISE_ACTIVITY_ENTITY_SETS (EXERCISE_ACTIVITY_ENTITY_ID, SETS_ID) VALUES (1302, 13020);
INSERT INTO EXERCISE_SET_ENTITY (SET_TYPE, ID, NUMBER_OF_REPS, STATUS , WEIGHT , WEIGHT_KG) VALUES ('WeightedSet', 13021, 8.0, 0, null, 42.5);
INSERT INTO EXERCISE_ACTIVITY_ENTITY_SETS (EXERCISE_ACTIVITY_ENTITY_ID, SETS_ID) VALUES (1302, 13021);
INSERT INTO EXERCISE_SET_ENTITY (SET_TYPE, ID, NUMBER_OF_REPS, STATUS , WEIGHT , WEIGHT_KG) VALUES ('WeightedSet', 13022, 8.0, 0, null, 42.5);
INSERT INTO EXERCISE_ACTIVITY_ENTITY_SETS (EXERCISE_ACTIVITY_ENTITY_ID, SETS_ID) VALUES (1302, 13022);
INSERT INTO EXERCISE_SET_ENTITY (SET_TYPE, ID, NUMBER_OF_REPS, STATUS , WEIGHT , WEIGHT_KG) VALUES ('WeightedSet', 13023, 9.0, 0, null, 42.5);
INSERT INTO EXERCISE_ACTIVITY_ENTITY_SETS (EXERCISE_ACTIVITY_ENTITY_ID, SETS_ID) VALUES (1302, 13023);
INSERT INTO WORKOUT_ENTITY_EXERCISE_ACTIVITIES (WORKOUT_ENTITY_ID, EXERCISE_ACTIVITIES_ID)  VALUES (13, 1302);
INSERT INTO EXERCISE_ACTIVITY_ENTITY (ID, NOTES, EXERCISE_ID) VALUES (1303, '', SELECT ID FROM EXERCISE_ENTITY WHERE NAME = 'Barbell Curl');
INSERT INTO EXERCISE_SET_ENTITY (SET_TYPE, ID, NUMBER_OF_REPS, STATUS , WEIGHT , WEIGHT_KG) VALUES ('WeightedSet', 13030, 10.0, 0, null, 20);
INSERT INTO EXERCISE_ACTIVITY_ENTITY_SETS (EXERCISE_ACTIVITY_ENTITY_ID, SETS_ID) VALUES (1303, 13030);
INSERT INTO EXERCISE_SET_ENTITY (SET_TYPE, ID, NUMBER_OF_REPS, STATUS , WEIGHT , WEIGHT_KG) VALUES ('WeightedSet', 13031, 10.0, 0, null, 20);
INSERT INTO EXERCISE_ACTIVITY_ENTITY_SETS (EXERCISE_ACTIVITY_ENTITY_ID, SETS_ID) VALUES (1303, 13031);
INSERT INTO EXERCISE_SET_ENTITY (SET_TYPE, ID, NUMBER_OF_REPS, STATUS , WEIGHT , WEIGHT_KG) VALUES ('WeightedSet', 13032, 11.0, 0, null, 20);
INSERT INTO EXERCISE_ACTIVITY_ENTITY_SETS (EXERCISE_ACTIVITY_ENTITY_ID, SETS_ID) VALUES (1303, 13032);
INSERT INTO WORKOUT_ENTITY_EXERCISE_ACTIVITIES (WORKOUT_ENTITY_ID, EXERCISE_ACTIVITIES_ID)  VALUES (13, 1303);
INSERT INTO EXERCISE_ACTIVITY_ENTITY (ID, NOTES, EXERCISE_ID) VALUES (1304, '', SELECT ID FROM EXERCISE_ENTITY WHERE NAME = 'Facepull');
INSERT INTO EXERCISE_SET_ENTITY (SET_TYPE, ID, NUMBER_OF_REPS, STATUS , WEIGHT , WEIGHT_KG) VALUES ('NonWeightedSet', 13040, 20.0, 0, 'yellow band', null);
INSERT INTO EXERCISE_ACTIVITY_ENTITY_SETS (EXERCISE_ACTIVITY_ENTITY_ID, SETS_ID) VALUES (1304, 13040);
INSERT INTO EXERCISE_SET_ENTITY (SET_TYPE, ID, NUMBER_OF_REPS, STATUS , WEIGHT , WEIGHT_KG) VALUES ('NonWeightedSet', 13041, 15.0, 0, 'yellow band', null);
INSERT INTO EXERCISE_ACTIVITY_ENTITY_SETS (EXERCISE_ACTIVITY_ENTITY_ID, SETS_ID) VALUES (1304, 13041);
INSERT INTO WORKOUT_ENTITY_EXERCISE_ACTIVITIES (WORKOUT_ENTITY_ID, EXERCISE_ACTIVITIES_ID)  VALUES (13, 1304);
INSERT INTO EXERCISE_ACTIVITY_ENTITY (ID, NOTES, EXERCISE_ID) VALUES (1305, '', SELECT ID FROM EXERCISE_ENTITY WHERE NAME = 'Hanging Leg Raise');
INSERT INTO EXERCISE_SET_ENTITY (SET_TYPE, ID, NUMBER_OF_REPS, STATUS , WEIGHT , WEIGHT_KG) VALUES ('NonWeightedSet', 13050, 5.0, 0, 'body', null);
INSERT INTO EXERCISE_ACTIVITY_ENTITY_SETS (EXERCISE_ACTIVITY_ENTITY_ID, SETS_ID) VALUES (1305, 13050);
INSERT INTO EXERCISE_SET_ENTITY (SET_TYPE, ID, NUMBER_OF_REPS, STATUS , WEIGHT , WEIGHT_KG) VALUES ('NonWeightedSet', 13051, 5.0, 0, 'body', null);
INSERT INTO EXERCISE_ACTIVITY_ENTITY_SETS (EXERCISE_ACTIVITY_ENTITY_ID, SETS_ID) VALUES (1305, 13051);
INSERT INTO WORKOUT_ENTITY_EXERCISE_ACTIVITIES (WORKOUT_ENTITY_ID, EXERCISE_ACTIVITIES_ID)  VALUES (13, 1305);
INSERT INTO EXERCISE_ACTIVITY_ENTITY (ID, NOTES, EXERCISE_ID) VALUES (1306, '', SELECT ID FROM EXERCISE_ENTITY WHERE NAME = 'Lying Leg Raise');
INSERT INTO EXERCISE_SET_ENTITY (SET_TYPE, ID, NUMBER_OF_REPS, STATUS , WEIGHT , WEIGHT_KG) VALUES ('NonWeightedSet', 13060, 10.0, 0, 'body', null);
INSERT INTO EXERCISE_ACTIVITY_ENTITY_SETS (EXERCISE_ACTIVITY_ENTITY_ID, SETS_ID) VALUES (1306, 13060);
INSERT INTO EXERCISE_SET_ENTITY (SET_TYPE, ID, NUMBER_OF_REPS, STATUS , WEIGHT , WEIGHT_KG) VALUES ('NonWeightedSet', 13061, 10.0, 0, 'body', null);
INSERT INTO EXERCISE_ACTIVITY_ENTITY_SETS (EXERCISE_ACTIVITY_ENTITY_ID, SETS_ID) VALUES (1306, 13061);
INSERT INTO WORKOUT_ENTITY_EXERCISE_ACTIVITIES (WORKOUT_ENTITY_ID, EXERCISE_ACTIVITIES_ID)  VALUES (13, 1306);
INSERT INTO WORKOUT_ENTITY (ID, NAME, NOTES, PERFORMED_AT_TIMESTAMP_UTC, WORKOUT_TYPE) VALUES (14, '2019-08-28 16:30:00', 'Notes', '2019-08-28 16:30:00', 'PUSH');
INSERT INTO EXERCISE_ACTIVITY_ENTITY (ID, NOTES, EXERCISE_ID) VALUES (1400, '', SELECT ID FROM EXERCISE_ENTITY WHERE NAME = 'Bench Press');
INSERT INTO EXERCISE_SET_ENTITY (SET_TYPE, ID, NUMBER_OF_REPS, STATUS , WEIGHT , WEIGHT_KG) VALUES ('WeightedSet', 14000, 6.0, 0, null, 20);
INSERT INTO EXERCISE_ACTIVITY_ENTITY_SETS (EXERCISE_ACTIVITY_ENTITY_ID, SETS_ID) VALUES (1400, 14000);
INSERT INTO EXERCISE_SET_ENTITY (SET_TYPE, ID, NUMBER_OF_REPS, STATUS , WEIGHT , WEIGHT_KG) VALUES ('WeightedSet', 14001, 5.0, 0, null, 40);
INSERT INTO EXERCISE_ACTIVITY_ENTITY_SETS (EXERCISE_ACTIVITY_ENTITY_ID, SETS_ID) VALUES (1400, 14001);
INSERT INTO EXERCISE_SET_ENTITY (SET_TYPE, ID, NUMBER_OF_REPS, STATUS , WEIGHT , WEIGHT_KG) VALUES ('WeightedSet', 14002, 3.0, 0, null, 50);
INSERT INTO EXERCISE_ACTIVITY_ENTITY_SETS (EXERCISE_ACTIVITY_ENTITY_ID, SETS_ID) VALUES (1400, 14002);
INSERT INTO EXERCISE_SET_ENTITY (SET_TYPE, ID, NUMBER_OF_REPS, STATUS , WEIGHT , WEIGHT_KG) VALUES ('WeightedSet', 14003, 5.0, 0, null, 55);
INSERT INTO EXERCISE_ACTIVITY_ENTITY_SETS (EXERCISE_ACTIVITY_ENTITY_ID, SETS_ID) VALUES (1400, 14003);
INSERT INTO EXERCISE_SET_ENTITY (SET_TYPE, ID, NUMBER_OF_REPS, STATUS , WEIGHT , WEIGHT_KG) VALUES ('WeightedSet', 14004, 5.0, 0, null, 55);
INSERT INTO EXERCISE_ACTIVITY_ENTITY_SETS (EXERCISE_ACTIVITY_ENTITY_ID, SETS_ID) VALUES (1400, 14004);
INSERT INTO EXERCISE_SET_ENTITY (SET_TYPE, ID, NUMBER_OF_REPS, STATUS , WEIGHT , WEIGHT_KG) VALUES ('WeightedSet', 14005, 5.0, 0, null, 55);
INSERT INTO EXERCISE_ACTIVITY_ENTITY_SETS (EXERCISE_ACTIVITY_ENTITY_ID, SETS_ID) VALUES (1400, 14005);
INSERT INTO EXERCISE_SET_ENTITY (SET_TYPE, ID, NUMBER_OF_REPS, STATUS , WEIGHT , WEIGHT_KG) VALUES ('WeightedSet', 14006, 5.0, 0, null, 55);
INSERT INTO EXERCISE_ACTIVITY_ENTITY_SETS (EXERCISE_ACTIVITY_ENTITY_ID, SETS_ID) VALUES (1400, 14006);
INSERT INTO EXERCISE_SET_ENTITY (SET_TYPE, ID, NUMBER_OF_REPS, STATUS , WEIGHT , WEIGHT_KG) VALUES ('WeightedSet', 14007, 4.0, 1, null, 55);
INSERT INTO EXERCISE_ACTIVITY_ENTITY_SETS (EXERCISE_ACTIVITY_ENTITY_ID, SETS_ID) VALUES (1400, 14007);
INSERT INTO WORKOUT_ENTITY_EXERCISE_ACTIVITIES (WORKOUT_ENTITY_ID, EXERCISE_ACTIVITIES_ID)  VALUES (14, 1400);
INSERT INTO EXERCISE_ACTIVITY_ENTITY (ID, NOTES, EXERCISE_ID) VALUES (1401, '', SELECT ID FROM EXERCISE_ENTITY WHERE NAME = 'Overhead Press');
INSERT INTO EXERCISE_SET_ENTITY (SET_TYPE, ID, NUMBER_OF_REPS, STATUS , WEIGHT , WEIGHT_KG) VALUES ('WeightedSet', 14010, 5.0, 0, null, 20);
INSERT INTO EXERCISE_ACTIVITY_ENTITY_SETS (EXERCISE_ACTIVITY_ENTITY_ID, SETS_ID) VALUES (1401, 14010);
INSERT INTO EXERCISE_SET_ENTITY (SET_TYPE, ID, NUMBER_OF_REPS, STATUS , WEIGHT , WEIGHT_KG) VALUES ('WeightedSet', 14011, 8.0, 0, null, 30);
INSERT INTO EXERCISE_ACTIVITY_ENTITY_SETS (EXERCISE_ACTIVITY_ENTITY_ID, SETS_ID) VALUES (1401, 14011);
INSERT INTO EXERCISE_SET_ENTITY (SET_TYPE, ID, NUMBER_OF_REPS, STATUS , WEIGHT , WEIGHT_KG) VALUES ('WeightedSet', 14012, 8.0, 0, null, 30);
INSERT INTO EXERCISE_ACTIVITY_ENTITY_SETS (EXERCISE_ACTIVITY_ENTITY_ID, SETS_ID) VALUES (1401, 14012);
INSERT INTO EXERCISE_SET_ENTITY (SET_TYPE, ID, NUMBER_OF_REPS, STATUS , WEIGHT , WEIGHT_KG) VALUES ('WeightedSet', 14013, 8.0, 0, null, 30);
INSERT INTO EXERCISE_ACTIVITY_ENTITY_SETS (EXERCISE_ACTIVITY_ENTITY_ID, SETS_ID) VALUES (1401, 14013);
INSERT INTO WORKOUT_ENTITY_EXERCISE_ACTIVITIES (WORKOUT_ENTITY_ID, EXERCISE_ACTIVITIES_ID)  VALUES (14, 1401);
INSERT INTO EXERCISE_ACTIVITY_ENTITY (ID, NOTES, EXERCISE_ID) VALUES (1402, '', SELECT ID FROM EXERCISE_ENTITY WHERE NAME = 'Dip');
INSERT INTO EXERCISE_SET_ENTITY (SET_TYPE, ID, NUMBER_OF_REPS, STATUS , WEIGHT , WEIGHT_KG) VALUES ('NonWeightedSet', 14020, 6.0, 0, 'body', null);
INSERT INTO EXERCISE_ACTIVITY_ENTITY_SETS (EXERCISE_ACTIVITY_ENTITY_ID, SETS_ID) VALUES (1402, 14020);
INSERT INTO EXERCISE_SET_ENTITY (SET_TYPE, ID, NUMBER_OF_REPS, STATUS , WEIGHT , WEIGHT_KG) VALUES ('NonWeightedSet', 14021, 6.0, 0, 'body', null);
INSERT INTO EXERCISE_ACTIVITY_ENTITY_SETS (EXERCISE_ACTIVITY_ENTITY_ID, SETS_ID) VALUES (1402, 14021);
INSERT INTO EXERCISE_SET_ENTITY (SET_TYPE, ID, NUMBER_OF_REPS, STATUS , WEIGHT , WEIGHT_KG) VALUES ('NonWeightedSet', 14022, 6.0, 0, 'body', null);
INSERT INTO EXERCISE_ACTIVITY_ENTITY_SETS (EXERCISE_ACTIVITY_ENTITY_ID, SETS_ID) VALUES (1402, 14022);
INSERT INTO WORKOUT_ENTITY_EXERCISE_ACTIVITIES (WORKOUT_ENTITY_ID, EXERCISE_ACTIVITIES_ID)  VALUES (14, 1402);
INSERT INTO EXERCISE_ACTIVITY_ENTITY (ID, NOTES, EXERCISE_ID) VALUES (1403, '', SELECT ID FROM EXERCISE_ENTITY WHERE NAME = 'Cable Fly');
INSERT INTO EXERCISE_SET_ENTITY (SET_TYPE, ID, NUMBER_OF_REPS, STATUS , WEIGHT , WEIGHT_KG) VALUES ('NonWeightedSet', 14030, 10.0, 0, 'yellow band', null);
INSERT INTO EXERCISE_ACTIVITY_ENTITY_SETS (EXERCISE_ACTIVITY_ENTITY_ID, SETS_ID) VALUES (1403, 14030);
INSERT INTO EXERCISE_SET_ENTITY (SET_TYPE, ID, NUMBER_OF_REPS, STATUS , WEIGHT , WEIGHT_KG) VALUES ('NonWeightedSet', 14031, 10.0, 0, 'red & yellow', null);
INSERT INTO EXERCISE_ACTIVITY_ENTITY_SETS (EXERCISE_ACTIVITY_ENTITY_ID, SETS_ID) VALUES (1403, 14031);
INSERT INTO EXERCISE_SET_ENTITY (SET_TYPE, ID, NUMBER_OF_REPS, STATUS , WEIGHT , WEIGHT_KG) VALUES ('NonWeightedSet', 14032, 10.0, 0, 'red & yellow', null);
INSERT INTO EXERCISE_ACTIVITY_ENTITY_SETS (EXERCISE_ACTIVITY_ENTITY_ID, SETS_ID) VALUES (1403, 14032);
INSERT INTO WORKOUT_ENTITY_EXERCISE_ACTIVITIES (WORKOUT_ENTITY_ID, EXERCISE_ACTIVITIES_ID)  VALUES (14, 1403);
INSERT INTO WORKOUT_ENTITY (ID, NAME, NOTES, PERFORMED_AT_TIMESTAMP_UTC, WORKOUT_TYPE) VALUES (15, '2019-08-29 15:30:00', 'Notes', '2019-08-29 15:30:00', 'LEGS');
INSERT INTO EXERCISE_ACTIVITY_ENTITY (ID, NOTES, EXERCISE_ID) VALUES (1500, '', SELECT ID FROM EXERCISE_ENTITY WHERE NAME = 'Squat');
INSERT INTO EXERCISE_SET_ENTITY (SET_TYPE, ID, NUMBER_OF_REPS, STATUS , WEIGHT , WEIGHT_KG) VALUES ('NonWeightedSet', 15000, 5.0, 0, 'body', null);
INSERT INTO EXERCISE_ACTIVITY_ENTITY_SETS (EXERCISE_ACTIVITY_ENTITY_ID, SETS_ID) VALUES (1500, 15000);
INSERT INTO EXERCISE_SET_ENTITY (SET_TYPE, ID, NUMBER_OF_REPS, STATUS , WEIGHT , WEIGHT_KG) VALUES ('WeightedSet', 15001, 5.0, 0, null, 20);
INSERT INTO EXERCISE_ACTIVITY_ENTITY_SETS (EXERCISE_ACTIVITY_ENTITY_ID, SETS_ID) VALUES (1500, 15001);
INSERT INTO EXERCISE_SET_ENTITY (SET_TYPE, ID, NUMBER_OF_REPS, STATUS , WEIGHT , WEIGHT_KG) VALUES ('WeightedSet', 15002, 5.0, 0, null, 40);
INSERT INTO EXERCISE_ACTIVITY_ENTITY_SETS (EXERCISE_ACTIVITY_ENTITY_ID, SETS_ID) VALUES (1500, 15002);
INSERT INTO EXERCISE_SET_ENTITY (SET_TYPE, ID, NUMBER_OF_REPS, STATUS , WEIGHT , WEIGHT_KG) VALUES ('WeightedSet', 15003, 3.0, 0, null, 60);
INSERT INTO EXERCISE_ACTIVITY_ENTITY_SETS (EXERCISE_ACTIVITY_ENTITY_ID, SETS_ID) VALUES (1500, 15003);
INSERT INTO EXERCISE_SET_ENTITY (SET_TYPE, ID, NUMBER_OF_REPS, STATUS , WEIGHT , WEIGHT_KG) VALUES ('WeightedSet', 15004, 5.0, 0, null, 70);
INSERT INTO EXERCISE_ACTIVITY_ENTITY_SETS (EXERCISE_ACTIVITY_ENTITY_ID, SETS_ID) VALUES (1500, 15004);
INSERT INTO EXERCISE_SET_ENTITY (SET_TYPE, ID, NUMBER_OF_REPS, STATUS , WEIGHT , WEIGHT_KG) VALUES ('WeightedSet', 15005, 5.0, 0, null, 70);
INSERT INTO EXERCISE_ACTIVITY_ENTITY_SETS (EXERCISE_ACTIVITY_ENTITY_ID, SETS_ID) VALUES (1500, 15005);
INSERT INTO EXERCISE_SET_ENTITY (SET_TYPE, ID, NUMBER_OF_REPS, STATUS , WEIGHT , WEIGHT_KG) VALUES ('WeightedSet', 15006, 5.0, 0, null, 70);
INSERT INTO EXERCISE_ACTIVITY_ENTITY_SETS (EXERCISE_ACTIVITY_ENTITY_ID, SETS_ID) VALUES (1500, 15006);
INSERT INTO EXERCISE_SET_ENTITY (SET_TYPE, ID, NUMBER_OF_REPS, STATUS , WEIGHT , WEIGHT_KG) VALUES ('WeightedSet', 15007, 5.0, 0, null, 70);
INSERT INTO EXERCISE_ACTIVITY_ENTITY_SETS (EXERCISE_ACTIVITY_ENTITY_ID, SETS_ID) VALUES (1500, 15007);
INSERT INTO EXERCISE_SET_ENTITY (SET_TYPE, ID, NUMBER_OF_REPS, STATUS , WEIGHT , WEIGHT_KG) VALUES ('WeightedSet', 15008, 5.0, 0, null, 70);
INSERT INTO EXERCISE_ACTIVITY_ENTITY_SETS (EXERCISE_ACTIVITY_ENTITY_ID, SETS_ID) VALUES (1500, 15008);
INSERT INTO WORKOUT_ENTITY_EXERCISE_ACTIVITIES (WORKOUT_ENTITY_ID, EXERCISE_ACTIVITIES_ID)  VALUES (15, 1500);
INSERT INTO EXERCISE_ACTIVITY_ENTITY (ID, NOTES, EXERCISE_ID) VALUES (1501, '', SELECT ID FROM EXERCISE_ENTITY WHERE NAME = 'Romanian Deadlift');
INSERT INTO EXERCISE_SET_ENTITY (SET_TYPE, ID, NUMBER_OF_REPS, STATUS , WEIGHT , WEIGHT_KG) VALUES ('WeightedSet', 15010, 5.0, 0, null, 50);
INSERT INTO EXERCISE_ACTIVITY_ENTITY_SETS (EXERCISE_ACTIVITY_ENTITY_ID, SETS_ID) VALUES (1501, 15010);
INSERT INTO EXERCISE_SET_ENTITY (SET_TYPE, ID, NUMBER_OF_REPS, STATUS , WEIGHT , WEIGHT_KG) VALUES ('WeightedSet', 15011, 6.0, 1, null, 57.5);
INSERT INTO EXERCISE_ACTIVITY_ENTITY_SETS (EXERCISE_ACTIVITY_ENTITY_ID, SETS_ID) VALUES (1501, 15011);
INSERT INTO EXERCISE_SET_ENTITY (SET_TYPE, ID, NUMBER_OF_REPS, STATUS , WEIGHT , WEIGHT_KG) VALUES ('WeightedSet', 15012, 8.0, 0, null, 57.5);
INSERT INTO EXERCISE_ACTIVITY_ENTITY_SETS (EXERCISE_ACTIVITY_ENTITY_ID, SETS_ID) VALUES (1501, 15012);
INSERT INTO EXERCISE_SET_ENTITY (SET_TYPE, ID, NUMBER_OF_REPS, STATUS , WEIGHT , WEIGHT_KG) VALUES ('WeightedSet', 15013, 8.0, 0, null, 57.5);
INSERT INTO EXERCISE_ACTIVITY_ENTITY_SETS (EXERCISE_ACTIVITY_ENTITY_ID, SETS_ID) VALUES (1501, 15013);
INSERT INTO WORKOUT_ENTITY_EXERCISE_ACTIVITIES (WORKOUT_ENTITY_ID, EXERCISE_ACTIVITIES_ID)  VALUES (15, 1501);
INSERT INTO EXERCISE_ACTIVITY_ENTITY (ID, NOTES, EXERCISE_ID) VALUES (1502, '', SELECT ID FROM EXERCISE_ENTITY WHERE NAME = 'Lunge');
INSERT INTO EXERCISE_SET_ENTITY (SET_TYPE, ID, NUMBER_OF_REPS, STATUS , WEIGHT , WEIGHT_KG) VALUES ('NonWeightedSet', 15020, 8.0, 0, 'body', null);
INSERT INTO EXERCISE_ACTIVITY_ENTITY_SETS (EXERCISE_ACTIVITY_ENTITY_ID, SETS_ID) VALUES (1502, 15020);
INSERT INTO EXERCISE_SET_ENTITY (SET_TYPE, ID, NUMBER_OF_REPS, STATUS , WEIGHT , WEIGHT_KG) VALUES ('WeightedSet', 15021, 8.0, 0, null, 5);
INSERT INTO EXERCISE_ACTIVITY_ENTITY_SETS (EXERCISE_ACTIVITY_ENTITY_ID, SETS_ID) VALUES (1502, 15021);
INSERT INTO WORKOUT_ENTITY_EXERCISE_ACTIVITIES (WORKOUT_ENTITY_ID, EXERCISE_ACTIVITIES_ID)  VALUES (15, 1502);
INSERT INTO EXERCISE_ACTIVITY_ENTITY (ID, NOTES, EXERCISE_ID) VALUES (1503, '', SELECT ID FROM EXERCISE_ENTITY WHERE NAME = 'Calf Raise');
INSERT INTO EXERCISE_SET_ENTITY (SET_TYPE, ID, NUMBER_OF_REPS, STATUS , WEIGHT , WEIGHT_KG) VALUES ('NonWeightedSet', 15030, 12.0, 0, 'body', null);
INSERT INTO EXERCISE_ACTIVITY_ENTITY_SETS (EXERCISE_ACTIVITY_ENTITY_ID, SETS_ID) VALUES (1503, 15030);
INSERT INTO EXERCISE_SET_ENTITY (SET_TYPE, ID, NUMBER_OF_REPS, STATUS , WEIGHT , WEIGHT_KG) VALUES ('NonWeightedSet', 15031, 10.0, 0, 'lifting rack', null);
INSERT INTO EXERCISE_ACTIVITY_ENTITY_SETS (EXERCISE_ACTIVITY_ENTITY_ID, SETS_ID) VALUES (1503, 15031);
INSERT INTO WORKOUT_ENTITY_EXERCISE_ACTIVITIES (WORKOUT_ENTITY_ID, EXERCISE_ACTIVITIES_ID)  VALUES (15, 1503);
INSERT INTO WORKOUT_ENTITY (ID, NAME, NOTES, PERFORMED_AT_TIMESTAMP_UTC, WORKOUT_TYPE) VALUES (16, '2019-09-02 15:30:00', 'Notes', '2019-09-02 15:30:00', 'PULL');
INSERT INTO EXERCISE_ACTIVITY_ENTITY (ID, NOTES, EXERCISE_ID) VALUES (1600, '', SELECT ID FROM EXERCISE_ENTITY WHERE NAME = 'Deadlift');
INSERT INTO EXERCISE_SET_ENTITY (SET_TYPE, ID, NUMBER_OF_REPS, STATUS , WEIGHT , WEIGHT_KG) VALUES ('WeightedSet', 16000, 5.0, 0, null, 20);
INSERT INTO EXERCISE_ACTIVITY_ENTITY_SETS (EXERCISE_ACTIVITY_ENTITY_ID, SETS_ID) VALUES (1600, 16000);
INSERT INTO EXERCISE_SET_ENTITY (SET_TYPE, ID, NUMBER_OF_REPS, STATUS , WEIGHT , WEIGHT_KG) VALUES ('WeightedSet', 16001, 7.0, 0, null, 60);
INSERT INTO EXERCISE_ACTIVITY_ENTITY_SETS (EXERCISE_ACTIVITY_ENTITY_ID, SETS_ID) VALUES (1600, 16001);
INSERT INTO EXERCISE_SET_ENTITY (SET_TYPE, ID, NUMBER_OF_REPS, STATUS , WEIGHT , WEIGHT_KG) VALUES ('WeightedSet', 16002, 2.0, 0, null, 90);
INSERT INTO EXERCISE_ACTIVITY_ENTITY_SETS (EXERCISE_ACTIVITY_ENTITY_ID, SETS_ID) VALUES (1600, 16002);
INSERT INTO EXERCISE_SET_ENTITY (SET_TYPE, ID, NUMBER_OF_REPS, STATUS , WEIGHT , WEIGHT_KG) VALUES ('WeightedSet', 16003, 2.0, 0, null, 100);
INSERT INTO EXERCISE_ACTIVITY_ENTITY_SETS (EXERCISE_ACTIVITY_ENTITY_ID, SETS_ID) VALUES (1600, 16003);
INSERT INTO EXERCISE_SET_ENTITY (SET_TYPE, ID, NUMBER_OF_REPS, STATUS , WEIGHT , WEIGHT_KG) VALUES ('WeightedSet', 16004, 2.0, 0, null, 110);
INSERT INTO EXERCISE_ACTIVITY_ENTITY_SETS (EXERCISE_ACTIVITY_ENTITY_ID, SETS_ID) VALUES (1600, 16004);
INSERT INTO EXERCISE_SET_ENTITY (SET_TYPE, ID, NUMBER_OF_REPS, STATUS , WEIGHT , WEIGHT_KG) VALUES ('WeightedSet', 16005, 5.0, 0, null, 122.5);
INSERT INTO EXERCISE_ACTIVITY_ENTITY_SETS (EXERCISE_ACTIVITY_ENTITY_ID, SETS_ID) VALUES (1600, 16005);
INSERT INTO WORKOUT_ENTITY_EXERCISE_ACTIVITIES (WORKOUT_ENTITY_ID, EXERCISE_ACTIVITIES_ID)  VALUES (16, 1600);
INSERT INTO EXERCISE_ACTIVITY_ENTITY (ID, NOTES, EXERCISE_ID) VALUES (1601, '', SELECT ID FROM EXERCISE_ENTITY WHERE NAME = 'Pull Up');
INSERT INTO EXERCISE_SET_ENTITY (SET_TYPE, ID, NUMBER_OF_REPS, STATUS , WEIGHT , WEIGHT_KG) VALUES ('NonWeightedSet', 16010, 5.0, 0, 'body', null);
INSERT INTO EXERCISE_ACTIVITY_ENTITY_SETS (EXERCISE_ACTIVITY_ENTITY_ID, SETS_ID) VALUES (1601, 16010);
INSERT INTO EXERCISE_SET_ENTITY (SET_TYPE, ID, NUMBER_OF_REPS, STATUS , WEIGHT , WEIGHT_KG) VALUES ('NonWeightedSet', 16011, 5.0, 0, 'body', null);
INSERT INTO EXERCISE_ACTIVITY_ENTITY_SETS (EXERCISE_ACTIVITY_ENTITY_ID, SETS_ID) VALUES (1601, 16011);
INSERT INTO EXERCISE_SET_ENTITY (SET_TYPE, ID, NUMBER_OF_REPS, STATUS , WEIGHT , WEIGHT_KG) VALUES ('NonWeightedSet', 16012, 5.0, 0, 'body', null);
INSERT INTO EXERCISE_ACTIVITY_ENTITY_SETS (EXERCISE_ACTIVITY_ENTITY_ID, SETS_ID) VALUES (1601, 16012);
INSERT INTO EXERCISE_SET_ENTITY (SET_TYPE, ID, NUMBER_OF_REPS, STATUS , WEIGHT , WEIGHT_KG) VALUES ('NonWeightedSet', 16013, 5.0, 0, 'body', null);
INSERT INTO EXERCISE_ACTIVITY_ENTITY_SETS (EXERCISE_ACTIVITY_ENTITY_ID, SETS_ID) VALUES (1601, 16013);
INSERT INTO WORKOUT_ENTITY_EXERCISE_ACTIVITIES (WORKOUT_ENTITY_ID, EXERCISE_ACTIVITIES_ID)  VALUES (16, 1601);
INSERT INTO EXERCISE_ACTIVITY_ENTITY (ID, NOTES, EXERCISE_ID) VALUES (1602, '', SELECT ID FROM EXERCISE_ENTITY WHERE NAME = 'Dumbbell Row');
INSERT INTO EXERCISE_SET_ENTITY (SET_TYPE, ID, NUMBER_OF_REPS, STATUS , WEIGHT , WEIGHT_KG) VALUES ('WeightedSet', 16020, 10.0, 0, null, 10);
INSERT INTO EXERCISE_ACTIVITY_ENTITY_SETS (EXERCISE_ACTIVITY_ENTITY_ID, SETS_ID) VALUES (1602, 16020);
INSERT INTO EXERCISE_SET_ENTITY (SET_TYPE, ID, NUMBER_OF_REPS, STATUS , WEIGHT , WEIGHT_KG) VALUES ('WeightedSet', 16021, 10.0, 0, null, 15);
INSERT INTO EXERCISE_ACTIVITY_ENTITY_SETS (EXERCISE_ACTIVITY_ENTITY_ID, SETS_ID) VALUES (1602, 16021);
INSERT INTO EXERCISE_SET_ENTITY (SET_TYPE, ID, NUMBER_OF_REPS, STATUS , WEIGHT , WEIGHT_KG) VALUES ('WeightedSet', 16022, 10.0, 0, null, 15);
INSERT INTO EXERCISE_ACTIVITY_ENTITY_SETS (EXERCISE_ACTIVITY_ENTITY_ID, SETS_ID) VALUES (1602, 16022);
INSERT INTO EXERCISE_SET_ENTITY (SET_TYPE, ID, NUMBER_OF_REPS, STATUS , WEIGHT , WEIGHT_KG) VALUES ('WeightedSet', 16023, 10.0, 0, null, 10);
INSERT INTO EXERCISE_ACTIVITY_ENTITY_SETS (EXERCISE_ACTIVITY_ENTITY_ID, SETS_ID) VALUES (1602, 16023);
INSERT INTO WORKOUT_ENTITY_EXERCISE_ACTIVITIES (WORKOUT_ENTITY_ID, EXERCISE_ACTIVITIES_ID)  VALUES (16, 1602);
INSERT INTO EXERCISE_ACTIVITY_ENTITY (ID, NOTES, EXERCISE_ID) VALUES (1603, '', SELECT ID FROM EXERCISE_ENTITY WHERE NAME = 'Incline Bicep Curl');
INSERT INTO EXERCISE_SET_ENTITY (SET_TYPE, ID, NUMBER_OF_REPS, STATUS , WEIGHT , WEIGHT_KG) VALUES ('WeightedSet', 16030, 8.0, 0, null, 10);
INSERT INTO EXERCISE_ACTIVITY_ENTITY_SETS (EXERCISE_ACTIVITY_ENTITY_ID, SETS_ID) VALUES (1603, 16030);
INSERT INTO EXERCISE_SET_ENTITY (SET_TYPE, ID, NUMBER_OF_REPS, STATUS , WEIGHT , WEIGHT_KG) VALUES ('WeightedSet', 16031, 8.0, 0, null, 10);
INSERT INTO EXERCISE_ACTIVITY_ENTITY_SETS (EXERCISE_ACTIVITY_ENTITY_ID, SETS_ID) VALUES (1603, 16031);
INSERT INTO EXERCISE_SET_ENTITY (SET_TYPE, ID, NUMBER_OF_REPS, STATUS , WEIGHT , WEIGHT_KG) VALUES ('WeightedSet', 16032, 7.0, 1, null, 10);
INSERT INTO EXERCISE_ACTIVITY_ENTITY_SETS (EXERCISE_ACTIVITY_ENTITY_ID, SETS_ID) VALUES (1603, 16032);
INSERT INTO WORKOUT_ENTITY_EXERCISE_ACTIVITIES (WORKOUT_ENTITY_ID, EXERCISE_ACTIVITIES_ID)  VALUES (16, 1603);
INSERT INTO EXERCISE_ACTIVITY_ENTITY (ID, NOTES, EXERCISE_ID) VALUES (1604, '', SELECT ID FROM EXERCISE_ENTITY WHERE NAME = 'Hanging Leg Raise');
INSERT INTO EXERCISE_SET_ENTITY (SET_TYPE, ID, NUMBER_OF_REPS, STATUS , WEIGHT , WEIGHT_KG) VALUES ('NonWeightedSet', 16040, 5.0, 0, 'body', null);
INSERT INTO EXERCISE_ACTIVITY_ENTITY_SETS (EXERCISE_ACTIVITY_ENTITY_ID, SETS_ID) VALUES (1604, 16040);
INSERT INTO EXERCISE_SET_ENTITY (SET_TYPE, ID, NUMBER_OF_REPS, STATUS , WEIGHT , WEIGHT_KG) VALUES ('NonWeightedSet', 16041, 3.0, 1, 'body', null);
INSERT INTO EXERCISE_ACTIVITY_ENTITY_SETS (EXERCISE_ACTIVITY_ENTITY_ID, SETS_ID) VALUES (1604, 16041);
INSERT INTO WORKOUT_ENTITY_EXERCISE_ACTIVITIES (WORKOUT_ENTITY_ID, EXERCISE_ACTIVITIES_ID)  VALUES (16, 1604);
INSERT INTO EXERCISE_ACTIVITY_ENTITY (ID, NOTES, EXERCISE_ID) VALUES (1605, '', SELECT ID FROM EXERCISE_ENTITY WHERE NAME = 'Lying Leg Raise');
INSERT INTO EXERCISE_SET_ENTITY (SET_TYPE, ID, NUMBER_OF_REPS, STATUS , WEIGHT , WEIGHT_KG) VALUES ('NonWeightedSet', 16050, 10.0, 0, 'body', null);
INSERT INTO EXERCISE_ACTIVITY_ENTITY_SETS (EXERCISE_ACTIVITY_ENTITY_ID, SETS_ID) VALUES (1605, 16050);
INSERT INTO EXERCISE_SET_ENTITY (SET_TYPE, ID, NUMBER_OF_REPS, STATUS , WEIGHT , WEIGHT_KG) VALUES ('NonWeightedSet', 16051, 10.0, 0, 'body', null);
INSERT INTO EXERCISE_ACTIVITY_ENTITY_SETS (EXERCISE_ACTIVITY_ENTITY_ID, SETS_ID) VALUES (1605, 16051);
INSERT INTO WORKOUT_ENTITY_EXERCISE_ACTIVITIES (WORKOUT_ENTITY_ID, EXERCISE_ACTIVITIES_ID)  VALUES (16, 1605);
INSERT INTO EXERCISE_ACTIVITY_ENTITY (ID, NOTES, EXERCISE_ID) VALUES (1606, '', SELECT ID FROM EXERCISE_ENTITY WHERE NAME = 'Facepull');
INSERT INTO EXERCISE_SET_ENTITY (SET_TYPE, ID, NUMBER_OF_REPS, STATUS , WEIGHT , WEIGHT_KG) VALUES ('NonWeightedSet', 16060, 10.0, 0, 'red & yellow', null);
INSERT INTO EXERCISE_ACTIVITY_ENTITY_SETS (EXERCISE_ACTIVITY_ENTITY_ID, SETS_ID) VALUES (1606, 16060);
INSERT INTO EXERCISE_SET_ENTITY (SET_TYPE, ID, NUMBER_OF_REPS, STATUS , WEIGHT , WEIGHT_KG) VALUES ('NonWeightedSet', 16061, 15.0, 0, 'yellow band', null);
INSERT INTO EXERCISE_ACTIVITY_ENTITY_SETS (EXERCISE_ACTIVITY_ENTITY_ID, SETS_ID) VALUES (1606, 16061);
INSERT INTO WORKOUT_ENTITY_EXERCISE_ACTIVITIES (WORKOUT_ENTITY_ID, EXERCISE_ACTIVITIES_ID)  VALUES (16, 1606);
INSERT INTO WORKOUT_ENTITY (ID, NAME, NOTES, PERFORMED_AT_TIMESTAMP_UTC, WORKOUT_TYPE) VALUES (17, '2019-09-03 15:35:00', 'Notes', '2019-09-03 15:35:00', 'PUSH');
INSERT INTO EXERCISE_ACTIVITY_ENTITY (ID, NOTES, EXERCISE_ID) VALUES (1700, '', SELECT ID FROM EXERCISE_ENTITY WHERE NAME = 'Bench Press');
INSERT INTO EXERCISE_SET_ENTITY (SET_TYPE, ID, NUMBER_OF_REPS, STATUS , WEIGHT , WEIGHT_KG) VALUES ('WeightedSet', 17000, 5.0, 0, null, 20);
INSERT INTO EXERCISE_ACTIVITY_ENTITY_SETS (EXERCISE_ACTIVITY_ENTITY_ID, SETS_ID) VALUES (1700, 17000);
INSERT INTO EXERCISE_SET_ENTITY (SET_TYPE, ID, NUMBER_OF_REPS, STATUS , WEIGHT , WEIGHT_KG) VALUES ('WeightedSet', 17001, 5.0, 0, null, 40);
INSERT INTO EXERCISE_ACTIVITY_ENTITY_SETS (EXERCISE_ACTIVITY_ENTITY_ID, SETS_ID) VALUES (1700, 17001);
INSERT INTO EXERCISE_SET_ENTITY (SET_TYPE, ID, NUMBER_OF_REPS, STATUS , WEIGHT , WEIGHT_KG) VALUES ('WeightedSet', 17002, 5.0, 0, null, 55);
INSERT INTO EXERCISE_ACTIVITY_ENTITY_SETS (EXERCISE_ACTIVITY_ENTITY_ID, SETS_ID) VALUES (1700, 17002);
INSERT INTO EXERCISE_SET_ENTITY (SET_TYPE, ID, NUMBER_OF_REPS, STATUS , WEIGHT , WEIGHT_KG) VALUES ('WeightedSet', 17003, 5.0, 0, null, 55);
INSERT INTO EXERCISE_ACTIVITY_ENTITY_SETS (EXERCISE_ACTIVITY_ENTITY_ID, SETS_ID) VALUES (1700, 17003);
INSERT INTO EXERCISE_SET_ENTITY (SET_TYPE, ID, NUMBER_OF_REPS, STATUS , WEIGHT , WEIGHT_KG) VALUES ('WeightedSet', 17004, 5.0, 0, null, 55);
INSERT INTO EXERCISE_ACTIVITY_ENTITY_SETS (EXERCISE_ACTIVITY_ENTITY_ID, SETS_ID) VALUES (1700, 17004);
INSERT INTO EXERCISE_SET_ENTITY (SET_TYPE, ID, NUMBER_OF_REPS, STATUS , WEIGHT , WEIGHT_KG) VALUES ('WeightedSet', 17005, 5.0, 0, null, 50);
INSERT INTO EXERCISE_ACTIVITY_ENTITY_SETS (EXERCISE_ACTIVITY_ENTITY_ID, SETS_ID) VALUES (1700, 17005);
INSERT INTO EXERCISE_SET_ENTITY (SET_TYPE, ID, NUMBER_OF_REPS, STATUS , WEIGHT , WEIGHT_KG) VALUES ('WeightedSet', 17006, 5.0, 0, null, 50);
INSERT INTO EXERCISE_ACTIVITY_ENTITY_SETS (EXERCISE_ACTIVITY_ENTITY_ID, SETS_ID) VALUES (1700, 17006);
INSERT INTO WORKOUT_ENTITY_EXERCISE_ACTIVITIES (WORKOUT_ENTITY_ID, EXERCISE_ACTIVITIES_ID)  VALUES (17, 1700);
INSERT INTO EXERCISE_ACTIVITY_ENTITY (ID, NOTES, EXERCISE_ID) VALUES (1701, '', SELECT ID FROM EXERCISE_ENTITY WHERE NAME = 'Overhead Press');
INSERT INTO EXERCISE_SET_ENTITY (SET_TYPE, ID, NUMBER_OF_REPS, STATUS , WEIGHT , WEIGHT_KG) VALUES ('WeightedSet', 17010, 8.0, 0, null, 20);
INSERT INTO EXERCISE_ACTIVITY_ENTITY_SETS (EXERCISE_ACTIVITY_ENTITY_ID, SETS_ID) VALUES (1701, 17010);
INSERT INTO EXERCISE_SET_ENTITY (SET_TYPE, ID, NUMBER_OF_REPS, STATUS , WEIGHT , WEIGHT_KG) VALUES ('WeightedSet', 17011, 8.0, 0, null, 30);
INSERT INTO EXERCISE_ACTIVITY_ENTITY_SETS (EXERCISE_ACTIVITY_ENTITY_ID, SETS_ID) VALUES (1701, 17011);
INSERT INTO EXERCISE_SET_ENTITY (SET_TYPE, ID, NUMBER_OF_REPS, STATUS , WEIGHT , WEIGHT_KG) VALUES ('WeightedSet', 17012, 8.0, 0, null, 30);
INSERT INTO EXERCISE_ACTIVITY_ENTITY_SETS (EXERCISE_ACTIVITY_ENTITY_ID, SETS_ID) VALUES (1701, 17012);
INSERT INTO EXERCISE_SET_ENTITY (SET_TYPE, ID, NUMBER_OF_REPS, STATUS , WEIGHT , WEIGHT_KG) VALUES ('WeightedSet', 17013, 8.0, 0, null, 30);
INSERT INTO EXERCISE_ACTIVITY_ENTITY_SETS (EXERCISE_ACTIVITY_ENTITY_ID, SETS_ID) VALUES (1701, 17013);
INSERT INTO WORKOUT_ENTITY_EXERCISE_ACTIVITIES (WORKOUT_ENTITY_ID, EXERCISE_ACTIVITIES_ID)  VALUES (17, 1701);
INSERT INTO EXERCISE_ACTIVITY_ENTITY (ID, NOTES, EXERCISE_ID) VALUES (1702, '', SELECT ID FROM EXERCISE_ENTITY WHERE NAME = 'Skullcrusher');
INSERT INTO EXERCISE_SET_ENTITY (SET_TYPE, ID, NUMBER_OF_REPS, STATUS , WEIGHT , WEIGHT_KG) VALUES ('WeightedSet', 17020, 8.0, 0, null, 7.5);
INSERT INTO EXERCISE_ACTIVITY_ENTITY_SETS (EXERCISE_ACTIVITY_ENTITY_ID, SETS_ID) VALUES (1702, 17020);
INSERT INTO EXERCISE_SET_ENTITY (SET_TYPE, ID, NUMBER_OF_REPS, STATUS , WEIGHT , WEIGHT_KG) VALUES ('WeightedSet', 17021, 8.0, 0, null, 7.5);
INSERT INTO EXERCISE_ACTIVITY_ENTITY_SETS (EXERCISE_ACTIVITY_ENTITY_ID, SETS_ID) VALUES (1702, 17021);
INSERT INTO EXERCISE_SET_ENTITY (SET_TYPE, ID, NUMBER_OF_REPS, STATUS , WEIGHT , WEIGHT_KG) VALUES ('WeightedSet', 17022, 8.0, 0, null, 7.5);
INSERT INTO EXERCISE_ACTIVITY_ENTITY_SETS (EXERCISE_ACTIVITY_ENTITY_ID, SETS_ID) VALUES (1702, 17022);
INSERT INTO WORKOUT_ENTITY_EXERCISE_ACTIVITIES (WORKOUT_ENTITY_ID, EXERCISE_ACTIVITIES_ID)  VALUES (17, 1702);
INSERT INTO EXERCISE_ACTIVITY_ENTITY (ID, NOTES, EXERCISE_ID) VALUES (1703, '', SELECT ID FROM EXERCISE_ENTITY WHERE NAME = 'Cable Fly (Low)');
INSERT INTO EXERCISE_SET_ENTITY (SET_TYPE, ID, NUMBER_OF_REPS, STATUS , WEIGHT , WEIGHT_KG) VALUES ('NonWeightedSet', 17030, 10.0, 0, 'yellow & red', null);
INSERT INTO EXERCISE_ACTIVITY_ENTITY_SETS (EXERCISE_ACTIVITY_ENTITY_ID, SETS_ID) VALUES (1703, 17030);
INSERT INTO EXERCISE_SET_ENTITY (SET_TYPE, ID, NUMBER_OF_REPS, STATUS , WEIGHT , WEIGHT_KG) VALUES ('NonWeightedSet', 17031, 10.0, 0, 'yellow & red', null);
INSERT INTO EXERCISE_ACTIVITY_ENTITY_SETS (EXERCISE_ACTIVITY_ENTITY_ID, SETS_ID) VALUES (1703, 17031);
INSERT INTO EXERCISE_SET_ENTITY (SET_TYPE, ID, NUMBER_OF_REPS, STATUS , WEIGHT , WEIGHT_KG) VALUES ('NonWeightedSet', 17032, 10.0, 0, 'yellow & red', null);
INSERT INTO EXERCISE_ACTIVITY_ENTITY_SETS (EXERCISE_ACTIVITY_ENTITY_ID, SETS_ID) VALUES (1703, 17032);
INSERT INTO WORKOUT_ENTITY_EXERCISE_ACTIVITIES (WORKOUT_ENTITY_ID, EXERCISE_ACTIVITIES_ID)  VALUES (17, 1703);
INSERT INTO EXERCISE_ACTIVITY_ENTITY (ID, NOTES, EXERCISE_ID) VALUES (1704, '', SELECT ID FROM EXERCISE_ENTITY WHERE NAME = 'Press Up');
INSERT INTO EXERCISE_SET_ENTITY (SET_TYPE, ID, NUMBER_OF_REPS, STATUS , WEIGHT , WEIGHT_KG) VALUES ('NonWeightedSet', 17040, 10.0, 0, 'body', null);
INSERT INTO EXERCISE_ACTIVITY_ENTITY_SETS (EXERCISE_ACTIVITY_ENTITY_ID, SETS_ID) VALUES (1704, 17040);
INSERT INTO WORKOUT_ENTITY_EXERCISE_ACTIVITIES (WORKOUT_ENTITY_ID, EXERCISE_ACTIVITIES_ID)  VALUES (17, 1704);
INSERT INTO WORKOUT_ENTITY (ID, NAME, NOTES, PERFORMED_AT_TIMESTAMP_UTC, WORKOUT_TYPE) VALUES (18, '2019-09-04 15:35:00', 'Notes', '2019-09-04 15:35:00', 'LEGS');
INSERT INTO EXERCISE_ACTIVITY_ENTITY (ID, NOTES, EXERCISE_ID) VALUES (1800, '', SELECT ID FROM EXERCISE_ENTITY WHERE NAME = 'Squat');
INSERT INTO EXERCISE_SET_ENTITY (SET_TYPE, ID, NUMBER_OF_REPS, STATUS , WEIGHT , WEIGHT_KG) VALUES ('NonWeightedSet', 18000, 5.0, 0, 'body', null);
INSERT INTO EXERCISE_ACTIVITY_ENTITY_SETS (EXERCISE_ACTIVITY_ENTITY_ID, SETS_ID) VALUES (1800, 18000);
INSERT INTO EXERCISE_SET_ENTITY (SET_TYPE, ID, NUMBER_OF_REPS, STATUS , WEIGHT , WEIGHT_KG) VALUES ('WeightedSet', 18001, 5.0, 0, null, 20);
INSERT INTO EXERCISE_ACTIVITY_ENTITY_SETS (EXERCISE_ACTIVITY_ENTITY_ID, SETS_ID) VALUES (1800, 18001);
INSERT INTO EXERCISE_SET_ENTITY (SET_TYPE, ID, NUMBER_OF_REPS, STATUS , WEIGHT , WEIGHT_KG) VALUES ('WeightedSet', 18002, 3.0, 0, null, 40);
INSERT INTO EXERCISE_ACTIVITY_ENTITY_SETS (EXERCISE_ACTIVITY_ENTITY_ID, SETS_ID) VALUES (1800, 18002);
INSERT INTO EXERCISE_SET_ENTITY (SET_TYPE, ID, NUMBER_OF_REPS, STATUS , WEIGHT , WEIGHT_KG) VALUES ('WeightedSet', 18003, 3.0, 0, null, 60);
INSERT INTO EXERCISE_ACTIVITY_ENTITY_SETS (EXERCISE_ACTIVITY_ENTITY_ID, SETS_ID) VALUES (1800, 18003);
INSERT INTO EXERCISE_SET_ENTITY (SET_TYPE, ID, NUMBER_OF_REPS, STATUS , WEIGHT , WEIGHT_KG) VALUES ('WeightedSet', 18004, 5.0, 0, null, 72.5);
INSERT INTO EXERCISE_ACTIVITY_ENTITY_SETS (EXERCISE_ACTIVITY_ENTITY_ID, SETS_ID) VALUES (1800, 18004);
INSERT INTO EXERCISE_SET_ENTITY (SET_TYPE, ID, NUMBER_OF_REPS, STATUS , WEIGHT , WEIGHT_KG) VALUES ('WeightedSet', 18005, 5.0, 0, null, 72.5);
INSERT INTO EXERCISE_ACTIVITY_ENTITY_SETS (EXERCISE_ACTIVITY_ENTITY_ID, SETS_ID) VALUES (1800, 18005);
INSERT INTO EXERCISE_SET_ENTITY (SET_TYPE, ID, NUMBER_OF_REPS, STATUS , WEIGHT , WEIGHT_KG) VALUES ('WeightedSet', 18006, 5.0, 0, null, 72.5);
INSERT INTO EXERCISE_ACTIVITY_ENTITY_SETS (EXERCISE_ACTIVITY_ENTITY_ID, SETS_ID) VALUES (1800, 18006);
INSERT INTO EXERCISE_SET_ENTITY (SET_TYPE, ID, NUMBER_OF_REPS, STATUS , WEIGHT , WEIGHT_KG) VALUES ('WeightedSet', 18007, 5.0, 0, null, 72.5);
INSERT INTO EXERCISE_ACTIVITY_ENTITY_SETS (EXERCISE_ACTIVITY_ENTITY_ID, SETS_ID) VALUES (1800, 18007);
INSERT INTO EXERCISE_SET_ENTITY (SET_TYPE, ID, NUMBER_OF_REPS, STATUS , WEIGHT , WEIGHT_KG) VALUES ('WeightedSet', 18008, 5.0, 0, null, 72.5);
INSERT INTO EXERCISE_ACTIVITY_ENTITY_SETS (EXERCISE_ACTIVITY_ENTITY_ID, SETS_ID) VALUES (1800, 18008);
INSERT INTO WORKOUT_ENTITY_EXERCISE_ACTIVITIES (WORKOUT_ENTITY_ID, EXERCISE_ACTIVITIES_ID)  VALUES (18, 1800);
INSERT INTO EXERCISE_ACTIVITY_ENTITY (ID, NOTES, EXERCISE_ID) VALUES (1801, '', SELECT ID FROM EXERCISE_ENTITY WHERE NAME = 'Romanian Deadlift');
INSERT INTO EXERCISE_SET_ENTITY (SET_TYPE, ID, NUMBER_OF_REPS, STATUS , WEIGHT , WEIGHT_KG) VALUES ('WeightedSet', 18010, 8.0, 0, null, 20);
INSERT INTO EXERCISE_ACTIVITY_ENTITY_SETS (EXERCISE_ACTIVITY_ENTITY_ID, SETS_ID) VALUES (1801, 18010);
INSERT INTO EXERCISE_SET_ENTITY (SET_TYPE, ID, NUMBER_OF_REPS, STATUS , WEIGHT , WEIGHT_KG) VALUES ('WeightedSet', 18011, 8.0, 0, null, 40);
INSERT INTO EXERCISE_ACTIVITY_ENTITY_SETS (EXERCISE_ACTIVITY_ENTITY_ID, SETS_ID) VALUES (1801, 18011);
INSERT INTO EXERCISE_SET_ENTITY (SET_TYPE, ID, NUMBER_OF_REPS, STATUS , WEIGHT , WEIGHT_KG) VALUES ('WeightedSet', 18012, 8.0, 0, null, 40);
INSERT INTO EXERCISE_ACTIVITY_ENTITY_SETS (EXERCISE_ACTIVITY_ENTITY_ID, SETS_ID) VALUES (1801, 18012);
INSERT INTO EXERCISE_SET_ENTITY (SET_TYPE, ID, NUMBER_OF_REPS, STATUS , WEIGHT , WEIGHT_KG) VALUES ('WeightedSet', 18013, 8.0, 0, null, 40);
INSERT INTO EXERCISE_ACTIVITY_ENTITY_SETS (EXERCISE_ACTIVITY_ENTITY_ID, SETS_ID) VALUES (1801, 18013);
INSERT INTO WORKOUT_ENTITY_EXERCISE_ACTIVITIES (WORKOUT_ENTITY_ID, EXERCISE_ACTIVITIES_ID)  VALUES (18, 1801);
INSERT INTO EXERCISE_ACTIVITY_ENTITY (ID, NOTES, EXERCISE_ID) VALUES (1802, '', SELECT ID FROM EXERCISE_ENTITY WHERE NAME = 'Lunge');
INSERT INTO EXERCISE_SET_ENTITY (SET_TYPE, ID, NUMBER_OF_REPS, STATUS , WEIGHT , WEIGHT_KG) VALUES ('WeightedSet', 18020, 8.0, 0, null, 5);
INSERT INTO EXERCISE_ACTIVITY_ENTITY_SETS (EXERCISE_ACTIVITY_ENTITY_ID, SETS_ID) VALUES (1802, 18020);
INSERT INTO EXERCISE_SET_ENTITY (SET_TYPE, ID, NUMBER_OF_REPS, STATUS , WEIGHT , WEIGHT_KG) VALUES ('WeightedSet', 18021, 8.0, 0, null, 5);
INSERT INTO EXERCISE_ACTIVITY_ENTITY_SETS (EXERCISE_ACTIVITY_ENTITY_ID, SETS_ID) VALUES (1802, 18021);
INSERT INTO EXERCISE_SET_ENTITY (SET_TYPE, ID, NUMBER_OF_REPS, STATUS , WEIGHT , WEIGHT_KG) VALUES ('WeightedSet', 18022, 8.0, 0, null, 5);
INSERT INTO EXERCISE_ACTIVITY_ENTITY_SETS (EXERCISE_ACTIVITY_ENTITY_ID, SETS_ID) VALUES (1802, 18022);
INSERT INTO WORKOUT_ENTITY_EXERCISE_ACTIVITIES (WORKOUT_ENTITY_ID, EXERCISE_ACTIVITIES_ID)  VALUES (18, 1802);
INSERT INTO EXERCISE_ACTIVITY_ENTITY (ID, NOTES, EXERCISE_ID) VALUES (1803, '', SELECT ID FROM EXERCISE_ENTITY WHERE NAME = 'Calf Raise');
INSERT INTO EXERCISE_SET_ENTITY (SET_TYPE, ID, NUMBER_OF_REPS, STATUS , WEIGHT , WEIGHT_KG) VALUES ('NonWeightedSet', 18030, 10.0, 0, 'bodyweight', null);
INSERT INTO EXERCISE_ACTIVITY_ENTITY_SETS (EXERCISE_ACTIVITY_ENTITY_ID, SETS_ID) VALUES (1803, 18030);
INSERT INTO EXERCISE_SET_ENTITY (SET_TYPE, ID, NUMBER_OF_REPS, STATUS , WEIGHT , WEIGHT_KG) VALUES ('WeightedSet', 18031, 10.0, 0, null, 125);
INSERT INTO EXERCISE_ACTIVITY_ENTITY_SETS (EXERCISE_ACTIVITY_ENTITY_ID, SETS_ID) VALUES (1803, 18031);
INSERT INTO EXERCISE_SET_ENTITY (SET_TYPE, ID, NUMBER_OF_REPS, STATUS , WEIGHT , WEIGHT_KG) VALUES ('WeightedSet', 18032, 10.0, 0, null, 125);
INSERT INTO EXERCISE_ACTIVITY_ENTITY_SETS (EXERCISE_ACTIVITY_ENTITY_ID, SETS_ID) VALUES (1803, 18032);
INSERT INTO WORKOUT_ENTITY_EXERCISE_ACTIVITIES (WORKOUT_ENTITY_ID, EXERCISE_ACTIVITIES_ID)  VALUES (18, 1803);
INSERT INTO WORKOUT_ENTITY (ID, NAME, NOTES, PERFORMED_AT_TIMESTAMP_UTC, WORKOUT_TYPE) VALUES (19, '2019-09-09 15:30:00', 'Notes', '2019-09-09 15:30:00', 'PULL');
INSERT INTO EXERCISE_ACTIVITY_ENTITY (ID, NOTES, EXERCISE_ID) VALUES (1900, '', SELECT ID FROM EXERCISE_ENTITY WHERE NAME = 'Deadlift');
INSERT INTO EXERCISE_SET_ENTITY (SET_TYPE, ID, NUMBER_OF_REPS, STATUS , WEIGHT , WEIGHT_KG) VALUES ('WeightedSet', 19000, 5.0, 0, null, 20);
INSERT INTO EXERCISE_ACTIVITY_ENTITY_SETS (EXERCISE_ACTIVITY_ENTITY_ID, SETS_ID) VALUES (1900, 19000);
INSERT INTO EXERCISE_SET_ENTITY (SET_TYPE, ID, NUMBER_OF_REPS, STATUS , WEIGHT , WEIGHT_KG) VALUES ('WeightedSet', 19001, 3.0, 0, null, 60);
INSERT INTO EXERCISE_ACTIVITY_ENTITY_SETS (EXERCISE_ACTIVITY_ENTITY_ID, SETS_ID) VALUES (1900, 19001);
INSERT INTO EXERCISE_SET_ENTITY (SET_TYPE, ID, NUMBER_OF_REPS, STATUS , WEIGHT , WEIGHT_KG) VALUES ('WeightedSet', 19002, 2.0, 0, null, 90);
INSERT INTO EXERCISE_ACTIVITY_ENTITY_SETS (EXERCISE_ACTIVITY_ENTITY_ID, SETS_ID) VALUES (1900, 19002);
INSERT INTO EXERCISE_SET_ENTITY (SET_TYPE, ID, NUMBER_OF_REPS, STATUS , WEIGHT , WEIGHT_KG) VALUES ('WeightedSet', 19003, 2.0, 0, null, 110);
INSERT INTO EXERCISE_ACTIVITY_ENTITY_SETS (EXERCISE_ACTIVITY_ENTITY_ID, SETS_ID) VALUES (1900, 19003);
INSERT INTO EXERCISE_SET_ENTITY (SET_TYPE, ID, NUMBER_OF_REPS, STATUS , WEIGHT , WEIGHT_KG) VALUES ('WeightedSet', 19004, 1.0, 0, null, 120);
INSERT INTO EXERCISE_ACTIVITY_ENTITY_SETS (EXERCISE_ACTIVITY_ENTITY_ID, SETS_ID) VALUES (1900, 19004);
INSERT INTO EXERCISE_SET_ENTITY (SET_TYPE, ID, NUMBER_OF_REPS, STATUS , WEIGHT , WEIGHT_KG) VALUES ('WeightedSet', 19005, 5.0, 0, null, 125);
INSERT INTO EXERCISE_ACTIVITY_ENTITY_SETS (EXERCISE_ACTIVITY_ENTITY_ID, SETS_ID) VALUES (1900, 19005);
INSERT INTO WORKOUT_ENTITY_EXERCISE_ACTIVITIES (WORKOUT_ENTITY_ID, EXERCISE_ACTIVITIES_ID)  VALUES (19, 1900);
INSERT INTO EXERCISE_ACTIVITY_ENTITY (ID, NOTES, EXERCISE_ID) VALUES (1901, '', SELECT ID FROM EXERCISE_ENTITY WHERE NAME = 'Pull Up');
INSERT INTO EXERCISE_SET_ENTITY (SET_TYPE, ID, NUMBER_OF_REPS, STATUS , WEIGHT , WEIGHT_KG) VALUES ('NonWeightedSet', 19010, 5.0, 0, 'body', null);
INSERT INTO EXERCISE_ACTIVITY_ENTITY_SETS (EXERCISE_ACTIVITY_ENTITY_ID, SETS_ID) VALUES (1901, 19010);
INSERT INTO EXERCISE_SET_ENTITY (SET_TYPE, ID, NUMBER_OF_REPS, STATUS , WEIGHT , WEIGHT_KG) VALUES ('NonWeightedSet', 19011, 5.0, 0, 'body', null);
INSERT INTO EXERCISE_ACTIVITY_ENTITY_SETS (EXERCISE_ACTIVITY_ENTITY_ID, SETS_ID) VALUES (1901, 19011);
INSERT INTO EXERCISE_SET_ENTITY (SET_TYPE, ID, NUMBER_OF_REPS, STATUS , WEIGHT , WEIGHT_KG) VALUES ('NonWeightedSet', 19012, 5.0, 0, 'body', null);
INSERT INTO EXERCISE_ACTIVITY_ENTITY_SETS (EXERCISE_ACTIVITY_ENTITY_ID, SETS_ID) VALUES (1901, 19012);
INSERT INTO EXERCISE_SET_ENTITY (SET_TYPE, ID, NUMBER_OF_REPS, STATUS , WEIGHT , WEIGHT_KG) VALUES ('NonWeightedSet', 19013, 6.0, 0, 'body', null);
INSERT INTO EXERCISE_ACTIVITY_ENTITY_SETS (EXERCISE_ACTIVITY_ENTITY_ID, SETS_ID) VALUES (1901, 19013);
INSERT INTO WORKOUT_ENTITY_EXERCISE_ACTIVITIES (WORKOUT_ENTITY_ID, EXERCISE_ACTIVITIES_ID)  VALUES (19, 1901);
INSERT INTO EXERCISE_ACTIVITY_ENTITY (ID, NOTES, EXERCISE_ID) VALUES (1902, '', SELECT ID FROM EXERCISE_ENTITY WHERE NAME = 'Dumbbell Row');
INSERT INTO EXERCISE_SET_ENTITY (SET_TYPE, ID, NUMBER_OF_REPS, STATUS , WEIGHT , WEIGHT_KG) VALUES ('WeightedSet', 19020, 10.0, 0, null, 10);
INSERT INTO EXERCISE_ACTIVITY_ENTITY_SETS (EXERCISE_ACTIVITY_ENTITY_ID, SETS_ID) VALUES (1902, 19020);
INSERT INTO EXERCISE_SET_ENTITY (SET_TYPE, ID, NUMBER_OF_REPS, STATUS , WEIGHT , WEIGHT_KG) VALUES ('WeightedSet', 19021, 10.0, 0, null, 10);
INSERT INTO EXERCISE_ACTIVITY_ENTITY_SETS (EXERCISE_ACTIVITY_ENTITY_ID, SETS_ID) VALUES (1902, 19021);
INSERT INTO EXERCISE_SET_ENTITY (SET_TYPE, ID, NUMBER_OF_REPS, STATUS , WEIGHT , WEIGHT_KG) VALUES ('WeightedSet', 19022, 10.0, 0, null, 10);
INSERT INTO EXERCISE_ACTIVITY_ENTITY_SETS (EXERCISE_ACTIVITY_ENTITY_ID, SETS_ID) VALUES (1902, 19022);
INSERT INTO WORKOUT_ENTITY_EXERCISE_ACTIVITIES (WORKOUT_ENTITY_ID, EXERCISE_ACTIVITIES_ID)  VALUES (19, 1902);
INSERT INTO EXERCISE_ACTIVITY_ENTITY (ID, NOTES, EXERCISE_ID) VALUES (1903, '', SELECT ID FROM EXERCISE_ENTITY WHERE NAME = 'Barbell Curl');
INSERT INTO EXERCISE_SET_ENTITY (SET_TYPE, ID, NUMBER_OF_REPS, STATUS , WEIGHT , WEIGHT_KG) VALUES ('WeightedSet', 19030, 10.0, 0, null, 20);
INSERT INTO EXERCISE_ACTIVITY_ENTITY_SETS (EXERCISE_ACTIVITY_ENTITY_ID, SETS_ID) VALUES (1903, 19030);
INSERT INTO EXERCISE_SET_ENTITY (SET_TYPE, ID, NUMBER_OF_REPS, STATUS , WEIGHT , WEIGHT_KG) VALUES ('WeightedSet', 19031, 10.0, 0, null, 20);
INSERT INTO EXERCISE_ACTIVITY_ENTITY_SETS (EXERCISE_ACTIVITY_ENTITY_ID, SETS_ID) VALUES (1903, 19031);
INSERT INTO EXERCISE_SET_ENTITY (SET_TYPE, ID, NUMBER_OF_REPS, STATUS , WEIGHT , WEIGHT_KG) VALUES ('WeightedSet', 19032, 10.0, 0, null, 20);
INSERT INTO EXERCISE_ACTIVITY_ENTITY_SETS (EXERCISE_ACTIVITY_ENTITY_ID, SETS_ID) VALUES (1903, 19032);
INSERT INTO WORKOUT_ENTITY_EXERCISE_ACTIVITIES (WORKOUT_ENTITY_ID, EXERCISE_ACTIVITIES_ID)  VALUES (19, 1903);
INSERT INTO EXERCISE_ACTIVITY_ENTITY (ID, NOTES, EXERCISE_ID) VALUES (1904, '', SELECT ID FROM EXERCISE_ENTITY WHERE NAME = 'Incline Dumbbell Curl');
INSERT INTO EXERCISE_SET_ENTITY (SET_TYPE, ID, NUMBER_OF_REPS, STATUS , WEIGHT , WEIGHT_KG) VALUES ('WeightedSet', 19040, 7.0, 1, null, 7.5);
INSERT INTO EXERCISE_ACTIVITY_ENTITY_SETS (EXERCISE_ACTIVITY_ENTITY_ID, SETS_ID) VALUES (1904, 19040);
INSERT INTO EXERCISE_SET_ENTITY (SET_TYPE, ID, NUMBER_OF_REPS, STATUS , WEIGHT , WEIGHT_KG) VALUES ('WeightedSet', 19041, 7.0, 1, null, 7.5);
INSERT INTO EXERCISE_ACTIVITY_ENTITY_SETS (EXERCISE_ACTIVITY_ENTITY_ID, SETS_ID) VALUES (1904, 19041);
INSERT INTO EXERCISE_SET_ENTITY (SET_TYPE, ID, NUMBER_OF_REPS, STATUS , WEIGHT , WEIGHT_KG) VALUES ('WeightedSet', 19042, 7.0, 1, null, 7.5);
INSERT INTO EXERCISE_ACTIVITY_ENTITY_SETS (EXERCISE_ACTIVITY_ENTITY_ID, SETS_ID) VALUES (1904, 19042);
INSERT INTO WORKOUT_ENTITY_EXERCISE_ACTIVITIES (WORKOUT_ENTITY_ID, EXERCISE_ACTIVITIES_ID)  VALUES (19, 1904);
INSERT INTO EXERCISE_ACTIVITY_ENTITY (ID, NOTES, EXERCISE_ID) VALUES (1905, '', SELECT ID FROM EXERCISE_ENTITY WHERE NAME = 'Dumbbell Curl');
INSERT INTO EXERCISE_SET_ENTITY (SET_TYPE, ID, NUMBER_OF_REPS, STATUS , WEIGHT , WEIGHT_KG) VALUES ('WeightedSet', 19050, 7.0, 1, null, 7.5);
INSERT INTO EXERCISE_ACTIVITY_ENTITY_SETS (EXERCISE_ACTIVITY_ENTITY_ID, SETS_ID) VALUES (1905, 19050);
INSERT INTO WORKOUT_ENTITY_EXERCISE_ACTIVITIES (WORKOUT_ENTITY_ID, EXERCISE_ACTIVITIES_ID)  VALUES (19, 1905);
INSERT INTO EXERCISE_ACTIVITY_ENTITY (ID, NOTES, EXERCISE_ID) VALUES (1906, '', SELECT ID FROM EXERCISE_ENTITY WHERE NAME = 'Hanging Leg Raise');
INSERT INTO EXERCISE_SET_ENTITY (SET_TYPE, ID, NUMBER_OF_REPS, STATUS , WEIGHT , WEIGHT_KG) VALUES ('NonWeightedSet', 19060, 5.0, 0, 'body', null);
INSERT INTO EXERCISE_ACTIVITY_ENTITY_SETS (EXERCISE_ACTIVITY_ENTITY_ID, SETS_ID) VALUES (1906, 19060);
INSERT INTO EXERCISE_SET_ENTITY (SET_TYPE, ID, NUMBER_OF_REPS, STATUS , WEIGHT , WEIGHT_KG) VALUES ('NonWeightedSet', 19061, 2.0, 1, 'body', null);
INSERT INTO EXERCISE_ACTIVITY_ENTITY_SETS (EXERCISE_ACTIVITY_ENTITY_ID, SETS_ID) VALUES (1906, 19061);
INSERT INTO WORKOUT_ENTITY_EXERCISE_ACTIVITIES (WORKOUT_ENTITY_ID, EXERCISE_ACTIVITIES_ID)  VALUES (19, 1906);
INSERT INTO EXERCISE_ACTIVITY_ENTITY (ID, NOTES, EXERCISE_ID) VALUES (1907, '', SELECT ID FROM EXERCISE_ENTITY WHERE NAME = 'Lying Leg Raise');
INSERT INTO EXERCISE_SET_ENTITY (SET_TYPE, ID, NUMBER_OF_REPS, STATUS , WEIGHT , WEIGHT_KG) VALUES ('NonWeightedSet', 19070, 10.0, 0, 'body', null);
INSERT INTO EXERCISE_ACTIVITY_ENTITY_SETS (EXERCISE_ACTIVITY_ENTITY_ID, SETS_ID) VALUES (1907, 19070);
INSERT INTO EXERCISE_SET_ENTITY (SET_TYPE, ID, NUMBER_OF_REPS, STATUS , WEIGHT , WEIGHT_KG) VALUES ('NonWeightedSet', 19071, 10.0, 0, 'body', null);
INSERT INTO EXERCISE_ACTIVITY_ENTITY_SETS (EXERCISE_ACTIVITY_ENTITY_ID, SETS_ID) VALUES (1907, 19071);
INSERT INTO WORKOUT_ENTITY_EXERCISE_ACTIVITIES (WORKOUT_ENTITY_ID, EXERCISE_ACTIVITIES_ID)  VALUES (19, 1907);
INSERT INTO EXERCISE_ACTIVITY_ENTITY (ID, NOTES, EXERCISE_ID) VALUES (1908, '', SELECT ID FROM EXERCISE_ENTITY WHERE NAME = 'Cable Crunch');
INSERT INTO EXERCISE_SET_ENTITY (SET_TYPE, ID, NUMBER_OF_REPS, STATUS , WEIGHT , WEIGHT_KG) VALUES ('NonWeightedSet', 19080, 10.0, 0, 'red band', null);
INSERT INTO EXERCISE_ACTIVITY_ENTITY_SETS (EXERCISE_ACTIVITY_ENTITY_ID, SETS_ID) VALUES (1908, 19080);
INSERT INTO WORKOUT_ENTITY_EXERCISE_ACTIVITIES (WORKOUT_ENTITY_ID, EXERCISE_ACTIVITIES_ID)  VALUES (19, 1908);
INSERT INTO WORKOUT_ENTITY (ID, NAME, NOTES, PERFORMED_AT_TIMESTAMP_UTC, WORKOUT_TYPE) VALUES (20, '2019-09-10 15:30:00', 'Notes', '2019-09-10 15:30:00', 'PUSH');
INSERT INTO EXERCISE_ACTIVITY_ENTITY (ID, NOTES, EXERCISE_ID) VALUES (2000, '', SELECT ID FROM EXERCISE_ENTITY WHERE NAME = 'Bench Press');
INSERT INTO EXERCISE_SET_ENTITY (SET_TYPE, ID, NUMBER_OF_REPS, STATUS , WEIGHT , WEIGHT_KG) VALUES ('WeightedSet', 20000, 5.0, 0, null, 20);
INSERT INTO EXERCISE_ACTIVITY_ENTITY_SETS (EXERCISE_ACTIVITY_ENTITY_ID, SETS_ID) VALUES (2000, 20000);
INSERT INTO EXERCISE_SET_ENTITY (SET_TYPE, ID, NUMBER_OF_REPS, STATUS , WEIGHT , WEIGHT_KG) VALUES ('WeightedSet', 20001, 5.0, 0, null, 40);
INSERT INTO EXERCISE_ACTIVITY_ENTITY_SETS (EXERCISE_ACTIVITY_ENTITY_ID, SETS_ID) VALUES (2000, 20001);
INSERT INTO EXERCISE_SET_ENTITY (SET_TYPE, ID, NUMBER_OF_REPS, STATUS , WEIGHT , WEIGHT_KG) VALUES ('WeightedSet', 20002, 2.0, 0, null, 50);
INSERT INTO EXERCISE_ACTIVITY_ENTITY_SETS (EXERCISE_ACTIVITY_ENTITY_ID, SETS_ID) VALUES (2000, 20002);
INSERT INTO EXERCISE_SET_ENTITY (SET_TYPE, ID, NUMBER_OF_REPS, STATUS , WEIGHT , WEIGHT_KG) VALUES ('WeightedSet', 20003, 5.0, 0, null, 55);
INSERT INTO EXERCISE_ACTIVITY_ENTITY_SETS (EXERCISE_ACTIVITY_ENTITY_ID, SETS_ID) VALUES (2000, 20003);
INSERT INTO EXERCISE_SET_ENTITY (SET_TYPE, ID, NUMBER_OF_REPS, STATUS , WEIGHT , WEIGHT_KG) VALUES ('WeightedSet', 20004, 5.0, 0, null, 55);
INSERT INTO EXERCISE_ACTIVITY_ENTITY_SETS (EXERCISE_ACTIVITY_ENTITY_ID, SETS_ID) VALUES (2000, 20004);
INSERT INTO EXERCISE_SET_ENTITY (SET_TYPE, ID, NUMBER_OF_REPS, STATUS , WEIGHT , WEIGHT_KG) VALUES ('WeightedSet', 20005, 5.0, 0, null, 55);
INSERT INTO EXERCISE_ACTIVITY_ENTITY_SETS (EXERCISE_ACTIVITY_ENTITY_ID, SETS_ID) VALUES (2000, 20005);
INSERT INTO EXERCISE_SET_ENTITY (SET_TYPE, ID, NUMBER_OF_REPS, STATUS , WEIGHT , WEIGHT_KG) VALUES ('WeightedSet', 20006, 5.0, 0, null, 55);
INSERT INTO EXERCISE_ACTIVITY_ENTITY_SETS (EXERCISE_ACTIVITY_ENTITY_ID, SETS_ID) VALUES (2000, 20006);
INSERT INTO EXERCISE_SET_ENTITY (SET_TYPE, ID, NUMBER_OF_REPS, STATUS , WEIGHT , WEIGHT_KG) VALUES ('WeightedSet', 20007, 3.0, 1, null, 55);
INSERT INTO EXERCISE_ACTIVITY_ENTITY_SETS (EXERCISE_ACTIVITY_ENTITY_ID, SETS_ID) VALUES (2000, 20007);
INSERT INTO WORKOUT_ENTITY_EXERCISE_ACTIVITIES (WORKOUT_ENTITY_ID, EXERCISE_ACTIVITIES_ID)  VALUES (20, 2000);
INSERT INTO EXERCISE_ACTIVITY_ENTITY (ID, NOTES, EXERCISE_ID) VALUES (2001, '', SELECT ID FROM EXERCISE_ENTITY WHERE NAME = 'Overhead Press');
INSERT INTO EXERCISE_SET_ENTITY (SET_TYPE, ID, NUMBER_OF_REPS, STATUS , WEIGHT , WEIGHT_KG) VALUES ('WeightedSet', 20010, 8.0, 0, null, 20);
INSERT INTO EXERCISE_ACTIVITY_ENTITY_SETS (EXERCISE_ACTIVITY_ENTITY_ID, SETS_ID) VALUES (2001, 20010);
INSERT INTO EXERCISE_SET_ENTITY (SET_TYPE, ID, NUMBER_OF_REPS, STATUS , WEIGHT , WEIGHT_KG) VALUES ('WeightedSet', 20011, 8.0, 0, null, 32.5);
INSERT INTO EXERCISE_ACTIVITY_ENTITY_SETS (EXERCISE_ACTIVITY_ENTITY_ID, SETS_ID) VALUES (2001, 20011);
INSERT INTO EXERCISE_SET_ENTITY (SET_TYPE, ID, NUMBER_OF_REPS, STATUS , WEIGHT , WEIGHT_KG) VALUES ('WeightedSet', 20012, 8.0, 0, null, 32.5);
INSERT INTO EXERCISE_ACTIVITY_ENTITY_SETS (EXERCISE_ACTIVITY_ENTITY_ID, SETS_ID) VALUES (2001, 20012);
INSERT INTO EXERCISE_SET_ENTITY (SET_TYPE, ID, NUMBER_OF_REPS, STATUS , WEIGHT , WEIGHT_KG) VALUES ('WeightedSet', 20013, 6.0, 1, null, 32.5);
INSERT INTO EXERCISE_ACTIVITY_ENTITY_SETS (EXERCISE_ACTIVITY_ENTITY_ID, SETS_ID) VALUES (2001, 20013);
INSERT INTO WORKOUT_ENTITY_EXERCISE_ACTIVITIES (WORKOUT_ENTITY_ID, EXERCISE_ACTIVITIES_ID)  VALUES (20, 2001);
INSERT INTO EXERCISE_ACTIVITY_ENTITY (ID, NOTES, EXERCISE_ID) VALUES (2002, '', SELECT ID FROM EXERCISE_ENTITY WHERE NAME = 'Incline Bench Press');
INSERT INTO EXERCISE_SET_ENTITY (SET_TYPE, ID, NUMBER_OF_REPS, STATUS , WEIGHT , WEIGHT_KG) VALUES ('WeightedSet', 20020, 10.0, 0, null, 32.5);
INSERT INTO EXERCISE_ACTIVITY_ENTITY_SETS (EXERCISE_ACTIVITY_ENTITY_ID, SETS_ID) VALUES (2002, 20020);
INSERT INTO WORKOUT_ENTITY_EXERCISE_ACTIVITIES (WORKOUT_ENTITY_ID, EXERCISE_ACTIVITIES_ID)  VALUES (20, 2002);
INSERT INTO EXERCISE_ACTIVITY_ENTITY (ID, NOTES, EXERCISE_ID) VALUES (2003, '', SELECT ID FROM EXERCISE_ENTITY WHERE NAME = 'Close Grip Bench Press');
INSERT INTO EXERCISE_SET_ENTITY (SET_TYPE, ID, NUMBER_OF_REPS, STATUS , WEIGHT , WEIGHT_KG) VALUES ('WeightedSet', 20030, 12.0, 0, null, 20);
INSERT INTO EXERCISE_ACTIVITY_ENTITY_SETS (EXERCISE_ACTIVITY_ENTITY_ID, SETS_ID) VALUES (2003, 20030);
INSERT INTO EXERCISE_SET_ENTITY (SET_TYPE, ID, NUMBER_OF_REPS, STATUS , WEIGHT , WEIGHT_KG) VALUES ('WeightedSet', 20031, 12.0, 0, null, 20);
INSERT INTO EXERCISE_ACTIVITY_ENTITY_SETS (EXERCISE_ACTIVITY_ENTITY_ID, SETS_ID) VALUES (2003, 20031);
INSERT INTO EXERCISE_SET_ENTITY (SET_TYPE, ID, NUMBER_OF_REPS, STATUS , WEIGHT , WEIGHT_KG) VALUES ('WeightedSet', 20032, 12.0, 0, null, 20);
INSERT INTO EXERCISE_ACTIVITY_ENTITY_SETS (EXERCISE_ACTIVITY_ENTITY_ID, SETS_ID) VALUES (2003, 20032);
INSERT INTO WORKOUT_ENTITY_EXERCISE_ACTIVITIES (WORKOUT_ENTITY_ID, EXERCISE_ACTIVITIES_ID)  VALUES (20, 2003);
INSERT INTO EXERCISE_ACTIVITY_ENTITY (ID, NOTES, EXERCISE_ID) VALUES (2004, '', SELECT ID FROM EXERCISE_ENTITY WHERE NAME = 'Cable Fly (Low)');
INSERT INTO EXERCISE_SET_ENTITY (SET_TYPE, ID, NUMBER_OF_REPS, STATUS , WEIGHT , WEIGHT_KG) VALUES ('NonWeightedSet', 20040, 10.0, 0, 'yellow', null);
INSERT INTO EXERCISE_ACTIVITY_ENTITY_SETS (EXERCISE_ACTIVITY_ENTITY_ID, SETS_ID) VALUES (2004, 20040);
INSERT INTO EXERCISE_SET_ENTITY (SET_TYPE, ID, NUMBER_OF_REPS, STATUS , WEIGHT , WEIGHT_KG) VALUES ('NonWeightedSet', 20041, 10.0, 0, 'black', null);
INSERT INTO EXERCISE_ACTIVITY_ENTITY_SETS (EXERCISE_ACTIVITY_ENTITY_ID, SETS_ID) VALUES (2004, 20041);
INSERT INTO EXERCISE_SET_ENTITY (SET_TYPE, ID, NUMBER_OF_REPS, STATUS , WEIGHT , WEIGHT_KG) VALUES ('NonWeightedSet', 20042, 10.0, 0, 'red', null);
INSERT INTO EXERCISE_ACTIVITY_ENTITY_SETS (EXERCISE_ACTIVITY_ENTITY_ID, SETS_ID) VALUES (2004, 20042);
INSERT INTO WORKOUT_ENTITY_EXERCISE_ACTIVITIES (WORKOUT_ENTITY_ID, EXERCISE_ACTIVITIES_ID)  VALUES (20, 2004);
INSERT INTO EXERCISE_ACTIVITY_ENTITY (ID, NOTES, EXERCISE_ID) VALUES (2005, '', SELECT ID FROM EXERCISE_ENTITY WHERE NAME = 'Skullcrusher');
INSERT INTO EXERCISE_SET_ENTITY (SET_TYPE, ID, NUMBER_OF_REPS, STATUS , WEIGHT , WEIGHT_KG) VALUES ('WeightedSet', 20050, 8.0, 0, null, 7.5);
INSERT INTO EXERCISE_ACTIVITY_ENTITY_SETS (EXERCISE_ACTIVITY_ENTITY_ID, SETS_ID) VALUES (2005, 20050);
INSERT INTO EXERCISE_SET_ENTITY (SET_TYPE, ID, NUMBER_OF_REPS, STATUS , WEIGHT , WEIGHT_KG) VALUES ('WeightedSet', 20051, 8.0, 0, null, 7.5);
INSERT INTO EXERCISE_ACTIVITY_ENTITY_SETS (EXERCISE_ACTIVITY_ENTITY_ID, SETS_ID) VALUES (2005, 20051);
INSERT INTO EXERCISE_SET_ENTITY (SET_TYPE, ID, NUMBER_OF_REPS, STATUS , WEIGHT , WEIGHT_KG) VALUES ('WeightedSet', 20052, 8.0, 0, null, 7.5);
INSERT INTO EXERCISE_ACTIVITY_ENTITY_SETS (EXERCISE_ACTIVITY_ENTITY_ID, SETS_ID) VALUES (2005, 20052);
INSERT INTO WORKOUT_ENTITY_EXERCISE_ACTIVITIES (WORKOUT_ENTITY_ID, EXERCISE_ACTIVITIES_ID)  VALUES (20, 2005);
INSERT INTO WORKOUT_ENTITY (ID, NAME, NOTES, PERFORMED_AT_TIMESTAMP_UTC, WORKOUT_TYPE) VALUES (21, '2019-09-11 15:30:00', 'Notes', '2019-09-11 15:30:00', 'LEGS');
INSERT INTO EXERCISE_ACTIVITY_ENTITY (ID, NOTES, EXERCISE_ID) VALUES (2100, '', SELECT ID FROM EXERCISE_ENTITY WHERE NAME = 'Squat');
INSERT INTO EXERCISE_SET_ENTITY (SET_TYPE, ID, NUMBER_OF_REPS, STATUS , WEIGHT , WEIGHT_KG) VALUES ('NonWeightedSet', 21000, 5.0, 0, 'body', null);
INSERT INTO EXERCISE_ACTIVITY_ENTITY_SETS (EXERCISE_ACTIVITY_ENTITY_ID, SETS_ID) VALUES (2100, 21000);
INSERT INTO EXERCISE_SET_ENTITY (SET_TYPE, ID, NUMBER_OF_REPS, STATUS , WEIGHT , WEIGHT_KG) VALUES ('WeightedSet', 21001, 5.0, 0, null, 20);
INSERT INTO EXERCISE_ACTIVITY_ENTITY_SETS (EXERCISE_ACTIVITY_ENTITY_ID, SETS_ID) VALUES (2100, 21001);
INSERT INTO EXERCISE_SET_ENTITY (SET_TYPE, ID, NUMBER_OF_REPS, STATUS , WEIGHT , WEIGHT_KG) VALUES ('WeightedSet', 21002, 5.0, 0, null, 40);
INSERT INTO EXERCISE_ACTIVITY_ENTITY_SETS (EXERCISE_ACTIVITY_ENTITY_ID, SETS_ID) VALUES (2100, 21002);
INSERT INTO EXERCISE_SET_ENTITY (SET_TYPE, ID, NUMBER_OF_REPS, STATUS , WEIGHT , WEIGHT_KG) VALUES ('WeightedSet', 21003, 2.0, 0, null, 60);
INSERT INTO EXERCISE_ACTIVITY_ENTITY_SETS (EXERCISE_ACTIVITY_ENTITY_ID, SETS_ID) VALUES (2100, 21003);
INSERT INTO EXERCISE_SET_ENTITY (SET_TYPE, ID, NUMBER_OF_REPS, STATUS , WEIGHT , WEIGHT_KG) VALUES ('WeightedSet', 21004, 5.0, 0, null, 75);
INSERT INTO EXERCISE_ACTIVITY_ENTITY_SETS (EXERCISE_ACTIVITY_ENTITY_ID, SETS_ID) VALUES (2100, 21004);
INSERT INTO EXERCISE_SET_ENTITY (SET_TYPE, ID, NUMBER_OF_REPS, STATUS , WEIGHT , WEIGHT_KG) VALUES ('WeightedSet', 21005, 5.0, 0, null, 75);
INSERT INTO EXERCISE_ACTIVITY_ENTITY_SETS (EXERCISE_ACTIVITY_ENTITY_ID, SETS_ID) VALUES (2100, 21005);
INSERT INTO EXERCISE_SET_ENTITY (SET_TYPE, ID, NUMBER_OF_REPS, STATUS , WEIGHT , WEIGHT_KG) VALUES ('WeightedSet', 21006, 5.0, 0, null, 75);
INSERT INTO EXERCISE_ACTIVITY_ENTITY_SETS (EXERCISE_ACTIVITY_ENTITY_ID, SETS_ID) VALUES (2100, 21006);
INSERT INTO EXERCISE_SET_ENTITY (SET_TYPE, ID, NUMBER_OF_REPS, STATUS , WEIGHT , WEIGHT_KG) VALUES ('WeightedSet', 21007, 5.0, 0, null, 75);
INSERT INTO EXERCISE_ACTIVITY_ENTITY_SETS (EXERCISE_ACTIVITY_ENTITY_ID, SETS_ID) VALUES (2100, 21007);
INSERT INTO EXERCISE_SET_ENTITY (SET_TYPE, ID, NUMBER_OF_REPS, STATUS , WEIGHT , WEIGHT_KG) VALUES ('WeightedSet', 21008, 5.0, 0, null, 75);
INSERT INTO EXERCISE_ACTIVITY_ENTITY_SETS (EXERCISE_ACTIVITY_ENTITY_ID, SETS_ID) VALUES (2100, 21008);
INSERT INTO WORKOUT_ENTITY_EXERCISE_ACTIVITIES (WORKOUT_ENTITY_ID, EXERCISE_ACTIVITIES_ID)  VALUES (21, 2100);
INSERT INTO EXERCISE_ACTIVITY_ENTITY (ID, NOTES, EXERCISE_ID) VALUES (2101, '', SELECT ID FROM EXERCISE_ENTITY WHERE NAME = 'Romanian Deadlift');
INSERT INTO EXERCISE_SET_ENTITY (SET_TYPE, ID, NUMBER_OF_REPS, STATUS , WEIGHT , WEIGHT_KG) VALUES ('WeightedSet', 21010, 8.0, 0, null, 40);
INSERT INTO EXERCISE_ACTIVITY_ENTITY_SETS (EXERCISE_ACTIVITY_ENTITY_ID, SETS_ID) VALUES (2101, 21010);
INSERT INTO EXERCISE_SET_ENTITY (SET_TYPE, ID, NUMBER_OF_REPS, STATUS , WEIGHT , WEIGHT_KG) VALUES ('WeightedSet', 21011, 8.0, 0, null, 50);
INSERT INTO EXERCISE_ACTIVITY_ENTITY_SETS (EXERCISE_ACTIVITY_ENTITY_ID, SETS_ID) VALUES (2101, 21011);
INSERT INTO EXERCISE_SET_ENTITY (SET_TYPE, ID, NUMBER_OF_REPS, STATUS , WEIGHT , WEIGHT_KG) VALUES ('WeightedSet', 21012, 8.0, 0, null, 50);
INSERT INTO EXERCISE_ACTIVITY_ENTITY_SETS (EXERCISE_ACTIVITY_ENTITY_ID, SETS_ID) VALUES (2101, 21012);
INSERT INTO EXERCISE_SET_ENTITY (SET_TYPE, ID, NUMBER_OF_REPS, STATUS , WEIGHT , WEIGHT_KG) VALUES ('WeightedSet', 21013, 8.0, 0, null, 50);
INSERT INTO EXERCISE_ACTIVITY_ENTITY_SETS (EXERCISE_ACTIVITY_ENTITY_ID, SETS_ID) VALUES (2101, 21013);
INSERT INTO WORKOUT_ENTITY_EXERCISE_ACTIVITIES (WORKOUT_ENTITY_ID, EXERCISE_ACTIVITIES_ID)  VALUES (21, 2101);
INSERT INTO EXERCISE_ACTIVITY_ENTITY (ID, NOTES, EXERCISE_ID) VALUES (2102, '', SELECT ID FROM EXERCISE_ENTITY WHERE NAME = 'Lunge');
INSERT INTO EXERCISE_SET_ENTITY (SET_TYPE, ID, NUMBER_OF_REPS, STATUS , WEIGHT , WEIGHT_KG) VALUES ('WeightedSet', 21020, 8.0, 0, null, 7.5);
INSERT INTO EXERCISE_ACTIVITY_ENTITY_SETS (EXERCISE_ACTIVITY_ENTITY_ID, SETS_ID) VALUES (2102, 21020);
INSERT INTO EXERCISE_SET_ENTITY (SET_TYPE, ID, NUMBER_OF_REPS, STATUS , WEIGHT , WEIGHT_KG) VALUES ('WeightedSet', 21021, 8.0, 0, null, 7.5);
INSERT INTO EXERCISE_ACTIVITY_ENTITY_SETS (EXERCISE_ACTIVITY_ENTITY_ID, SETS_ID) VALUES (2102, 21021);
INSERT INTO EXERCISE_SET_ENTITY (SET_TYPE, ID, NUMBER_OF_REPS, STATUS , WEIGHT , WEIGHT_KG) VALUES ('WeightedSet', 21022, 8.0, 0, null, 7.5);
INSERT INTO EXERCISE_ACTIVITY_ENTITY_SETS (EXERCISE_ACTIVITY_ENTITY_ID, SETS_ID) VALUES (2102, 21022);
INSERT INTO WORKOUT_ENTITY_EXERCISE_ACTIVITIES (WORKOUT_ENTITY_ID, EXERCISE_ACTIVITIES_ID)  VALUES (21, 2102);
INSERT INTO EXERCISE_ACTIVITY_ENTITY (ID, NOTES, EXERCISE_ID) VALUES (2103, '', SELECT ID FROM EXERCISE_ENTITY WHERE NAME = 'Calf Raise');
INSERT INTO EXERCISE_SET_ENTITY (SET_TYPE, ID, NUMBER_OF_REPS, STATUS , WEIGHT , WEIGHT_KG) VALUES ('NonWeightedSet', 21030, 10.0, 0, 'body', null);
INSERT INTO EXERCISE_ACTIVITY_ENTITY_SETS (EXERCISE_ACTIVITY_ENTITY_ID, SETS_ID) VALUES (2103, 21030);
INSERT INTO EXERCISE_SET_ENTITY (SET_TYPE, ID, NUMBER_OF_REPS, STATUS , WEIGHT , WEIGHT_KG) VALUES ('WeightedSet', 21031, 10.0, 0, null, 125);
INSERT INTO EXERCISE_ACTIVITY_ENTITY_SETS (EXERCISE_ACTIVITY_ENTITY_ID, SETS_ID) VALUES (2103, 21031);
INSERT INTO EXERCISE_SET_ENTITY (SET_TYPE, ID, NUMBER_OF_REPS, STATUS , WEIGHT , WEIGHT_KG) VALUES ('WeightedSet', 21032, 10.0, 0, null, 125);
INSERT INTO EXERCISE_ACTIVITY_ENTITY_SETS (EXERCISE_ACTIVITY_ENTITY_ID, SETS_ID) VALUES (2103, 21032);
INSERT INTO WORKOUT_ENTITY_EXERCISE_ACTIVITIES (WORKOUT_ENTITY_ID, EXERCISE_ACTIVITIES_ID)  VALUES (21, 2103);
INSERT INTO EXERCISE_ACTIVITY_ENTITY (ID, NOTES, EXERCISE_ID) VALUES (2104, '', SELECT ID FROM EXERCISE_ENTITY WHERE NAME = 'Glute Raise');
INSERT INTO EXERCISE_SET_ENTITY (SET_TYPE, ID, NUMBER_OF_REPS, STATUS , WEIGHT , WEIGHT_KG) VALUES ('NonWeightedSet', 21040, 10.0, 0, 'red band', null);
INSERT INTO EXERCISE_ACTIVITY_ENTITY_SETS (EXERCISE_ACTIVITY_ENTITY_ID, SETS_ID) VALUES (2104, 21040);
INSERT INTO WORKOUT_ENTITY_EXERCISE_ACTIVITIES (WORKOUT_ENTITY_ID, EXERCISE_ACTIVITIES_ID)  VALUES (21, 2104);
INSERT INTO EXERCISE_ACTIVITY_ENTITY (ID, NOTES, EXERCISE_ID) VALUES (2105, '', SELECT ID FROM EXERCISE_ENTITY WHERE NAME = 'Leg Curl');
INSERT INTO EXERCISE_SET_ENTITY (SET_TYPE, ID, NUMBER_OF_REPS, STATUS , WEIGHT , WEIGHT_KG) VALUES ('NonWeightedSet', 21050, 5.0, 0, 'red band', null);
INSERT INTO EXERCISE_ACTIVITY_ENTITY_SETS (EXERCISE_ACTIVITY_ENTITY_ID, SETS_ID) VALUES (2105, 21050);
INSERT INTO WORKOUT_ENTITY_EXERCISE_ACTIVITIES (WORKOUT_ENTITY_ID, EXERCISE_ACTIVITIES_ID)  VALUES (21, 2105);
INSERT INTO EXERCISE_ACTIVITY_ENTITY (ID, NOTES, EXERCISE_ID) VALUES (2106, '', SELECT ID FROM EXERCISE_ENTITY WHERE NAME = 'Hip Thrust');
INSERT INTO EXERCISE_SET_ENTITY (SET_TYPE, ID, NUMBER_OF_REPS, STATUS , WEIGHT , WEIGHT_KG) VALUES ('NonWeightedSet', 21060, 10.0, 0, 'red band', null);
INSERT INTO EXERCISE_ACTIVITY_ENTITY_SETS (EXERCISE_ACTIVITY_ENTITY_ID, SETS_ID) VALUES (2106, 21060);
INSERT INTO WORKOUT_ENTITY_EXERCISE_ACTIVITIES (WORKOUT_ENTITY_ID, EXERCISE_ACTIVITIES_ID)  VALUES (21, 2106);
INSERT INTO WORKOUT_ENTITY (ID, NAME, NOTES, PERFORMED_AT_TIMESTAMP_UTC, WORKOUT_TYPE) VALUES (22, '2019-09-12 15:40:00', 'Notes', '2019-09-12 15:40:00', 'PULL');
INSERT INTO EXERCISE_ACTIVITY_ENTITY (ID, NOTES, EXERCISE_ID) VALUES (2200, '', SELECT ID FROM EXERCISE_ENTITY WHERE NAME = 'Barbell Row');
INSERT INTO EXERCISE_SET_ENTITY (SET_TYPE, ID, NUMBER_OF_REPS, STATUS , WEIGHT , WEIGHT_KG) VALUES ('WeightedSet', 22000, 10.0, 0, null, 20);
INSERT INTO EXERCISE_ACTIVITY_ENTITY_SETS (EXERCISE_ACTIVITY_ENTITY_ID, SETS_ID) VALUES (2200, 22000);
INSERT INTO EXERCISE_SET_ENTITY (SET_TYPE, ID, NUMBER_OF_REPS, STATUS , WEIGHT , WEIGHT_KG) VALUES ('WeightedSet', 22001, 10.0, 0, null, 30);
INSERT INTO EXERCISE_ACTIVITY_ENTITY_SETS (EXERCISE_ACTIVITY_ENTITY_ID, SETS_ID) VALUES (2200, 22001);
INSERT INTO EXERCISE_SET_ENTITY (SET_TYPE, ID, NUMBER_OF_REPS, STATUS , WEIGHT , WEIGHT_KG) VALUES ('WeightedSet', 22002, 10.0, 0, null, 40);
INSERT INTO EXERCISE_ACTIVITY_ENTITY_SETS (EXERCISE_ACTIVITY_ENTITY_ID, SETS_ID) VALUES (2200, 22002);
INSERT INTO EXERCISE_SET_ENTITY (SET_TYPE, ID, NUMBER_OF_REPS, STATUS , WEIGHT , WEIGHT_KG) VALUES ('WeightedSet', 22003, 10.0, 0, null, 40);
INSERT INTO EXERCISE_ACTIVITY_ENTITY_SETS (EXERCISE_ACTIVITY_ENTITY_ID, SETS_ID) VALUES (2200, 22003);
INSERT INTO EXERCISE_SET_ENTITY (SET_TYPE, ID, NUMBER_OF_REPS, STATUS , WEIGHT , WEIGHT_KG) VALUES ('WeightedSet', 22004, 10.0, 0, null, 40);
INSERT INTO EXERCISE_ACTIVITY_ENTITY_SETS (EXERCISE_ACTIVITY_ENTITY_ID, SETS_ID) VALUES (2200, 22004);
INSERT INTO WORKOUT_ENTITY_EXERCISE_ACTIVITIES (WORKOUT_ENTITY_ID, EXERCISE_ACTIVITIES_ID)  VALUES (22, 2200);
INSERT INTO EXERCISE_ACTIVITY_ENTITY (ID, NOTES, EXERCISE_ID) VALUES (2201, '', SELECT ID FROM EXERCISE_ENTITY WHERE NAME = 'Pull Up');
INSERT INTO EXERCISE_SET_ENTITY (SET_TYPE, ID, NUMBER_OF_REPS, STATUS , WEIGHT , WEIGHT_KG) VALUES ('NonWeightedSet', 22010, 5.0, 0, 'body', null);
INSERT INTO EXERCISE_ACTIVITY_ENTITY_SETS (EXERCISE_ACTIVITY_ENTITY_ID, SETS_ID) VALUES (2201, 22010);
INSERT INTO EXERCISE_SET_ENTITY (SET_TYPE, ID, NUMBER_OF_REPS, STATUS , WEIGHT , WEIGHT_KG) VALUES ('NonWeightedSet', 22011, 6.0, 0, 'body', null);
INSERT INTO EXERCISE_ACTIVITY_ENTITY_SETS (EXERCISE_ACTIVITY_ENTITY_ID, SETS_ID) VALUES (2201, 22011);
INSERT INTO EXERCISE_SET_ENTITY (SET_TYPE, ID, NUMBER_OF_REPS, STATUS , WEIGHT , WEIGHT_KG) VALUES ('NonWeightedSet', 22012, 6.0, 0, 'body', null);
INSERT INTO EXERCISE_ACTIVITY_ENTITY_SETS (EXERCISE_ACTIVITY_ENTITY_ID, SETS_ID) VALUES (2201, 22012);
INSERT INTO EXERCISE_SET_ENTITY (SET_TYPE, ID, NUMBER_OF_REPS, STATUS , WEIGHT , WEIGHT_KG) VALUES ('NonWeightedSet', 22013, 5.0, 0, 'body', null);
INSERT INTO EXERCISE_ACTIVITY_ENTITY_SETS (EXERCISE_ACTIVITY_ENTITY_ID, SETS_ID) VALUES (2201, 22013);
INSERT INTO WORKOUT_ENTITY_EXERCISE_ACTIVITIES (WORKOUT_ENTITY_ID, EXERCISE_ACTIVITIES_ID)  VALUES (22, 2201);
INSERT INTO EXERCISE_ACTIVITY_ENTITY (ID, NOTES, EXERCISE_ID) VALUES (2202, '', SELECT ID FROM EXERCISE_ENTITY WHERE NAME = 'Scapula Pulldowns');
INSERT INTO EXERCISE_SET_ENTITY (SET_TYPE, ID, NUMBER_OF_REPS, STATUS , WEIGHT , WEIGHT_KG) VALUES ('NonWeightedSet', 22020, 10.0, 0, 'red band', null);
INSERT INTO EXERCISE_ACTIVITY_ENTITY_SETS (EXERCISE_ACTIVITY_ENTITY_ID, SETS_ID) VALUES (2202, 22020);
INSERT INTO WORKOUT_ENTITY_EXERCISE_ACTIVITIES (WORKOUT_ENTITY_ID, EXERCISE_ACTIVITIES_ID)  VALUES (22, 2202);
INSERT INTO EXERCISE_ACTIVITY_ENTITY (ID, NOTES, EXERCISE_ID) VALUES (2203, '', SELECT ID FROM EXERCISE_ENTITY WHERE NAME = 'Facepull');
INSERT INTO EXERCISE_SET_ENTITY (SET_TYPE, ID, NUMBER_OF_REPS, STATUS , WEIGHT , WEIGHT_KG) VALUES ('NonWeightedSet', 22030, 10.0, 0, 'red band', null);
INSERT INTO EXERCISE_ACTIVITY_ENTITY_SETS (EXERCISE_ACTIVITY_ENTITY_ID, SETS_ID) VALUES (2203, 22030);
INSERT INTO EXERCISE_SET_ENTITY (SET_TYPE, ID, NUMBER_OF_REPS, STATUS , WEIGHT , WEIGHT_KG) VALUES ('NonWeightedSet', 22031, 10.0, 0, 'yellow band', null);
INSERT INTO EXERCISE_ACTIVITY_ENTITY_SETS (EXERCISE_ACTIVITY_ENTITY_ID, SETS_ID) VALUES (2203, 22031);
INSERT INTO WORKOUT_ENTITY_EXERCISE_ACTIVITIES (WORKOUT_ENTITY_ID, EXERCISE_ACTIVITIES_ID)  VALUES (22, 2203);
INSERT INTO EXERCISE_ACTIVITY_ENTITY (ID, NOTES, EXERCISE_ID) VALUES (2204, '', SELECT ID FROM EXERCISE_ENTITY WHERE NAME = 'Band Row');
INSERT INTO EXERCISE_SET_ENTITY (SET_TYPE, ID, NUMBER_OF_REPS, STATUS , WEIGHT , WEIGHT_KG) VALUES ('NonWeightedSet', 22040, 10.0, 0, 'red band', null);
INSERT INTO EXERCISE_ACTIVITY_ENTITY_SETS (EXERCISE_ACTIVITY_ENTITY_ID, SETS_ID) VALUES (2204, 22040);
INSERT INTO WORKOUT_ENTITY_EXERCISE_ACTIVITIES (WORKOUT_ENTITY_ID, EXERCISE_ACTIVITIES_ID)  VALUES (22, 2204);
INSERT INTO EXERCISE_ACTIVITY_ENTITY (ID, NOTES, EXERCISE_ID) VALUES (2205, '', SELECT ID FROM EXERCISE_ENTITY WHERE NAME = 'Seated Row');
INSERT INTO EXERCISE_SET_ENTITY (SET_TYPE, ID, NUMBER_OF_REPS, STATUS , WEIGHT , WEIGHT_KG) VALUES ('NonWeightedSet', 22050, 10.0, 0, 'red and yellow', null);
INSERT INTO EXERCISE_ACTIVITY_ENTITY_SETS (EXERCISE_ACTIVITY_ENTITY_ID, SETS_ID) VALUES (2205, 22050);
INSERT INTO WORKOUT_ENTITY_EXERCISE_ACTIVITIES (WORKOUT_ENTITY_ID, EXERCISE_ACTIVITIES_ID)  VALUES (22, 2205);
INSERT INTO EXERCISE_ACTIVITY_ENTITY (ID, NOTES, EXERCISE_ID) VALUES (2206, '', SELECT ID FROM EXERCISE_ENTITY WHERE NAME = 'Barbell Curl');
INSERT INTO EXERCISE_SET_ENTITY (SET_TYPE, ID, NUMBER_OF_REPS, STATUS , WEIGHT , WEIGHT_KG) VALUES ('WeightedSet', 22060, 10.0, 0, null, 20);
INSERT INTO EXERCISE_ACTIVITY_ENTITY_SETS (EXERCISE_ACTIVITY_ENTITY_ID, SETS_ID) VALUES (2206, 22060);
INSERT INTO EXERCISE_SET_ENTITY (SET_TYPE, ID, NUMBER_OF_REPS, STATUS , WEIGHT , WEIGHT_KG) VALUES ('WeightedSet', 22061, 10.0, 0, null, 20);
INSERT INTO EXERCISE_ACTIVITY_ENTITY_SETS (EXERCISE_ACTIVITY_ENTITY_ID, SETS_ID) VALUES (2206, 22061);
INSERT INTO EXERCISE_SET_ENTITY (SET_TYPE, ID, NUMBER_OF_REPS, STATUS , WEIGHT , WEIGHT_KG) VALUES ('WeightedSet', 22062, 10.0, 0, null, 20);
INSERT INTO EXERCISE_ACTIVITY_ENTITY_SETS (EXERCISE_ACTIVITY_ENTITY_ID, SETS_ID) VALUES (2206, 22062);
INSERT INTO WORKOUT_ENTITY_EXERCISE_ACTIVITIES (WORKOUT_ENTITY_ID, EXERCISE_ACTIVITIES_ID)  VALUES (22, 2206);
INSERT INTO EXERCISE_ACTIVITY_ENTITY (ID, NOTES, EXERCISE_ID) VALUES (2207, '', SELECT ID FROM EXERCISE_ENTITY WHERE NAME = 'Dumbbell Curl');
INSERT INTO EXERCISE_SET_ENTITY (SET_TYPE, ID, NUMBER_OF_REPS, STATUS , WEIGHT , WEIGHT_KG) VALUES ('WeightedSet', 22070, 10.0, 0, null, 7.5);
INSERT INTO EXERCISE_ACTIVITY_ENTITY_SETS (EXERCISE_ACTIVITY_ENTITY_ID, SETS_ID) VALUES (2207, 22070);
INSERT INTO EXERCISE_SET_ENTITY (SET_TYPE, ID, NUMBER_OF_REPS, STATUS , WEIGHT , WEIGHT_KG) VALUES ('WeightedSet', 22071, 10.0, 0, null, 7.5);
INSERT INTO EXERCISE_ACTIVITY_ENTITY_SETS (EXERCISE_ACTIVITY_ENTITY_ID, SETS_ID) VALUES (2207, 22071);
INSERT INTO EXERCISE_SET_ENTITY (SET_TYPE, ID, NUMBER_OF_REPS, STATUS , WEIGHT , WEIGHT_KG) VALUES ('WeightedSet', 22072, 10.0, 0, null, 7.5);
INSERT INTO EXERCISE_ACTIVITY_ENTITY_SETS (EXERCISE_ACTIVITY_ENTITY_ID, SETS_ID) VALUES (2207, 22072);
INSERT INTO WORKOUT_ENTITY_EXERCISE_ACTIVITIES (WORKOUT_ENTITY_ID, EXERCISE_ACTIVITIES_ID)  VALUES (22, 2207);
INSERT INTO EXERCISE_ACTIVITY_ENTITY (ID, NOTES, EXERCISE_ID) VALUES (2208, '', SELECT ID FROM EXERCISE_ENTITY WHERE NAME = 'Hanging Leg Raise');
INSERT INTO EXERCISE_SET_ENTITY (SET_TYPE, ID, NUMBER_OF_REPS, STATUS , WEIGHT , WEIGHT_KG) VALUES ('NonWeightedSet', 22080, 5.0, 0, 'body', null);
INSERT INTO EXERCISE_ACTIVITY_ENTITY_SETS (EXERCISE_ACTIVITY_ENTITY_ID, SETS_ID) VALUES (2208, 22080);
INSERT INTO EXERCISE_SET_ENTITY (SET_TYPE, ID, NUMBER_OF_REPS, STATUS , WEIGHT , WEIGHT_KG) VALUES ('NonWeightedSet', 22081, 5.0, 0, 'body', null);
INSERT INTO EXERCISE_ACTIVITY_ENTITY_SETS (EXERCISE_ACTIVITY_ENTITY_ID, SETS_ID) VALUES (2208, 22081);
INSERT INTO WORKOUT_ENTITY_EXERCISE_ACTIVITIES (WORKOUT_ENTITY_ID, EXERCISE_ACTIVITIES_ID)  VALUES (22, 2208);
INSERT INTO EXERCISE_ACTIVITY_ENTITY (ID, NOTES, EXERCISE_ID) VALUES (2209, '', SELECT ID FROM EXERCISE_ENTITY WHERE NAME = 'Lying Leg Raise');
INSERT INTO EXERCISE_SET_ENTITY (SET_TYPE, ID, NUMBER_OF_REPS, STATUS , WEIGHT , WEIGHT_KG) VALUES ('NonWeightedSet', 22090, 10.0, 0, 'body', null);
INSERT INTO EXERCISE_ACTIVITY_ENTITY_SETS (EXERCISE_ACTIVITY_ENTITY_ID, SETS_ID) VALUES (2209, 22090);
INSERT INTO EXERCISE_SET_ENTITY (SET_TYPE, ID, NUMBER_OF_REPS, STATUS , WEIGHT , WEIGHT_KG) VALUES ('NonWeightedSet', 22091, 10.0, 0, 'body', null);
INSERT INTO EXERCISE_ACTIVITY_ENTITY_SETS (EXERCISE_ACTIVITY_ENTITY_ID, SETS_ID) VALUES (2209, 22091);
INSERT INTO WORKOUT_ENTITY_EXERCISE_ACTIVITIES (WORKOUT_ENTITY_ID, EXERCISE_ACTIVITIES_ID)  VALUES (22, 2209);
INSERT INTO WORKOUT_ENTITY (ID, NAME, NOTES, PERFORMED_AT_TIMESTAMP_UTC, WORKOUT_TYPE) VALUES (23, '2019-09-13 15:45:00', 'Notes', '2019-09-13 15:45:00', 'PUSH');
INSERT INTO EXERCISE_ACTIVITY_ENTITY (ID, NOTES, EXERCISE_ID) VALUES (2300, '', SELECT ID FROM EXERCISE_ENTITY WHERE NAME = 'Bench Press');
INSERT INTO EXERCISE_SET_ENTITY (SET_TYPE, ID, NUMBER_OF_REPS, STATUS , WEIGHT , WEIGHT_KG) VALUES ('WeightedSet', 23000, 9.0, 0, null, 20);
INSERT INTO EXERCISE_ACTIVITY_ENTITY_SETS (EXERCISE_ACTIVITY_ENTITY_ID, SETS_ID) VALUES (2300, 23000);
INSERT INTO EXERCISE_SET_ENTITY (SET_TYPE, ID, NUMBER_OF_REPS, STATUS , WEIGHT , WEIGHT_KG) VALUES ('WeightedSet', 23001, 8.0, 0, null, 40);
INSERT INTO EXERCISE_ACTIVITY_ENTITY_SETS (EXERCISE_ACTIVITY_ENTITY_ID, SETS_ID) VALUES (2300, 23001);
INSERT INTO EXERCISE_SET_ENTITY (SET_TYPE, ID, NUMBER_OF_REPS, STATUS , WEIGHT , WEIGHT_KG) VALUES ('WeightedSet', 23002, 8.0, 0, null, 50);
INSERT INTO EXERCISE_ACTIVITY_ENTITY_SETS (EXERCISE_ACTIVITY_ENTITY_ID, SETS_ID) VALUES (2300, 23002);
INSERT INTO EXERCISE_SET_ENTITY (SET_TYPE, ID, NUMBER_OF_REPS, STATUS , WEIGHT , WEIGHT_KG) VALUES ('WeightedSet', 23003, 8.0, 0, null, 50);
INSERT INTO EXERCISE_ACTIVITY_ENTITY_SETS (EXERCISE_ACTIVITY_ENTITY_ID, SETS_ID) VALUES (2300, 23003);
INSERT INTO EXERCISE_SET_ENTITY (SET_TYPE, ID, NUMBER_OF_REPS, STATUS , WEIGHT , WEIGHT_KG) VALUES ('WeightedSet', 23004, 6.0, 1, null, 50);
INSERT INTO EXERCISE_ACTIVITY_ENTITY_SETS (EXERCISE_ACTIVITY_ENTITY_ID, SETS_ID) VALUES (2300, 23004);
INSERT INTO WORKOUT_ENTITY_EXERCISE_ACTIVITIES (WORKOUT_ENTITY_ID, EXERCISE_ACTIVITIES_ID)  VALUES (23, 2300);
INSERT INTO EXERCISE_ACTIVITY_ENTITY (ID, NOTES, EXERCISE_ID) VALUES (2301, '', SELECT ID FROM EXERCISE_ENTITY WHERE NAME = 'Overhead Press');
INSERT INTO EXERCISE_SET_ENTITY (SET_TYPE, ID, NUMBER_OF_REPS, STATUS , WEIGHT , WEIGHT_KG) VALUES ('WeightedSet', 23010, 5.0, 0, null, 20);
INSERT INTO EXERCISE_ACTIVITY_ENTITY_SETS (EXERCISE_ACTIVITY_ENTITY_ID, SETS_ID) VALUES (2301, 23010);
INSERT INTO EXERCISE_SET_ENTITY (SET_TYPE, ID, NUMBER_OF_REPS, STATUS , WEIGHT , WEIGHT_KG) VALUES ('WeightedSet', 23011, 5.0, 0, null, 35);
INSERT INTO EXERCISE_ACTIVITY_ENTITY_SETS (EXERCISE_ACTIVITY_ENTITY_ID, SETS_ID) VALUES (2301, 23011);
INSERT INTO EXERCISE_SET_ENTITY (SET_TYPE, ID, NUMBER_OF_REPS, STATUS , WEIGHT , WEIGHT_KG) VALUES ('WeightedSet', 23012, 5.0, 0, null, 35);
INSERT INTO EXERCISE_ACTIVITY_ENTITY_SETS (EXERCISE_ACTIVITY_ENTITY_ID, SETS_ID) VALUES (2301, 23012);
INSERT INTO EXERCISE_SET_ENTITY (SET_TYPE, ID, NUMBER_OF_REPS, STATUS , WEIGHT , WEIGHT_KG) VALUES ('WeightedSet', 23013, 5.0, 0, null, 35);
INSERT INTO EXERCISE_ACTIVITY_ENTITY_SETS (EXERCISE_ACTIVITY_ENTITY_ID, SETS_ID) VALUES (2301, 23013);
INSERT INTO EXERCISE_SET_ENTITY (SET_TYPE, ID, NUMBER_OF_REPS, STATUS , WEIGHT , WEIGHT_KG) VALUES ('WeightedSet', 23014, 5.0, 0, null, 35);
INSERT INTO EXERCISE_ACTIVITY_ENTITY_SETS (EXERCISE_ACTIVITY_ENTITY_ID, SETS_ID) VALUES (2301, 23014);
INSERT INTO EXERCISE_SET_ENTITY (SET_TYPE, ID, NUMBER_OF_REPS, STATUS , WEIGHT , WEIGHT_KG) VALUES ('WeightedSet', 23015, 4.0, 1, null, 35);
INSERT INTO EXERCISE_ACTIVITY_ENTITY_SETS (EXERCISE_ACTIVITY_ENTITY_ID, SETS_ID) VALUES (2301, 23015);
INSERT INTO WORKOUT_ENTITY_EXERCISE_ACTIVITIES (WORKOUT_ENTITY_ID, EXERCISE_ACTIVITIES_ID)  VALUES (23, 2301);
INSERT INTO EXERCISE_ACTIVITY_ENTITY (ID, NOTES, EXERCISE_ID) VALUES (2302, '', SELECT ID FROM EXERCISE_ENTITY WHERE NAME = 'Close Grip Bench Press');
INSERT INTO EXERCISE_SET_ENTITY (SET_TYPE, ID, NUMBER_OF_REPS, STATUS , WEIGHT , WEIGHT_KG) VALUES ('WeightedSet', 23020, 8.0, 0, null, 20);
INSERT INTO EXERCISE_ACTIVITY_ENTITY_SETS (EXERCISE_ACTIVITY_ENTITY_ID, SETS_ID) VALUES (2302, 23020);
INSERT INTO EXERCISE_SET_ENTITY (SET_TYPE, ID, NUMBER_OF_REPS, STATUS , WEIGHT , WEIGHT_KG) VALUES ('WeightedSet', 23021, 8.0, 0, null, 20);
INSERT INTO EXERCISE_ACTIVITY_ENTITY_SETS (EXERCISE_ACTIVITY_ENTITY_ID, SETS_ID) VALUES (2302, 23021);
INSERT INTO EXERCISE_SET_ENTITY (SET_TYPE, ID, NUMBER_OF_REPS, STATUS , WEIGHT , WEIGHT_KG) VALUES ('WeightedSet', 23022, 8.0, 0, null, 20);
INSERT INTO EXERCISE_ACTIVITY_ENTITY_SETS (EXERCISE_ACTIVITY_ENTITY_ID, SETS_ID) VALUES (2302, 23022);
INSERT INTO WORKOUT_ENTITY_EXERCISE_ACTIVITIES (WORKOUT_ENTITY_ID, EXERCISE_ACTIVITIES_ID)  VALUES (23, 2302);
INSERT INTO EXERCISE_ACTIVITY_ENTITY (ID, NOTES, EXERCISE_ID) VALUES (2303, '', SELECT ID FROM EXERCISE_ENTITY WHERE NAME = 'Tricep Kickback');
INSERT INTO EXERCISE_SET_ENTITY (SET_TYPE, ID, NUMBER_OF_REPS, STATUS , WEIGHT , WEIGHT_KG) VALUES ('WeightedSet', 23030, 10.0, 0, null, 5);
INSERT INTO EXERCISE_ACTIVITY_ENTITY_SETS (EXERCISE_ACTIVITY_ENTITY_ID, SETS_ID) VALUES (2303, 23030);
INSERT INTO EXERCISE_SET_ENTITY (SET_TYPE, ID, NUMBER_OF_REPS, STATUS , WEIGHT , WEIGHT_KG) VALUES ('WeightedSet', 23031, 10.0, 0, null, 5);
INSERT INTO EXERCISE_ACTIVITY_ENTITY_SETS (EXERCISE_ACTIVITY_ENTITY_ID, SETS_ID) VALUES (2303, 23031);
INSERT INTO WORKOUT_ENTITY_EXERCISE_ACTIVITIES (WORKOUT_ENTITY_ID, EXERCISE_ACTIVITIES_ID)  VALUES (23, 2303);
INSERT INTO EXERCISE_ACTIVITY_ENTITY (ID, NOTES, EXERCISE_ID) VALUES (2304, '', SELECT ID FROM EXERCISE_ENTITY WHERE NAME = 'Cable Fly (Low)');
INSERT INTO EXERCISE_SET_ENTITY (SET_TYPE, ID, NUMBER_OF_REPS, STATUS , WEIGHT , WEIGHT_KG) VALUES ('NonWeightedSet', 23040, 10.0, 0, 'yellow', null);
INSERT INTO EXERCISE_ACTIVITY_ENTITY_SETS (EXERCISE_ACTIVITY_ENTITY_ID, SETS_ID) VALUES (2304, 23040);
INSERT INTO EXERCISE_SET_ENTITY (SET_TYPE, ID, NUMBER_OF_REPS, STATUS , WEIGHT , WEIGHT_KG) VALUES ('NonWeightedSet', 23041, 10.0, 0, 'yellow', null);
INSERT INTO EXERCISE_ACTIVITY_ENTITY_SETS (EXERCISE_ACTIVITY_ENTITY_ID, SETS_ID) VALUES (2304, 23041);
INSERT INTO EXERCISE_SET_ENTITY (SET_TYPE, ID, NUMBER_OF_REPS, STATUS , WEIGHT , WEIGHT_KG) VALUES ('NonWeightedSet', 23042, 10.0, 0, 'yellow', null);
INSERT INTO EXERCISE_ACTIVITY_ENTITY_SETS (EXERCISE_ACTIVITY_ENTITY_ID, SETS_ID) VALUES (2304, 23042);
INSERT INTO WORKOUT_ENTITY_EXERCISE_ACTIVITIES (WORKOUT_ENTITY_ID, EXERCISE_ACTIVITIES_ID)  VALUES (23, 2304);
INSERT INTO EXERCISE_ACTIVITY_ENTITY (ID, NOTES, EXERCISE_ID) VALUES (2305, '', SELECT ID FROM EXERCISE_ENTITY WHERE NAME = 'Skullcrusher');
INSERT INTO EXERCISE_SET_ENTITY (SET_TYPE, ID, NUMBER_OF_REPS, STATUS , WEIGHT , WEIGHT_KG) VALUES ('WeightedSet', 23050, 10.0, 0, null, 7.5);
INSERT INTO EXERCISE_ACTIVITY_ENTITY_SETS (EXERCISE_ACTIVITY_ENTITY_ID, SETS_ID) VALUES (2305, 23050);
INSERT INTO WORKOUT_ENTITY_EXERCISE_ACTIVITIES (WORKOUT_ENTITY_ID, EXERCISE_ACTIVITIES_ID)  VALUES (23, 2305);
INSERT INTO WORKOUT_ENTITY (ID, NAME, NOTES, PERFORMED_AT_TIMESTAMP_UTC, WORKOUT_TYPE) VALUES (24, '2019-09-17 15:40:00', 'Notes', '2019-09-17 15:40:00', 'PULL');
INSERT INTO EXERCISE_ACTIVITY_ENTITY (ID, NOTES, EXERCISE_ID) VALUES (2400, '', SELECT ID FROM EXERCISE_ENTITY WHERE NAME = 'Deadlift');
INSERT INTO EXERCISE_SET_ENTITY (SET_TYPE, ID, NUMBER_OF_REPS, STATUS , WEIGHT , WEIGHT_KG) VALUES ('WeightedSet', 24000, 5.0, 0, null, 20);
INSERT INTO EXERCISE_ACTIVITY_ENTITY_SETS (EXERCISE_ACTIVITY_ENTITY_ID, SETS_ID) VALUES (2400, 24000);
INSERT INTO EXERCISE_SET_ENTITY (SET_TYPE, ID, NUMBER_OF_REPS, STATUS , WEIGHT , WEIGHT_KG) VALUES ('WeightedSet', 24001, 5.0, 0, null, 60);
INSERT INTO EXERCISE_ACTIVITY_ENTITY_SETS (EXERCISE_ACTIVITY_ENTITY_ID, SETS_ID) VALUES (2400, 24001);
INSERT INTO EXERCISE_SET_ENTITY (SET_TYPE, ID, NUMBER_OF_REPS, STATUS , WEIGHT , WEIGHT_KG) VALUES ('WeightedSet', 24002, 2.0, 0, null, 90);
INSERT INTO EXERCISE_ACTIVITY_ENTITY_SETS (EXERCISE_ACTIVITY_ENTITY_ID, SETS_ID) VALUES (2400, 24002);
INSERT INTO EXERCISE_SET_ENTITY (SET_TYPE, ID, NUMBER_OF_REPS, STATUS , WEIGHT , WEIGHT_KG) VALUES ('WeightedSet', 24003, 2.0, 0, null, 110);
INSERT INTO EXERCISE_ACTIVITY_ENTITY_SETS (EXERCISE_ACTIVITY_ENTITY_ID, SETS_ID) VALUES (2400, 24003);
INSERT INTO EXERCISE_SET_ENTITY (SET_TYPE, ID, NUMBER_OF_REPS, STATUS , WEIGHT , WEIGHT_KG) VALUES ('WeightedSet', 24004, 1.0, 0, null, 120);
INSERT INTO EXERCISE_ACTIVITY_ENTITY_SETS (EXERCISE_ACTIVITY_ENTITY_ID, SETS_ID) VALUES (2400, 24004);
INSERT INTO EXERCISE_SET_ENTITY (SET_TYPE, ID, NUMBER_OF_REPS, STATUS , WEIGHT , WEIGHT_KG) VALUES ('WeightedSet', 24005, 5.0, 0, null, 127.5);
INSERT INTO EXERCISE_ACTIVITY_ENTITY_SETS (EXERCISE_ACTIVITY_ENTITY_ID, SETS_ID) VALUES (2400, 24005);
INSERT INTO WORKOUT_ENTITY_EXERCISE_ACTIVITIES (WORKOUT_ENTITY_ID, EXERCISE_ACTIVITIES_ID)  VALUES (24, 2400);
INSERT INTO EXERCISE_ACTIVITY_ENTITY (ID, NOTES, EXERCISE_ID) VALUES (2401, '', SELECT ID FROM EXERCISE_ENTITY WHERE NAME = 'Pull Up');
INSERT INTO EXERCISE_SET_ENTITY (SET_TYPE, ID, NUMBER_OF_REPS, STATUS , WEIGHT , WEIGHT_KG) VALUES ('NonWeightedSet', 24010, 5.0, 0, 'body', null);
INSERT INTO EXERCISE_ACTIVITY_ENTITY_SETS (EXERCISE_ACTIVITY_ENTITY_ID, SETS_ID) VALUES (2401, 24010);
INSERT INTO EXERCISE_SET_ENTITY (SET_TYPE, ID, NUMBER_OF_REPS, STATUS , WEIGHT , WEIGHT_KG) VALUES ('NonWeightedSet', 24011, 5.0, 0, 'body', null);
INSERT INTO EXERCISE_ACTIVITY_ENTITY_SETS (EXERCISE_ACTIVITY_ENTITY_ID, SETS_ID) VALUES (2401, 24011);
INSERT INTO EXERCISE_SET_ENTITY (SET_TYPE, ID, NUMBER_OF_REPS, STATUS , WEIGHT , WEIGHT_KG) VALUES ('NonWeightedSet', 24012, 5.0, 0, 'body', null);
INSERT INTO EXERCISE_ACTIVITY_ENTITY_SETS (EXERCISE_ACTIVITY_ENTITY_ID, SETS_ID) VALUES (2401, 24012);
INSERT INTO EXERCISE_SET_ENTITY (SET_TYPE, ID, NUMBER_OF_REPS, STATUS , WEIGHT , WEIGHT_KG) VALUES ('NonWeightedSet', 24013, 5.0, 0, 'body', null);
INSERT INTO EXERCISE_ACTIVITY_ENTITY_SETS (EXERCISE_ACTIVITY_ENTITY_ID, SETS_ID) VALUES (2401, 24013);
INSERT INTO WORKOUT_ENTITY_EXERCISE_ACTIVITIES (WORKOUT_ENTITY_ID, EXERCISE_ACTIVITIES_ID)  VALUES (24, 2401);
INSERT INTO EXERCISE_ACTIVITY_ENTITY (ID, NOTES, EXERCISE_ID) VALUES (2402, '', SELECT ID FROM EXERCISE_ENTITY WHERE NAME = 'Inverted Row');
INSERT INTO EXERCISE_SET_ENTITY (SET_TYPE, ID, NUMBER_OF_REPS, STATUS , WEIGHT , WEIGHT_KG) VALUES ('NonWeightedSet', 24020, 10.0, 0, 'body', null);
INSERT INTO EXERCISE_ACTIVITY_ENTITY_SETS (EXERCISE_ACTIVITY_ENTITY_ID, SETS_ID) VALUES (2402, 24020);
INSERT INTO EXERCISE_SET_ENTITY (SET_TYPE, ID, NUMBER_OF_REPS, STATUS , WEIGHT , WEIGHT_KG) VALUES ('NonWeightedSet', 24021, 10.0, 0, 'body', null);
INSERT INTO EXERCISE_ACTIVITY_ENTITY_SETS (EXERCISE_ACTIVITY_ENTITY_ID, SETS_ID) VALUES (2402, 24021);
INSERT INTO EXERCISE_SET_ENTITY (SET_TYPE, ID, NUMBER_OF_REPS, STATUS , WEIGHT , WEIGHT_KG) VALUES ('NonWeightedSet', 24022, 10.0, 0, 'body', null);
INSERT INTO EXERCISE_ACTIVITY_ENTITY_SETS (EXERCISE_ACTIVITY_ENTITY_ID, SETS_ID) VALUES (2402, 24022);
INSERT INTO EXERCISE_SET_ENTITY (SET_TYPE, ID, NUMBER_OF_REPS, STATUS , WEIGHT , WEIGHT_KG) VALUES ('NonWeightedSet', 24023, 5.0, 0, 'body', null);
INSERT INTO EXERCISE_ACTIVITY_ENTITY_SETS (EXERCISE_ACTIVITY_ENTITY_ID, SETS_ID) VALUES (2402, 24023);
INSERT INTO WORKOUT_ENTITY_EXERCISE_ACTIVITIES (WORKOUT_ENTITY_ID, EXERCISE_ACTIVITIES_ID)  VALUES (24, 2402);
INSERT INTO EXERCISE_ACTIVITY_ENTITY (ID, NOTES, EXERCISE_ID) VALUES (2403, '', SELECT ID FROM EXERCISE_ENTITY WHERE NAME = 'Barbell Curl');
INSERT INTO EXERCISE_SET_ENTITY (SET_TYPE, ID, NUMBER_OF_REPS, STATUS , WEIGHT , WEIGHT_KG) VALUES ('WeightedSet', 24030, 10.0, 0, null, 20);
INSERT INTO EXERCISE_ACTIVITY_ENTITY_SETS (EXERCISE_ACTIVITY_ENTITY_ID, SETS_ID) VALUES (2403, 24030);
INSERT INTO EXERCISE_SET_ENTITY (SET_TYPE, ID, NUMBER_OF_REPS, STATUS , WEIGHT , WEIGHT_KG) VALUES ('WeightedSet', 24031, 10.0, 0, null, 20);
INSERT INTO EXERCISE_ACTIVITY_ENTITY_SETS (EXERCISE_ACTIVITY_ENTITY_ID, SETS_ID) VALUES (2403, 24031);
INSERT INTO EXERCISE_SET_ENTITY (SET_TYPE, ID, NUMBER_OF_REPS, STATUS , WEIGHT , WEIGHT_KG) VALUES ('WeightedSet', 24032, 10.0, 0, null, 20);
INSERT INTO EXERCISE_ACTIVITY_ENTITY_SETS (EXERCISE_ACTIVITY_ENTITY_ID, SETS_ID) VALUES (2403, 24032);
INSERT INTO WORKOUT_ENTITY_EXERCISE_ACTIVITIES (WORKOUT_ENTITY_ID, EXERCISE_ACTIVITIES_ID)  VALUES (24, 2403);
INSERT INTO EXERCISE_ACTIVITY_ENTITY (ID, NOTES, EXERCISE_ID) VALUES (2404, '', SELECT ID FROM EXERCISE_ENTITY WHERE NAME = 'Incline Dumbbell Curl');
INSERT INTO EXERCISE_SET_ENTITY (SET_TYPE, ID, NUMBER_OF_REPS, STATUS , WEIGHT , WEIGHT_KG) VALUES ('WeightedSet', 24040, 7.0, 1, null, 7.5);
INSERT INTO EXERCISE_ACTIVITY_ENTITY_SETS (EXERCISE_ACTIVITY_ENTITY_ID, SETS_ID) VALUES (2404, 24040);
INSERT INTO EXERCISE_SET_ENTITY (SET_TYPE, ID, NUMBER_OF_REPS, STATUS , WEIGHT , WEIGHT_KG) VALUES ('WeightedSet', 24041, 8.0, 0, null, 7.5);
INSERT INTO EXERCISE_ACTIVITY_ENTITY_SETS (EXERCISE_ACTIVITY_ENTITY_ID, SETS_ID) VALUES (2404, 24041);
INSERT INTO WORKOUT_ENTITY_EXERCISE_ACTIVITIES (WORKOUT_ENTITY_ID, EXERCISE_ACTIVITIES_ID)  VALUES (24, 2404);
INSERT INTO EXERCISE_ACTIVITY_ENTITY (ID, NOTES, EXERCISE_ID) VALUES (2405, '', SELECT ID FROM EXERCISE_ENTITY WHERE NAME = 'Hanging Leg Raise');
INSERT INTO EXERCISE_SET_ENTITY (SET_TYPE, ID, NUMBER_OF_REPS, STATUS , WEIGHT , WEIGHT_KG) VALUES ('NonWeightedSet', 24050, 10.0, 0, 'body', null);
INSERT INTO EXERCISE_ACTIVITY_ENTITY_SETS (EXERCISE_ACTIVITY_ENTITY_ID, SETS_ID) VALUES (2405, 24050);
INSERT INTO EXERCISE_SET_ENTITY (SET_TYPE, ID, NUMBER_OF_REPS, STATUS , WEIGHT , WEIGHT_KG) VALUES ('NonWeightedSet', 24051, 10.0, 0, 'body', null);
INSERT INTO EXERCISE_ACTIVITY_ENTITY_SETS (EXERCISE_ACTIVITY_ENTITY_ID, SETS_ID) VALUES (2405, 24051);
INSERT INTO WORKOUT_ENTITY_EXERCISE_ACTIVITIES (WORKOUT_ENTITY_ID, EXERCISE_ACTIVITIES_ID)  VALUES (24, 2405);
INSERT INTO EXERCISE_ACTIVITY_ENTITY (ID, NOTES, EXERCISE_ID) VALUES (2406, '', SELECT ID FROM EXERCISE_ENTITY WHERE NAME = 'Lying Leg Raise');
INSERT INTO EXERCISE_SET_ENTITY (SET_TYPE, ID, NUMBER_OF_REPS, STATUS , WEIGHT , WEIGHT_KG) VALUES ('NonWeightedSet', 24060, 10.0, 0, 'body', null);
INSERT INTO EXERCISE_ACTIVITY_ENTITY_SETS (EXERCISE_ACTIVITY_ENTITY_ID, SETS_ID) VALUES (2406, 24060);
INSERT INTO EXERCISE_SET_ENTITY (SET_TYPE, ID, NUMBER_OF_REPS, STATUS , WEIGHT , WEIGHT_KG) VALUES ('NonWeightedSet', 24061, 10.0, 0, 'body', null);
INSERT INTO EXERCISE_ACTIVITY_ENTITY_SETS (EXERCISE_ACTIVITY_ENTITY_ID, SETS_ID) VALUES (2406, 24061);
INSERT INTO WORKOUT_ENTITY_EXERCISE_ACTIVITIES (WORKOUT_ENTITY_ID, EXERCISE_ACTIVITIES_ID)  VALUES (24, 2406);
INSERT INTO EXERCISE_ACTIVITY_ENTITY (ID, NOTES, EXERCISE_ID) VALUES (2407, '', SELECT ID FROM EXERCISE_ENTITY WHERE NAME = 'Plank');
INSERT INTO EXERCISE_SET_ENTITY (SET_TYPE, ID, NUMBER_OF_REPS, STATUS , WEIGHT , WEIGHT_KG) VALUES ('NonWeightedSet', 24070, 1, 0, '50 seconds', null);
INSERT INTO EXERCISE_ACTIVITY_ENTITY_SETS (EXERCISE_ACTIVITY_ENTITY_ID, SETS_ID) VALUES (2407, 24070);
INSERT INTO EXERCISE_SET_ENTITY (SET_TYPE, ID, NUMBER_OF_REPS, STATUS , WEIGHT , WEIGHT_KG) VALUES ('NonWeightedSet', 24071, 1, 0, '50 seconds', null);
INSERT INTO EXERCISE_ACTIVITY_ENTITY_SETS (EXERCISE_ACTIVITY_ENTITY_ID, SETS_ID) VALUES (2407, 24071);
INSERT INTO WORKOUT_ENTITY_EXERCISE_ACTIVITIES (WORKOUT_ENTITY_ID, EXERCISE_ACTIVITIES_ID)  VALUES (24, 2407);
INSERT INTO EXERCISE_ACTIVITY_ENTITY (ID, NOTES, EXERCISE_ID) VALUES (2408, '', SELECT ID FROM EXERCISE_ENTITY WHERE NAME = 'Cable Crunch');
INSERT INTO EXERCISE_SET_ENTITY (SET_TYPE, ID, NUMBER_OF_REPS, STATUS , WEIGHT , WEIGHT_KG) VALUES ('NonWeightedSet', 24080, 10.0, 0, 'red band', null);
INSERT INTO EXERCISE_ACTIVITY_ENTITY_SETS (EXERCISE_ACTIVITY_ENTITY_ID, SETS_ID) VALUES (2408, 24080);
INSERT INTO EXERCISE_SET_ENTITY (SET_TYPE, ID, NUMBER_OF_REPS, STATUS , WEIGHT , WEIGHT_KG) VALUES ('NonWeightedSet', 24081, 5.0, 0, 'red band', null);
INSERT INTO EXERCISE_ACTIVITY_ENTITY_SETS (EXERCISE_ACTIVITY_ENTITY_ID, SETS_ID) VALUES (2408, 24081);
INSERT INTO WORKOUT_ENTITY_EXERCISE_ACTIVITIES (WORKOUT_ENTITY_ID, EXERCISE_ACTIVITIES_ID)  VALUES (24, 2408);
INSERT INTO EXERCISE_ACTIVITY_ENTITY (ID, NOTES, EXERCISE_ID) VALUES (2409, '', SELECT ID FROM EXERCISE_ENTITY WHERE NAME = 'Facepull');
INSERT INTO EXERCISE_SET_ENTITY (SET_TYPE, ID, NUMBER_OF_REPS, STATUS , WEIGHT , WEIGHT_KG) VALUES ('NonWeightedSet', 24090, 20.0, 0, 'yellow band', null);
INSERT INTO EXERCISE_ACTIVITY_ENTITY_SETS (EXERCISE_ACTIVITY_ENTITY_ID, SETS_ID) VALUES (2409, 24090);
INSERT INTO WORKOUT_ENTITY_EXERCISE_ACTIVITIES (WORKOUT_ENTITY_ID, EXERCISE_ACTIVITIES_ID)  VALUES (24, 2409);
INSERT INTO EXERCISE_ACTIVITY_ENTITY (ID, NOTES, EXERCISE_ID) VALUES (2410, '', SELECT ID FROM EXERCISE_ENTITY WHERE NAME = 'Trap Raise');
INSERT INTO EXERCISE_SET_ENTITY (SET_TYPE, ID, NUMBER_OF_REPS, STATUS , WEIGHT , WEIGHT_KG) VALUES ('NonWeightedSet', 24100, 10.0, 0, 'yellow band', null);
INSERT INTO EXERCISE_ACTIVITY_ENTITY_SETS (EXERCISE_ACTIVITY_ENTITY_ID, SETS_ID) VALUES (2410, 24100);
INSERT INTO EXERCISE_SET_ENTITY (SET_TYPE, ID, NUMBER_OF_REPS, STATUS , WEIGHT , WEIGHT_KG) VALUES ('NonWeightedSet', 24101, 10.0, 0, 'yellow band', null);
INSERT INTO EXERCISE_ACTIVITY_ENTITY_SETS (EXERCISE_ACTIVITY_ENTITY_ID, SETS_ID) VALUES (2410, 24101);
INSERT INTO WORKOUT_ENTITY_EXERCISE_ACTIVITIES (WORKOUT_ENTITY_ID, EXERCISE_ACTIVITIES_ID)  VALUES (24, 2410);
INSERT INTO WORKOUT_ENTITY (ID, NAME, NOTES, PERFORMED_AT_TIMESTAMP_UTC, WORKOUT_TYPE) VALUES (25, '2019-09-18 15:45:00', 'Notes', '2019-09-18 15:45:00', 'PUSH');
INSERT INTO EXERCISE_ACTIVITY_ENTITY (ID, NOTES, EXERCISE_ID) VALUES (2500, '', SELECT ID FROM EXERCISE_ENTITY WHERE NAME = 'Bench Press');
INSERT INTO EXERCISE_SET_ENTITY (SET_TYPE, ID, NUMBER_OF_REPS, STATUS , WEIGHT , WEIGHT_KG) VALUES ('WeightedSet', 25000, 8.0, 0, null, 20);
INSERT INTO EXERCISE_ACTIVITY_ENTITY_SETS (EXERCISE_ACTIVITY_ENTITY_ID, SETS_ID) VALUES (2500, 25000);
INSERT INTO EXERCISE_SET_ENTITY (SET_TYPE, ID, NUMBER_OF_REPS, STATUS , WEIGHT , WEIGHT_KG) VALUES ('WeightedSet', 25001, 5.0, 0, null, 40);
INSERT INTO EXERCISE_ACTIVITY_ENTITY_SETS (EXERCISE_ACTIVITY_ENTITY_ID, SETS_ID) VALUES (2500, 25001);
INSERT INTO EXERCISE_SET_ENTITY (SET_TYPE, ID, NUMBER_OF_REPS, STATUS , WEIGHT , WEIGHT_KG) VALUES ('WeightedSet', 25002, 2.0, 0, null, 50);
INSERT INTO EXERCISE_ACTIVITY_ENTITY_SETS (EXERCISE_ACTIVITY_ENTITY_ID, SETS_ID) VALUES (2500, 25002);
INSERT INTO EXERCISE_SET_ENTITY (SET_TYPE, ID, NUMBER_OF_REPS, STATUS , WEIGHT , WEIGHT_KG) VALUES ('WeightedSet', 25003, 5.0, 0, null, 55);
INSERT INTO EXERCISE_ACTIVITY_ENTITY_SETS (EXERCISE_ACTIVITY_ENTITY_ID, SETS_ID) VALUES (2500, 25003);
INSERT INTO EXERCISE_SET_ENTITY (SET_TYPE, ID, NUMBER_OF_REPS, STATUS , WEIGHT , WEIGHT_KG) VALUES ('WeightedSet', 25004, 5.0, 0, null, 55);
INSERT INTO EXERCISE_ACTIVITY_ENTITY_SETS (EXERCISE_ACTIVITY_ENTITY_ID, SETS_ID) VALUES (2500, 25004);
INSERT INTO EXERCISE_SET_ENTITY (SET_TYPE, ID, NUMBER_OF_REPS, STATUS , WEIGHT , WEIGHT_KG) VALUES ('WeightedSet', 25005, 5.0, 0, null, 55);
INSERT INTO EXERCISE_ACTIVITY_ENTITY_SETS (EXERCISE_ACTIVITY_ENTITY_ID, SETS_ID) VALUES (2500, 25005);
INSERT INTO EXERCISE_SET_ENTITY (SET_TYPE, ID, NUMBER_OF_REPS, STATUS , WEIGHT , WEIGHT_KG) VALUES ('WeightedSet', 25006, 5.0, 0, null, 55);
INSERT INTO EXERCISE_ACTIVITY_ENTITY_SETS (EXERCISE_ACTIVITY_ENTITY_ID, SETS_ID) VALUES (2500, 25006);
INSERT INTO EXERCISE_SET_ENTITY (SET_TYPE, ID, NUMBER_OF_REPS, STATUS , WEIGHT , WEIGHT_KG) VALUES ('WeightedSet', 25007, 7.0, 0, null, 55);
INSERT INTO EXERCISE_ACTIVITY_ENTITY_SETS (EXERCISE_ACTIVITY_ENTITY_ID, SETS_ID) VALUES (2500, 25007);
INSERT INTO WORKOUT_ENTITY_EXERCISE_ACTIVITIES (WORKOUT_ENTITY_ID, EXERCISE_ACTIVITIES_ID)  VALUES (25, 2500);
INSERT INTO EXERCISE_ACTIVITY_ENTITY (ID, NOTES, EXERCISE_ID) VALUES (2501, '', SELECT ID FROM EXERCISE_ENTITY WHERE NAME = 'Overhead Press');
INSERT INTO EXERCISE_SET_ENTITY (SET_TYPE, ID, NUMBER_OF_REPS, STATUS , WEIGHT , WEIGHT_KG) VALUES ('WeightedSet', 25010, 8.0, 0, null, 20);
INSERT INTO EXERCISE_ACTIVITY_ENTITY_SETS (EXERCISE_ACTIVITY_ENTITY_ID, SETS_ID) VALUES (2501, 25010);
INSERT INTO EXERCISE_SET_ENTITY (SET_TYPE, ID, NUMBER_OF_REPS, STATUS , WEIGHT , WEIGHT_KG) VALUES ('WeightedSet', 25011, 8.0, 0, null, 32.5);
INSERT INTO EXERCISE_ACTIVITY_ENTITY_SETS (EXERCISE_ACTIVITY_ENTITY_ID, SETS_ID) VALUES (2501, 25011);
INSERT INTO EXERCISE_SET_ENTITY (SET_TYPE, ID, NUMBER_OF_REPS, STATUS , WEIGHT , WEIGHT_KG) VALUES ('WeightedSet', 25012, 8.0, 0, null, 32.5);
INSERT INTO EXERCISE_ACTIVITY_ENTITY_SETS (EXERCISE_ACTIVITY_ENTITY_ID, SETS_ID) VALUES (2501, 25012);
INSERT INTO EXERCISE_SET_ENTITY (SET_TYPE, ID, NUMBER_OF_REPS, STATUS , WEIGHT , WEIGHT_KG) VALUES ('WeightedSet', 25013, 7.0, 1, null, 32.5);
INSERT INTO EXERCISE_ACTIVITY_ENTITY_SETS (EXERCISE_ACTIVITY_ENTITY_ID, SETS_ID) VALUES (2501, 25013);
INSERT INTO WORKOUT_ENTITY_EXERCISE_ACTIVITIES (WORKOUT_ENTITY_ID, EXERCISE_ACTIVITIES_ID)  VALUES (25, 2501);
INSERT INTO EXERCISE_ACTIVITY_ENTITY (ID, NOTES, EXERCISE_ID) VALUES (2502, '', SELECT ID FROM EXERCISE_ENTITY WHERE NAME = 'Incline Bench Press');
INSERT INTO EXERCISE_SET_ENTITY (SET_TYPE, ID, NUMBER_OF_REPS, STATUS , WEIGHT , WEIGHT_KG) VALUES ('WeightedSet', 25020, 8.0, 0, null, 32.5);
INSERT INTO EXERCISE_ACTIVITY_ENTITY_SETS (EXERCISE_ACTIVITY_ENTITY_ID, SETS_ID) VALUES (2502, 25020);
INSERT INTO EXERCISE_SET_ENTITY (SET_TYPE, ID, NUMBER_OF_REPS, STATUS , WEIGHT , WEIGHT_KG) VALUES ('WeightedSet', 25021, 8.0, 0, null, 32.5);
INSERT INTO EXERCISE_ACTIVITY_ENTITY_SETS (EXERCISE_ACTIVITY_ENTITY_ID, SETS_ID) VALUES (2502, 25021);
INSERT INTO EXERCISE_SET_ENTITY (SET_TYPE, ID, NUMBER_OF_REPS, STATUS , WEIGHT , WEIGHT_KG) VALUES ('WeightedSet', 25022, 8.0, 0, null, 32.5);
INSERT INTO EXERCISE_ACTIVITY_ENTITY_SETS (EXERCISE_ACTIVITY_ENTITY_ID, SETS_ID) VALUES (2502, 25022);
INSERT INTO WORKOUT_ENTITY_EXERCISE_ACTIVITIES (WORKOUT_ENTITY_ID, EXERCISE_ACTIVITIES_ID)  VALUES (25, 2502);
INSERT INTO EXERCISE_ACTIVITY_ENTITY (ID, NOTES, EXERCISE_ID) VALUES (2503, '', SELECT ID FROM EXERCISE_ENTITY WHERE NAME = 'Reverse Bench Press');
INSERT INTO EXERCISE_SET_ENTITY (SET_TYPE, ID, NUMBER_OF_REPS, STATUS , WEIGHT , WEIGHT_KG) VALUES ('WeightedSet', 25030, 8.0, 0, null, 32.5);
INSERT INTO EXERCISE_ACTIVITY_ENTITY_SETS (EXERCISE_ACTIVITY_ENTITY_ID, SETS_ID) VALUES (2503, 25030);
INSERT INTO EXERCISE_SET_ENTITY (SET_TYPE, ID, NUMBER_OF_REPS, STATUS , WEIGHT , WEIGHT_KG) VALUES ('WeightedSet', 25031, 8.0, 0, null, 32.5);
INSERT INTO EXERCISE_ACTIVITY_ENTITY_SETS (EXERCISE_ACTIVITY_ENTITY_ID, SETS_ID) VALUES (2503, 25031);
INSERT INTO EXERCISE_SET_ENTITY (SET_TYPE, ID, NUMBER_OF_REPS, STATUS , WEIGHT , WEIGHT_KG) VALUES ('WeightedSet', 25032, 8.0, 0, null, 32.5);
INSERT INTO EXERCISE_ACTIVITY_ENTITY_SETS (EXERCISE_ACTIVITY_ENTITY_ID, SETS_ID) VALUES (2503, 25032);
INSERT INTO WORKOUT_ENTITY_EXERCISE_ACTIVITIES (WORKOUT_ENTITY_ID, EXERCISE_ACTIVITIES_ID)  VALUES (25, 2503);
INSERT INTO EXERCISE_ACTIVITY_ENTITY (ID, NOTES, EXERCISE_ID) VALUES (2504, '', SELECT ID FROM EXERCISE_ENTITY WHERE NAME = 'Lateral Raise');
INSERT INTO EXERCISE_SET_ENTITY (SET_TYPE, ID, NUMBER_OF_REPS, STATUS , WEIGHT , WEIGHT_KG) VALUES ('WeightedSet', 25040, 15.0, 0, null, 2.5);
INSERT INTO EXERCISE_ACTIVITY_ENTITY_SETS (EXERCISE_ACTIVITY_ENTITY_ID, SETS_ID) VALUES (2504, 25040);
INSERT INTO EXERCISE_SET_ENTITY (SET_TYPE, ID, NUMBER_OF_REPS, STATUS , WEIGHT , WEIGHT_KG) VALUES ('WeightedSet', 25041, 15.0, 0, null, 2.5);
INSERT INTO EXERCISE_ACTIVITY_ENTITY_SETS (EXERCISE_ACTIVITY_ENTITY_ID, SETS_ID) VALUES (2504, 25041);
INSERT INTO EXERCISE_SET_ENTITY (SET_TYPE, ID, NUMBER_OF_REPS, STATUS , WEIGHT , WEIGHT_KG) VALUES ('WeightedSet', 25042, 8.0, 1, null, 2.5);
INSERT INTO EXERCISE_ACTIVITY_ENTITY_SETS (EXERCISE_ACTIVITY_ENTITY_ID, SETS_ID) VALUES (2504, 25042);
INSERT INTO EXERCISE_SET_ENTITY (SET_TYPE, ID, NUMBER_OF_REPS, STATUS , WEIGHT , WEIGHT_KG) VALUES ('WeightedSet', 25043, 15.0, 0, null, 2.5);
INSERT INTO EXERCISE_ACTIVITY_ENTITY_SETS (EXERCISE_ACTIVITY_ENTITY_ID, SETS_ID) VALUES (2504, 25043);
INSERT INTO WORKOUT_ENTITY_EXERCISE_ACTIVITIES (WORKOUT_ENTITY_ID, EXERCISE_ACTIVITIES_ID)  VALUES (25, 2504);
INSERT INTO EXERCISE_ACTIVITY_ENTITY (ID, NOTES, EXERCISE_ID) VALUES (2505, '', SELECT ID FROM EXERCISE_ENTITY WHERE NAME = 'Close Grip Bench Press');
INSERT INTO EXERCISE_SET_ENTITY (SET_TYPE, ID, NUMBER_OF_REPS, STATUS , WEIGHT , WEIGHT_KG) VALUES ('WeightedSet', 25050, 8.0, 0, null, 32.5);
INSERT INTO EXERCISE_ACTIVITY_ENTITY_SETS (EXERCISE_ACTIVITY_ENTITY_ID, SETS_ID) VALUES (2505, 25050);
INSERT INTO EXERCISE_SET_ENTITY (SET_TYPE, ID, NUMBER_OF_REPS, STATUS , WEIGHT , WEIGHT_KG) VALUES ('WeightedSet', 25051, 3.0, 1, null, 30);
INSERT INTO EXERCISE_ACTIVITY_ENTITY_SETS (EXERCISE_ACTIVITY_ENTITY_ID, SETS_ID) VALUES (2505, 25051);
INSERT INTO EXERCISE_SET_ENTITY (SET_TYPE, ID, NUMBER_OF_REPS, STATUS , WEIGHT , WEIGHT_KG) VALUES ('WeightedSet', 25052, 4.0, 1, null, 20);
INSERT INTO EXERCISE_ACTIVITY_ENTITY_SETS (EXERCISE_ACTIVITY_ENTITY_ID, SETS_ID) VALUES (2505, 25052);
INSERT INTO WORKOUT_ENTITY_EXERCISE_ACTIVITIES (WORKOUT_ENTITY_ID, EXERCISE_ACTIVITIES_ID)  VALUES (25, 2505);
INSERT INTO EXERCISE_ACTIVITY_ENTITY (ID, NOTES, EXERCISE_ID) VALUES (2506, '', SELECT ID FROM EXERCISE_ENTITY WHERE NAME = 'Tricep Pushdown');
INSERT INTO EXERCISE_SET_ENTITY (SET_TYPE, ID, NUMBER_OF_REPS, STATUS , WEIGHT , WEIGHT_KG) VALUES ('NonWeightedSet', 25060, 10.0, 0, 'red band', null);
INSERT INTO EXERCISE_ACTIVITY_ENTITY_SETS (EXERCISE_ACTIVITY_ENTITY_ID, SETS_ID) VALUES (2506, 25060);
INSERT INTO WORKOUT_ENTITY_EXERCISE_ACTIVITIES (WORKOUT_ENTITY_ID, EXERCISE_ACTIVITIES_ID)  VALUES (25, 2506);
INSERT INTO EXERCISE_ACTIVITY_ENTITY (ID, NOTES, EXERCISE_ID) VALUES (2507, '', SELECT ID FROM EXERCISE_ENTITY WHERE NAME = 'Tricep Kickback');
INSERT INTO EXERCISE_SET_ENTITY (SET_TYPE, ID, NUMBER_OF_REPS, STATUS , WEIGHT , WEIGHT_KG) VALUES ('WeightedSet', 25070, 10.0, 0, null, 5);
INSERT INTO EXERCISE_ACTIVITY_ENTITY_SETS (EXERCISE_ACTIVITY_ENTITY_ID, SETS_ID) VALUES (2507, 25070);
INSERT INTO WORKOUT_ENTITY_EXERCISE_ACTIVITIES (WORKOUT_ENTITY_ID, EXERCISE_ACTIVITIES_ID)  VALUES (25, 2507);
INSERT INTO WORKOUT_ENTITY (ID, NAME, NOTES, PERFORMED_AT_TIMESTAMP_UTC, WORKOUT_TYPE) VALUES (26, '2019-09-19 15:40:00', 'Notes', '2019-09-19 15:40:00', 'LEGS');
INSERT INTO EXERCISE_ACTIVITY_ENTITY (ID, NOTES, EXERCISE_ID) VALUES (2600, '', SELECT ID FROM EXERCISE_ENTITY WHERE NAME = 'Squat');
INSERT INTO EXERCISE_SET_ENTITY (SET_TYPE, ID, NUMBER_OF_REPS, STATUS , WEIGHT , WEIGHT_KG) VALUES ('NonWeightedSet', 26000, 10.0, 0, 'body', null);
INSERT INTO EXERCISE_ACTIVITY_ENTITY_SETS (EXERCISE_ACTIVITY_ENTITY_ID, SETS_ID) VALUES (2600, 26000);
INSERT INTO EXERCISE_SET_ENTITY (SET_TYPE, ID, NUMBER_OF_REPS, STATUS , WEIGHT , WEIGHT_KG) VALUES ('WeightedSet', 26001, 6.0, 0, null, 20);
INSERT INTO EXERCISE_ACTIVITY_ENTITY_SETS (EXERCISE_ACTIVITY_ENTITY_ID, SETS_ID) VALUES (2600, 26001);
INSERT INTO EXERCISE_SET_ENTITY (SET_TYPE, ID, NUMBER_OF_REPS, STATUS , WEIGHT , WEIGHT_KG) VALUES ('WeightedSet', 26002, 5.0, 0, null, 40);
INSERT INTO EXERCISE_ACTIVITY_ENTITY_SETS (EXERCISE_ACTIVITY_ENTITY_ID, SETS_ID) VALUES (2600, 26002);
INSERT INTO EXERCISE_SET_ENTITY (SET_TYPE, ID, NUMBER_OF_REPS, STATUS , WEIGHT , WEIGHT_KG) VALUES ('WeightedSet', 26003, 2.0, 0, null, 60);
INSERT INTO EXERCISE_ACTIVITY_ENTITY_SETS (EXERCISE_ACTIVITY_ENTITY_ID, SETS_ID) VALUES (2600, 26003);
INSERT INTO EXERCISE_SET_ENTITY (SET_TYPE, ID, NUMBER_OF_REPS, STATUS , WEIGHT , WEIGHT_KG) VALUES ('WeightedSet', 26004, 2.0, 0, null, 70);
INSERT INTO EXERCISE_ACTIVITY_ENTITY_SETS (EXERCISE_ACTIVITY_ENTITY_ID, SETS_ID) VALUES (2600, 26004);
INSERT INTO EXERCISE_SET_ENTITY (SET_TYPE, ID, NUMBER_OF_REPS, STATUS , WEIGHT , WEIGHT_KG) VALUES ('WeightedSet', 26005, 5.0, 0, null, 77.5);
INSERT INTO EXERCISE_ACTIVITY_ENTITY_SETS (EXERCISE_ACTIVITY_ENTITY_ID, SETS_ID) VALUES (2600, 26005);
INSERT INTO EXERCISE_SET_ENTITY (SET_TYPE, ID, NUMBER_OF_REPS, STATUS , WEIGHT , WEIGHT_KG) VALUES ('WeightedSet', 26006, 5.0, 0, null, 77.5);
INSERT INTO EXERCISE_ACTIVITY_ENTITY_SETS (EXERCISE_ACTIVITY_ENTITY_ID, SETS_ID) VALUES (2600, 26006);
INSERT INTO EXERCISE_SET_ENTITY (SET_TYPE, ID, NUMBER_OF_REPS, STATUS , WEIGHT , WEIGHT_KG) VALUES ('WeightedSet', 26007, 5.0, 0, null, 77.5);
INSERT INTO EXERCISE_ACTIVITY_ENTITY_SETS (EXERCISE_ACTIVITY_ENTITY_ID, SETS_ID) VALUES (2600, 26007);
INSERT INTO EXERCISE_SET_ENTITY (SET_TYPE, ID, NUMBER_OF_REPS, STATUS , WEIGHT , WEIGHT_KG) VALUES ('WeightedSet', 26008, 5.0, 0, null, 77.5);
INSERT INTO EXERCISE_ACTIVITY_ENTITY_SETS (EXERCISE_ACTIVITY_ENTITY_ID, SETS_ID) VALUES (2600, 26008);
INSERT INTO EXERCISE_SET_ENTITY (SET_TYPE, ID, NUMBER_OF_REPS, STATUS , WEIGHT , WEIGHT_KG) VALUES ('WeightedSet', 26009, 5.0, 0, null, 77.5);
INSERT INTO EXERCISE_ACTIVITY_ENTITY_SETS (EXERCISE_ACTIVITY_ENTITY_ID, SETS_ID) VALUES (2600, 26009);
INSERT INTO WORKOUT_ENTITY_EXERCISE_ACTIVITIES (WORKOUT_ENTITY_ID, EXERCISE_ACTIVITIES_ID)  VALUES (26, 2600);
INSERT INTO EXERCISE_ACTIVITY_ENTITY (ID, NOTES, EXERCISE_ID) VALUES (2601, '', SELECT ID FROM EXERCISE_ENTITY WHERE NAME = 'Romanian Deadlift');
INSERT INTO EXERCISE_SET_ENTITY (SET_TYPE, ID, NUMBER_OF_REPS, STATUS , WEIGHT , WEIGHT_KG) VALUES ('WeightedSet', 26010, 8.0, 0, null, 20);
INSERT INTO EXERCISE_ACTIVITY_ENTITY_SETS (EXERCISE_ACTIVITY_ENTITY_ID, SETS_ID) VALUES (2601, 26010);
INSERT INTO EXERCISE_SET_ENTITY (SET_TYPE, ID, NUMBER_OF_REPS, STATUS , WEIGHT , WEIGHT_KG) VALUES ('WeightedSet', 26011, 8.0, 0, null, 40);
INSERT INTO EXERCISE_ACTIVITY_ENTITY_SETS (EXERCISE_ACTIVITY_ENTITY_ID, SETS_ID) VALUES (2601, 26011);
INSERT INTO EXERCISE_SET_ENTITY (SET_TYPE, ID, NUMBER_OF_REPS, STATUS , WEIGHT , WEIGHT_KG) VALUES ('WeightedSet', 26012, 8.0, 0, null, 40);
INSERT INTO EXERCISE_ACTIVITY_ENTITY_SETS (EXERCISE_ACTIVITY_ENTITY_ID, SETS_ID) VALUES (2601, 26012);
INSERT INTO EXERCISE_SET_ENTITY (SET_TYPE, ID, NUMBER_OF_REPS, STATUS , WEIGHT , WEIGHT_KG) VALUES ('WeightedSet', 26013, 8.0, 0, null, 40);
INSERT INTO EXERCISE_ACTIVITY_ENTITY_SETS (EXERCISE_ACTIVITY_ENTITY_ID, SETS_ID) VALUES (2601, 26013);
INSERT INTO WORKOUT_ENTITY_EXERCISE_ACTIVITIES (WORKOUT_ENTITY_ID, EXERCISE_ACTIVITIES_ID)  VALUES (26, 2601);
INSERT INTO EXERCISE_ACTIVITY_ENTITY (ID, NOTES, EXERCISE_ID) VALUES (2602, '', SELECT ID FROM EXERCISE_ENTITY WHERE NAME = 'Kettlebell Swing');
INSERT INTO EXERCISE_SET_ENTITY (SET_TYPE, ID, NUMBER_OF_REPS, STATUS , WEIGHT , WEIGHT_KG) VALUES ('WeightedSet', 26020, 20.0, 0, null, 10);
INSERT INTO EXERCISE_ACTIVITY_ENTITY_SETS (EXERCISE_ACTIVITY_ENTITY_ID, SETS_ID) VALUES (2602, 26020);
INSERT INTO EXERCISE_SET_ENTITY (SET_TYPE, ID, NUMBER_OF_REPS, STATUS , WEIGHT , WEIGHT_KG) VALUES ('WeightedSet', 26021, 20.0, 0, null, 15);
INSERT INTO EXERCISE_ACTIVITY_ENTITY_SETS (EXERCISE_ACTIVITY_ENTITY_ID, SETS_ID) VALUES (2602, 26021);
INSERT INTO EXERCISE_SET_ENTITY (SET_TYPE, ID, NUMBER_OF_REPS, STATUS , WEIGHT , WEIGHT_KG) VALUES ('WeightedSet', 26022, 20.0, 0, null, 10);
INSERT INTO EXERCISE_ACTIVITY_ENTITY_SETS (EXERCISE_ACTIVITY_ENTITY_ID, SETS_ID) VALUES (2602, 26022);
INSERT INTO EXERCISE_SET_ENTITY (SET_TYPE, ID, NUMBER_OF_REPS, STATUS , WEIGHT , WEIGHT_KG) VALUES ('WeightedSet', 26023, 20.0, 0, null, 10);
INSERT INTO EXERCISE_ACTIVITY_ENTITY_SETS (EXERCISE_ACTIVITY_ENTITY_ID, SETS_ID) VALUES (2602, 26023);
INSERT INTO WORKOUT_ENTITY_EXERCISE_ACTIVITIES (WORKOUT_ENTITY_ID, EXERCISE_ACTIVITIES_ID)  VALUES (26, 2602);
INSERT INTO EXERCISE_ACTIVITY_ENTITY (ID, NOTES, EXERCISE_ID) VALUES (2603, '', SELECT ID FROM EXERCISE_ENTITY WHERE NAME = 'Calf Raise');
INSERT INTO EXERCISE_SET_ENTITY (SET_TYPE, ID, NUMBER_OF_REPS, STATUS , WEIGHT , WEIGHT_KG) VALUES ('NonWeightedSet', 26030, 15.0, 0, 'body', null);
INSERT INTO EXERCISE_ACTIVITY_ENTITY_SETS (EXERCISE_ACTIVITY_ENTITY_ID, SETS_ID) VALUES (2603, 26030);
INSERT INTO EXERCISE_SET_ENTITY (SET_TYPE, ID, NUMBER_OF_REPS, STATUS , WEIGHT , WEIGHT_KG) VALUES ('WeightedSet', 26031, 10.0, 0, null, 125);
INSERT INTO EXERCISE_ACTIVITY_ENTITY_SETS (EXERCISE_ACTIVITY_ENTITY_ID, SETS_ID) VALUES (2603, 26031);
INSERT INTO EXERCISE_SET_ENTITY (SET_TYPE, ID, NUMBER_OF_REPS, STATUS , WEIGHT , WEIGHT_KG) VALUES ('WeightedSet', 26032, 10.0, 0, null, 125);
INSERT INTO EXERCISE_ACTIVITY_ENTITY_SETS (EXERCISE_ACTIVITY_ENTITY_ID, SETS_ID) VALUES (2603, 26032);
INSERT INTO EXERCISE_SET_ENTITY (SET_TYPE, ID, NUMBER_OF_REPS, STATUS , WEIGHT , WEIGHT_KG) VALUES ('WeightedSet', 26033, 10.0, 0, null, 125);
INSERT INTO EXERCISE_ACTIVITY_ENTITY_SETS (EXERCISE_ACTIVITY_ENTITY_ID, SETS_ID) VALUES (2603, 26033);
INSERT INTO WORKOUT_ENTITY_EXERCISE_ACTIVITIES (WORKOUT_ENTITY_ID, EXERCISE_ACTIVITIES_ID)  VALUES (26, 2603);
INSERT INTO WORKOUT_ENTITY (ID, NAME, NOTES, PERFORMED_AT_TIMESTAMP_UTC, WORKOUT_TYPE) VALUES (27, '2019-09-23 15:45:00', 'Notes', '2019-09-23 15:45:00', 'PULL');
INSERT INTO EXERCISE_ACTIVITY_ENTITY (ID, NOTES, EXERCISE_ID) VALUES (2700, '', SELECT ID FROM EXERCISE_ENTITY WHERE NAME = 'Deadlift');
INSERT INTO EXERCISE_SET_ENTITY (SET_TYPE, ID, NUMBER_OF_REPS, STATUS , WEIGHT , WEIGHT_KG) VALUES ('WeightedSet', 27000, 5.0, 0, null, 20);
INSERT INTO EXERCISE_ACTIVITY_ENTITY_SETS (EXERCISE_ACTIVITY_ENTITY_ID, SETS_ID) VALUES (2700, 27000);
INSERT INTO EXERCISE_SET_ENTITY (SET_TYPE, ID, NUMBER_OF_REPS, STATUS , WEIGHT , WEIGHT_KG) VALUES ('WeightedSet', 27001, 5.0, 0, null, 60);
INSERT INTO EXERCISE_ACTIVITY_ENTITY_SETS (EXERCISE_ACTIVITY_ENTITY_ID, SETS_ID) VALUES (2700, 27001);
INSERT INTO EXERCISE_SET_ENTITY (SET_TYPE, ID, NUMBER_OF_REPS, STATUS , WEIGHT , WEIGHT_KG) VALUES ('WeightedSet', 27002, 2.0, 0, null, 90);
INSERT INTO EXERCISE_ACTIVITY_ENTITY_SETS (EXERCISE_ACTIVITY_ENTITY_ID, SETS_ID) VALUES (2700, 27002);
INSERT INTO EXERCISE_SET_ENTITY (SET_TYPE, ID, NUMBER_OF_REPS, STATUS , WEIGHT , WEIGHT_KG) VALUES ('WeightedSet', 27003, 2.0, 0, null, 110);
INSERT INTO EXERCISE_ACTIVITY_ENTITY_SETS (EXERCISE_ACTIVITY_ENTITY_ID, SETS_ID) VALUES (2700, 27003);
INSERT INTO EXERCISE_SET_ENTITY (SET_TYPE, ID, NUMBER_OF_REPS, STATUS , WEIGHT , WEIGHT_KG) VALUES ('WeightedSet', 27004, 1.0, 0, null, 120);
INSERT INTO EXERCISE_ACTIVITY_ENTITY_SETS (EXERCISE_ACTIVITY_ENTITY_ID, SETS_ID) VALUES (2700, 27004);
INSERT INTO EXERCISE_SET_ENTITY (SET_TYPE, ID, NUMBER_OF_REPS, STATUS , WEIGHT , WEIGHT_KG) VALUES ('WeightedSet', 27005, 5.0, 0, null, 130);
INSERT INTO EXERCISE_ACTIVITY_ENTITY_SETS (EXERCISE_ACTIVITY_ENTITY_ID, SETS_ID) VALUES (2700, 27005);
INSERT INTO WORKOUT_ENTITY_EXERCISE_ACTIVITIES (WORKOUT_ENTITY_ID, EXERCISE_ACTIVITIES_ID)  VALUES (27, 2700);
INSERT INTO EXERCISE_ACTIVITY_ENTITY (ID, NOTES, EXERCISE_ID) VALUES (2701, '', SELECT ID FROM EXERCISE_ENTITY WHERE NAME = 'Pull Up');
INSERT INTO EXERCISE_SET_ENTITY (SET_TYPE, ID, NUMBER_OF_REPS, STATUS , WEIGHT , WEIGHT_KG) VALUES ('NonWeightedSet', 27010, 5.0, 0, 'body', null);
INSERT INTO EXERCISE_ACTIVITY_ENTITY_SETS (EXERCISE_ACTIVITY_ENTITY_ID, SETS_ID) VALUES (2701, 27010);
INSERT INTO EXERCISE_SET_ENTITY (SET_TYPE, ID, NUMBER_OF_REPS, STATUS , WEIGHT , WEIGHT_KG) VALUES ('NonWeightedSet', 27011, 5.0, 0, 'body', null);
INSERT INTO EXERCISE_ACTIVITY_ENTITY_SETS (EXERCISE_ACTIVITY_ENTITY_ID, SETS_ID) VALUES (2701, 27011);
INSERT INTO EXERCISE_SET_ENTITY (SET_TYPE, ID, NUMBER_OF_REPS, STATUS , WEIGHT , WEIGHT_KG) VALUES ('NonWeightedSet', 27012, 5.0, 0, 'body', null);
INSERT INTO EXERCISE_ACTIVITY_ENTITY_SETS (EXERCISE_ACTIVITY_ENTITY_ID, SETS_ID) VALUES (2701, 27012);
INSERT INTO EXERCISE_SET_ENTITY (SET_TYPE, ID, NUMBER_OF_REPS, STATUS , WEIGHT , WEIGHT_KG) VALUES ('NonWeightedSet', 27013, 5.0, 0, 'body', null);
INSERT INTO EXERCISE_ACTIVITY_ENTITY_SETS (EXERCISE_ACTIVITY_ENTITY_ID, SETS_ID) VALUES (2701, 27013);
INSERT INTO WORKOUT_ENTITY_EXERCISE_ACTIVITIES (WORKOUT_ENTITY_ID, EXERCISE_ACTIVITIES_ID)  VALUES (27, 2701);
INSERT INTO EXERCISE_ACTIVITY_ENTITY (ID, NOTES, EXERCISE_ID) VALUES (2702, '', SELECT ID FROM EXERCISE_ENTITY WHERE NAME = 'Inverted Row');
INSERT INTO EXERCISE_SET_ENTITY (SET_TYPE, ID, NUMBER_OF_REPS, STATUS , WEIGHT , WEIGHT_KG) VALUES ('NonWeightedSet', 27020, 10.0, 0, 'body', null);
INSERT INTO EXERCISE_ACTIVITY_ENTITY_SETS (EXERCISE_ACTIVITY_ENTITY_ID, SETS_ID) VALUES (2702, 27020);
INSERT INTO EXERCISE_SET_ENTITY (SET_TYPE, ID, NUMBER_OF_REPS, STATUS , WEIGHT , WEIGHT_KG) VALUES ('NonWeightedSet', 27021, 10.0, 0, 'body', null);
INSERT INTO EXERCISE_ACTIVITY_ENTITY_SETS (EXERCISE_ACTIVITY_ENTITY_ID, SETS_ID) VALUES (2702, 27021);
INSERT INTO EXERCISE_SET_ENTITY (SET_TYPE, ID, NUMBER_OF_REPS, STATUS , WEIGHT , WEIGHT_KG) VALUES ('NonWeightedSet', 27022, 10.0, 0, 'body', null);
INSERT INTO EXERCISE_ACTIVITY_ENTITY_SETS (EXERCISE_ACTIVITY_ENTITY_ID, SETS_ID) VALUES (2702, 27022);
INSERT INTO WORKOUT_ENTITY_EXERCISE_ACTIVITIES (WORKOUT_ENTITY_ID, EXERCISE_ACTIVITIES_ID)  VALUES (27, 2702);
INSERT INTO EXERCISE_ACTIVITY_ENTITY (ID, NOTES, EXERCISE_ID) VALUES (2703, '', SELECT ID FROM EXERCISE_ENTITY WHERE NAME = 'Inverted Row (Bench)');
INSERT INTO EXERCISE_SET_ENTITY (SET_TYPE, ID, NUMBER_OF_REPS, STATUS , WEIGHT , WEIGHT_KG) VALUES ('WeightedSet', 27030, 10.0, 0, null, 5);
INSERT INTO EXERCISE_ACTIVITY_ENTITY_SETS (EXERCISE_ACTIVITY_ENTITY_ID, SETS_ID) VALUES (2703, 27030);
INSERT INTO EXERCISE_SET_ENTITY (SET_TYPE, ID, NUMBER_OF_REPS, STATUS , WEIGHT , WEIGHT_KG) VALUES ('WeightedSet', 27031, 10.0, 0, null, 5);
INSERT INTO EXERCISE_ACTIVITY_ENTITY_SETS (EXERCISE_ACTIVITY_ENTITY_ID, SETS_ID) VALUES (2703, 27031);
INSERT INTO EXERCISE_SET_ENTITY (SET_TYPE, ID, NUMBER_OF_REPS, STATUS , WEIGHT , WEIGHT_KG) VALUES ('WeightedSet', 27032, 10.0, 0, null, 5);
INSERT INTO EXERCISE_ACTIVITY_ENTITY_SETS (EXERCISE_ACTIVITY_ENTITY_ID, SETS_ID) VALUES (2703, 27032);
INSERT INTO WORKOUT_ENTITY_EXERCISE_ACTIVITIES (WORKOUT_ENTITY_ID, EXERCISE_ACTIVITIES_ID)  VALUES (27, 2703);
INSERT INTO EXERCISE_ACTIVITY_ENTITY (ID, NOTES, EXERCISE_ID) VALUES (2704, '', SELECT ID FROM EXERCISE_ENTITY WHERE NAME = 'Barbell Curl');
INSERT INTO EXERCISE_SET_ENTITY (SET_TYPE, ID, NUMBER_OF_REPS, STATUS , WEIGHT , WEIGHT_KG) VALUES ('WeightedSet', 27040, 10.0, 0, null, 20);
INSERT INTO EXERCISE_ACTIVITY_ENTITY_SETS (EXERCISE_ACTIVITY_ENTITY_ID, SETS_ID) VALUES (2704, 27040);
INSERT INTO EXERCISE_SET_ENTITY (SET_TYPE, ID, NUMBER_OF_REPS, STATUS , WEIGHT , WEIGHT_KG) VALUES ('WeightedSet', 27041, 10.0, 0, null, 20);
INSERT INTO EXERCISE_ACTIVITY_ENTITY_SETS (EXERCISE_ACTIVITY_ENTITY_ID, SETS_ID) VALUES (2704, 27041);
INSERT INTO EXERCISE_SET_ENTITY (SET_TYPE, ID, NUMBER_OF_REPS, STATUS , WEIGHT , WEIGHT_KG) VALUES ('WeightedSet', 27042, 10.0, 0, null, 20);
INSERT INTO EXERCISE_ACTIVITY_ENTITY_SETS (EXERCISE_ACTIVITY_ENTITY_ID, SETS_ID) VALUES (2704, 27042);
INSERT INTO WORKOUT_ENTITY_EXERCISE_ACTIVITIES (WORKOUT_ENTITY_ID, EXERCISE_ACTIVITIES_ID)  VALUES (27, 2704);
INSERT INTO EXERCISE_ACTIVITY_ENTITY (ID, NOTES, EXERCISE_ID) VALUES (2705, '', SELECT ID FROM EXERCISE_ENTITY WHERE NAME = 'Incline Dumbbell Curl');
INSERT INTO EXERCISE_SET_ENTITY (SET_TYPE, ID, NUMBER_OF_REPS, STATUS , WEIGHT , WEIGHT_KG) VALUES ('WeightedSet', 27050, 8.0, 0, null, 7.5);
INSERT INTO EXERCISE_ACTIVITY_ENTITY_SETS (EXERCISE_ACTIVITY_ENTITY_ID, SETS_ID) VALUES (2705, 27050);
INSERT INTO EXERCISE_SET_ENTITY (SET_TYPE, ID, NUMBER_OF_REPS, STATUS , WEIGHT , WEIGHT_KG) VALUES ('WeightedSet', 27051, 8.0, 0, null, 7.5);
INSERT INTO EXERCISE_ACTIVITY_ENTITY_SETS (EXERCISE_ACTIVITY_ENTITY_ID, SETS_ID) VALUES (2705, 27051);
INSERT INTO EXERCISE_SET_ENTITY (SET_TYPE, ID, NUMBER_OF_REPS, STATUS , WEIGHT , WEIGHT_KG) VALUES ('WeightedSet', 27052, 8.0, 0, null, 7.5);
INSERT INTO EXERCISE_ACTIVITY_ENTITY_SETS (EXERCISE_ACTIVITY_ENTITY_ID, SETS_ID) VALUES (2705, 27052);
INSERT INTO WORKOUT_ENTITY_EXERCISE_ACTIVITIES (WORKOUT_ENTITY_ID, EXERCISE_ACTIVITIES_ID)  VALUES (27, 2705);
INSERT INTO EXERCISE_ACTIVITY_ENTITY (ID, NOTES, EXERCISE_ID) VALUES (2706, '', SELECT ID FROM EXERCISE_ENTITY WHERE NAME = 'Lying Leg Raise');
INSERT INTO EXERCISE_SET_ENTITY (SET_TYPE, ID, NUMBER_OF_REPS, STATUS , WEIGHT , WEIGHT_KG) VALUES ('NonWeightedSet', 27060, 10.0, 0, 'body', null);
INSERT INTO EXERCISE_ACTIVITY_ENTITY_SETS (EXERCISE_ACTIVITY_ENTITY_ID, SETS_ID) VALUES (2706, 27060);
INSERT INTO EXERCISE_SET_ENTITY (SET_TYPE, ID, NUMBER_OF_REPS, STATUS , WEIGHT , WEIGHT_KG) VALUES ('NonWeightedSet', 27061, 10.0, 0, 'body', null);
INSERT INTO EXERCISE_ACTIVITY_ENTITY_SETS (EXERCISE_ACTIVITY_ENTITY_ID, SETS_ID) VALUES (2706, 27061);
INSERT INTO WORKOUT_ENTITY_EXERCISE_ACTIVITIES (WORKOUT_ENTITY_ID, EXERCISE_ACTIVITIES_ID)  VALUES (27, 2706);
INSERT INTO EXERCISE_ACTIVITY_ENTITY (ID, NOTES, EXERCISE_ID) VALUES (2707, '', SELECT ID FROM EXERCISE_ENTITY WHERE NAME = 'Plank');
INSERT INTO EXERCISE_SET_ENTITY (SET_TYPE, ID, NUMBER_OF_REPS, STATUS , WEIGHT , WEIGHT_KG) VALUES ('NonWeightedSet', 27070, 1, 0, '50 seconds', null);
INSERT INTO EXERCISE_ACTIVITY_ENTITY_SETS (EXERCISE_ACTIVITY_ENTITY_ID, SETS_ID) VALUES (2707, 27070);
INSERT INTO EXERCISE_SET_ENTITY (SET_TYPE, ID, NUMBER_OF_REPS, STATUS , WEIGHT , WEIGHT_KG) VALUES ('NonWeightedSet', 27071, 1, 0, '40 seconds', null);
INSERT INTO EXERCISE_ACTIVITY_ENTITY_SETS (EXERCISE_ACTIVITY_ENTITY_ID, SETS_ID) VALUES (2707, 27071);
INSERT INTO WORKOUT_ENTITY_EXERCISE_ACTIVITIES (WORKOUT_ENTITY_ID, EXERCISE_ACTIVITIES_ID)  VALUES (27, 2707);
INSERT INTO EXERCISE_ACTIVITY_ENTITY (ID, NOTES, EXERCISE_ID) VALUES (2708, '', SELECT ID FROM EXERCISE_ENTITY WHERE NAME = 'Cable Crunch');
INSERT INTO EXERCISE_SET_ENTITY (SET_TYPE, ID, NUMBER_OF_REPS, STATUS , WEIGHT , WEIGHT_KG) VALUES ('NonWeightedSet', 27080, 10.0, 0, 'red band', null);
INSERT INTO EXERCISE_ACTIVITY_ENTITY_SETS (EXERCISE_ACTIVITY_ENTITY_ID, SETS_ID) VALUES (2708, 27080);
INSERT INTO EXERCISE_SET_ENTITY (SET_TYPE, ID, NUMBER_OF_REPS, STATUS , WEIGHT , WEIGHT_KG) VALUES ('NonWeightedSet', 27081, 10.0, 0, 'red band', null);
INSERT INTO EXERCISE_ACTIVITY_ENTITY_SETS (EXERCISE_ACTIVITY_ENTITY_ID, SETS_ID) VALUES (2708, 27081);
INSERT INTO WORKOUT_ENTITY_EXERCISE_ACTIVITIES (WORKOUT_ENTITY_ID, EXERCISE_ACTIVITIES_ID)  VALUES (27, 2708);
INSERT INTO EXERCISE_ACTIVITY_ENTITY (ID, NOTES, EXERCISE_ID) VALUES (2709, '', SELECT ID FROM EXERCISE_ENTITY WHERE NAME = 'Facepull');
INSERT INTO EXERCISE_SET_ENTITY (SET_TYPE, ID, NUMBER_OF_REPS, STATUS , WEIGHT , WEIGHT_KG) VALUES ('NonWeightedSet', 27090, 20.0, 0, 'yellow band', null);
INSERT INTO EXERCISE_ACTIVITY_ENTITY_SETS (EXERCISE_ACTIVITY_ENTITY_ID, SETS_ID) VALUES (2709, 27090);
INSERT INTO EXERCISE_SET_ENTITY (SET_TYPE, ID, NUMBER_OF_REPS, STATUS , WEIGHT , WEIGHT_KG) VALUES ('NonWeightedSet', 27091, 15.0, 0, 'yellow band', null);
INSERT INTO EXERCISE_ACTIVITY_ENTITY_SETS (EXERCISE_ACTIVITY_ENTITY_ID, SETS_ID) VALUES (2709, 27091);
INSERT INTO WORKOUT_ENTITY_EXERCISE_ACTIVITIES (WORKOUT_ENTITY_ID, EXERCISE_ACTIVITIES_ID)  VALUES (27, 2709);
INSERT INTO EXERCISE_ACTIVITY_ENTITY (ID, NOTES, EXERCISE_ID) VALUES (2710, '', SELECT ID FROM EXERCISE_ENTITY WHERE NAME = 'Trap Raise');
INSERT INTO EXERCISE_SET_ENTITY (SET_TYPE, ID, NUMBER_OF_REPS, STATUS , WEIGHT , WEIGHT_KG) VALUES ('NonWeightedSet', 27100, 10.0, 0, 'yellow band', null);
INSERT INTO EXERCISE_ACTIVITY_ENTITY_SETS (EXERCISE_ACTIVITY_ENTITY_ID, SETS_ID) VALUES (2710, 27100);
INSERT INTO EXERCISE_SET_ENTITY (SET_TYPE, ID, NUMBER_OF_REPS, STATUS , WEIGHT , WEIGHT_KG) VALUES ('NonWeightedSet', 27101, 10.0, 0, 'yellow band', null);
INSERT INTO EXERCISE_ACTIVITY_ENTITY_SETS (EXERCISE_ACTIVITY_ENTITY_ID, SETS_ID) VALUES (2710, 27101);
INSERT INTO WORKOUT_ENTITY_EXERCISE_ACTIVITIES (WORKOUT_ENTITY_ID, EXERCISE_ACTIVITIES_ID)  VALUES (27, 2710);
INSERT INTO WORKOUT_ENTITY (ID, NAME, NOTES, PERFORMED_AT_TIMESTAMP_UTC, WORKOUT_TYPE) VALUES (28, '2019-09-24 15:35:00', 'Notes', '2019-09-24 15:35:00', 'PUSH');
INSERT INTO EXERCISE_ACTIVITY_ENTITY (ID, NOTES, EXERCISE_ID) VALUES (2800, '', SELECT ID FROM EXERCISE_ENTITY WHERE NAME = 'Bench Press');
INSERT INTO EXERCISE_SET_ENTITY (SET_TYPE, ID, NUMBER_OF_REPS, STATUS , WEIGHT , WEIGHT_KG) VALUES ('WeightedSet', 28000, 7.0, 0, null, 20);
INSERT INTO EXERCISE_ACTIVITY_ENTITY_SETS (EXERCISE_ACTIVITY_ENTITY_ID, SETS_ID) VALUES (2800, 28000);
INSERT INTO EXERCISE_SET_ENTITY (SET_TYPE, ID, NUMBER_OF_REPS, STATUS , WEIGHT , WEIGHT_KG) VALUES ('WeightedSet', 28001, 5.0, 0, null, 40);
INSERT INTO EXERCISE_ACTIVITY_ENTITY_SETS (EXERCISE_ACTIVITY_ENTITY_ID, SETS_ID) VALUES (2800, 28001);
INSERT INTO EXERCISE_SET_ENTITY (SET_TYPE, ID, NUMBER_OF_REPS, STATUS , WEIGHT , WEIGHT_KG) VALUES ('WeightedSet', 28002, 4.0, 0, null, 50);
INSERT INTO EXERCISE_ACTIVITY_ENTITY_SETS (EXERCISE_ACTIVITY_ENTITY_ID, SETS_ID) VALUES (2800, 28002);
INSERT INTO EXERCISE_SET_ENTITY (SET_TYPE, ID, NUMBER_OF_REPS, STATUS , WEIGHT , WEIGHT_KG) VALUES ('WeightedSet', 28003, 5.0, 0, null, 57.5);
INSERT INTO EXERCISE_ACTIVITY_ENTITY_SETS (EXERCISE_ACTIVITY_ENTITY_ID, SETS_ID) VALUES (2800, 28003);
INSERT INTO EXERCISE_SET_ENTITY (SET_TYPE, ID, NUMBER_OF_REPS, STATUS , WEIGHT , WEIGHT_KG) VALUES ('WeightedSet', 28004, 5.0, 0, null, 57.5);
INSERT INTO EXERCISE_ACTIVITY_ENTITY_SETS (EXERCISE_ACTIVITY_ENTITY_ID, SETS_ID) VALUES (2800, 28004);
INSERT INTO EXERCISE_SET_ENTITY (SET_TYPE, ID, NUMBER_OF_REPS, STATUS , WEIGHT , WEIGHT_KG) VALUES ('WeightedSet', 28005, 5.0, 0, null, 57.5);
INSERT INTO EXERCISE_ACTIVITY_ENTITY_SETS (EXERCISE_ACTIVITY_ENTITY_ID, SETS_ID) VALUES (2800, 28005);
INSERT INTO EXERCISE_SET_ENTITY (SET_TYPE, ID, NUMBER_OF_REPS, STATUS , WEIGHT , WEIGHT_KG) VALUES ('WeightedSet', 28006, 5.0, 0, null, 57.5);
INSERT INTO EXERCISE_ACTIVITY_ENTITY_SETS (EXERCISE_ACTIVITY_ENTITY_ID, SETS_ID) VALUES (2800, 28006);
INSERT INTO EXERCISE_SET_ENTITY (SET_TYPE, ID, NUMBER_OF_REPS, STATUS , WEIGHT , WEIGHT_KG) VALUES ('WeightedSet', 28007, 5.0, 0, null, 57.5);
INSERT INTO EXERCISE_ACTIVITY_ENTITY_SETS (EXERCISE_ACTIVITY_ENTITY_ID, SETS_ID) VALUES (2800, 28007);
INSERT INTO WORKOUT_ENTITY_EXERCISE_ACTIVITIES (WORKOUT_ENTITY_ID, EXERCISE_ACTIVITIES_ID)  VALUES (28, 2800);
INSERT INTO EXERCISE_ACTIVITY_ENTITY (ID, NOTES, EXERCISE_ID) VALUES (2801, '', SELECT ID FROM EXERCISE_ENTITY WHERE NAME = 'Overhead Press');
INSERT INTO EXERCISE_SET_ENTITY (SET_TYPE, ID, NUMBER_OF_REPS, STATUS , WEIGHT , WEIGHT_KG) VALUES ('WeightedSet', 28010, 8.0, 0, null, 20);
INSERT INTO EXERCISE_ACTIVITY_ENTITY_SETS (EXERCISE_ACTIVITY_ENTITY_ID, SETS_ID) VALUES (2801, 28010);
INSERT INTO EXERCISE_SET_ENTITY (SET_TYPE, ID, NUMBER_OF_REPS, STATUS , WEIGHT , WEIGHT_KG) VALUES ('WeightedSet', 28011, 8.0, 0, null, 32.5);
INSERT INTO EXERCISE_ACTIVITY_ENTITY_SETS (EXERCISE_ACTIVITY_ENTITY_ID, SETS_ID) VALUES (2801, 28011);
INSERT INTO EXERCISE_SET_ENTITY (SET_TYPE, ID, NUMBER_OF_REPS, STATUS , WEIGHT , WEIGHT_KG) VALUES ('WeightedSet', 28012, 8.0, 0, null, 32.5);
INSERT INTO EXERCISE_ACTIVITY_ENTITY_SETS (EXERCISE_ACTIVITY_ENTITY_ID, SETS_ID) VALUES (2801, 28012);
INSERT INTO EXERCISE_SET_ENTITY (SET_TYPE, ID, NUMBER_OF_REPS, STATUS , WEIGHT , WEIGHT_KG) VALUES ('WeightedSet', 28013, 7.0, 1, null, 32.5);
INSERT INTO EXERCISE_ACTIVITY_ENTITY_SETS (EXERCISE_ACTIVITY_ENTITY_ID, SETS_ID) VALUES (2801, 28013);
INSERT INTO WORKOUT_ENTITY_EXERCISE_ACTIVITIES (WORKOUT_ENTITY_ID, EXERCISE_ACTIVITIES_ID)  VALUES (28, 2801);
INSERT INTO EXERCISE_ACTIVITY_ENTITY (ID, NOTES, EXERCISE_ID) VALUES (2802, '', SELECT ID FROM EXERCISE_ENTITY WHERE NAME = 'Reverse Bench Press');
INSERT INTO EXERCISE_SET_ENTITY (SET_TYPE, ID, NUMBER_OF_REPS, STATUS , WEIGHT , WEIGHT_KG) VALUES ('WeightedSet', 28020, 8.0, 0, null, 32.5);
INSERT INTO EXERCISE_ACTIVITY_ENTITY_SETS (EXERCISE_ACTIVITY_ENTITY_ID, SETS_ID) VALUES (2802, 28020);
INSERT INTO EXERCISE_SET_ENTITY (SET_TYPE, ID, NUMBER_OF_REPS, STATUS , WEIGHT , WEIGHT_KG) VALUES ('WeightedSet', 28021, 10.0, 0, null, 32.5);
INSERT INTO EXERCISE_ACTIVITY_ENTITY_SETS (EXERCISE_ACTIVITY_ENTITY_ID, SETS_ID) VALUES (2802, 28021);
INSERT INTO EXERCISE_SET_ENTITY (SET_TYPE, ID, NUMBER_OF_REPS, STATUS , WEIGHT , WEIGHT_KG) VALUES ('WeightedSet', 28022, 8.0, 0, null, 32.5);
INSERT INTO EXERCISE_ACTIVITY_ENTITY_SETS (EXERCISE_ACTIVITY_ENTITY_ID, SETS_ID) VALUES (2802, 28022);
INSERT INTO WORKOUT_ENTITY_EXERCISE_ACTIVITIES (WORKOUT_ENTITY_ID, EXERCISE_ACTIVITIES_ID)  VALUES (28, 2802);
INSERT INTO EXERCISE_ACTIVITY_ENTITY (ID, NOTES, EXERCISE_ID) VALUES (2803, '', SELECT ID FROM EXERCISE_ENTITY WHERE NAME = 'Lateral Raise');
INSERT INTO EXERCISE_SET_ENTITY (SET_TYPE, ID, NUMBER_OF_REPS, STATUS , WEIGHT , WEIGHT_KG) VALUES ('WeightedSet', 28030, 15.0, 0, null, 5);
INSERT INTO EXERCISE_ACTIVITY_ENTITY_SETS (EXERCISE_ACTIVITY_ENTITY_ID, SETS_ID) VALUES (2803, 28030);
INSERT INTO EXERCISE_SET_ENTITY (SET_TYPE, ID, NUMBER_OF_REPS, STATUS , WEIGHT , WEIGHT_KG) VALUES ('WeightedSet', 28031, 15.0, 0, null, 2.5);
INSERT INTO EXERCISE_ACTIVITY_ENTITY_SETS (EXERCISE_ACTIVITY_ENTITY_ID, SETS_ID) VALUES (2803, 28031);
INSERT INTO EXERCISE_SET_ENTITY (SET_TYPE, ID, NUMBER_OF_REPS, STATUS , WEIGHT , WEIGHT_KG) VALUES ('WeightedSet', 28032, 15.0, 0, null, 2.5);
INSERT INTO EXERCISE_ACTIVITY_ENTITY_SETS (EXERCISE_ACTIVITY_ENTITY_ID, SETS_ID) VALUES (2803, 28032);
INSERT INTO EXERCISE_SET_ENTITY (SET_TYPE, ID, NUMBER_OF_REPS, STATUS , WEIGHT , WEIGHT_KG) VALUES ('WeightedSet', 28033, 14.0, 1, null, 2.5);
INSERT INTO EXERCISE_ACTIVITY_ENTITY_SETS (EXERCISE_ACTIVITY_ENTITY_ID, SETS_ID) VALUES (2803, 28033);
INSERT INTO WORKOUT_ENTITY_EXERCISE_ACTIVITIES (WORKOUT_ENTITY_ID, EXERCISE_ACTIVITIES_ID)  VALUES (28, 2803);
INSERT INTO EXERCISE_ACTIVITY_ENTITY (ID, NOTES, EXERCISE_ID) VALUES (2804, '', SELECT ID FROM EXERCISE_ENTITY WHERE NAME = 'Close Grip Bench Press');
INSERT INTO EXERCISE_SET_ENTITY (SET_TYPE, ID, NUMBER_OF_REPS, STATUS , WEIGHT , WEIGHT_KG) VALUES ('WeightedSet', 28040, 8.0, 0, null, 32.5);
INSERT INTO EXERCISE_ACTIVITY_ENTITY_SETS (EXERCISE_ACTIVITY_ENTITY_ID, SETS_ID) VALUES (2804, 28040);
INSERT INTO EXERCISE_SET_ENTITY (SET_TYPE, ID, NUMBER_OF_REPS, STATUS , WEIGHT , WEIGHT_KG) VALUES ('WeightedSet', 28041, 6.0, 1, null, 32.5);
INSERT INTO EXERCISE_ACTIVITY_ENTITY_SETS (EXERCISE_ACTIVITY_ENTITY_ID, SETS_ID) VALUES (2804, 28041);
INSERT INTO EXERCISE_SET_ENTITY (SET_TYPE, ID, NUMBER_OF_REPS, STATUS , WEIGHT , WEIGHT_KG) VALUES ('WeightedSet', 28042, 8.0, 0, null, 20);
INSERT INTO EXERCISE_ACTIVITY_ENTITY_SETS (EXERCISE_ACTIVITY_ENTITY_ID, SETS_ID) VALUES (2804, 28042);
INSERT INTO WORKOUT_ENTITY_EXERCISE_ACTIVITIES (WORKOUT_ENTITY_ID, EXERCISE_ACTIVITIES_ID)  VALUES (28, 2804);
INSERT INTO EXERCISE_ACTIVITY_ENTITY (ID, NOTES, EXERCISE_ID) VALUES (2805, '', SELECT ID FROM EXERCISE_ENTITY WHERE NAME = 'Tricep Kickback');
INSERT INTO EXERCISE_SET_ENTITY (SET_TYPE, ID, NUMBER_OF_REPS, STATUS , WEIGHT , WEIGHT_KG) VALUES ('WeightedSet', 28050, 10.0, 0, null, 5);
INSERT INTO EXERCISE_ACTIVITY_ENTITY_SETS (EXERCISE_ACTIVITY_ENTITY_ID, SETS_ID) VALUES (2805, 28050);
INSERT INTO EXERCISE_SET_ENTITY (SET_TYPE, ID, NUMBER_OF_REPS, STATUS , WEIGHT , WEIGHT_KG) VALUES ('WeightedSet', 28051, 10.0, 0, null, 5);
INSERT INTO EXERCISE_ACTIVITY_ENTITY_SETS (EXERCISE_ACTIVITY_ENTITY_ID, SETS_ID) VALUES (2805, 28051);
INSERT INTO WORKOUT_ENTITY_EXERCISE_ACTIVITIES (WORKOUT_ENTITY_ID, EXERCISE_ACTIVITIES_ID)  VALUES (28, 2805);
INSERT INTO WORKOUT_ENTITY (ID, NAME, NOTES, PERFORMED_AT_TIMESTAMP_UTC, WORKOUT_TYPE) VALUES (29, '2019-09-27 11:10:00', 'Notes', '2019-09-27 11:10:00', 'LEGS');
INSERT INTO EXERCISE_ACTIVITY_ENTITY (ID, NOTES, EXERCISE_ID) VALUES (2900, '', SELECT ID FROM EXERCISE_ENTITY WHERE NAME = 'Squat');
INSERT INTO EXERCISE_SET_ENTITY (SET_TYPE, ID, NUMBER_OF_REPS, STATUS , WEIGHT , WEIGHT_KG) VALUES ('NonWeightedSet', 29000, 8.0, 0, 'body', null);
INSERT INTO EXERCISE_ACTIVITY_ENTITY_SETS (EXERCISE_ACTIVITY_ENTITY_ID, SETS_ID) VALUES (2900, 29000);
INSERT INTO EXERCISE_SET_ENTITY (SET_TYPE, ID, NUMBER_OF_REPS, STATUS , WEIGHT , WEIGHT_KG) VALUES ('WeightedSet', 29001, 5.0, 0, null, 20);
INSERT INTO EXERCISE_ACTIVITY_ENTITY_SETS (EXERCISE_ACTIVITY_ENTITY_ID, SETS_ID) VALUES (2900, 29001);
INSERT INTO EXERCISE_SET_ENTITY (SET_TYPE, ID, NUMBER_OF_REPS, STATUS , WEIGHT , WEIGHT_KG) VALUES ('WeightedSet', 29002, 3.0, 0, null, 40);
INSERT INTO EXERCISE_ACTIVITY_ENTITY_SETS (EXERCISE_ACTIVITY_ENTITY_ID, SETS_ID) VALUES (2900, 29002);
INSERT INTO EXERCISE_SET_ENTITY (SET_TYPE, ID, NUMBER_OF_REPS, STATUS , WEIGHT , WEIGHT_KG) VALUES ('WeightedSet', 29003, 2.0, 0, null, 60);
INSERT INTO EXERCISE_ACTIVITY_ENTITY_SETS (EXERCISE_ACTIVITY_ENTITY_ID, SETS_ID) VALUES (2900, 29003);
INSERT INTO EXERCISE_SET_ENTITY (SET_TYPE, ID, NUMBER_OF_REPS, STATUS , WEIGHT , WEIGHT_KG) VALUES ('WeightedSet', 29004, 1.0, 0, null, 70);
INSERT INTO EXERCISE_ACTIVITY_ENTITY_SETS (EXERCISE_ACTIVITY_ENTITY_ID, SETS_ID) VALUES (2900, 29004);
INSERT INTO EXERCISE_SET_ENTITY (SET_TYPE, ID, NUMBER_OF_REPS, STATUS , WEIGHT , WEIGHT_KG) VALUES ('WeightedSet', 29005, 5.0, 0, null, 80);
INSERT INTO EXERCISE_ACTIVITY_ENTITY_SETS (EXERCISE_ACTIVITY_ENTITY_ID, SETS_ID) VALUES (2900, 29005);
INSERT INTO EXERCISE_SET_ENTITY (SET_TYPE, ID, NUMBER_OF_REPS, STATUS , WEIGHT , WEIGHT_KG) VALUES ('WeightedSet', 29006, 5.0, 0, null, 80);
INSERT INTO EXERCISE_ACTIVITY_ENTITY_SETS (EXERCISE_ACTIVITY_ENTITY_ID, SETS_ID) VALUES (2900, 29006);
INSERT INTO EXERCISE_SET_ENTITY (SET_TYPE, ID, NUMBER_OF_REPS, STATUS , WEIGHT , WEIGHT_KG) VALUES ('WeightedSet', 29007, 5.0, 0, null, 80);
INSERT INTO EXERCISE_ACTIVITY_ENTITY_SETS (EXERCISE_ACTIVITY_ENTITY_ID, SETS_ID) VALUES (2900, 29007);
INSERT INTO EXERCISE_SET_ENTITY (SET_TYPE, ID, NUMBER_OF_REPS, STATUS , WEIGHT , WEIGHT_KG) VALUES ('WeightedSet', 29008, 5.0, 0, null, 80);
INSERT INTO EXERCISE_ACTIVITY_ENTITY_SETS (EXERCISE_ACTIVITY_ENTITY_ID, SETS_ID) VALUES (2900, 29008);
INSERT INTO EXERCISE_SET_ENTITY (SET_TYPE, ID, NUMBER_OF_REPS, STATUS , WEIGHT , WEIGHT_KG) VALUES ('WeightedSet', 29009, 5.0, 0, null, 80);
INSERT INTO EXERCISE_ACTIVITY_ENTITY_SETS (EXERCISE_ACTIVITY_ENTITY_ID, SETS_ID) VALUES (2900, 29009);
INSERT INTO WORKOUT_ENTITY_EXERCISE_ACTIVITIES (WORKOUT_ENTITY_ID, EXERCISE_ACTIVITIES_ID)  VALUES (29, 2900);
INSERT INTO EXERCISE_ACTIVITY_ENTITY (ID, NOTES, EXERCISE_ID) VALUES (2901, '', SELECT ID FROM EXERCISE_ENTITY WHERE NAME = 'Romanian Deadlift');
INSERT INTO EXERCISE_SET_ENTITY (SET_TYPE, ID, NUMBER_OF_REPS, STATUS , WEIGHT , WEIGHT_KG) VALUES ('WeightedSet', 29010, 8.0, 0, null, 20);
INSERT INTO EXERCISE_ACTIVITY_ENTITY_SETS (EXERCISE_ACTIVITY_ENTITY_ID, SETS_ID) VALUES (2901, 29010);
INSERT INTO EXERCISE_SET_ENTITY (SET_TYPE, ID, NUMBER_OF_REPS, STATUS , WEIGHT , WEIGHT_KG) VALUES ('WeightedSet', 29011, 5.0, 0, null, 40);
INSERT INTO EXERCISE_ACTIVITY_ENTITY_SETS (EXERCISE_ACTIVITY_ENTITY_ID, SETS_ID) VALUES (2901, 29011);
INSERT INTO EXERCISE_SET_ENTITY (SET_TYPE, ID, NUMBER_OF_REPS, STATUS , WEIGHT , WEIGHT_KG) VALUES ('WeightedSet', 29012, 8.0, 0, null, 50);
INSERT INTO EXERCISE_ACTIVITY_ENTITY_SETS (EXERCISE_ACTIVITY_ENTITY_ID, SETS_ID) VALUES (2901, 29012);
INSERT INTO EXERCISE_SET_ENTITY (SET_TYPE, ID, NUMBER_OF_REPS, STATUS , WEIGHT , WEIGHT_KG) VALUES ('WeightedSet', 29013, 8.0, 0, null, 50);
INSERT INTO EXERCISE_ACTIVITY_ENTITY_SETS (EXERCISE_ACTIVITY_ENTITY_ID, SETS_ID) VALUES (2901, 29013);
INSERT INTO EXERCISE_SET_ENTITY (SET_TYPE, ID, NUMBER_OF_REPS, STATUS , WEIGHT , WEIGHT_KG) VALUES ('WeightedSet', 29014, 8.0, 0, null, 50);
INSERT INTO EXERCISE_ACTIVITY_ENTITY_SETS (EXERCISE_ACTIVITY_ENTITY_ID, SETS_ID) VALUES (2901, 29014);
INSERT INTO WORKOUT_ENTITY_EXERCISE_ACTIVITIES (WORKOUT_ENTITY_ID, EXERCISE_ACTIVITIES_ID)  VALUES (29, 2901);
INSERT INTO EXERCISE_ACTIVITY_ENTITY (ID, NOTES, EXERCISE_ID) VALUES (2902, '', SELECT ID FROM EXERCISE_ENTITY WHERE NAME = 'Frog Pump');
INSERT INTO EXERCISE_SET_ENTITY (SET_TYPE, ID, NUMBER_OF_REPS, STATUS , WEIGHT , WEIGHT_KG) VALUES ('NonWeightedSet', 29020, 20.0, 0, 'body', null);
INSERT INTO EXERCISE_ACTIVITY_ENTITY_SETS (EXERCISE_ACTIVITY_ENTITY_ID, SETS_ID) VALUES (2902, 29020);
INSERT INTO WORKOUT_ENTITY_EXERCISE_ACTIVITIES (WORKOUT_ENTITY_ID, EXERCISE_ACTIVITIES_ID)  VALUES (29, 2902);
INSERT INTO EXERCISE_ACTIVITY_ENTITY (ID, NOTES, EXERCISE_ID) VALUES (2903, '', SELECT ID FROM EXERCISE_ENTITY WHERE NAME = 'Hip Thrust');
INSERT INTO EXERCISE_SET_ENTITY (SET_TYPE, ID, NUMBER_OF_REPS, STATUS , WEIGHT , WEIGHT_KG) VALUES ('WeightedSet', 29030, 15.0, 0, null, 20);
INSERT INTO EXERCISE_ACTIVITY_ENTITY_SETS (EXERCISE_ACTIVITY_ENTITY_ID, SETS_ID) VALUES (2903, 29030);
INSERT INTO EXERCISE_SET_ENTITY (SET_TYPE, ID, NUMBER_OF_REPS, STATUS , WEIGHT , WEIGHT_KG) VALUES ('WeightedSet', 29031, 15.0, 0, null, 20);
INSERT INTO EXERCISE_ACTIVITY_ENTITY_SETS (EXERCISE_ACTIVITY_ENTITY_ID, SETS_ID) VALUES (2903, 29031);
INSERT INTO EXERCISE_SET_ENTITY (SET_TYPE, ID, NUMBER_OF_REPS, STATUS , WEIGHT , WEIGHT_KG) VALUES ('WeightedSet', 29032, 15.0, 0, null, 20);
INSERT INTO EXERCISE_ACTIVITY_ENTITY_SETS (EXERCISE_ACTIVITY_ENTITY_ID, SETS_ID) VALUES (2903, 29032);
INSERT INTO WORKOUT_ENTITY_EXERCISE_ACTIVITIES (WORKOUT_ENTITY_ID, EXERCISE_ACTIVITIES_ID)  VALUES (29, 2903);
INSERT INTO EXERCISE_ACTIVITY_ENTITY (ID, NOTES, EXERCISE_ID) VALUES (2904, '', SELECT ID FROM EXERCISE_ENTITY WHERE NAME = 'Calf Raise');
INSERT INTO EXERCISE_SET_ENTITY (SET_TYPE, ID, NUMBER_OF_REPS, STATUS , WEIGHT , WEIGHT_KG) VALUES ('NonWeightedSet', 29040, 10.0, 0, 'body', null);
INSERT INTO EXERCISE_ACTIVITY_ENTITY_SETS (EXERCISE_ACTIVITY_ENTITY_ID, SETS_ID) VALUES (2904, 29040);
INSERT INTO EXERCISE_SET_ENTITY (SET_TYPE, ID, NUMBER_OF_REPS, STATUS , WEIGHT , WEIGHT_KG) VALUES ('WeightedSet', 29041, 10.0, 0, null, 125);
INSERT INTO EXERCISE_ACTIVITY_ENTITY_SETS (EXERCISE_ACTIVITY_ENTITY_ID, SETS_ID) VALUES (2904, 29041);
INSERT INTO EXERCISE_SET_ENTITY (SET_TYPE, ID, NUMBER_OF_REPS, STATUS , WEIGHT , WEIGHT_KG) VALUES ('WeightedSet', 29042, 10.0, 0, null, 125);
INSERT INTO EXERCISE_ACTIVITY_ENTITY_SETS (EXERCISE_ACTIVITY_ENTITY_ID, SETS_ID) VALUES (2904, 29042);
INSERT INTO WORKOUT_ENTITY_EXERCISE_ACTIVITIES (WORKOUT_ENTITY_ID, EXERCISE_ACTIVITIES_ID)  VALUES (29, 2904);
INSERT INTO EXERCISE_ACTIVITY_ENTITY (ID, NOTES, EXERCISE_ID) VALUES (2905, '', SELECT ID FROM EXERCISE_ENTITY WHERE NAME = 'Seated Calf Raise');
INSERT INTO EXERCISE_SET_ENTITY (SET_TYPE, ID, NUMBER_OF_REPS, STATUS , WEIGHT , WEIGHT_KG) VALUES ('WeightedSet', 29050, 10.0, 0, null, 20);
INSERT INTO EXERCISE_ACTIVITY_ENTITY_SETS (EXERCISE_ACTIVITY_ENTITY_ID, SETS_ID) VALUES (2905, 29050);
INSERT INTO EXERCISE_SET_ENTITY (SET_TYPE, ID, NUMBER_OF_REPS, STATUS , WEIGHT , WEIGHT_KG) VALUES ('WeightedSet', 29051, 10.0, 0, null, 20);
INSERT INTO EXERCISE_ACTIVITY_ENTITY_SETS (EXERCISE_ACTIVITY_ENTITY_ID, SETS_ID) VALUES (2905, 29051);
INSERT INTO WORKOUT_ENTITY_EXERCISE_ACTIVITIES (WORKOUT_ENTITY_ID, EXERCISE_ACTIVITIES_ID)  VALUES (29, 2905);
INSERT INTO WORKOUT_ENTITY (ID, NAME, NOTES, PERFORMED_AT_TIMESTAMP_UTC, WORKOUT_TYPE) VALUES (30, '2019-10-01 17:00:00', 'Notes', '2019-10-01 17:00:00', 'LEGS');
INSERT INTO EXERCISE_ACTIVITY_ENTITY (ID, NOTES, EXERCISE_ID) VALUES (3000, '', SELECT ID FROM EXERCISE_ENTITY WHERE NAME = 'Hip Thrust');
INSERT INTO EXERCISE_SET_ENTITY (SET_TYPE, ID, NUMBER_OF_REPS, STATUS , WEIGHT , WEIGHT_KG) VALUES ('WeightedSet', 30000, 10.0, 0, null, 20);
INSERT INTO EXERCISE_ACTIVITY_ENTITY_SETS (EXERCISE_ACTIVITY_ENTITY_ID, SETS_ID) VALUES (3000, 30000);
INSERT INTO EXERCISE_SET_ENTITY (SET_TYPE, ID, NUMBER_OF_REPS, STATUS , WEIGHT , WEIGHT_KG) VALUES ('WeightedSet', 30001, 10.0, 0, null, 30);
INSERT INTO EXERCISE_ACTIVITY_ENTITY_SETS (EXERCISE_ACTIVITY_ENTITY_ID, SETS_ID) VALUES (3000, 30001);
INSERT INTO EXERCISE_SET_ENTITY (SET_TYPE, ID, NUMBER_OF_REPS, STATUS , WEIGHT , WEIGHT_KG) VALUES ('WeightedSet', 30002, 10.0, 0, null, 30);
INSERT INTO EXERCISE_ACTIVITY_ENTITY_SETS (EXERCISE_ACTIVITY_ENTITY_ID, SETS_ID) VALUES (3000, 30002);
INSERT INTO WORKOUT_ENTITY_EXERCISE_ACTIVITIES (WORKOUT_ENTITY_ID, EXERCISE_ACTIVITIES_ID)  VALUES (30, 3000);
INSERT INTO EXERCISE_ACTIVITY_ENTITY (ID, NOTES, EXERCISE_ID) VALUES (3001, '', SELECT ID FROM EXERCISE_ENTITY WHERE NAME = 'Band Pull Through');
INSERT INTO EXERCISE_SET_ENTITY (SET_TYPE, ID, NUMBER_OF_REPS, STATUS , WEIGHT , WEIGHT_KG) VALUES ('NonWeightedSet', 30010, 10.0, 0, 'red band', null);
INSERT INTO EXERCISE_ACTIVITY_ENTITY_SETS (EXERCISE_ACTIVITY_ENTITY_ID, SETS_ID) VALUES (3001, 30010);
INSERT INTO EXERCISE_SET_ENTITY (SET_TYPE, ID, NUMBER_OF_REPS, STATUS , WEIGHT , WEIGHT_KG) VALUES ('NonWeightedSet', 30011, 10.0, 0, 'red band', null);
INSERT INTO EXERCISE_ACTIVITY_ENTITY_SETS (EXERCISE_ACTIVITY_ENTITY_ID, SETS_ID) VALUES (3001, 30011);
INSERT INTO EXERCISE_SET_ENTITY (SET_TYPE, ID, NUMBER_OF_REPS, STATUS , WEIGHT , WEIGHT_KG) VALUES ('NonWeightedSet', 30012, 10.0, 0, 'red band', null);
INSERT INTO EXERCISE_ACTIVITY_ENTITY_SETS (EXERCISE_ACTIVITY_ENTITY_ID, SETS_ID) VALUES (3001, 30012);
INSERT INTO WORKOUT_ENTITY_EXERCISE_ACTIVITIES (WORKOUT_ENTITY_ID, EXERCISE_ACTIVITIES_ID)  VALUES (30, 3001);
INSERT INTO WORKOUT_ENTITY (ID, NAME, NOTES, PERFORMED_AT_TIMESTAMP_UTC, WORKOUT_TYPE) VALUES (31, '2019-10-02 14:40:00', 'Notes', '2019-10-02 14:40:00', 'PULL');
INSERT INTO EXERCISE_ACTIVITY_ENTITY (ID, NOTES, EXERCISE_ID) VALUES (3100, '', SELECT ID FROM EXERCISE_ENTITY WHERE NAME = 'Bent Over Row');
INSERT INTO EXERCISE_SET_ENTITY (SET_TYPE, ID, NUMBER_OF_REPS, STATUS , WEIGHT , WEIGHT_KG) VALUES ('WeightedSet', 31000, 10.0, 0, null, 30);
INSERT INTO EXERCISE_ACTIVITY_ENTITY_SETS (EXERCISE_ACTIVITY_ENTITY_ID, SETS_ID) VALUES (3100, 31000);
INSERT INTO EXERCISE_SET_ENTITY (SET_TYPE, ID, NUMBER_OF_REPS, STATUS , WEIGHT , WEIGHT_KG) VALUES ('WeightedSet', 31001, 10.0, 0, null, 30);
INSERT INTO EXERCISE_ACTIVITY_ENTITY_SETS (EXERCISE_ACTIVITY_ENTITY_ID, SETS_ID) VALUES (3100, 31001);
INSERT INTO EXERCISE_SET_ENTITY (SET_TYPE, ID, NUMBER_OF_REPS, STATUS , WEIGHT , WEIGHT_KG) VALUES ('WeightedSet', 31002, 10.0, 0, null, 30);
INSERT INTO EXERCISE_ACTIVITY_ENTITY_SETS (EXERCISE_ACTIVITY_ENTITY_ID, SETS_ID) VALUES (3100, 31002);
INSERT INTO WORKOUT_ENTITY_EXERCISE_ACTIVITIES (WORKOUT_ENTITY_ID, EXERCISE_ACTIVITIES_ID)  VALUES (31, 3100);
INSERT INTO EXERCISE_ACTIVITY_ENTITY (ID, NOTES, EXERCISE_ID) VALUES (3101, '', SELECT ID FROM EXERCISE_ENTITY WHERE NAME = 'Chin Up');
INSERT INTO EXERCISE_SET_ENTITY (SET_TYPE, ID, NUMBER_OF_REPS, STATUS , WEIGHT , WEIGHT_KG) VALUES ('NonWeightedSet', 31010, 6.0, 0, 'body', null);
INSERT INTO EXERCISE_ACTIVITY_ENTITY_SETS (EXERCISE_ACTIVITY_ENTITY_ID, SETS_ID) VALUES (3101, 31010);
INSERT INTO EXERCISE_SET_ENTITY (SET_TYPE, ID, NUMBER_OF_REPS, STATUS , WEIGHT , WEIGHT_KG) VALUES ('NonWeightedSet', 31011, 6.0, 0, 'body', null);
INSERT INTO EXERCISE_ACTIVITY_ENTITY_SETS (EXERCISE_ACTIVITY_ENTITY_ID, SETS_ID) VALUES (3101, 31011);
INSERT INTO EXERCISE_SET_ENTITY (SET_TYPE, ID, NUMBER_OF_REPS, STATUS , WEIGHT , WEIGHT_KG) VALUES ('NonWeightedSet', 31012, 6.0, 0, 'body', null);
INSERT INTO EXERCISE_ACTIVITY_ENTITY_SETS (EXERCISE_ACTIVITY_ENTITY_ID, SETS_ID) VALUES (3101, 31012);
INSERT INTO WORKOUT_ENTITY_EXERCISE_ACTIVITIES (WORKOUT_ENTITY_ID, EXERCISE_ACTIVITIES_ID)  VALUES (31, 3101);
INSERT INTO EXERCISE_ACTIVITY_ENTITY (ID, NOTES, EXERCISE_ID) VALUES (3102, '', SELECT ID FROM EXERCISE_ENTITY WHERE NAME = 'Inverted Row (Bench)');
INSERT INTO EXERCISE_SET_ENTITY (SET_TYPE, ID, NUMBER_OF_REPS, STATUS , WEIGHT , WEIGHT_KG) VALUES ('WeightedSet', 31020, 10.0, 0, null, 5);
INSERT INTO EXERCISE_ACTIVITY_ENTITY_SETS (EXERCISE_ACTIVITY_ENTITY_ID, SETS_ID) VALUES (3102, 31020);
INSERT INTO EXERCISE_SET_ENTITY (SET_TYPE, ID, NUMBER_OF_REPS, STATUS , WEIGHT , WEIGHT_KG) VALUES ('WeightedSet', 31021, 10.0, 0, null, 5);
INSERT INTO EXERCISE_ACTIVITY_ENTITY_SETS (EXERCISE_ACTIVITY_ENTITY_ID, SETS_ID) VALUES (3102, 31021);
INSERT INTO EXERCISE_SET_ENTITY (SET_TYPE, ID, NUMBER_OF_REPS, STATUS , WEIGHT , WEIGHT_KG) VALUES ('WeightedSet', 31022, 10.0, 0, null, 5);
INSERT INTO EXERCISE_ACTIVITY_ENTITY_SETS (EXERCISE_ACTIVITY_ENTITY_ID, SETS_ID) VALUES (3102, 31022);
INSERT INTO WORKOUT_ENTITY_EXERCISE_ACTIVITIES (WORKOUT_ENTITY_ID, EXERCISE_ACTIVITIES_ID)  VALUES (31, 3102);
INSERT INTO EXERCISE_ACTIVITY_ENTITY (ID, NOTES, EXERCISE_ID) VALUES (3103, '', SELECT ID FROM EXERCISE_ENTITY WHERE NAME = 'Inverted Row');
INSERT INTO EXERCISE_SET_ENTITY (SET_TYPE, ID, NUMBER_OF_REPS, STATUS , WEIGHT , WEIGHT_KG) VALUES ('NonWeightedSet', 31030, 10.0, 0, 'body', null);
INSERT INTO EXERCISE_ACTIVITY_ENTITY_SETS (EXERCISE_ACTIVITY_ENTITY_ID, SETS_ID) VALUES (3103, 31030);
INSERT INTO EXERCISE_SET_ENTITY (SET_TYPE, ID, NUMBER_OF_REPS, STATUS , WEIGHT , WEIGHT_KG) VALUES ('NonWeightedSet', 31031, 10.0, 0, 'body', null);
INSERT INTO EXERCISE_ACTIVITY_ENTITY_SETS (EXERCISE_ACTIVITY_ENTITY_ID, SETS_ID) VALUES (3103, 31031);
INSERT INTO EXERCISE_SET_ENTITY (SET_TYPE, ID, NUMBER_OF_REPS, STATUS , WEIGHT , WEIGHT_KG) VALUES ('NonWeightedSet', 31032, 10.0, 0, 'body', null);
INSERT INTO EXERCISE_ACTIVITY_ENTITY_SETS (EXERCISE_ACTIVITY_ENTITY_ID, SETS_ID) VALUES (3103, 31032);
INSERT INTO WORKOUT_ENTITY_EXERCISE_ACTIVITIES (WORKOUT_ENTITY_ID, EXERCISE_ACTIVITIES_ID)  VALUES (31, 3103);
INSERT INTO EXERCISE_ACTIVITY_ENTITY (ID, NOTES, EXERCISE_ID) VALUES (3104, '', SELECT ID FROM EXERCISE_ENTITY WHERE NAME = 'One Arm Band Row');
INSERT INTO EXERCISE_SET_ENTITY (SET_TYPE, ID, NUMBER_OF_REPS, STATUS , WEIGHT , WEIGHT_KG) VALUES ('NonWeightedSet', 31040, 10.0, 0, 'red band', null);
INSERT INTO EXERCISE_ACTIVITY_ENTITY_SETS (EXERCISE_ACTIVITY_ENTITY_ID, SETS_ID) VALUES (3104, 31040);
INSERT INTO EXERCISE_SET_ENTITY (SET_TYPE, ID, NUMBER_OF_REPS, STATUS , WEIGHT , WEIGHT_KG) VALUES ('NonWeightedSet', 31041, 10.0, 0, 'red band', null);
INSERT INTO EXERCISE_ACTIVITY_ENTITY_SETS (EXERCISE_ACTIVITY_ENTITY_ID, SETS_ID) VALUES (3104, 31041);
INSERT INTO WORKOUT_ENTITY_EXERCISE_ACTIVITIES (WORKOUT_ENTITY_ID, EXERCISE_ACTIVITIES_ID)  VALUES (31, 3104);
INSERT INTO EXERCISE_ACTIVITY_ENTITY (ID, NOTES, EXERCISE_ID) VALUES (3105, '', SELECT ID FROM EXERCISE_ENTITY WHERE NAME = 'Barbell Curl');
INSERT INTO EXERCISE_SET_ENTITY (SET_TYPE, ID, NUMBER_OF_REPS, STATUS , WEIGHT , WEIGHT_KG) VALUES ('WeightedSet', 31050, 10.0, 0, null, 20);
INSERT INTO EXERCISE_ACTIVITY_ENTITY_SETS (EXERCISE_ACTIVITY_ENTITY_ID, SETS_ID) VALUES (3105, 31050);
INSERT INTO EXERCISE_SET_ENTITY (SET_TYPE, ID, NUMBER_OF_REPS, STATUS , WEIGHT , WEIGHT_KG) VALUES ('WeightedSet', 31051, 10.0, 0, null, 20);
INSERT INTO EXERCISE_ACTIVITY_ENTITY_SETS (EXERCISE_ACTIVITY_ENTITY_ID, SETS_ID) VALUES (3105, 31051);
INSERT INTO EXERCISE_SET_ENTITY (SET_TYPE, ID, NUMBER_OF_REPS, STATUS , WEIGHT , WEIGHT_KG) VALUES ('WeightedSet', 31052, 10.0, 0, null, 20);
INSERT INTO EXERCISE_ACTIVITY_ENTITY_SETS (EXERCISE_ACTIVITY_ENTITY_ID, SETS_ID) VALUES (3105, 31052);
INSERT INTO WORKOUT_ENTITY_EXERCISE_ACTIVITIES (WORKOUT_ENTITY_ID, EXERCISE_ACTIVITIES_ID)  VALUES (31, 3105);
INSERT INTO EXERCISE_ACTIVITY_ENTITY (ID, NOTES, EXERCISE_ID) VALUES (3106, '', SELECT ID FROM EXERCISE_ENTITY WHERE NAME = 'Incline Dumbbell Curl');
INSERT INTO EXERCISE_SET_ENTITY (SET_TYPE, ID, NUMBER_OF_REPS, STATUS , WEIGHT , WEIGHT_KG) VALUES ('WeightedSet', 31060, 8.0, 0, null, 5);
INSERT INTO EXERCISE_ACTIVITY_ENTITY_SETS (EXERCISE_ACTIVITY_ENTITY_ID, SETS_ID) VALUES (3106, 31060);
INSERT INTO EXERCISE_SET_ENTITY (SET_TYPE, ID, NUMBER_OF_REPS, STATUS , WEIGHT , WEIGHT_KG) VALUES ('WeightedSet', 31061, 8.0, 0, null, 7.5);
INSERT INTO EXERCISE_ACTIVITY_ENTITY_SETS (EXERCISE_ACTIVITY_ENTITY_ID, SETS_ID) VALUES (3106, 31061);
INSERT INTO EXERCISE_SET_ENTITY (SET_TYPE, ID, NUMBER_OF_REPS, STATUS , WEIGHT , WEIGHT_KG) VALUES ('WeightedSet', 31062, 8.0, 0, null, 7.5);
INSERT INTO EXERCISE_ACTIVITY_ENTITY_SETS (EXERCISE_ACTIVITY_ENTITY_ID, SETS_ID) VALUES (3106, 31062);
INSERT INTO WORKOUT_ENTITY_EXERCISE_ACTIVITIES (WORKOUT_ENTITY_ID, EXERCISE_ACTIVITIES_ID)  VALUES (31, 3106);
INSERT INTO EXERCISE_ACTIVITY_ENTITY (ID, NOTES, EXERCISE_ID) VALUES (3107, '', SELECT ID FROM EXERCISE_ENTITY WHERE NAME = 'Towel Hang');
INSERT INTO EXERCISE_SET_ENTITY (SET_TYPE, ID, NUMBER_OF_REPS, STATUS , WEIGHT , WEIGHT_KG) VALUES ('NonWeightedSet', 31070, 1, 0, '15 seconds', null);
INSERT INTO EXERCISE_ACTIVITY_ENTITY_SETS (EXERCISE_ACTIVITY_ENTITY_ID, SETS_ID) VALUES (3107, 31070);
INSERT INTO EXERCISE_SET_ENTITY (SET_TYPE, ID, NUMBER_OF_REPS, STATUS , WEIGHT , WEIGHT_KG) VALUES ('NonWeightedSet', 31071, 1, 0, '15 seconds', null);
INSERT INTO EXERCISE_ACTIVITY_ENTITY_SETS (EXERCISE_ACTIVITY_ENTITY_ID, SETS_ID) VALUES (3107, 31071);
INSERT INTO EXERCISE_SET_ENTITY (SET_TYPE, ID, NUMBER_OF_REPS, STATUS , WEIGHT , WEIGHT_KG) VALUES ('NonWeightedSet', 31072, 1, 0, '10 seconds', null);
INSERT INTO EXERCISE_ACTIVITY_ENTITY_SETS (EXERCISE_ACTIVITY_ENTITY_ID, SETS_ID) VALUES (3107, 31072);
INSERT INTO WORKOUT_ENTITY_EXERCISE_ACTIVITIES (WORKOUT_ENTITY_ID, EXERCISE_ACTIVITIES_ID)  VALUES (31, 3107);
INSERT INTO WORKOUT_ENTITY (ID, NAME, NOTES, PERFORMED_AT_TIMESTAMP_UTC, WORKOUT_TYPE) VALUES (32, '2019-10-03 15:45:00', 'Notes', '2019-10-03 15:45:00', 'PUSH');
INSERT INTO EXERCISE_ACTIVITY_ENTITY (ID, NOTES, EXERCISE_ID) VALUES (3200, '', SELECT ID FROM EXERCISE_ENTITY WHERE NAME = 'Bench Press');
INSERT INTO EXERCISE_SET_ENTITY (SET_TYPE, ID, NUMBER_OF_REPS, STATUS , WEIGHT , WEIGHT_KG) VALUES ('WeightedSet', 32000, 8.0, 0, null, 20);
INSERT INTO EXERCISE_ACTIVITY_ENTITY_SETS (EXERCISE_ACTIVITY_ENTITY_ID, SETS_ID) VALUES (3200, 32000);
INSERT INTO EXERCISE_SET_ENTITY (SET_TYPE, ID, NUMBER_OF_REPS, STATUS , WEIGHT , WEIGHT_KG) VALUES ('WeightedSet', 32001, 5.0, 0, null, 40);
INSERT INTO EXERCISE_ACTIVITY_ENTITY_SETS (EXERCISE_ACTIVITY_ENTITY_ID, SETS_ID) VALUES (3200, 32001);
INSERT INTO EXERCISE_SET_ENTITY (SET_TYPE, ID, NUMBER_OF_REPS, STATUS , WEIGHT , WEIGHT_KG) VALUES ('WeightedSet', 32002, 8.0, 0, null, 50);
INSERT INTO EXERCISE_ACTIVITY_ENTITY_SETS (EXERCISE_ACTIVITY_ENTITY_ID, SETS_ID) VALUES (3200, 32002);
INSERT INTO EXERCISE_SET_ENTITY (SET_TYPE, ID, NUMBER_OF_REPS, STATUS , WEIGHT , WEIGHT_KG) VALUES ('WeightedSet', 32003, 8.0, 0, null, 50);
INSERT INTO EXERCISE_ACTIVITY_ENTITY_SETS (EXERCISE_ACTIVITY_ENTITY_ID, SETS_ID) VALUES (3200, 32003);
INSERT INTO EXERCISE_SET_ENTITY (SET_TYPE, ID, NUMBER_OF_REPS, STATUS , WEIGHT , WEIGHT_KG) VALUES ('WeightedSet', 32004, 7.0, 1, null, 50);
INSERT INTO EXERCISE_ACTIVITY_ENTITY_SETS (EXERCISE_ACTIVITY_ENTITY_ID, SETS_ID) VALUES (3200, 32004);
INSERT INTO WORKOUT_ENTITY_EXERCISE_ACTIVITIES (WORKOUT_ENTITY_ID, EXERCISE_ACTIVITIES_ID)  VALUES (32, 3200);
INSERT INTO EXERCISE_ACTIVITY_ENTITY (ID, NOTES, EXERCISE_ID) VALUES (3201, '', SELECT ID FROM EXERCISE_ENTITY WHERE NAME = 'Overhead Press');
INSERT INTO EXERCISE_SET_ENTITY (SET_TYPE, ID, NUMBER_OF_REPS, STATUS , WEIGHT , WEIGHT_KG) VALUES ('WeightedSet', 32010, 5.0, 0, null, 20);
INSERT INTO EXERCISE_ACTIVITY_ENTITY_SETS (EXERCISE_ACTIVITY_ENTITY_ID, SETS_ID) VALUES (3201, 32010);
INSERT INTO EXERCISE_SET_ENTITY (SET_TYPE, ID, NUMBER_OF_REPS, STATUS , WEIGHT , WEIGHT_KG) VALUES ('WeightedSet', 32011, 5.0, 0, null, 35);
INSERT INTO EXERCISE_ACTIVITY_ENTITY_SETS (EXERCISE_ACTIVITY_ENTITY_ID, SETS_ID) VALUES (3201, 32011);
INSERT INTO EXERCISE_SET_ENTITY (SET_TYPE, ID, NUMBER_OF_REPS, STATUS , WEIGHT , WEIGHT_KG) VALUES ('WeightedSet', 32012, 5.0, 0, null, 35);
INSERT INTO EXERCISE_ACTIVITY_ENTITY_SETS (EXERCISE_ACTIVITY_ENTITY_ID, SETS_ID) VALUES (3201, 32012);
INSERT INTO EXERCISE_SET_ENTITY (SET_TYPE, ID, NUMBER_OF_REPS, STATUS , WEIGHT , WEIGHT_KG) VALUES ('WeightedSet', 32013, 5.0, 0, null, 35);
INSERT INTO EXERCISE_ACTIVITY_ENTITY_SETS (EXERCISE_ACTIVITY_ENTITY_ID, SETS_ID) VALUES (3201, 32013);
INSERT INTO EXERCISE_SET_ENTITY (SET_TYPE, ID, NUMBER_OF_REPS, STATUS , WEIGHT , WEIGHT_KG) VALUES ('WeightedSet', 32014, 5.0, 0, null, 35);
INSERT INTO EXERCISE_ACTIVITY_ENTITY_SETS (EXERCISE_ACTIVITY_ENTITY_ID, SETS_ID) VALUES (3201, 32014);
INSERT INTO EXERCISE_SET_ENTITY (SET_TYPE, ID, NUMBER_OF_REPS, STATUS , WEIGHT , WEIGHT_KG) VALUES ('WeightedSet', 32015, 5.0, 0, null, 35);
INSERT INTO EXERCISE_ACTIVITY_ENTITY_SETS (EXERCISE_ACTIVITY_ENTITY_ID, SETS_ID) VALUES (3201, 32015);
INSERT INTO WORKOUT_ENTITY_EXERCISE_ACTIVITIES (WORKOUT_ENTITY_ID, EXERCISE_ACTIVITIES_ID)  VALUES (32, 3201);
INSERT INTO EXERCISE_ACTIVITY_ENTITY (ID, NOTES, EXERCISE_ID) VALUES (3202, '', SELECT ID FROM EXERCISE_ENTITY WHERE NAME = 'Reverse Bench Press');
INSERT INTO EXERCISE_SET_ENTITY (SET_TYPE, ID, NUMBER_OF_REPS, STATUS , WEIGHT , WEIGHT_KG) VALUES ('WeightedSet', 32020, 8.0, 0, null, 20);
INSERT INTO EXERCISE_ACTIVITY_ENTITY_SETS (EXERCISE_ACTIVITY_ENTITY_ID, SETS_ID) VALUES (3202, 32020);
INSERT INTO EXERCISE_SET_ENTITY (SET_TYPE, ID, NUMBER_OF_REPS, STATUS , WEIGHT , WEIGHT_KG) VALUES ('WeightedSet', 32021, 10.0, 0, null, 30);
INSERT INTO EXERCISE_ACTIVITY_ENTITY_SETS (EXERCISE_ACTIVITY_ENTITY_ID, SETS_ID) VALUES (3202, 32021);
INSERT INTO EXERCISE_SET_ENTITY (SET_TYPE, ID, NUMBER_OF_REPS, STATUS , WEIGHT , WEIGHT_KG) VALUES ('WeightedSet', 32022, 10.0, 0, null, 30);
INSERT INTO EXERCISE_ACTIVITY_ENTITY_SETS (EXERCISE_ACTIVITY_ENTITY_ID, SETS_ID) VALUES (3202, 32022);
INSERT INTO EXERCISE_SET_ENTITY (SET_TYPE, ID, NUMBER_OF_REPS, STATUS , WEIGHT , WEIGHT_KG) VALUES ('WeightedSet', 32023, 10.0, 0, null, 30);
INSERT INTO EXERCISE_ACTIVITY_ENTITY_SETS (EXERCISE_ACTIVITY_ENTITY_ID, SETS_ID) VALUES (3202, 32023);
INSERT INTO WORKOUT_ENTITY_EXERCISE_ACTIVITIES (WORKOUT_ENTITY_ID, EXERCISE_ACTIVITIES_ID)  VALUES (32, 3202);
INSERT INTO EXERCISE_ACTIVITY_ENTITY (ID, NOTES, EXERCISE_ID) VALUES (3203, '', SELECT ID FROM EXERCISE_ENTITY WHERE NAME = 'Lateral Raise');
INSERT INTO EXERCISE_SET_ENTITY (SET_TYPE, ID, NUMBER_OF_REPS, STATUS , WEIGHT , WEIGHT_KG) VALUES ('WeightedSet', 32030, 15.0, 0, null, 2.5);
INSERT INTO EXERCISE_ACTIVITY_ENTITY_SETS (EXERCISE_ACTIVITY_ENTITY_ID, SETS_ID) VALUES (3203, 32030);
INSERT INTO EXERCISE_SET_ENTITY (SET_TYPE, ID, NUMBER_OF_REPS, STATUS , WEIGHT , WEIGHT_KG) VALUES ('WeightedSet', 32031, 15.0, 0, null, 2.5);
INSERT INTO EXERCISE_ACTIVITY_ENTITY_SETS (EXERCISE_ACTIVITY_ENTITY_ID, SETS_ID) VALUES (3203, 32031);
INSERT INTO EXERCISE_SET_ENTITY (SET_TYPE, ID, NUMBER_OF_REPS, STATUS , WEIGHT , WEIGHT_KG) VALUES ('WeightedSet', 32032, 15.0, 0, null, 2.5);
INSERT INTO EXERCISE_ACTIVITY_ENTITY_SETS (EXERCISE_ACTIVITY_ENTITY_ID, SETS_ID) VALUES (3203, 32032);
INSERT INTO WORKOUT_ENTITY_EXERCISE_ACTIVITIES (WORKOUT_ENTITY_ID, EXERCISE_ACTIVITIES_ID)  VALUES (32, 3203);
INSERT INTO EXERCISE_ACTIVITY_ENTITY (ID, NOTES, EXERCISE_ID) VALUES (3204, '', SELECT ID FROM EXERCISE_ENTITY WHERE NAME = 'Tricep Kickback');
INSERT INTO EXERCISE_SET_ENTITY (SET_TYPE, ID, NUMBER_OF_REPS, STATUS , WEIGHT , WEIGHT_KG) VALUES ('WeightedSet', 32040, 10.0, 0, null, 2.5);
INSERT INTO EXERCISE_ACTIVITY_ENTITY_SETS (EXERCISE_ACTIVITY_ENTITY_ID, SETS_ID) VALUES (3204, 32040);
INSERT INTO EXERCISE_SET_ENTITY (SET_TYPE, ID, NUMBER_OF_REPS, STATUS , WEIGHT , WEIGHT_KG) VALUES ('WeightedSet', 32041, 10.0, 0, null, 5);
INSERT INTO EXERCISE_ACTIVITY_ENTITY_SETS (EXERCISE_ACTIVITY_ENTITY_ID, SETS_ID) VALUES (3204, 32041);
INSERT INTO WORKOUT_ENTITY_EXERCISE_ACTIVITIES (WORKOUT_ENTITY_ID, EXERCISE_ACTIVITIES_ID)  VALUES (32, 3204);
INSERT INTO EXERCISE_ACTIVITY_ENTITY (ID, NOTES, EXERCISE_ID) VALUES (3205, '', SELECT ID FROM EXERCISE_ENTITY WHERE NAME = 'Press Up');
INSERT INTO EXERCISE_SET_ENTITY (SET_TYPE, ID, NUMBER_OF_REPS, STATUS , WEIGHT , WEIGHT_KG) VALUES ('NonWeightedSet', 32050, 10.0, 0, 'body', null);
INSERT INTO EXERCISE_ACTIVITY_ENTITY_SETS (EXERCISE_ACTIVITY_ENTITY_ID, SETS_ID) VALUES (3205, 32050);
INSERT INTO EXERCISE_SET_ENTITY (SET_TYPE, ID, NUMBER_OF_REPS, STATUS , WEIGHT , WEIGHT_KG) VALUES ('NonWeightedSet', 32051, 10.0, 0, 'body', null);
INSERT INTO EXERCISE_ACTIVITY_ENTITY_SETS (EXERCISE_ACTIVITY_ENTITY_ID, SETS_ID) VALUES (3205, 32051);
INSERT INTO WORKOUT_ENTITY_EXERCISE_ACTIVITIES (WORKOUT_ENTITY_ID, EXERCISE_ACTIVITIES_ID)  VALUES (32, 3205);
INSERT INTO WORKOUT_ENTITY (ID, NAME, NOTES, PERFORMED_AT_TIMESTAMP_UTC, WORKOUT_TYPE) VALUES (33, '2019-10-04 15:50:00', 'Notes', '2019-10-04 15:50:00', 'LEGS');
INSERT INTO EXERCISE_ACTIVITY_ENTITY (ID, NOTES, EXERCISE_ID) VALUES (3300, '', SELECT ID FROM EXERCISE_ENTITY WHERE NAME = 'Squat');
INSERT INTO EXERCISE_SET_ENTITY (SET_TYPE, ID, NUMBER_OF_REPS, STATUS , WEIGHT , WEIGHT_KG) VALUES ('NonWeightedSet', 33000, 8.0, 0, 'body', null);
INSERT INTO EXERCISE_ACTIVITY_ENTITY_SETS (EXERCISE_ACTIVITY_ENTITY_ID, SETS_ID) VALUES (3300, 33000);
INSERT INTO EXERCISE_SET_ENTITY (SET_TYPE, ID, NUMBER_OF_REPS, STATUS , WEIGHT , WEIGHT_KG) VALUES ('WeightedSet', 33001, 8.0, 0, null, 20);
INSERT INTO EXERCISE_ACTIVITY_ENTITY_SETS (EXERCISE_ACTIVITY_ENTITY_ID, SETS_ID) VALUES (3300, 33001);
INSERT INTO EXERCISE_SET_ENTITY (SET_TYPE, ID, NUMBER_OF_REPS, STATUS , WEIGHT , WEIGHT_KG) VALUES ('WeightedSet', 33002, 3.0, 0, null, 40);
INSERT INTO EXERCISE_ACTIVITY_ENTITY_SETS (EXERCISE_ACTIVITY_ENTITY_ID, SETS_ID) VALUES (3300, 33002);
INSERT INTO EXERCISE_SET_ENTITY (SET_TYPE, ID, NUMBER_OF_REPS, STATUS , WEIGHT , WEIGHT_KG) VALUES ('WeightedSet', 33003, 3.0, 0, null, 50);
INSERT INTO EXERCISE_ACTIVITY_ENTITY_SETS (EXERCISE_ACTIVITY_ENTITY_ID, SETS_ID) VALUES (3300, 33003);
INSERT INTO EXERCISE_SET_ENTITY (SET_TYPE, ID, NUMBER_OF_REPS, STATUS , WEIGHT , WEIGHT_KG) VALUES ('WeightedSet', 33004, 8.0, 0, null, 60);
INSERT INTO EXERCISE_ACTIVITY_ENTITY_SETS (EXERCISE_ACTIVITY_ENTITY_ID, SETS_ID) VALUES (3300, 33004);
INSERT INTO EXERCISE_SET_ENTITY (SET_TYPE, ID, NUMBER_OF_REPS, STATUS , WEIGHT , WEIGHT_KG) VALUES ('WeightedSet', 33005, 8.0, 0, null, 60);
INSERT INTO EXERCISE_ACTIVITY_ENTITY_SETS (EXERCISE_ACTIVITY_ENTITY_ID, SETS_ID) VALUES (3300, 33005);
INSERT INTO EXERCISE_SET_ENTITY (SET_TYPE, ID, NUMBER_OF_REPS, STATUS , WEIGHT , WEIGHT_KG) VALUES ('WeightedSet', 33006, 8.0, 0, null, 60);
INSERT INTO EXERCISE_ACTIVITY_ENTITY_SETS (EXERCISE_ACTIVITY_ENTITY_ID, SETS_ID) VALUES (3300, 33006);
INSERT INTO WORKOUT_ENTITY_EXERCISE_ACTIVITIES (WORKOUT_ENTITY_ID, EXERCISE_ACTIVITIES_ID)  VALUES (33, 3300);
INSERT INTO EXERCISE_ACTIVITY_ENTITY (ID, NOTES, EXERCISE_ID) VALUES (3301, '', SELECT ID FROM EXERCISE_ENTITY WHERE NAME = 'Romanian Deadlift');
INSERT INTO EXERCISE_SET_ENTITY (SET_TYPE, ID, NUMBER_OF_REPS, STATUS , WEIGHT , WEIGHT_KG) VALUES ('WeightedSet', 33010, 8.0, 0, null, 20);
INSERT INTO EXERCISE_ACTIVITY_ENTITY_SETS (EXERCISE_ACTIVITY_ENTITY_ID, SETS_ID) VALUES (3301, 33010);
INSERT INTO EXERCISE_SET_ENTITY (SET_TYPE, ID, NUMBER_OF_REPS, STATUS , WEIGHT , WEIGHT_KG) VALUES ('WeightedSet', 33011, 8.0, 0, null, 40);
INSERT INTO EXERCISE_ACTIVITY_ENTITY_SETS (EXERCISE_ACTIVITY_ENTITY_ID, SETS_ID) VALUES (3301, 33011);
INSERT INTO EXERCISE_SET_ENTITY (SET_TYPE, ID, NUMBER_OF_REPS, STATUS , WEIGHT , WEIGHT_KG) VALUES ('WeightedSet', 33012, 8.0, 0, null, 40);
INSERT INTO EXERCISE_ACTIVITY_ENTITY_SETS (EXERCISE_ACTIVITY_ENTITY_ID, SETS_ID) VALUES (3301, 33012);
INSERT INTO EXERCISE_SET_ENTITY (SET_TYPE, ID, NUMBER_OF_REPS, STATUS , WEIGHT , WEIGHT_KG) VALUES ('WeightedSet', 33013, 8.0, 0, null, 40);
INSERT INTO EXERCISE_ACTIVITY_ENTITY_SETS (EXERCISE_ACTIVITY_ENTITY_ID, SETS_ID) VALUES (3301, 33013);
INSERT INTO WORKOUT_ENTITY_EXERCISE_ACTIVITIES (WORKOUT_ENTITY_ID, EXERCISE_ACTIVITIES_ID)  VALUES (33, 3301);
INSERT INTO EXERCISE_ACTIVITY_ENTITY (ID, NOTES, EXERCISE_ID) VALUES (3302, '', SELECT ID FROM EXERCISE_ENTITY WHERE NAME = 'Bulgarian Split Squat');
INSERT INTO EXERCISE_SET_ENTITY (SET_TYPE, ID, NUMBER_OF_REPS, STATUS , WEIGHT , WEIGHT_KG) VALUES ('NonWeightedSet', 33020, 8.0, 0, 'body', null);
INSERT INTO EXERCISE_ACTIVITY_ENTITY_SETS (EXERCISE_ACTIVITY_ENTITY_ID, SETS_ID) VALUES (3302, 33020);
INSERT INTO EXERCISE_SET_ENTITY (SET_TYPE, ID, NUMBER_OF_REPS, STATUS , WEIGHT , WEIGHT_KG) VALUES ('NonWeightedSet', 33021, 8.0, 0, 'body', null);
INSERT INTO EXERCISE_ACTIVITY_ENTITY_SETS (EXERCISE_ACTIVITY_ENTITY_ID, SETS_ID) VALUES (3302, 33021);
INSERT INTO EXERCISE_SET_ENTITY (SET_TYPE, ID, NUMBER_OF_REPS, STATUS , WEIGHT , WEIGHT_KG) VALUES ('NonWeightedSet', 33022, 8.0, 0, 'body', null);
INSERT INTO EXERCISE_ACTIVITY_ENTITY_SETS (EXERCISE_ACTIVITY_ENTITY_ID, SETS_ID) VALUES (3302, 33022);
INSERT INTO WORKOUT_ENTITY_EXERCISE_ACTIVITIES (WORKOUT_ENTITY_ID, EXERCISE_ACTIVITIES_ID)  VALUES (33, 3302);
INSERT INTO EXERCISE_ACTIVITY_ENTITY (ID, NOTES, EXERCISE_ID) VALUES (3303, '', SELECT ID FROM EXERCISE_ENTITY WHERE NAME = 'Hip Thrust');
INSERT INTO EXERCISE_SET_ENTITY (SET_TYPE, ID, NUMBER_OF_REPS, STATUS , WEIGHT , WEIGHT_KG) VALUES ('WeightedSet', 33030, 8.0, 0, null, 20);
INSERT INTO EXERCISE_ACTIVITY_ENTITY_SETS (EXERCISE_ACTIVITY_ENTITY_ID, SETS_ID) VALUES (3303, 33030);
INSERT INTO EXERCISE_SET_ENTITY (SET_TYPE, ID, NUMBER_OF_REPS, STATUS , WEIGHT , WEIGHT_KG) VALUES ('WeightedSet', 33031, 8.0, 0, null, 20);
INSERT INTO EXERCISE_ACTIVITY_ENTITY_SETS (EXERCISE_ACTIVITY_ENTITY_ID, SETS_ID) VALUES (3303, 33031);
INSERT INTO EXERCISE_SET_ENTITY (SET_TYPE, ID, NUMBER_OF_REPS, STATUS , WEIGHT , WEIGHT_KG) VALUES ('WeightedSet', 33032, 8.0, 0, null, 20);
INSERT INTO EXERCISE_ACTIVITY_ENTITY_SETS (EXERCISE_ACTIVITY_ENTITY_ID, SETS_ID) VALUES (3303, 33032);
INSERT INTO WORKOUT_ENTITY_EXERCISE_ACTIVITIES (WORKOUT_ENTITY_ID, EXERCISE_ACTIVITIES_ID)  VALUES (33, 3303);
INSERT INTO EXERCISE_ACTIVITY_ENTITY (ID, NOTES, EXERCISE_ID) VALUES (3304, '', SELECT ID FROM EXERCISE_ENTITY WHERE NAME = 'Lunge');
INSERT INTO EXERCISE_SET_ENTITY (SET_TYPE, ID, NUMBER_OF_REPS, STATUS , WEIGHT , WEIGHT_KG) VALUES ('NonWeightedSet', 33040, 8.0, 0, 'body', null);
INSERT INTO EXERCISE_ACTIVITY_ENTITY_SETS (EXERCISE_ACTIVITY_ENTITY_ID, SETS_ID) VALUES (3304, 33040);
INSERT INTO WORKOUT_ENTITY_EXERCISE_ACTIVITIES (WORKOUT_ENTITY_ID, EXERCISE_ACTIVITIES_ID)  VALUES (33, 3304);
INSERT INTO EXERCISE_ACTIVITY_ENTITY (ID, NOTES, EXERCISE_ID) VALUES (3305, '', SELECT ID FROM EXERCISE_ENTITY WHERE NAME = 'Calf Raise');
INSERT INTO EXERCISE_SET_ENTITY (SET_TYPE, ID, NUMBER_OF_REPS, STATUS , WEIGHT , WEIGHT_KG) VALUES ('NonWeightedSet', 33050, 8.0, 0, 'body', null);
INSERT INTO EXERCISE_ACTIVITY_ENTITY_SETS (EXERCISE_ACTIVITY_ENTITY_ID, SETS_ID) VALUES (3305, 33050);
INSERT INTO EXERCISE_SET_ENTITY (SET_TYPE, ID, NUMBER_OF_REPS, STATUS , WEIGHT , WEIGHT_KG) VALUES ('NonWeightedSet', 33051, 8.0, 0, 'rack', null);
INSERT INTO EXERCISE_ACTIVITY_ENTITY_SETS (EXERCISE_ACTIVITY_ENTITY_ID, SETS_ID) VALUES (3305, 33051);
INSERT INTO EXERCISE_SET_ENTITY (SET_TYPE, ID, NUMBER_OF_REPS, STATUS , WEIGHT , WEIGHT_KG) VALUES ('NonWeightedSet', 33052, 8.0, 0, 'rack', null);
INSERT INTO EXERCISE_ACTIVITY_ENTITY_SETS (EXERCISE_ACTIVITY_ENTITY_ID, SETS_ID) VALUES (3305, 33052);
INSERT INTO WORKOUT_ENTITY_EXERCISE_ACTIVITIES (WORKOUT_ENTITY_ID, EXERCISE_ACTIVITIES_ID)  VALUES (33, 3305);
INSERT INTO WORKOUT_ENTITY (ID, NAME, NOTES, PERFORMED_AT_TIMESTAMP_UTC, WORKOUT_TYPE) VALUES (34, '2019-10-07 15:40:00', 'Notes', '2019-10-07 15:40:00', 'PULL');
INSERT INTO EXERCISE_ACTIVITY_ENTITY (ID, NOTES, EXERCISE_ID) VALUES (3400, '', SELECT ID FROM EXERCISE_ENTITY WHERE NAME = 'Deadlift');
INSERT INTO EXERCISE_SET_ENTITY (SET_TYPE, ID, NUMBER_OF_REPS, STATUS , WEIGHT , WEIGHT_KG) VALUES ('WeightedSet', 34000, 5.0, 0, null, 20);
INSERT INTO EXERCISE_ACTIVITY_ENTITY_SETS (EXERCISE_ACTIVITY_ENTITY_ID, SETS_ID) VALUES (3400, 34000);
INSERT INTO EXERCISE_SET_ENTITY (SET_TYPE, ID, NUMBER_OF_REPS, STATUS , WEIGHT , WEIGHT_KG) VALUES ('WeightedSet', 34001, 5.0, 0, null, 60);
INSERT INTO EXERCISE_ACTIVITY_ENTITY_SETS (EXERCISE_ACTIVITY_ENTITY_ID, SETS_ID) VALUES (3400, 34001);
INSERT INTO EXERCISE_SET_ENTITY (SET_TYPE, ID, NUMBER_OF_REPS, STATUS , WEIGHT , WEIGHT_KG) VALUES ('WeightedSet', 34002, 3.0, 0, null, 90);
INSERT INTO EXERCISE_ACTIVITY_ENTITY_SETS (EXERCISE_ACTIVITY_ENTITY_ID, SETS_ID) VALUES (3400, 34002);
INSERT INTO EXERCISE_SET_ENTITY (SET_TYPE, ID, NUMBER_OF_REPS, STATUS , WEIGHT , WEIGHT_KG) VALUES ('WeightedSet', 34003, 2.0, 0, null, 110);
INSERT INTO EXERCISE_ACTIVITY_ENTITY_SETS (EXERCISE_ACTIVITY_ENTITY_ID, SETS_ID) VALUES (3400, 34003);
INSERT INTO EXERCISE_SET_ENTITY (SET_TYPE, ID, NUMBER_OF_REPS, STATUS , WEIGHT , WEIGHT_KG) VALUES ('WeightedSet', 34004, 1.0, 0, null, 120);
INSERT INTO EXERCISE_ACTIVITY_ENTITY_SETS (EXERCISE_ACTIVITY_ENTITY_ID, SETS_ID) VALUES (3400, 34004);
INSERT INTO EXERCISE_SET_ENTITY (SET_TYPE, ID, NUMBER_OF_REPS, STATUS , WEIGHT , WEIGHT_KG) VALUES ('WeightedSet', 34005, 4.0, 1, null, 132.5);
INSERT INTO EXERCISE_ACTIVITY_ENTITY_SETS (EXERCISE_ACTIVITY_ENTITY_ID, SETS_ID) VALUES (3400, 34005);
INSERT INTO WORKOUT_ENTITY_EXERCISE_ACTIVITIES (WORKOUT_ENTITY_ID, EXERCISE_ACTIVITIES_ID)  VALUES (34, 3400);
INSERT INTO EXERCISE_ACTIVITY_ENTITY (ID, NOTES, EXERCISE_ID) VALUES (3401, '', SELECT ID FROM EXERCISE_ENTITY WHERE NAME = 'Pull Up');
INSERT INTO EXERCISE_SET_ENTITY (SET_TYPE, ID, NUMBER_OF_REPS, STATUS , WEIGHT , WEIGHT_KG) VALUES ('NonWeightedSet', 34010, 6.0, 0, 'body', null);
INSERT INTO EXERCISE_ACTIVITY_ENTITY_SETS (EXERCISE_ACTIVITY_ENTITY_ID, SETS_ID) VALUES (3401, 34010);
INSERT INTO EXERCISE_SET_ENTITY (SET_TYPE, ID, NUMBER_OF_REPS, STATUS , WEIGHT , WEIGHT_KG) VALUES ('NonWeightedSet', 34011, 6.0, 0, 'body', null);
INSERT INTO EXERCISE_ACTIVITY_ENTITY_SETS (EXERCISE_ACTIVITY_ENTITY_ID, SETS_ID) VALUES (3401, 34011);
INSERT INTO EXERCISE_SET_ENTITY (SET_TYPE, ID, NUMBER_OF_REPS, STATUS , WEIGHT , WEIGHT_KG) VALUES ('NonWeightedSet', 34012, 6.0, 0, 'body', null);
INSERT INTO EXERCISE_ACTIVITY_ENTITY_SETS (EXERCISE_ACTIVITY_ENTITY_ID, SETS_ID) VALUES (3401, 34012);
INSERT INTO WORKOUT_ENTITY_EXERCISE_ACTIVITIES (WORKOUT_ENTITY_ID, EXERCISE_ACTIVITIES_ID)  VALUES (34, 3401);
INSERT INTO EXERCISE_ACTIVITY_ENTITY (ID, NOTES, EXERCISE_ID) VALUES (3402, '', SELECT ID FROM EXERCISE_ENTITY WHERE NAME = 'Inverted Row');
INSERT INTO EXERCISE_SET_ENTITY (SET_TYPE, ID, NUMBER_OF_REPS, STATUS , WEIGHT , WEIGHT_KG) VALUES ('NonWeightedSet', 34020, 10.0, 0, 'body', null);
INSERT INTO EXERCISE_ACTIVITY_ENTITY_SETS (EXERCISE_ACTIVITY_ENTITY_ID, SETS_ID) VALUES (3402, 34020);
INSERT INTO EXERCISE_SET_ENTITY (SET_TYPE, ID, NUMBER_OF_REPS, STATUS , WEIGHT , WEIGHT_KG) VALUES ('NonWeightedSet', 34021, 10.0, 0, 'body', null);
INSERT INTO EXERCISE_ACTIVITY_ENTITY_SETS (EXERCISE_ACTIVITY_ENTITY_ID, SETS_ID) VALUES (3402, 34021);
INSERT INTO EXERCISE_SET_ENTITY (SET_TYPE, ID, NUMBER_OF_REPS, STATUS , WEIGHT , WEIGHT_KG) VALUES ('NonWeightedSet', 34022, 10.0, 0, 'body', null);
INSERT INTO EXERCISE_ACTIVITY_ENTITY_SETS (EXERCISE_ACTIVITY_ENTITY_ID, SETS_ID) VALUES (3402, 34022);
INSERT INTO WORKOUT_ENTITY_EXERCISE_ACTIVITIES (WORKOUT_ENTITY_ID, EXERCISE_ACTIVITIES_ID)  VALUES (34, 3402);
INSERT INTO EXERCISE_ACTIVITY_ENTITY (ID, NOTES, EXERCISE_ID) VALUES (3403, '', SELECT ID FROM EXERCISE_ENTITY WHERE NAME = 'Barbell Curl');
INSERT INTO EXERCISE_SET_ENTITY (SET_TYPE, ID, NUMBER_OF_REPS, STATUS , WEIGHT , WEIGHT_KG) VALUES ('WeightedSet', 34030, 10.0, 0, null, 20);
INSERT INTO EXERCISE_ACTIVITY_ENTITY_SETS (EXERCISE_ACTIVITY_ENTITY_ID, SETS_ID) VALUES (3403, 34030);
INSERT INTO EXERCISE_SET_ENTITY (SET_TYPE, ID, NUMBER_OF_REPS, STATUS , WEIGHT , WEIGHT_KG) VALUES ('WeightedSet', 34031, 10.0, 0, null, 20);
INSERT INTO EXERCISE_ACTIVITY_ENTITY_SETS (EXERCISE_ACTIVITY_ENTITY_ID, SETS_ID) VALUES (3403, 34031);
INSERT INTO EXERCISE_SET_ENTITY (SET_TYPE, ID, NUMBER_OF_REPS, STATUS , WEIGHT , WEIGHT_KG) VALUES ('WeightedSet', 34032, 10.0, 0, null, 20);
INSERT INTO EXERCISE_ACTIVITY_ENTITY_SETS (EXERCISE_ACTIVITY_ENTITY_ID, SETS_ID) VALUES (3403, 34032);
INSERT INTO WORKOUT_ENTITY_EXERCISE_ACTIVITIES (WORKOUT_ENTITY_ID, EXERCISE_ACTIVITIES_ID)  VALUES (34, 3403);
INSERT INTO EXERCISE_ACTIVITY_ENTITY (ID, NOTES, EXERCISE_ID) VALUES (3404, '', SELECT ID FROM EXERCISE_ENTITY WHERE NAME = 'Facepull');
INSERT INTO EXERCISE_SET_ENTITY (SET_TYPE, ID, NUMBER_OF_REPS, STATUS , WEIGHT , WEIGHT_KG) VALUES ('NonWeightedSet', 34040, 20.0, 0, 'yellow band', null);
INSERT INTO EXERCISE_ACTIVITY_ENTITY_SETS (EXERCISE_ACTIVITY_ENTITY_ID, SETS_ID) VALUES (3404, 34040);
INSERT INTO EXERCISE_SET_ENTITY (SET_TYPE, ID, NUMBER_OF_REPS, STATUS , WEIGHT , WEIGHT_KG) VALUES ('NonWeightedSet', 34041, 20.0, 0, 'yellow band', null);
INSERT INTO EXERCISE_ACTIVITY_ENTITY_SETS (EXERCISE_ACTIVITY_ENTITY_ID, SETS_ID) VALUES (3404, 34041);
INSERT INTO EXERCISE_SET_ENTITY (SET_TYPE, ID, NUMBER_OF_REPS, STATUS , WEIGHT , WEIGHT_KG) VALUES ('NonWeightedSet', 34042, 20.0, 0, 'yellow band', null);
INSERT INTO EXERCISE_ACTIVITY_ENTITY_SETS (EXERCISE_ACTIVITY_ENTITY_ID, SETS_ID) VALUES (3404, 34042);
INSERT INTO WORKOUT_ENTITY_EXERCISE_ACTIVITIES (WORKOUT_ENTITY_ID, EXERCISE_ACTIVITIES_ID)  VALUES (34, 3404);
INSERT INTO EXERCISE_ACTIVITY_ENTITY (ID, NOTES, EXERCISE_ID) VALUES (3405, '', SELECT ID FROM EXERCISE_ENTITY WHERE NAME = 'Concentration Curl');
INSERT INTO EXERCISE_SET_ENTITY (SET_TYPE, ID, NUMBER_OF_REPS, STATUS , WEIGHT , WEIGHT_KG) VALUES ('WeightedSet', 34050, 10.0, 0, null, 7.5);
INSERT INTO EXERCISE_ACTIVITY_ENTITY_SETS (EXERCISE_ACTIVITY_ENTITY_ID, SETS_ID) VALUES (3405, 34050);
INSERT INTO EXERCISE_SET_ENTITY (SET_TYPE, ID, NUMBER_OF_REPS, STATUS , WEIGHT , WEIGHT_KG) VALUES ('WeightedSet', 34051, 10.0, 0, null, 7.5);
INSERT INTO EXERCISE_ACTIVITY_ENTITY_SETS (EXERCISE_ACTIVITY_ENTITY_ID, SETS_ID) VALUES (3405, 34051);
INSERT INTO WORKOUT_ENTITY_EXERCISE_ACTIVITIES (WORKOUT_ENTITY_ID, EXERCISE_ACTIVITIES_ID)  VALUES (34, 3405);
INSERT INTO WORKOUT_ENTITY (ID, NAME, NOTES, PERFORMED_AT_TIMESTAMP_UTC, WORKOUT_TYPE) VALUES (35, '2019-10-08 12:00:00', 'Notes', '2019-10-08 12:00:00', 'PUSH');
INSERT INTO EXERCISE_ACTIVITY_ENTITY (ID, NOTES, EXERCISE_ID) VALUES (3500, '', SELECT ID FROM EXERCISE_ENTITY WHERE NAME = 'Bench Press');
INSERT INTO EXERCISE_SET_ENTITY (SET_TYPE, ID, NUMBER_OF_REPS, STATUS , WEIGHT , WEIGHT_KG) VALUES ('WeightedSet', 35000, 5.0, 0, null, 20);
INSERT INTO EXERCISE_ACTIVITY_ENTITY_SETS (EXERCISE_ACTIVITY_ENTITY_ID, SETS_ID) VALUES (3500, 35000);
INSERT INTO EXERCISE_SET_ENTITY (SET_TYPE, ID, NUMBER_OF_REPS, STATUS , WEIGHT , WEIGHT_KG) VALUES ('WeightedSet', 35001, 5.0, 0, null, 40);
INSERT INTO EXERCISE_ACTIVITY_ENTITY_SETS (EXERCISE_ACTIVITY_ENTITY_ID, SETS_ID) VALUES (3500, 35001);
INSERT INTO EXERCISE_SET_ENTITY (SET_TYPE, ID, NUMBER_OF_REPS, STATUS , WEIGHT , WEIGHT_KG) VALUES ('WeightedSet', 35002, 5.0, 0, null, 50);
INSERT INTO EXERCISE_ACTIVITY_ENTITY_SETS (EXERCISE_ACTIVITY_ENTITY_ID, SETS_ID) VALUES (3500, 35002);
INSERT INTO EXERCISE_SET_ENTITY (SET_TYPE, ID, NUMBER_OF_REPS, STATUS , WEIGHT , WEIGHT_KG) VALUES ('WeightedSet', 35003, 5.0, 0, null, 57.5);
INSERT INTO EXERCISE_ACTIVITY_ENTITY_SETS (EXERCISE_ACTIVITY_ENTITY_ID, SETS_ID) VALUES (3500, 35003);
INSERT INTO EXERCISE_SET_ENTITY (SET_TYPE, ID, NUMBER_OF_REPS, STATUS , WEIGHT , WEIGHT_KG) VALUES ('WeightedSet', 35004, 5.0, 0, null, 57.5);
INSERT INTO EXERCISE_ACTIVITY_ENTITY_SETS (EXERCISE_ACTIVITY_ENTITY_ID, SETS_ID) VALUES (3500, 35004);
INSERT INTO EXERCISE_SET_ENTITY (SET_TYPE, ID, NUMBER_OF_REPS, STATUS , WEIGHT , WEIGHT_KG) VALUES ('WeightedSet', 35005, 5.0, 0, null, 57.5);
INSERT INTO EXERCISE_ACTIVITY_ENTITY_SETS (EXERCISE_ACTIVITY_ENTITY_ID, SETS_ID) VALUES (3500, 35005);
INSERT INTO EXERCISE_SET_ENTITY (SET_TYPE, ID, NUMBER_OF_REPS, STATUS , WEIGHT , WEIGHT_KG) VALUES ('WeightedSet', 35006, 5.0, 0, null, 57.5);
INSERT INTO EXERCISE_ACTIVITY_ENTITY_SETS (EXERCISE_ACTIVITY_ENTITY_ID, SETS_ID) VALUES (3500, 35006);
INSERT INTO EXERCISE_SET_ENTITY (SET_TYPE, ID, NUMBER_OF_REPS, STATUS , WEIGHT , WEIGHT_KG) VALUES ('WeightedSet', 35007, 5.0, 0, null, 57.5);
INSERT INTO EXERCISE_ACTIVITY_ENTITY_SETS (EXERCISE_ACTIVITY_ENTITY_ID, SETS_ID) VALUES (3500, 35007);
INSERT INTO WORKOUT_ENTITY_EXERCISE_ACTIVITIES (WORKOUT_ENTITY_ID, EXERCISE_ACTIVITIES_ID)  VALUES (35, 3500);
INSERT INTO EXERCISE_ACTIVITY_ENTITY (ID, NOTES, EXERCISE_ID) VALUES (3501, '', SELECT ID FROM EXERCISE_ENTITY WHERE NAME = 'Overhead Press');
INSERT INTO EXERCISE_SET_ENTITY (SET_TYPE, ID, NUMBER_OF_REPS, STATUS , WEIGHT , WEIGHT_KG) VALUES ('WeightedSet', 35010, 5.0, 0, null, 20);
INSERT INTO EXERCISE_ACTIVITY_ENTITY_SETS (EXERCISE_ACTIVITY_ENTITY_ID, SETS_ID) VALUES (3501, 35010);
INSERT INTO EXERCISE_SET_ENTITY (SET_TYPE, ID, NUMBER_OF_REPS, STATUS , WEIGHT , WEIGHT_KG) VALUES ('WeightedSet', 35011, 8.0, 0, null, 32.5);
INSERT INTO EXERCISE_ACTIVITY_ENTITY_SETS (EXERCISE_ACTIVITY_ENTITY_ID, SETS_ID) VALUES (3501, 35011);
INSERT INTO EXERCISE_SET_ENTITY (SET_TYPE, ID, NUMBER_OF_REPS, STATUS , WEIGHT , WEIGHT_KG) VALUES ('WeightedSet', 35012, 8.0, 0, null, 32.5);
INSERT INTO EXERCISE_ACTIVITY_ENTITY_SETS (EXERCISE_ACTIVITY_ENTITY_ID, SETS_ID) VALUES (3501, 35012);
INSERT INTO EXERCISE_SET_ENTITY (SET_TYPE, ID, NUMBER_OF_REPS, STATUS , WEIGHT , WEIGHT_KG) VALUES ('WeightedSet', 35013, 8.0, 0, null, 32.5);
INSERT INTO EXERCISE_ACTIVITY_ENTITY_SETS (EXERCISE_ACTIVITY_ENTITY_ID, SETS_ID) VALUES (3501, 35013);
INSERT INTO WORKOUT_ENTITY_EXERCISE_ACTIVITIES (WORKOUT_ENTITY_ID, EXERCISE_ACTIVITIES_ID)  VALUES (35, 3501);
INSERT INTO EXERCISE_ACTIVITY_ENTITY (ID, NOTES, EXERCISE_ID) VALUES (3502, '', SELECT ID FROM EXERCISE_ENTITY WHERE NAME = 'Reverse Bench Press');
INSERT INTO EXERCISE_SET_ENTITY (SET_TYPE, ID, NUMBER_OF_REPS, STATUS , WEIGHT , WEIGHT_KG) VALUES ('WeightedSet', 35020, 8.0, 0, null, 30);
INSERT INTO EXERCISE_ACTIVITY_ENTITY_SETS (EXERCISE_ACTIVITY_ENTITY_ID, SETS_ID) VALUES (3502, 35020);
INSERT INTO EXERCISE_SET_ENTITY (SET_TYPE, ID, NUMBER_OF_REPS, STATUS , WEIGHT , WEIGHT_KG) VALUES ('WeightedSet', 35021, 10.0, 0, null, 32.5);
INSERT INTO EXERCISE_ACTIVITY_ENTITY_SETS (EXERCISE_ACTIVITY_ENTITY_ID, SETS_ID) VALUES (3502, 35021);
INSERT INTO EXERCISE_SET_ENTITY (SET_TYPE, ID, NUMBER_OF_REPS, STATUS , WEIGHT , WEIGHT_KG) VALUES ('WeightedSet', 35022, 10.0, 0, null, 32.5);
INSERT INTO EXERCISE_ACTIVITY_ENTITY_SETS (EXERCISE_ACTIVITY_ENTITY_ID, SETS_ID) VALUES (3502, 35022);
INSERT INTO EXERCISE_SET_ENTITY (SET_TYPE, ID, NUMBER_OF_REPS, STATUS , WEIGHT , WEIGHT_KG) VALUES ('WeightedSet', 35023, 10.0, 0, null, 32.5);
INSERT INTO EXERCISE_ACTIVITY_ENTITY_SETS (EXERCISE_ACTIVITY_ENTITY_ID, SETS_ID) VALUES (3502, 35023);
INSERT INTO WORKOUT_ENTITY_EXERCISE_ACTIVITIES (WORKOUT_ENTITY_ID, EXERCISE_ACTIVITIES_ID)  VALUES (35, 3502);
INSERT INTO EXERCISE_ACTIVITY_ENTITY (ID, NOTES, EXERCISE_ID) VALUES (3503, '', SELECT ID FROM EXERCISE_ENTITY WHERE NAME = 'Lateral Raise');
INSERT INTO EXERCISE_SET_ENTITY (SET_TYPE, ID, NUMBER_OF_REPS, STATUS , WEIGHT , WEIGHT_KG) VALUES ('WeightedSet', 35030, 15.0, 0, null, 2.5);
INSERT INTO EXERCISE_ACTIVITY_ENTITY_SETS (EXERCISE_ACTIVITY_ENTITY_ID, SETS_ID) VALUES (3503, 35030);
INSERT INTO EXERCISE_SET_ENTITY (SET_TYPE, ID, NUMBER_OF_REPS, STATUS , WEIGHT , WEIGHT_KG) VALUES ('WeightedSet', 35031, 15.0, 0, null, 2.5);
INSERT INTO EXERCISE_ACTIVITY_ENTITY_SETS (EXERCISE_ACTIVITY_ENTITY_ID, SETS_ID) VALUES (3503, 35031);
INSERT INTO EXERCISE_SET_ENTITY (SET_TYPE, ID, NUMBER_OF_REPS, STATUS , WEIGHT , WEIGHT_KG) VALUES ('WeightedSet', 35032, 15.0, 0, null, 2.5);
INSERT INTO EXERCISE_ACTIVITY_ENTITY_SETS (EXERCISE_ACTIVITY_ENTITY_ID, SETS_ID) VALUES (3503, 35032);
INSERT INTO WORKOUT_ENTITY_EXERCISE_ACTIVITIES (WORKOUT_ENTITY_ID, EXERCISE_ACTIVITIES_ID)  VALUES (35, 3503);
INSERT INTO EXERCISE_ACTIVITY_ENTITY (ID, NOTES, EXERCISE_ID) VALUES (3504, '', SELECT ID FROM EXERCISE_ENTITY WHERE NAME = 'Tricep Kickback');
INSERT INTO EXERCISE_SET_ENTITY (SET_TYPE, ID, NUMBER_OF_REPS, STATUS , WEIGHT , WEIGHT_KG) VALUES ('WeightedSet', 35040, 10.0, 0, null, 2.5);
INSERT INTO EXERCISE_ACTIVITY_ENTITY_SETS (EXERCISE_ACTIVITY_ENTITY_ID, SETS_ID) VALUES (3504, 35040);
INSERT INTO EXERCISE_SET_ENTITY (SET_TYPE, ID, NUMBER_OF_REPS, STATUS , WEIGHT , WEIGHT_KG) VALUES ('WeightedSet', 35041, 10.0, 0, null, 5);
INSERT INTO EXERCISE_ACTIVITY_ENTITY_SETS (EXERCISE_ACTIVITY_ENTITY_ID, SETS_ID) VALUES (3504, 35041);
INSERT INTO WORKOUT_ENTITY_EXERCISE_ACTIVITIES (WORKOUT_ENTITY_ID, EXERCISE_ACTIVITIES_ID)  VALUES (35, 3504);
INSERT INTO EXERCISE_ACTIVITY_ENTITY (ID, NOTES, EXERCISE_ID) VALUES (3505, '', SELECT ID FROM EXERCISE_ENTITY WHERE NAME = 'Skullcrusher');
INSERT INTO EXERCISE_SET_ENTITY (SET_TYPE, ID, NUMBER_OF_REPS, STATUS , WEIGHT , WEIGHT_KG) VALUES ('WeightedSet', 35050, 10.0, 0, null, 5);
INSERT INTO EXERCISE_ACTIVITY_ENTITY_SETS (EXERCISE_ACTIVITY_ENTITY_ID, SETS_ID) VALUES (3505, 35050);
INSERT INTO WORKOUT_ENTITY_EXERCISE_ACTIVITIES (WORKOUT_ENTITY_ID, EXERCISE_ACTIVITIES_ID)  VALUES (35, 3505);
INSERT INTO WORKOUT_ENTITY (ID, NAME, NOTES, PERFORMED_AT_TIMESTAMP_UTC, WORKOUT_TYPE) VALUES (36, '2019-10-09 15:40:00', 'Notes', '2019-10-09 15:40:00', 'LEGS');
INSERT INTO EXERCISE_ACTIVITY_ENTITY (ID, NOTES, EXERCISE_ID) VALUES (3600, '', SELECT ID FROM EXERCISE_ENTITY WHERE NAME = 'Squat');
INSERT INTO EXERCISE_SET_ENTITY (SET_TYPE, ID, NUMBER_OF_REPS, STATUS , WEIGHT , WEIGHT_KG) VALUES ('NonWeightedSet', 36000, 10.0, 0, 'body', null);
INSERT INTO EXERCISE_ACTIVITY_ENTITY_SETS (EXERCISE_ACTIVITY_ENTITY_ID, SETS_ID) VALUES (3600, 36000);
INSERT INTO EXERCISE_SET_ENTITY (SET_TYPE, ID, NUMBER_OF_REPS, STATUS , WEIGHT , WEIGHT_KG) VALUES ('WeightedSet', 36001, 5.0, 0, null, 20);
INSERT INTO EXERCISE_ACTIVITY_ENTITY_SETS (EXERCISE_ACTIVITY_ENTITY_ID, SETS_ID) VALUES (3600, 36001);
INSERT INTO EXERCISE_SET_ENTITY (SET_TYPE, ID, NUMBER_OF_REPS, STATUS , WEIGHT , WEIGHT_KG) VALUES ('WeightedSet', 36002, 3.0, 0, null, 40);
INSERT INTO EXERCISE_ACTIVITY_ENTITY_SETS (EXERCISE_ACTIVITY_ENTITY_ID, SETS_ID) VALUES (3600, 36002);
INSERT INTO EXERCISE_SET_ENTITY (SET_TYPE, ID, NUMBER_OF_REPS, STATUS , WEIGHT , WEIGHT_KG) VALUES ('WeightedSet', 36003, 2.0, 0, null, 60);
INSERT INTO EXERCISE_ACTIVITY_ENTITY_SETS (EXERCISE_ACTIVITY_ENTITY_ID, SETS_ID) VALUES (3600, 36003);
INSERT INTO EXERCISE_SET_ENTITY (SET_TYPE, ID, NUMBER_OF_REPS, STATUS , WEIGHT , WEIGHT_KG) VALUES ('WeightedSet', 36004, 1.0, 0, null, 70);
INSERT INTO EXERCISE_ACTIVITY_ENTITY_SETS (EXERCISE_ACTIVITY_ENTITY_ID, SETS_ID) VALUES (3600, 36004);
INSERT INTO EXERCISE_SET_ENTITY (SET_TYPE, ID, NUMBER_OF_REPS, STATUS , WEIGHT , WEIGHT_KG) VALUES ('WeightedSet', 36005, 5.0, 0, null, 82.5);
INSERT INTO EXERCISE_ACTIVITY_ENTITY_SETS (EXERCISE_ACTIVITY_ENTITY_ID, SETS_ID) VALUES (3600, 36005);
INSERT INTO EXERCISE_SET_ENTITY (SET_TYPE, ID, NUMBER_OF_REPS, STATUS , WEIGHT , WEIGHT_KG) VALUES ('WeightedSet', 36006, 5.0, 0, null, 82.5);
INSERT INTO EXERCISE_ACTIVITY_ENTITY_SETS (EXERCISE_ACTIVITY_ENTITY_ID, SETS_ID) VALUES (3600, 36006);
INSERT INTO EXERCISE_SET_ENTITY (SET_TYPE, ID, NUMBER_OF_REPS, STATUS , WEIGHT , WEIGHT_KG) VALUES ('WeightedSet', 36007, 5.0, 1, null, 82.5);
INSERT INTO EXERCISE_ACTIVITY_ENTITY_SETS (EXERCISE_ACTIVITY_ENTITY_ID, SETS_ID) VALUES (3600, 36007);
INSERT INTO EXERCISE_SET_ENTITY (SET_TYPE, ID, NUMBER_OF_REPS, STATUS , WEIGHT , WEIGHT_KG) VALUES ('WeightedSet', 36008, 5.0, 0, null, 70);
INSERT INTO EXERCISE_ACTIVITY_ENTITY_SETS (EXERCISE_ACTIVITY_ENTITY_ID, SETS_ID) VALUES (3600, 36008);
INSERT INTO EXERCISE_SET_ENTITY (SET_TYPE, ID, NUMBER_OF_REPS, STATUS , WEIGHT , WEIGHT_KG) VALUES ('WeightedSet', 36009, 5.0, 0, null, 70);
INSERT INTO EXERCISE_ACTIVITY_ENTITY_SETS (EXERCISE_ACTIVITY_ENTITY_ID, SETS_ID) VALUES (3600, 36009);
INSERT INTO WORKOUT_ENTITY_EXERCISE_ACTIVITIES (WORKOUT_ENTITY_ID, EXERCISE_ACTIVITIES_ID)  VALUES (36, 3600);
INSERT INTO EXERCISE_ACTIVITY_ENTITY (ID, NOTES, EXERCISE_ID) VALUES (3601, '', SELECT ID FROM EXERCISE_ENTITY WHERE NAME = 'Romanian Deadlift');
INSERT INTO EXERCISE_SET_ENTITY (SET_TYPE, ID, NUMBER_OF_REPS, STATUS , WEIGHT , WEIGHT_KG) VALUES ('WeightedSet', 36010, 8.0, 0, null, 20);
INSERT INTO EXERCISE_ACTIVITY_ENTITY_SETS (EXERCISE_ACTIVITY_ENTITY_ID, SETS_ID) VALUES (3601, 36010);
INSERT INTO EXERCISE_SET_ENTITY (SET_TYPE, ID, NUMBER_OF_REPS, STATUS , WEIGHT , WEIGHT_KG) VALUES ('WeightedSet', 36011, 8.0, 0, null, 40);
INSERT INTO EXERCISE_ACTIVITY_ENTITY_SETS (EXERCISE_ACTIVITY_ENTITY_ID, SETS_ID) VALUES (3601, 36011);
INSERT INTO EXERCISE_SET_ENTITY (SET_TYPE, ID, NUMBER_OF_REPS, STATUS , WEIGHT , WEIGHT_KG) VALUES ('WeightedSet', 36012, 8.0, 0, null, 40);
INSERT INTO EXERCISE_ACTIVITY_ENTITY_SETS (EXERCISE_ACTIVITY_ENTITY_ID, SETS_ID) VALUES (3601, 36012);
INSERT INTO EXERCISE_SET_ENTITY (SET_TYPE, ID, NUMBER_OF_REPS, STATUS , WEIGHT , WEIGHT_KG) VALUES ('WeightedSet', 36013, 8.0, 0, null, 40);
INSERT INTO EXERCISE_ACTIVITY_ENTITY_SETS (EXERCISE_ACTIVITY_ENTITY_ID, SETS_ID) VALUES (3601, 36013);
INSERT INTO WORKOUT_ENTITY_EXERCISE_ACTIVITIES (WORKOUT_ENTITY_ID, EXERCISE_ACTIVITIES_ID)  VALUES (36, 3601);
INSERT INTO EXERCISE_ACTIVITY_ENTITY (ID, NOTES, EXERCISE_ID) VALUES (3602, '', SELECT ID FROM EXERCISE_ENTITY WHERE NAME = 'Glute Ham Raise');
INSERT INTO EXERCISE_SET_ENTITY (SET_TYPE, ID, NUMBER_OF_REPS, STATUS , WEIGHT , WEIGHT_KG) VALUES ('NonWeightedSet', 36020, 8.0, 0, 'body', null);
INSERT INTO EXERCISE_ACTIVITY_ENTITY_SETS (EXERCISE_ACTIVITY_ENTITY_ID, SETS_ID) VALUES (3602, 36020);
INSERT INTO WORKOUT_ENTITY_EXERCISE_ACTIVITIES (WORKOUT_ENTITY_ID, EXERCISE_ACTIVITIES_ID)  VALUES (36, 3602);
INSERT INTO EXERCISE_ACTIVITY_ENTITY (ID, NOTES, EXERCISE_ID) VALUES (3603, '', SELECT ID FROM EXERCISE_ENTITY WHERE NAME = 'Bulgarian Split Squat');
INSERT INTO EXERCISE_SET_ENTITY (SET_TYPE, ID, NUMBER_OF_REPS, STATUS , WEIGHT , WEIGHT_KG) VALUES ('NonWeightedSet', 36030, 8.0, 0, 'body', null);
INSERT INTO EXERCISE_ACTIVITY_ENTITY_SETS (EXERCISE_ACTIVITY_ENTITY_ID, SETS_ID) VALUES (3603, 36030);
INSERT INTO EXERCISE_SET_ENTITY (SET_TYPE, ID, NUMBER_OF_REPS, STATUS , WEIGHT , WEIGHT_KG) VALUES ('NonWeightedSet', 36031, 10.0, 0, 'body', null);
INSERT INTO EXERCISE_ACTIVITY_ENTITY_SETS (EXERCISE_ACTIVITY_ENTITY_ID, SETS_ID) VALUES (3603, 36031);
INSERT INTO EXERCISE_SET_ENTITY (SET_TYPE, ID, NUMBER_OF_REPS, STATUS , WEIGHT , WEIGHT_KG) VALUES ('NonWeightedSet', 36032, 10.0, 0, 'body', null);
INSERT INTO EXERCISE_ACTIVITY_ENTITY_SETS (EXERCISE_ACTIVITY_ENTITY_ID, SETS_ID) VALUES (3603, 36032);
INSERT INTO WORKOUT_ENTITY_EXERCISE_ACTIVITIES (WORKOUT_ENTITY_ID, EXERCISE_ACTIVITIES_ID)  VALUES (36, 3603);
INSERT INTO EXERCISE_ACTIVITY_ENTITY (ID, NOTES, EXERCISE_ID) VALUES (3604, '', SELECT ID FROM EXERCISE_ENTITY WHERE NAME = 'Hip Thrust');
INSERT INTO EXERCISE_SET_ENTITY (SET_TYPE, ID, NUMBER_OF_REPS, STATUS , WEIGHT , WEIGHT_KG) VALUES ('WeightedSet', 36040, 10.0, 0, null, 20);
INSERT INTO EXERCISE_ACTIVITY_ENTITY_SETS (EXERCISE_ACTIVITY_ENTITY_ID, SETS_ID) VALUES (3604, 36040);
INSERT INTO EXERCISE_SET_ENTITY (SET_TYPE, ID, NUMBER_OF_REPS, STATUS , WEIGHT , WEIGHT_KG) VALUES ('WeightedSet', 36041, 10.0, 0, null, 20);
INSERT INTO EXERCISE_ACTIVITY_ENTITY_SETS (EXERCISE_ACTIVITY_ENTITY_ID, SETS_ID) VALUES (3604, 36041);
INSERT INTO WORKOUT_ENTITY_EXERCISE_ACTIVITIES (WORKOUT_ENTITY_ID, EXERCISE_ACTIVITIES_ID)  VALUES (36, 3604);
INSERT INTO EXERCISE_ACTIVITY_ENTITY (ID, NOTES, EXERCISE_ID) VALUES (3605, '', SELECT ID FROM EXERCISE_ENTITY WHERE NAME = 'Calf Raise');
INSERT INTO EXERCISE_SET_ENTITY (SET_TYPE, ID, NUMBER_OF_REPS, STATUS , WEIGHT , WEIGHT_KG) VALUES ('NonWeightedSet', 36050, 10.0, 0, 'body', null);
INSERT INTO EXERCISE_ACTIVITY_ENTITY_SETS (EXERCISE_ACTIVITY_ENTITY_ID, SETS_ID) VALUES (3605, 36050);
INSERT INTO EXERCISE_SET_ENTITY (SET_TYPE, ID, NUMBER_OF_REPS, STATUS , WEIGHT , WEIGHT_KG) VALUES ('WeightedSet', 36051, 10.0, 0, null, 125);
INSERT INTO EXERCISE_ACTIVITY_ENTITY_SETS (EXERCISE_ACTIVITY_ENTITY_ID, SETS_ID) VALUES (3605, 36051);
INSERT INTO WORKOUT_ENTITY_EXERCISE_ACTIVITIES (WORKOUT_ENTITY_ID, EXERCISE_ACTIVITIES_ID)  VALUES (36, 3605);
INSERT INTO EXERCISE_ACTIVITY_ENTITY (ID, NOTES, EXERCISE_ID) VALUES (3606, '', SELECT ID FROM EXERCISE_ENTITY WHERE NAME = 'Seated Calf Raise');
INSERT INTO EXERCISE_SET_ENTITY (SET_TYPE, ID, NUMBER_OF_REPS, STATUS , WEIGHT , WEIGHT_KG) VALUES ('WeightedSet', 36060, 10.0, 0, null, 20);
INSERT INTO EXERCISE_ACTIVITY_ENTITY_SETS (EXERCISE_ACTIVITY_ENTITY_ID, SETS_ID) VALUES (3606, 36060);
INSERT INTO EXERCISE_SET_ENTITY (SET_TYPE, ID, NUMBER_OF_REPS, STATUS , WEIGHT , WEIGHT_KG) VALUES ('WeightedSet', 36061, 10.0, 0, null, 20);
INSERT INTO EXERCISE_ACTIVITY_ENTITY_SETS (EXERCISE_ACTIVITY_ENTITY_ID, SETS_ID) VALUES (3606, 36061);
INSERT INTO WORKOUT_ENTITY_EXERCISE_ACTIVITIES (WORKOUT_ENTITY_ID, EXERCISE_ACTIVITIES_ID)  VALUES (36, 3606);
INSERT INTO WORKOUT_ENTITY (ID, NAME, NOTES, PERFORMED_AT_TIMESTAMP_UTC, WORKOUT_TYPE) VALUES (37, '2019-10-10 15:40:00', 'Notes', '2019-10-10 15:40:00', 'PULL');
INSERT INTO EXERCISE_ACTIVITY_ENTITY (ID, NOTES, EXERCISE_ID) VALUES (3700, '', SELECT ID FROM EXERCISE_ENTITY WHERE NAME = 'Bent Over Row');
INSERT INTO EXERCISE_SET_ENTITY (SET_TYPE, ID, NUMBER_OF_REPS, STATUS , WEIGHT , WEIGHT_KG) VALUES ('WeightedSet', 37000, 10.0, 0, null, 20);
INSERT INTO EXERCISE_ACTIVITY_ENTITY_SETS (EXERCISE_ACTIVITY_ENTITY_ID, SETS_ID) VALUES (3700, 37000);
INSERT INTO EXERCISE_SET_ENTITY (SET_TYPE, ID, NUMBER_OF_REPS, STATUS , WEIGHT , WEIGHT_KG) VALUES ('WeightedSet', 37001, 11.0, 0, null, 30);
INSERT INTO EXERCISE_ACTIVITY_ENTITY_SETS (EXERCISE_ACTIVITY_ENTITY_ID, SETS_ID) VALUES (3700, 37001);
INSERT INTO EXERCISE_SET_ENTITY (SET_TYPE, ID, NUMBER_OF_REPS, STATUS , WEIGHT , WEIGHT_KG) VALUES ('WeightedSet', 37002, 12.0, 0, null, 30);
INSERT INTO EXERCISE_ACTIVITY_ENTITY_SETS (EXERCISE_ACTIVITY_ENTITY_ID, SETS_ID) VALUES (3700, 37002);
INSERT INTO EXERCISE_SET_ENTITY (SET_TYPE, ID, NUMBER_OF_REPS, STATUS , WEIGHT , WEIGHT_KG) VALUES ('WeightedSet', 37003, 13.0, 0, null, 30);
INSERT INTO EXERCISE_ACTIVITY_ENTITY_SETS (EXERCISE_ACTIVITY_ENTITY_ID, SETS_ID) VALUES (3700, 37003);
INSERT INTO WORKOUT_ENTITY_EXERCISE_ACTIVITIES (WORKOUT_ENTITY_ID, EXERCISE_ACTIVITIES_ID)  VALUES (37, 3700);
INSERT INTO EXERCISE_ACTIVITY_ENTITY (ID, NOTES, EXERCISE_ID) VALUES (3701, '', SELECT ID FROM EXERCISE_ENTITY WHERE NAME = 'Chin Up');
INSERT INTO EXERCISE_SET_ENTITY (SET_TYPE, ID, NUMBER_OF_REPS, STATUS , WEIGHT , WEIGHT_KG) VALUES ('NonWeightedSet', 37010, 6.0, 0, 'body', null);
INSERT INTO EXERCISE_ACTIVITY_ENTITY_SETS (EXERCISE_ACTIVITY_ENTITY_ID, SETS_ID) VALUES (3701, 37010);
INSERT INTO EXERCISE_SET_ENTITY (SET_TYPE, ID, NUMBER_OF_REPS, STATUS , WEIGHT , WEIGHT_KG) VALUES ('NonWeightedSet', 37011, 6.0, 0, 'body', null);
INSERT INTO EXERCISE_ACTIVITY_ENTITY_SETS (EXERCISE_ACTIVITY_ENTITY_ID, SETS_ID) VALUES (3701, 37011);
INSERT INTO EXERCISE_SET_ENTITY (SET_TYPE, ID, NUMBER_OF_REPS, STATUS , WEIGHT , WEIGHT_KG) VALUES ('NonWeightedSet', 37012, 6.0, 0, 'body', null);
INSERT INTO EXERCISE_ACTIVITY_ENTITY_SETS (EXERCISE_ACTIVITY_ENTITY_ID, SETS_ID) VALUES (3701, 37012);
INSERT INTO WORKOUT_ENTITY_EXERCISE_ACTIVITIES (WORKOUT_ENTITY_ID, EXERCISE_ACTIVITIES_ID)  VALUES (37, 3701);
INSERT INTO EXERCISE_ACTIVITY_ENTITY (ID, NOTES, EXERCISE_ID) VALUES (3702, '', SELECT ID FROM EXERCISE_ENTITY WHERE NAME = 'One Arm Band Row');
INSERT INTO EXERCISE_SET_ENTITY (SET_TYPE, ID, NUMBER_OF_REPS, STATUS , WEIGHT , WEIGHT_KG) VALUES ('NonWeightedSet', 37020, 10.0, 0, 'red and yellow band', null);
INSERT INTO EXERCISE_ACTIVITY_ENTITY_SETS (EXERCISE_ACTIVITY_ENTITY_ID, SETS_ID) VALUES (3702, 37020);
INSERT INTO EXERCISE_SET_ENTITY (SET_TYPE, ID, NUMBER_OF_REPS, STATUS , WEIGHT , WEIGHT_KG) VALUES ('NonWeightedSet', 37021, 10.0, 0, 'red and yellow band', null);
INSERT INTO EXERCISE_ACTIVITY_ENTITY_SETS (EXERCISE_ACTIVITY_ENTITY_ID, SETS_ID) VALUES (3702, 37021);
INSERT INTO EXERCISE_SET_ENTITY (SET_TYPE, ID, NUMBER_OF_REPS, STATUS , WEIGHT , WEIGHT_KG) VALUES ('NonWeightedSet', 37022, 10.0, 0, 'red and yellow band', null);
INSERT INTO EXERCISE_ACTIVITY_ENTITY_SETS (EXERCISE_ACTIVITY_ENTITY_ID, SETS_ID) VALUES (3702, 37022);
INSERT INTO WORKOUT_ENTITY_EXERCISE_ACTIVITIES (WORKOUT_ENTITY_ID, EXERCISE_ACTIVITIES_ID)  VALUES (37, 3702);
INSERT INTO EXERCISE_ACTIVITY_ENTITY (ID, NOTES, EXERCISE_ID) VALUES (3703, '', SELECT ID FROM EXERCISE_ENTITY WHERE NAME = 'Barbell Curl');
INSERT INTO EXERCISE_SET_ENTITY (SET_TYPE, ID, NUMBER_OF_REPS, STATUS , WEIGHT , WEIGHT_KG) VALUES ('WeightedSet', 37030, 5.0, 0, null, 30);
INSERT INTO EXERCISE_ACTIVITY_ENTITY_SETS (EXERCISE_ACTIVITY_ENTITY_ID, SETS_ID) VALUES (3703, 37030);
INSERT INTO EXERCISE_SET_ENTITY (SET_TYPE, ID, NUMBER_OF_REPS, STATUS , WEIGHT , WEIGHT_KG) VALUES ('WeightedSet', 37031, 10.0, 0, null, 22.5);
INSERT INTO EXERCISE_ACTIVITY_ENTITY_SETS (EXERCISE_ACTIVITY_ENTITY_ID, SETS_ID) VALUES (3703, 37031);
INSERT INTO EXERCISE_SET_ENTITY (SET_TYPE, ID, NUMBER_OF_REPS, STATUS , WEIGHT , WEIGHT_KG) VALUES ('WeightedSet', 37032, 10.0, 0, null, 22.5);
INSERT INTO EXERCISE_ACTIVITY_ENTITY_SETS (EXERCISE_ACTIVITY_ENTITY_ID, SETS_ID) VALUES (3703, 37032);
INSERT INTO EXERCISE_SET_ENTITY (SET_TYPE, ID, NUMBER_OF_REPS, STATUS , WEIGHT , WEIGHT_KG) VALUES ('WeightedSet', 37033, 10.0, 0, null, 22.5);
INSERT INTO EXERCISE_ACTIVITY_ENTITY_SETS (EXERCISE_ACTIVITY_ENTITY_ID, SETS_ID) VALUES (3703, 37033);
INSERT INTO WORKOUT_ENTITY_EXERCISE_ACTIVITIES (WORKOUT_ENTITY_ID, EXERCISE_ACTIVITIES_ID)  VALUES (37, 3703);
INSERT INTO EXERCISE_ACTIVITY_ENTITY (ID, NOTES, EXERCISE_ID) VALUES (3704, '', SELECT ID FROM EXERCISE_ENTITY WHERE NAME = 'Facepull');
INSERT INTO EXERCISE_SET_ENTITY (SET_TYPE, ID, NUMBER_OF_REPS, STATUS , WEIGHT , WEIGHT_KG) VALUES ('NonWeightedSet', 37040, 10.0, 0, 'yellow band', null);
INSERT INTO EXERCISE_ACTIVITY_ENTITY_SETS (EXERCISE_ACTIVITY_ENTITY_ID, SETS_ID) VALUES (3704, 37040);
INSERT INTO EXERCISE_SET_ENTITY (SET_TYPE, ID, NUMBER_OF_REPS, STATUS , WEIGHT , WEIGHT_KG) VALUES ('NonWeightedSet', 37041, 10.0, 0, 'yellow band', null);
INSERT INTO EXERCISE_ACTIVITY_ENTITY_SETS (EXERCISE_ACTIVITY_ENTITY_ID, SETS_ID) VALUES (3704, 37041);
INSERT INTO EXERCISE_SET_ENTITY (SET_TYPE, ID, NUMBER_OF_REPS, STATUS , WEIGHT , WEIGHT_KG) VALUES ('NonWeightedSet', 37042, 10.0, 0, 'yellow band', null);
INSERT INTO EXERCISE_ACTIVITY_ENTITY_SETS (EXERCISE_ACTIVITY_ENTITY_ID, SETS_ID) VALUES (3704, 37042);
INSERT INTO WORKOUT_ENTITY_EXERCISE_ACTIVITIES (WORKOUT_ENTITY_ID, EXERCISE_ACTIVITIES_ID)  VALUES (37, 3704);
INSERT INTO EXERCISE_ACTIVITY_ENTITY (ID, NOTES, EXERCISE_ID) VALUES (3705, '', SELECT ID FROM EXERCISE_ENTITY WHERE NAME = 'Dumbbell Curl');
INSERT INTO EXERCISE_SET_ENTITY (SET_TYPE, ID, NUMBER_OF_REPS, STATUS , WEIGHT , WEIGHT_KG) VALUES ('WeightedSet', 37050, 10.0, 0, null, 7.5);
INSERT INTO EXERCISE_ACTIVITY_ENTITY_SETS (EXERCISE_ACTIVITY_ENTITY_ID, SETS_ID) VALUES (3705, 37050);
INSERT INTO EXERCISE_SET_ENTITY (SET_TYPE, ID, NUMBER_OF_REPS, STATUS , WEIGHT , WEIGHT_KG) VALUES ('WeightedSet', 37051, 10.0, 0, null, 7.5);
INSERT INTO EXERCISE_ACTIVITY_ENTITY_SETS (EXERCISE_ACTIVITY_ENTITY_ID, SETS_ID) VALUES (3705, 37051);
INSERT INTO WORKOUT_ENTITY_EXERCISE_ACTIVITIES (WORKOUT_ENTITY_ID, EXERCISE_ACTIVITIES_ID)  VALUES (37, 3705);
INSERT INTO WORKOUT_ENTITY (ID, NAME, NOTES, PERFORMED_AT_TIMESTAMP_UTC, WORKOUT_TYPE) VALUES (38, '2019-10-11 14:45:00', 'Notes', '2019-10-11 14:45:00', 'PUSH');
INSERT INTO EXERCISE_ACTIVITY_ENTITY (ID, NOTES, EXERCISE_ID) VALUES (3800, '', SELECT ID FROM EXERCISE_ENTITY WHERE NAME = 'Bench Press');
INSERT INTO EXERCISE_SET_ENTITY (SET_TYPE, ID, NUMBER_OF_REPS, STATUS , WEIGHT , WEIGHT_KG) VALUES ('WeightedSet', 38000, 5.0, 0, null, 20);
INSERT INTO EXERCISE_ACTIVITY_ENTITY_SETS (EXERCISE_ACTIVITY_ENTITY_ID, SETS_ID) VALUES (3800, 38000);
INSERT INTO EXERCISE_SET_ENTITY (SET_TYPE, ID, NUMBER_OF_REPS, STATUS , WEIGHT , WEIGHT_KG) VALUES ('WeightedSet', 38001, 8.0, 0, null, 40);
INSERT INTO EXERCISE_ACTIVITY_ENTITY_SETS (EXERCISE_ACTIVITY_ENTITY_ID, SETS_ID) VALUES (3800, 38001);
INSERT INTO EXERCISE_SET_ENTITY (SET_TYPE, ID, NUMBER_OF_REPS, STATUS , WEIGHT , WEIGHT_KG) VALUES ('WeightedSet', 38002, 8.0, 0, null, 50);
INSERT INTO EXERCISE_ACTIVITY_ENTITY_SETS (EXERCISE_ACTIVITY_ENTITY_ID, SETS_ID) VALUES (3800, 38002);
INSERT INTO EXERCISE_SET_ENTITY (SET_TYPE, ID, NUMBER_OF_REPS, STATUS , WEIGHT , WEIGHT_KG) VALUES ('WeightedSet', 38003, 8.0, 0, null, 50);
INSERT INTO EXERCISE_ACTIVITY_ENTITY_SETS (EXERCISE_ACTIVITY_ENTITY_ID, SETS_ID) VALUES (3800, 38003);
INSERT INTO EXERCISE_SET_ENTITY (SET_TYPE, ID, NUMBER_OF_REPS, STATUS , WEIGHT , WEIGHT_KG) VALUES ('WeightedSet', 38004, 8.0, 0, null, 50);
INSERT INTO EXERCISE_ACTIVITY_ENTITY_SETS (EXERCISE_ACTIVITY_ENTITY_ID, SETS_ID) VALUES (3800, 38004);
INSERT INTO WORKOUT_ENTITY_EXERCISE_ACTIVITIES (WORKOUT_ENTITY_ID, EXERCISE_ACTIVITIES_ID)  VALUES (38, 3800);
INSERT INTO EXERCISE_ACTIVITY_ENTITY (ID, NOTES, EXERCISE_ID) VALUES (3801, '', SELECT ID FROM EXERCISE_ENTITY WHERE NAME = 'Seated Dumbbell Press');
INSERT INTO EXERCISE_SET_ENTITY (SET_TYPE, ID, NUMBER_OF_REPS, STATUS , WEIGHT , WEIGHT_KG) VALUES ('WeightedSet', 38010, 8.0, 0, null, 10);
INSERT INTO EXERCISE_ACTIVITY_ENTITY_SETS (EXERCISE_ACTIVITY_ENTITY_ID, SETS_ID) VALUES (3801, 38010);
INSERT INTO EXERCISE_SET_ENTITY (SET_TYPE, ID, NUMBER_OF_REPS, STATUS , WEIGHT , WEIGHT_KG) VALUES ('WeightedSet', 38011, 8.0, 0, null, 15);
INSERT INTO EXERCISE_ACTIVITY_ENTITY_SETS (EXERCISE_ACTIVITY_ENTITY_ID, SETS_ID) VALUES (3801, 38011);
INSERT INTO EXERCISE_SET_ENTITY (SET_TYPE, ID, NUMBER_OF_REPS, STATUS , WEIGHT , WEIGHT_KG) VALUES ('WeightedSet', 38012, 8.0, 0, null, 15);
INSERT INTO EXERCISE_ACTIVITY_ENTITY_SETS (EXERCISE_ACTIVITY_ENTITY_ID, SETS_ID) VALUES (3801, 38012);
INSERT INTO EXERCISE_SET_ENTITY (SET_TYPE, ID, NUMBER_OF_REPS, STATUS , WEIGHT , WEIGHT_KG) VALUES ('WeightedSet', 38013, 8.0, 0, null, 15);
INSERT INTO EXERCISE_ACTIVITY_ENTITY_SETS (EXERCISE_ACTIVITY_ENTITY_ID, SETS_ID) VALUES (3801, 38013);
INSERT INTO WORKOUT_ENTITY_EXERCISE_ACTIVITIES (WORKOUT_ENTITY_ID, EXERCISE_ACTIVITIES_ID)  VALUES (38, 3801);
INSERT INTO EXERCISE_ACTIVITY_ENTITY (ID, NOTES, EXERCISE_ID) VALUES (3802, '', SELECT ID FROM EXERCISE_ENTITY WHERE NAME = 'Reverse Bench Press');
INSERT INTO EXERCISE_SET_ENTITY (SET_TYPE, ID, NUMBER_OF_REPS, STATUS , WEIGHT , WEIGHT_KG) VALUES ('WeightedSet', 38020, 10.0, 0, null, 30);
INSERT INTO EXERCISE_ACTIVITY_ENTITY_SETS (EXERCISE_ACTIVITY_ENTITY_ID, SETS_ID) VALUES (3802, 38020);
INSERT INTO EXERCISE_SET_ENTITY (SET_TYPE, ID, NUMBER_OF_REPS, STATUS , WEIGHT , WEIGHT_KG) VALUES ('WeightedSet', 38021, 10.0, 0, null, 35);
INSERT INTO EXERCISE_ACTIVITY_ENTITY_SETS (EXERCISE_ACTIVITY_ENTITY_ID, SETS_ID) VALUES (3802, 38021);
INSERT INTO EXERCISE_SET_ENTITY (SET_TYPE, ID, NUMBER_OF_REPS, STATUS , WEIGHT , WEIGHT_KG) VALUES ('WeightedSet', 38022, 10.0, 0, null, 35);
INSERT INTO EXERCISE_ACTIVITY_ENTITY_SETS (EXERCISE_ACTIVITY_ENTITY_ID, SETS_ID) VALUES (3802, 38022);
INSERT INTO WORKOUT_ENTITY_EXERCISE_ACTIVITIES (WORKOUT_ENTITY_ID, EXERCISE_ACTIVITIES_ID)  VALUES (38, 3802);
INSERT INTO EXERCISE_ACTIVITY_ENTITY (ID, NOTES, EXERCISE_ID) VALUES (3803, '', SELECT ID FROM EXERCISE_ENTITY WHERE NAME = 'Incline Bench Press');
INSERT INTO EXERCISE_SET_ENTITY (SET_TYPE, ID, NUMBER_OF_REPS, STATUS , WEIGHT , WEIGHT_KG) VALUES ('WeightedSet', 38030, 10.0, 0, null, 35);
INSERT INTO EXERCISE_ACTIVITY_ENTITY_SETS (EXERCISE_ACTIVITY_ENTITY_ID, SETS_ID) VALUES (3803, 38030);
INSERT INTO EXERCISE_SET_ENTITY (SET_TYPE, ID, NUMBER_OF_REPS, STATUS , WEIGHT , WEIGHT_KG) VALUES ('WeightedSet', 38031, 10.0, 0, null, 35);
INSERT INTO EXERCISE_ACTIVITY_ENTITY_SETS (EXERCISE_ACTIVITY_ENTITY_ID, SETS_ID) VALUES (3803, 38031);
INSERT INTO WORKOUT_ENTITY_EXERCISE_ACTIVITIES (WORKOUT_ENTITY_ID, EXERCISE_ACTIVITIES_ID)  VALUES (38, 3803);
INSERT INTO EXERCISE_ACTIVITY_ENTITY (ID, NOTES, EXERCISE_ID) VALUES (3804, '', SELECT ID FROM EXERCISE_ENTITY WHERE NAME = 'Tricep Kickback');
INSERT INTO EXERCISE_SET_ENTITY (SET_TYPE, ID, NUMBER_OF_REPS, STATUS , WEIGHT , WEIGHT_KG) VALUES ('WeightedSet', 38040, 10.0, 0, null, 5);
INSERT INTO EXERCISE_ACTIVITY_ENTITY_SETS (EXERCISE_ACTIVITY_ENTITY_ID, SETS_ID) VALUES (3804, 38040);
INSERT INTO EXERCISE_SET_ENTITY (SET_TYPE, ID, NUMBER_OF_REPS, STATUS , WEIGHT , WEIGHT_KG) VALUES ('WeightedSet', 38041, 10.0, 0, null, 5);
INSERT INTO EXERCISE_ACTIVITY_ENTITY_SETS (EXERCISE_ACTIVITY_ENTITY_ID, SETS_ID) VALUES (3804, 38041);
INSERT INTO WORKOUT_ENTITY_EXERCISE_ACTIVITIES (WORKOUT_ENTITY_ID, EXERCISE_ACTIVITIES_ID)  VALUES (38, 3804);
INSERT INTO EXERCISE_ACTIVITY_ENTITY (ID, NOTES, EXERCISE_ID) VALUES (3805, '', SELECT ID FROM EXERCISE_ENTITY WHERE NAME = 'Skullcrusher');
INSERT INTO EXERCISE_SET_ENTITY (SET_TYPE, ID, NUMBER_OF_REPS, STATUS , WEIGHT , WEIGHT_KG) VALUES ('WeightedSet', 38050, 10.0, 0, null, 5);
INSERT INTO EXERCISE_ACTIVITY_ENTITY_SETS (EXERCISE_ACTIVITY_ENTITY_ID, SETS_ID) VALUES (3805, 38050);
INSERT INTO EXERCISE_SET_ENTITY (SET_TYPE, ID, NUMBER_OF_REPS, STATUS , WEIGHT , WEIGHT_KG) VALUES ('WeightedSet', 38051, 10.0, 0, null, 5);
INSERT INTO EXERCISE_ACTIVITY_ENTITY_SETS (EXERCISE_ACTIVITY_ENTITY_ID, SETS_ID) VALUES (3805, 38051);
INSERT INTO WORKOUT_ENTITY_EXERCISE_ACTIVITIES (WORKOUT_ENTITY_ID, EXERCISE_ACTIVITIES_ID)  VALUES (38, 3805);
INSERT INTO WORKOUT_ENTITY (ID, NAME, NOTES, PERFORMED_AT_TIMESTAMP_UTC, WORKOUT_TYPE) VALUES (39, '2019-10-12 11:45:00', 'Notes', '2019-10-12 11:45:00', 'LEGS');
INSERT INTO EXERCISE_ACTIVITY_ENTITY (ID, NOTES, EXERCISE_ID) VALUES (3900, '', SELECT ID FROM EXERCISE_ENTITY WHERE NAME = 'Goblet Squat');
INSERT INTO EXERCISE_SET_ENTITY (SET_TYPE, ID, NUMBER_OF_REPS, STATUS , WEIGHT , WEIGHT_KG) VALUES ('NonWeightedSet', 39000, 10.0, 0, 'body', null);
INSERT INTO EXERCISE_ACTIVITY_ENTITY_SETS (EXERCISE_ACTIVITY_ENTITY_ID, SETS_ID) VALUES (3900, 39000);
INSERT INTO EXERCISE_SET_ENTITY (SET_TYPE, ID, NUMBER_OF_REPS, STATUS , WEIGHT , WEIGHT_KG) VALUES ('NonWeightedSet', 39001, 20.0, 0, 'body', null);
INSERT INTO EXERCISE_ACTIVITY_ENTITY_SETS (EXERCISE_ACTIVITY_ENTITY_ID, SETS_ID) VALUES (3900, 39001);
INSERT INTO EXERCISE_SET_ENTITY (SET_TYPE, ID, NUMBER_OF_REPS, STATUS , WEIGHT , WEIGHT_KG) VALUES ('WeightedSet', 39002, 15.0, 0, null, 7.5);
INSERT INTO EXERCISE_ACTIVITY_ENTITY_SETS (EXERCISE_ACTIVITY_ENTITY_ID, SETS_ID) VALUES (3900, 39002);
INSERT INTO EXERCISE_SET_ENTITY (SET_TYPE, ID, NUMBER_OF_REPS, STATUS , WEIGHT , WEIGHT_KG) VALUES ('WeightedSet', 39003, 12.0, 0, null, 15);
INSERT INTO EXERCISE_ACTIVITY_ENTITY_SETS (EXERCISE_ACTIVITY_ENTITY_ID, SETS_ID) VALUES (3900, 39003);
INSERT INTO EXERCISE_SET_ENTITY (SET_TYPE, ID, NUMBER_OF_REPS, STATUS , WEIGHT , WEIGHT_KG) VALUES ('WeightedSet', 39004, 12.0, 0, null, 15);
INSERT INTO EXERCISE_ACTIVITY_ENTITY_SETS (EXERCISE_ACTIVITY_ENTITY_ID, SETS_ID) VALUES (3900, 39004);
INSERT INTO EXERCISE_SET_ENTITY (SET_TYPE, ID, NUMBER_OF_REPS, STATUS , WEIGHT , WEIGHT_KG) VALUES ('WeightedSet', 39005, 12.0, 0, null, 15);
INSERT INTO EXERCISE_ACTIVITY_ENTITY_SETS (EXERCISE_ACTIVITY_ENTITY_ID, SETS_ID) VALUES (3900, 39005);
INSERT INTO WORKOUT_ENTITY_EXERCISE_ACTIVITIES (WORKOUT_ENTITY_ID, EXERCISE_ACTIVITIES_ID)  VALUES (39, 3900);
INSERT INTO EXERCISE_ACTIVITY_ENTITY (ID, NOTES, EXERCISE_ID) VALUES (3901, '', SELECT ID FROM EXERCISE_ENTITY WHERE NAME = 'Dumbbell Romanian Deadlift');
INSERT INTO EXERCISE_SET_ENTITY (SET_TYPE, ID, NUMBER_OF_REPS, STATUS , WEIGHT , WEIGHT_KG) VALUES ('NonWeightedSet', 39010, 10.0, 0, 'body', null);
INSERT INTO EXERCISE_ACTIVITY_ENTITY_SETS (EXERCISE_ACTIVITY_ENTITY_ID, SETS_ID) VALUES (3901, 39010);
INSERT INTO EXERCISE_SET_ENTITY (SET_TYPE, ID, NUMBER_OF_REPS, STATUS , WEIGHT , WEIGHT_KG) VALUES ('WeightedSet', 39011, 10.0, 0, null, 7.5);
INSERT INTO EXERCISE_ACTIVITY_ENTITY_SETS (EXERCISE_ACTIVITY_ENTITY_ID, SETS_ID) VALUES (3901, 39011);
INSERT INTO EXERCISE_SET_ENTITY (SET_TYPE, ID, NUMBER_OF_REPS, STATUS , WEIGHT , WEIGHT_KG) VALUES ('WeightedSet', 39012, 10.0, 0, null, 7.5);
INSERT INTO EXERCISE_ACTIVITY_ENTITY_SETS (EXERCISE_ACTIVITY_ENTITY_ID, SETS_ID) VALUES (3901, 39012);
INSERT INTO EXERCISE_SET_ENTITY (SET_TYPE, ID, NUMBER_OF_REPS, STATUS , WEIGHT , WEIGHT_KG) VALUES ('WeightedSet', 39013, 10.0, 0, null, 7.5);
INSERT INTO EXERCISE_ACTIVITY_ENTITY_SETS (EXERCISE_ACTIVITY_ENTITY_ID, SETS_ID) VALUES (3901, 39013);
INSERT INTO WORKOUT_ENTITY_EXERCISE_ACTIVITIES (WORKOUT_ENTITY_ID, EXERCISE_ACTIVITIES_ID)  VALUES (39, 3901);
INSERT INTO EXERCISE_ACTIVITY_ENTITY (ID, NOTES, EXERCISE_ID) VALUES (3902, '', SELECT ID FROM EXERCISE_ENTITY WHERE NAME = 'Bulgarian Split Squat');
INSERT INTO EXERCISE_SET_ENTITY (SET_TYPE, ID, NUMBER_OF_REPS, STATUS , WEIGHT , WEIGHT_KG) VALUES ('NonWeightedSet', 39020, 10.0, 0, 'body', null);
INSERT INTO EXERCISE_ACTIVITY_ENTITY_SETS (EXERCISE_ACTIVITY_ENTITY_ID, SETS_ID) VALUES (3902, 39020);
INSERT INTO EXERCISE_SET_ENTITY (SET_TYPE, ID, NUMBER_OF_REPS, STATUS , WEIGHT , WEIGHT_KG) VALUES ('WeightedSet', 39021, 10.0, 0, null, 7.5);
INSERT INTO EXERCISE_ACTIVITY_ENTITY_SETS (EXERCISE_ACTIVITY_ENTITY_ID, SETS_ID) VALUES (3902, 39021);
INSERT INTO EXERCISE_SET_ENTITY (SET_TYPE, ID, NUMBER_OF_REPS, STATUS , WEIGHT , WEIGHT_KG) VALUES ('WeightedSet', 39022, 10.0, 0, null, 7.5);
INSERT INTO EXERCISE_ACTIVITY_ENTITY_SETS (EXERCISE_ACTIVITY_ENTITY_ID, SETS_ID) VALUES (3902, 39022);
INSERT INTO WORKOUT_ENTITY_EXERCISE_ACTIVITIES (WORKOUT_ENTITY_ID, EXERCISE_ACTIVITIES_ID)  VALUES (39, 3902);
INSERT INTO EXERCISE_ACTIVITY_ENTITY (ID, NOTES, EXERCISE_ID) VALUES (3903, '', SELECT ID FROM EXERCISE_ENTITY WHERE NAME = 'Lunge');
INSERT INTO EXERCISE_SET_ENTITY (SET_TYPE, ID, NUMBER_OF_REPS, STATUS , WEIGHT , WEIGHT_KG) VALUES ('NonWeightedSet', 39030, 10.0, 0, 'body', null);
INSERT INTO EXERCISE_ACTIVITY_ENTITY_SETS (EXERCISE_ACTIVITY_ENTITY_ID, SETS_ID) VALUES (3903, 39030);
INSERT INTO EXERCISE_SET_ENTITY (SET_TYPE, ID, NUMBER_OF_REPS, STATUS , WEIGHT , WEIGHT_KG) VALUES ('WeightedSet', 39031, 10.0, 0, null, 7.5);
INSERT INTO EXERCISE_ACTIVITY_ENTITY_SETS (EXERCISE_ACTIVITY_ENTITY_ID, SETS_ID) VALUES (3903, 39031);
INSERT INTO EXERCISE_SET_ENTITY (SET_TYPE, ID, NUMBER_OF_REPS, STATUS , WEIGHT , WEIGHT_KG) VALUES ('WeightedSet', 39032, 10.0, 0, null, 7.5);
INSERT INTO EXERCISE_ACTIVITY_ENTITY_SETS (EXERCISE_ACTIVITY_ENTITY_ID, SETS_ID) VALUES (3903, 39032);
INSERT INTO WORKOUT_ENTITY_EXERCISE_ACTIVITIES (WORKOUT_ENTITY_ID, EXERCISE_ACTIVITIES_ID)  VALUES (39, 3903);
INSERT INTO EXERCISE_ACTIVITY_ENTITY (ID, NOTES, EXERCISE_ID) VALUES (3904, '', SELECT ID FROM EXERCISE_ENTITY WHERE NAME = 'Calf Raise');
INSERT INTO EXERCISE_SET_ENTITY (SET_TYPE, ID, NUMBER_OF_REPS, STATUS , WEIGHT , WEIGHT_KG) VALUES ('NonWeightedSet', 39040, 10.0, 0, 'body', null);
INSERT INTO EXERCISE_ACTIVITY_ENTITY_SETS (EXERCISE_ACTIVITY_ENTITY_ID, SETS_ID) VALUES (3904, 39040);
INSERT INTO EXERCISE_SET_ENTITY (SET_TYPE, ID, NUMBER_OF_REPS, STATUS , WEIGHT , WEIGHT_KG) VALUES ('NonWeightedSet', 39041, 10.0, 0, 'body', null);
INSERT INTO EXERCISE_ACTIVITY_ENTITY_SETS (EXERCISE_ACTIVITY_ENTITY_ID, SETS_ID) VALUES (3904, 39041);
INSERT INTO WORKOUT_ENTITY_EXERCISE_ACTIVITIES (WORKOUT_ENTITY_ID, EXERCISE_ACTIVITIES_ID)  VALUES (39, 3904);
INSERT INTO EXERCISE_ACTIVITY_ENTITY (ID, NOTES, EXERCISE_ID) VALUES (3905, '', SELECT ID FROM EXERCISE_ENTITY WHERE NAME = 'Kettlebell Swing');
INSERT INTO EXERCISE_SET_ENTITY (SET_TYPE, ID, NUMBER_OF_REPS, STATUS , WEIGHT , WEIGHT_KG) VALUES ('WeightedSet', 39050, 15.0, 0, null, 7.5);
INSERT INTO EXERCISE_ACTIVITY_ENTITY_SETS (EXERCISE_ACTIVITY_ENTITY_ID, SETS_ID) VALUES (3905, 39050);
INSERT INTO WORKOUT_ENTITY_EXERCISE_ACTIVITIES (WORKOUT_ENTITY_ID, EXERCISE_ACTIVITIES_ID)  VALUES (39, 3905);
INSERT INTO WORKOUT_ENTITY (ID, NAME, NOTES, PERFORMED_AT_TIMESTAMP_UTC, WORKOUT_TYPE) VALUES (40, '2019-10-14 15:40:00', 'Notes', '2019-10-14 15:40:00', 'PULL');
INSERT INTO EXERCISE_ACTIVITY_ENTITY (ID, NOTES, EXERCISE_ID) VALUES (4000, '', SELECT ID FROM EXERCISE_ENTITY WHERE NAME = 'Deadlift');
INSERT INTO EXERCISE_SET_ENTITY (SET_TYPE, ID, NUMBER_OF_REPS, STATUS , WEIGHT , WEIGHT_KG) VALUES ('WeightedSet', 40000, 5.0, 0, null, 20);
INSERT INTO EXERCISE_ACTIVITY_ENTITY_SETS (EXERCISE_ACTIVITY_ENTITY_ID, SETS_ID) VALUES (4000, 40000);
INSERT INTO EXERCISE_SET_ENTITY (SET_TYPE, ID, NUMBER_OF_REPS, STATUS , WEIGHT , WEIGHT_KG) VALUES ('WeightedSet', 40001, 5.0, 0, null, 60);
INSERT INTO EXERCISE_ACTIVITY_ENTITY_SETS (EXERCISE_ACTIVITY_ENTITY_ID, SETS_ID) VALUES (4000, 40001);
INSERT INTO EXERCISE_SET_ENTITY (SET_TYPE, ID, NUMBER_OF_REPS, STATUS , WEIGHT , WEIGHT_KG) VALUES ('WeightedSet', 40002, 3.0, 0, null, 90);
INSERT INTO EXERCISE_ACTIVITY_ENTITY_SETS (EXERCISE_ACTIVITY_ENTITY_ID, SETS_ID) VALUES (4000, 40002);
INSERT INTO EXERCISE_SET_ENTITY (SET_TYPE, ID, NUMBER_OF_REPS, STATUS , WEIGHT , WEIGHT_KG) VALUES ('WeightedSet', 40003, 2.0, 0, null, 110);
INSERT INTO EXERCISE_ACTIVITY_ENTITY_SETS (EXERCISE_ACTIVITY_ENTITY_ID, SETS_ID) VALUES (4000, 40003);
INSERT INTO EXERCISE_SET_ENTITY (SET_TYPE, ID, NUMBER_OF_REPS, STATUS , WEIGHT , WEIGHT_KG) VALUES ('WeightedSet', 40004, 1.0, 0, null, 120);
INSERT INTO EXERCISE_ACTIVITY_ENTITY_SETS (EXERCISE_ACTIVITY_ENTITY_ID, SETS_ID) VALUES (4000, 40004);
INSERT INTO EXERCISE_SET_ENTITY (SET_TYPE, ID, NUMBER_OF_REPS, STATUS , WEIGHT , WEIGHT_KG) VALUES ('WeightedSet', 40005, 5.0, 0, null, 132.5);
INSERT INTO EXERCISE_ACTIVITY_ENTITY_SETS (EXERCISE_ACTIVITY_ENTITY_ID, SETS_ID) VALUES (4000, 40005);
INSERT INTO WORKOUT_ENTITY_EXERCISE_ACTIVITIES (WORKOUT_ENTITY_ID, EXERCISE_ACTIVITIES_ID)  VALUES (40, 4000);
INSERT INTO EXERCISE_ACTIVITY_ENTITY (ID, NOTES, EXERCISE_ID) VALUES (4001, '', SELECT ID FROM EXERCISE_ENTITY WHERE NAME = 'Pull Up');
INSERT INTO EXERCISE_SET_ENTITY (SET_TYPE, ID, NUMBER_OF_REPS, STATUS , WEIGHT , WEIGHT_KG) VALUES ('NonWeightedSet', 40010, 6.0, 0, 'body', null);
INSERT INTO EXERCISE_ACTIVITY_ENTITY_SETS (EXERCISE_ACTIVITY_ENTITY_ID, SETS_ID) VALUES (4001, 40010);
INSERT INTO EXERCISE_SET_ENTITY (SET_TYPE, ID, NUMBER_OF_REPS, STATUS , WEIGHT , WEIGHT_KG) VALUES ('NonWeightedSet', 40011, 6.0, 0, 'body', null);
INSERT INTO EXERCISE_ACTIVITY_ENTITY_SETS (EXERCISE_ACTIVITY_ENTITY_ID, SETS_ID) VALUES (4001, 40011);
INSERT INTO EXERCISE_SET_ENTITY (SET_TYPE, ID, NUMBER_OF_REPS, STATUS , WEIGHT , WEIGHT_KG) VALUES ('NonWeightedSet', 40012, 5.0, 1, 'body', null);
INSERT INTO EXERCISE_ACTIVITY_ENTITY_SETS (EXERCISE_ACTIVITY_ENTITY_ID, SETS_ID) VALUES (4001, 40012);
INSERT INTO WORKOUT_ENTITY_EXERCISE_ACTIVITIES (WORKOUT_ENTITY_ID, EXERCISE_ACTIVITIES_ID)  VALUES (40, 4001);
INSERT INTO EXERCISE_ACTIVITY_ENTITY (ID, NOTES, EXERCISE_ID) VALUES (4002, '', SELECT ID FROM EXERCISE_ENTITY WHERE NAME = 'Inverted Row');
INSERT INTO EXERCISE_SET_ENTITY (SET_TYPE, ID, NUMBER_OF_REPS, STATUS , WEIGHT , WEIGHT_KG) VALUES ('NonWeightedSet', 40020, 10.0, 0, 'body', null);
INSERT INTO EXERCISE_ACTIVITY_ENTITY_SETS (EXERCISE_ACTIVITY_ENTITY_ID, SETS_ID) VALUES (4002, 40020);
INSERT INTO EXERCISE_SET_ENTITY (SET_TYPE, ID, NUMBER_OF_REPS, STATUS , WEIGHT , WEIGHT_KG) VALUES ('NonWeightedSet', 40021, 10.0, 0, 'body', null);
INSERT INTO EXERCISE_ACTIVITY_ENTITY_SETS (EXERCISE_ACTIVITY_ENTITY_ID, SETS_ID) VALUES (4002, 40021);
INSERT INTO EXERCISE_SET_ENTITY (SET_TYPE, ID, NUMBER_OF_REPS, STATUS , WEIGHT , WEIGHT_KG) VALUES ('NonWeightedSet', 40022, 10.0, 0, 'body', null);
INSERT INTO EXERCISE_ACTIVITY_ENTITY_SETS (EXERCISE_ACTIVITY_ENTITY_ID, SETS_ID) VALUES (4002, 40022);
INSERT INTO WORKOUT_ENTITY_EXERCISE_ACTIVITIES (WORKOUT_ENTITY_ID, EXERCISE_ACTIVITIES_ID)  VALUES (40, 4002);
INSERT INTO EXERCISE_ACTIVITY_ENTITY (ID, NOTES, EXERCISE_ID) VALUES (4003, '', SELECT ID FROM EXERCISE_ENTITY WHERE NAME = 'Barbell Curl');
INSERT INTO EXERCISE_SET_ENTITY (SET_TYPE, ID, NUMBER_OF_REPS, STATUS , WEIGHT , WEIGHT_KG) VALUES ('WeightedSet', 40030, 10.0, 0, null, 20);
INSERT INTO EXERCISE_ACTIVITY_ENTITY_SETS (EXERCISE_ACTIVITY_ENTITY_ID, SETS_ID) VALUES (4003, 40030);
INSERT INTO EXERCISE_SET_ENTITY (SET_TYPE, ID, NUMBER_OF_REPS, STATUS , WEIGHT , WEIGHT_KG) VALUES ('WeightedSet', 40031, 11.0, 0, null, 20);
INSERT INTO EXERCISE_ACTIVITY_ENTITY_SETS (EXERCISE_ACTIVITY_ENTITY_ID, SETS_ID) VALUES (4003, 40031);
INSERT INTO EXERCISE_SET_ENTITY (SET_TYPE, ID, NUMBER_OF_REPS, STATUS , WEIGHT , WEIGHT_KG) VALUES ('WeightedSet', 40032, 12.0, 0, null, 20);
INSERT INTO EXERCISE_ACTIVITY_ENTITY_SETS (EXERCISE_ACTIVITY_ENTITY_ID, SETS_ID) VALUES (4003, 40032);
INSERT INTO WORKOUT_ENTITY_EXERCISE_ACTIVITIES (WORKOUT_ENTITY_ID, EXERCISE_ACTIVITIES_ID)  VALUES (40, 4003);
INSERT INTO EXERCISE_ACTIVITY_ENTITY (ID, NOTES, EXERCISE_ID) VALUES (4004, '', SELECT ID FROM EXERCISE_ENTITY WHERE NAME = 'Facepull');
INSERT INTO EXERCISE_SET_ENTITY (SET_TYPE, ID, NUMBER_OF_REPS, STATUS , WEIGHT , WEIGHT_KG) VALUES ('NonWeightedSet', 40040, 20.0, 0, 'yellow band', null);
INSERT INTO EXERCISE_ACTIVITY_ENTITY_SETS (EXERCISE_ACTIVITY_ENTITY_ID, SETS_ID) VALUES (4004, 40040);
INSERT INTO EXERCISE_SET_ENTITY (SET_TYPE, ID, NUMBER_OF_REPS, STATUS , WEIGHT , WEIGHT_KG) VALUES ('NonWeightedSet', 40041, 20.0, 0, 'yellow band', null);
INSERT INTO EXERCISE_ACTIVITY_ENTITY_SETS (EXERCISE_ACTIVITY_ENTITY_ID, SETS_ID) VALUES (4004, 40041);
INSERT INTO WORKOUT_ENTITY_EXERCISE_ACTIVITIES (WORKOUT_ENTITY_ID, EXERCISE_ACTIVITIES_ID)  VALUES (40, 4004);
INSERT INTO WORKOUT_ENTITY (ID, NAME, NOTES, PERFORMED_AT_TIMESTAMP_UTC, WORKOUT_TYPE) VALUES (41, '2019-10-15 15:50:00', 'Notes', '2019-10-15 15:50:00', 'PUSH');
INSERT INTO EXERCISE_ACTIVITY_ENTITY (ID, NOTES, EXERCISE_ID) VALUES (4100, '', SELECT ID FROM EXERCISE_ENTITY WHERE NAME = 'Bench Press');
INSERT INTO EXERCISE_SET_ENTITY (SET_TYPE, ID, NUMBER_OF_REPS, STATUS , WEIGHT , WEIGHT_KG) VALUES ('WeightedSet', 41000, 5.0, 0, null, 20);
INSERT INTO EXERCISE_ACTIVITY_ENTITY_SETS (EXERCISE_ACTIVITY_ENTITY_ID, SETS_ID) VALUES (4100, 41000);
INSERT INTO EXERCISE_SET_ENTITY (SET_TYPE, ID, NUMBER_OF_REPS, STATUS , WEIGHT , WEIGHT_KG) VALUES ('WeightedSet', 41001, 5.0, 0, null, 40);
INSERT INTO EXERCISE_ACTIVITY_ENTITY_SETS (EXERCISE_ACTIVITY_ENTITY_ID, SETS_ID) VALUES (4100, 41001);
INSERT INTO EXERCISE_SET_ENTITY (SET_TYPE, ID, NUMBER_OF_REPS, STATUS , WEIGHT , WEIGHT_KG) VALUES ('WeightedSet', 41002, 3.0, 0, null, 50);
INSERT INTO EXERCISE_ACTIVITY_ENTITY_SETS (EXERCISE_ACTIVITY_ENTITY_ID, SETS_ID) VALUES (4100, 41002);
INSERT INTO EXERCISE_SET_ENTITY (SET_TYPE, ID, NUMBER_OF_REPS, STATUS , WEIGHT , WEIGHT_KG) VALUES ('WeightedSet', 41003, 5.0, 0, null, 60);
INSERT INTO EXERCISE_ACTIVITY_ENTITY_SETS (EXERCISE_ACTIVITY_ENTITY_ID, SETS_ID) VALUES (4100, 41003);
INSERT INTO EXERCISE_SET_ENTITY (SET_TYPE, ID, NUMBER_OF_REPS, STATUS , WEIGHT , WEIGHT_KG) VALUES ('WeightedSet', 41004, 5.0, 0, null, 60);
INSERT INTO EXERCISE_ACTIVITY_ENTITY_SETS (EXERCISE_ACTIVITY_ENTITY_ID, SETS_ID) VALUES (4100, 41004);
INSERT INTO EXERCISE_SET_ENTITY (SET_TYPE, ID, NUMBER_OF_REPS, STATUS , WEIGHT , WEIGHT_KG) VALUES ('WeightedSet', 41005, 5.0, 0, null, 60);
INSERT INTO EXERCISE_ACTIVITY_ENTITY_SETS (EXERCISE_ACTIVITY_ENTITY_ID, SETS_ID) VALUES (4100, 41005);
INSERT INTO EXERCISE_SET_ENTITY (SET_TYPE, ID, NUMBER_OF_REPS, STATUS , WEIGHT , WEIGHT_KG) VALUES ('WeightedSet', 41006, 5.0, 0, null, 60);
INSERT INTO EXERCISE_ACTIVITY_ENTITY_SETS (EXERCISE_ACTIVITY_ENTITY_ID, SETS_ID) VALUES (4100, 41006);
INSERT INTO EXERCISE_SET_ENTITY (SET_TYPE, ID, NUMBER_OF_REPS, STATUS , WEIGHT , WEIGHT_KG) VALUES ('WeightedSet', 41007, 5.0, 0, null, 60);
INSERT INTO EXERCISE_ACTIVITY_ENTITY_SETS (EXERCISE_ACTIVITY_ENTITY_ID, SETS_ID) VALUES (4100, 41007);
INSERT INTO WORKOUT_ENTITY_EXERCISE_ACTIVITIES (WORKOUT_ENTITY_ID, EXERCISE_ACTIVITIES_ID)  VALUES (41, 4100);
INSERT INTO EXERCISE_ACTIVITY_ENTITY (ID, NOTES, EXERCISE_ID) VALUES (4101, '', SELECT ID FROM EXERCISE_ENTITY WHERE NAME = 'Overhead Press');
INSERT INTO EXERCISE_SET_ENTITY (SET_TYPE, ID, NUMBER_OF_REPS, STATUS , WEIGHT , WEIGHT_KG) VALUES ('WeightedSet', 41010, 8.0, 0, null, 20);
INSERT INTO EXERCISE_ACTIVITY_ENTITY_SETS (EXERCISE_ACTIVITY_ENTITY_ID, SETS_ID) VALUES (4101, 41010);
INSERT INTO EXERCISE_SET_ENTITY (SET_TYPE, ID, NUMBER_OF_REPS, STATUS , WEIGHT , WEIGHT_KG) VALUES ('WeightedSet', 41011, 8.0, 0, null, 35);
INSERT INTO EXERCISE_ACTIVITY_ENTITY_SETS (EXERCISE_ACTIVITY_ENTITY_ID, SETS_ID) VALUES (4101, 41011);
INSERT INTO EXERCISE_SET_ENTITY (SET_TYPE, ID, NUMBER_OF_REPS, STATUS , WEIGHT , WEIGHT_KG) VALUES ('WeightedSet', 41012, 8.0, 0, null, 35);
INSERT INTO EXERCISE_ACTIVITY_ENTITY_SETS (EXERCISE_ACTIVITY_ENTITY_ID, SETS_ID) VALUES (4101, 41012);
INSERT INTO EXERCISE_SET_ENTITY (SET_TYPE, ID, NUMBER_OF_REPS, STATUS , WEIGHT , WEIGHT_KG) VALUES ('WeightedSet', 41013, 7.0, 1, null, 35);
INSERT INTO EXERCISE_ACTIVITY_ENTITY_SETS (EXERCISE_ACTIVITY_ENTITY_ID, SETS_ID) VALUES (4101, 41013);
INSERT INTO WORKOUT_ENTITY_EXERCISE_ACTIVITIES (WORKOUT_ENTITY_ID, EXERCISE_ACTIVITIES_ID)  VALUES (41, 4101);
INSERT INTO EXERCISE_ACTIVITY_ENTITY (ID, NOTES, EXERCISE_ID) VALUES (4102, '', SELECT ID FROM EXERCISE_ENTITY WHERE NAME = 'Reverse Bench Press');
INSERT INTO EXERCISE_SET_ENTITY (SET_TYPE, ID, NUMBER_OF_REPS, STATUS , WEIGHT , WEIGHT_KG) VALUES ('WeightedSet', 41020, 10.0, 0, null, 35);
INSERT INTO EXERCISE_ACTIVITY_ENTITY_SETS (EXERCISE_ACTIVITY_ENTITY_ID, SETS_ID) VALUES (4102, 41020);
INSERT INTO EXERCISE_SET_ENTITY (SET_TYPE, ID, NUMBER_OF_REPS, STATUS , WEIGHT , WEIGHT_KG) VALUES ('WeightedSet', 41021, 10.0, 0, null, 35);
INSERT INTO EXERCISE_ACTIVITY_ENTITY_SETS (EXERCISE_ACTIVITY_ENTITY_ID, SETS_ID) VALUES (4102, 41021);
INSERT INTO EXERCISE_SET_ENTITY (SET_TYPE, ID, NUMBER_OF_REPS, STATUS , WEIGHT , WEIGHT_KG) VALUES ('WeightedSet', 41022, 10.0, 0, null, 35);
INSERT INTO EXERCISE_ACTIVITY_ENTITY_SETS (EXERCISE_ACTIVITY_ENTITY_ID, SETS_ID) VALUES (4102, 41022);
INSERT INTO WORKOUT_ENTITY_EXERCISE_ACTIVITIES (WORKOUT_ENTITY_ID, EXERCISE_ACTIVITIES_ID)  VALUES (41, 4102);
INSERT INTO EXERCISE_ACTIVITY_ENTITY (ID, NOTES, EXERCISE_ID) VALUES (4103, '', SELECT ID FROM EXERCISE_ENTITY WHERE NAME = 'Lateral Raise');
INSERT INTO EXERCISE_SET_ENTITY (SET_TYPE, ID, NUMBER_OF_REPS, STATUS , WEIGHT , WEIGHT_KG) VALUES ('WeightedSet', 41030, 15.0, 0, null, 2.5);
INSERT INTO EXERCISE_ACTIVITY_ENTITY_SETS (EXERCISE_ACTIVITY_ENTITY_ID, SETS_ID) VALUES (4103, 41030);
INSERT INTO EXERCISE_SET_ENTITY (SET_TYPE, ID, NUMBER_OF_REPS, STATUS , WEIGHT , WEIGHT_KG) VALUES ('WeightedSet', 41031, 15.0, 0, null, 2.5);
INSERT INTO EXERCISE_ACTIVITY_ENTITY_SETS (EXERCISE_ACTIVITY_ENTITY_ID, SETS_ID) VALUES (4103, 41031);
INSERT INTO EXERCISE_SET_ENTITY (SET_TYPE, ID, NUMBER_OF_REPS, STATUS , WEIGHT , WEIGHT_KG) VALUES ('WeightedSet', 41032, 15.0, 0, null, 5);
INSERT INTO EXERCISE_ACTIVITY_ENTITY_SETS (EXERCISE_ACTIVITY_ENTITY_ID, SETS_ID) VALUES (4103, 41032);
INSERT INTO WORKOUT_ENTITY_EXERCISE_ACTIVITIES (WORKOUT_ENTITY_ID, EXERCISE_ACTIVITIES_ID)  VALUES (41, 4103);
INSERT INTO EXERCISE_ACTIVITY_ENTITY (ID, NOTES, EXERCISE_ID) VALUES (4104, '', SELECT ID FROM EXERCISE_ENTITY WHERE NAME = 'Skullcrusher');
INSERT INTO EXERCISE_SET_ENTITY (SET_TYPE, ID, NUMBER_OF_REPS, STATUS , WEIGHT , WEIGHT_KG) VALUES ('WeightedSet', 41040, 10.0, 0, null, 5);
INSERT INTO EXERCISE_ACTIVITY_ENTITY_SETS (EXERCISE_ACTIVITY_ENTITY_ID, SETS_ID) VALUES (4104, 41040);
INSERT INTO EXERCISE_SET_ENTITY (SET_TYPE, ID, NUMBER_OF_REPS, STATUS , WEIGHT , WEIGHT_KG) VALUES ('WeightedSet', 41041, 10.0, 0, null, 7.5);
INSERT INTO EXERCISE_ACTIVITY_ENTITY_SETS (EXERCISE_ACTIVITY_ENTITY_ID, SETS_ID) VALUES (4104, 41041);
INSERT INTO EXERCISE_SET_ENTITY (SET_TYPE, ID, NUMBER_OF_REPS, STATUS , WEIGHT , WEIGHT_KG) VALUES ('WeightedSet', 41042, 10.0, 0, null, 7.5);
INSERT INTO EXERCISE_ACTIVITY_ENTITY_SETS (EXERCISE_ACTIVITY_ENTITY_ID, SETS_ID) VALUES (4104, 41042);
INSERT INTO WORKOUT_ENTITY_EXERCISE_ACTIVITIES (WORKOUT_ENTITY_ID, EXERCISE_ACTIVITIES_ID)  VALUES (41, 4104);
INSERT INTO WORKOUT_ENTITY (ID, NAME, NOTES, PERFORMED_AT_TIMESTAMP_UTC, WORKOUT_TYPE) VALUES (42, '2019-10-16 16:00:00', 'Notes', '2019-10-16 16:00:00', 'LEGS');
INSERT INTO EXERCISE_ACTIVITY_ENTITY (ID, NOTES, EXERCISE_ID) VALUES (4200, '', SELECT ID FROM EXERCISE_ENTITY WHERE NAME = 'Squat');
INSERT INTO EXERCISE_SET_ENTITY (SET_TYPE, ID, NUMBER_OF_REPS, STATUS , WEIGHT , WEIGHT_KG) VALUES ('NonWeightedSet', 42000, 5.0, 0, 'body', null);
INSERT INTO EXERCISE_ACTIVITY_ENTITY_SETS (EXERCISE_ACTIVITY_ENTITY_ID, SETS_ID) VALUES (4200, 42000);
INSERT INTO EXERCISE_SET_ENTITY (SET_TYPE, ID, NUMBER_OF_REPS, STATUS , WEIGHT , WEIGHT_KG) VALUES ('WeightedSet', 42001, 5.0, 0, null, 20);
INSERT INTO EXERCISE_ACTIVITY_ENTITY_SETS (EXERCISE_ACTIVITY_ENTITY_ID, SETS_ID) VALUES (4200, 42001);
INSERT INTO EXERCISE_SET_ENTITY (SET_TYPE, ID, NUMBER_OF_REPS, STATUS , WEIGHT , WEIGHT_KG) VALUES ('WeightedSet', 42002, 5.0, 0, null, 40);
INSERT INTO EXERCISE_ACTIVITY_ENTITY_SETS (EXERCISE_ACTIVITY_ENTITY_ID, SETS_ID) VALUES (4200, 42002);
INSERT INTO EXERCISE_SET_ENTITY (SET_TYPE, ID, NUMBER_OF_REPS, STATUS , WEIGHT , WEIGHT_KG) VALUES ('WeightedSet', 42003, 3.0, 0, null, 60);
INSERT INTO EXERCISE_ACTIVITY_ENTITY_SETS (EXERCISE_ACTIVITY_ENTITY_ID, SETS_ID) VALUES (4200, 42003);
INSERT INTO EXERCISE_SET_ENTITY (SET_TYPE, ID, NUMBER_OF_REPS, STATUS , WEIGHT , WEIGHT_KG) VALUES ('WeightedSet', 42004, 2.0, 0, null, 70);
INSERT INTO EXERCISE_ACTIVITY_ENTITY_SETS (EXERCISE_ACTIVITY_ENTITY_ID, SETS_ID) VALUES (4200, 42004);
INSERT INTO EXERCISE_SET_ENTITY (SET_TYPE, ID, NUMBER_OF_REPS, STATUS , WEIGHT , WEIGHT_KG) VALUES ('WeightedSet', 42005, 5.0, 0, null, 82.5);
INSERT INTO EXERCISE_ACTIVITY_ENTITY_SETS (EXERCISE_ACTIVITY_ENTITY_ID, SETS_ID) VALUES (4200, 42005);
INSERT INTO EXERCISE_SET_ENTITY (SET_TYPE, ID, NUMBER_OF_REPS, STATUS , WEIGHT , WEIGHT_KG) VALUES ('WeightedSet', 42006, 5.0, 0, null, 82.5);
INSERT INTO EXERCISE_ACTIVITY_ENTITY_SETS (EXERCISE_ACTIVITY_ENTITY_ID, SETS_ID) VALUES (4200, 42006);
INSERT INTO EXERCISE_SET_ENTITY (SET_TYPE, ID, NUMBER_OF_REPS, STATUS , WEIGHT , WEIGHT_KG) VALUES ('WeightedSet', 42007, 5.0, 0, null, 82.5);
INSERT INTO EXERCISE_ACTIVITY_ENTITY_SETS (EXERCISE_ACTIVITY_ENTITY_ID, SETS_ID) VALUES (4200, 42007);
INSERT INTO WORKOUT_ENTITY_EXERCISE_ACTIVITIES (WORKOUT_ENTITY_ID, EXERCISE_ACTIVITIES_ID)  VALUES (42, 4200);
INSERT INTO EXERCISE_ACTIVITY_ENTITY (ID, NOTES, EXERCISE_ID) VALUES (4201, '', SELECT ID FROM EXERCISE_ENTITY WHERE NAME = 'Romanian Deadlift');
INSERT INTO EXERCISE_SET_ENTITY (SET_TYPE, ID, NUMBER_OF_REPS, STATUS , WEIGHT , WEIGHT_KG) VALUES ('WeightedSet', 42010, 8.0, 0, null, 20);
INSERT INTO EXERCISE_ACTIVITY_ENTITY_SETS (EXERCISE_ACTIVITY_ENTITY_ID, SETS_ID) VALUES (4201, 42010);
INSERT INTO EXERCISE_SET_ENTITY (SET_TYPE, ID, NUMBER_OF_REPS, STATUS , WEIGHT , WEIGHT_KG) VALUES ('WeightedSet', 42011, 8.0, 0, null, 42.5);
INSERT INTO EXERCISE_ACTIVITY_ENTITY_SETS (EXERCISE_ACTIVITY_ENTITY_ID, SETS_ID) VALUES (4201, 42011);
INSERT INTO EXERCISE_SET_ENTITY (SET_TYPE, ID, NUMBER_OF_REPS, STATUS , WEIGHT , WEIGHT_KG) VALUES ('WeightedSet', 42012, 8.0, 0, null, 42.5);
INSERT INTO EXERCISE_ACTIVITY_ENTITY_SETS (EXERCISE_ACTIVITY_ENTITY_ID, SETS_ID) VALUES (4201, 42012);
INSERT INTO EXERCISE_SET_ENTITY (SET_TYPE, ID, NUMBER_OF_REPS, STATUS , WEIGHT , WEIGHT_KG) VALUES ('WeightedSet', 42013, 8.0, 0, null, 42.5);
INSERT INTO EXERCISE_ACTIVITY_ENTITY_SETS (EXERCISE_ACTIVITY_ENTITY_ID, SETS_ID) VALUES (4201, 42013);
INSERT INTO WORKOUT_ENTITY_EXERCISE_ACTIVITIES (WORKOUT_ENTITY_ID, EXERCISE_ACTIVITIES_ID)  VALUES (42, 4201);
INSERT INTO EXERCISE_ACTIVITY_ENTITY (ID, NOTES, EXERCISE_ID) VALUES (4202, '', SELECT ID FROM EXERCISE_ENTITY WHERE NAME = 'Bulgarian Split Squat');
INSERT INTO EXERCISE_SET_ENTITY (SET_TYPE, ID, NUMBER_OF_REPS, STATUS , WEIGHT , WEIGHT_KG) VALUES ('NonWeightedSet', 42020, 10.0, 0, 'body', null);
INSERT INTO EXERCISE_ACTIVITY_ENTITY_SETS (EXERCISE_ACTIVITY_ENTITY_ID, SETS_ID) VALUES (4202, 42020);
INSERT INTO EXERCISE_SET_ENTITY (SET_TYPE, ID, NUMBER_OF_REPS, STATUS , WEIGHT , WEIGHT_KG) VALUES ('NonWeightedSet', 42021, 10.0, 0, 'body', null);
INSERT INTO EXERCISE_ACTIVITY_ENTITY_SETS (EXERCISE_ACTIVITY_ENTITY_ID, SETS_ID) VALUES (4202, 42021);
INSERT INTO EXERCISE_SET_ENTITY (SET_TYPE, ID, NUMBER_OF_REPS, STATUS , WEIGHT , WEIGHT_KG) VALUES ('NonWeightedSet', 42022, 10.0, 0, 'body', null);
INSERT INTO EXERCISE_ACTIVITY_ENTITY_SETS (EXERCISE_ACTIVITY_ENTITY_ID, SETS_ID) VALUES (4202, 42022);
INSERT INTO WORKOUT_ENTITY_EXERCISE_ACTIVITIES (WORKOUT_ENTITY_ID, EXERCISE_ACTIVITIES_ID)  VALUES (42, 4202);
INSERT INTO EXERCISE_ACTIVITY_ENTITY (ID, NOTES, EXERCISE_ID) VALUES (4203, '', SELECT ID FROM EXERCISE_ENTITY WHERE NAME = 'Hip Thrust');
INSERT INTO EXERCISE_SET_ENTITY (SET_TYPE, ID, NUMBER_OF_REPS, STATUS , WEIGHT , WEIGHT_KG) VALUES ('WeightedSet', 42030, 10.0, 0, null, 20);
INSERT INTO EXERCISE_ACTIVITY_ENTITY_SETS (EXERCISE_ACTIVITY_ENTITY_ID, SETS_ID) VALUES (4203, 42030);
INSERT INTO EXERCISE_SET_ENTITY (SET_TYPE, ID, NUMBER_OF_REPS, STATUS , WEIGHT , WEIGHT_KG) VALUES ('WeightedSet', 42031, 10.0, 0, null, 30);
INSERT INTO EXERCISE_ACTIVITY_ENTITY_SETS (EXERCISE_ACTIVITY_ENTITY_ID, SETS_ID) VALUES (4203, 42031);
INSERT INTO WORKOUT_ENTITY_EXERCISE_ACTIVITIES (WORKOUT_ENTITY_ID, EXERCISE_ACTIVITIES_ID)  VALUES (42, 4203);
INSERT INTO EXERCISE_ACTIVITY_ENTITY (ID, NOTES, EXERCISE_ID) VALUES (4204, '', SELECT ID FROM EXERCISE_ENTITY WHERE NAME = 'Seated Calf Raise');
INSERT INTO EXERCISE_SET_ENTITY (SET_TYPE, ID, NUMBER_OF_REPS, STATUS , WEIGHT , WEIGHT_KG) VALUES ('NonWeightedSet', 42040, 10.0, 0, 'body', null);
INSERT INTO EXERCISE_ACTIVITY_ENTITY_SETS (EXERCISE_ACTIVITY_ENTITY_ID, SETS_ID) VALUES (4204, 42040);
INSERT INTO EXERCISE_SET_ENTITY (SET_TYPE, ID, NUMBER_OF_REPS, STATUS , WEIGHT , WEIGHT_KG) VALUES ('WeightedSet', 42041, 10.0, 0, null, 30);
INSERT INTO EXERCISE_ACTIVITY_ENTITY_SETS (EXERCISE_ACTIVITY_ENTITY_ID, SETS_ID) VALUES (4204, 42041);
INSERT INTO WORKOUT_ENTITY_EXERCISE_ACTIVITIES (WORKOUT_ENTITY_ID, EXERCISE_ACTIVITIES_ID)  VALUES (42, 4204);
INSERT INTO WORKOUT_ENTITY (ID, NAME, NOTES, PERFORMED_AT_TIMESTAMP_UTC, WORKOUT_TYPE) VALUES (43, '2019-10-17 15:40:00', 'Notes', '2019-10-17 15:40:00', 'PULL');
INSERT INTO EXERCISE_ACTIVITY_ENTITY (ID, NOTES, EXERCISE_ID) VALUES (4300, '', SELECT ID FROM EXERCISE_ENTITY WHERE NAME = 'Bent Over Row');
INSERT INTO EXERCISE_SET_ENTITY (SET_TYPE, ID, NUMBER_OF_REPS, STATUS , WEIGHT , WEIGHT_KG) VALUES ('WeightedSet', 43000, 8.0, 0, null, 20);
INSERT INTO EXERCISE_ACTIVITY_ENTITY_SETS (EXERCISE_ACTIVITY_ENTITY_ID, SETS_ID) VALUES (4300, 43000);
INSERT INTO EXERCISE_SET_ENTITY (SET_TYPE, ID, NUMBER_OF_REPS, STATUS , WEIGHT , WEIGHT_KG) VALUES ('WeightedSet', 43001, 9.0, 0, null, 32.5);
INSERT INTO EXERCISE_ACTIVITY_ENTITY_SETS (EXERCISE_ACTIVITY_ENTITY_ID, SETS_ID) VALUES (4300, 43001);
INSERT INTO EXERCISE_SET_ENTITY (SET_TYPE, ID, NUMBER_OF_REPS, STATUS , WEIGHT , WEIGHT_KG) VALUES ('WeightedSet', 43002, 10.0, 0, null, 32.5);
INSERT INTO EXERCISE_ACTIVITY_ENTITY_SETS (EXERCISE_ACTIVITY_ENTITY_ID, SETS_ID) VALUES (4300, 43002);
INSERT INTO EXERCISE_SET_ENTITY (SET_TYPE, ID, NUMBER_OF_REPS, STATUS , WEIGHT , WEIGHT_KG) VALUES ('WeightedSet', 43003, 10.0, 0, null, 32.5);
INSERT INTO EXERCISE_ACTIVITY_ENTITY_SETS (EXERCISE_ACTIVITY_ENTITY_ID, SETS_ID) VALUES (4300, 43003);
INSERT INTO WORKOUT_ENTITY_EXERCISE_ACTIVITIES (WORKOUT_ENTITY_ID, EXERCISE_ACTIVITIES_ID)  VALUES (43, 4300);
INSERT INTO EXERCISE_ACTIVITY_ENTITY (ID, NOTES, EXERCISE_ID) VALUES (4301, '', SELECT ID FROM EXERCISE_ENTITY WHERE NAME = 'Chin Up');
INSERT INTO EXERCISE_SET_ENTITY (SET_TYPE, ID, NUMBER_OF_REPS, STATUS , WEIGHT , WEIGHT_KG) VALUES ('NonWeightedSet', 43010, 6.0, 0, 'body', null);
INSERT INTO EXERCISE_ACTIVITY_ENTITY_SETS (EXERCISE_ACTIVITY_ENTITY_ID, SETS_ID) VALUES (4301, 43010);
INSERT INTO EXERCISE_SET_ENTITY (SET_TYPE, ID, NUMBER_OF_REPS, STATUS , WEIGHT , WEIGHT_KG) VALUES ('NonWeightedSet', 43011, 6.0, 0, 'body', null);
INSERT INTO EXERCISE_ACTIVITY_ENTITY_SETS (EXERCISE_ACTIVITY_ENTITY_ID, SETS_ID) VALUES (4301, 43011);
INSERT INTO EXERCISE_SET_ENTITY (SET_TYPE, ID, NUMBER_OF_REPS, STATUS , WEIGHT , WEIGHT_KG) VALUES ('NonWeightedSet', 43012, 5.0, 1, 'body', null);
INSERT INTO EXERCISE_ACTIVITY_ENTITY_SETS (EXERCISE_ACTIVITY_ENTITY_ID, SETS_ID) VALUES (4301, 43012);
INSERT INTO WORKOUT_ENTITY_EXERCISE_ACTIVITIES (WORKOUT_ENTITY_ID, EXERCISE_ACTIVITIES_ID)  VALUES (43, 4301);
INSERT INTO EXERCISE_ACTIVITY_ENTITY (ID, NOTES, EXERCISE_ID) VALUES (4302, '', SELECT ID FROM EXERCISE_ENTITY WHERE NAME = 'One Arm Band Row');
INSERT INTO EXERCISE_SET_ENTITY (SET_TYPE, ID, NUMBER_OF_REPS, STATUS , WEIGHT , WEIGHT_KG) VALUES ('NonWeightedSet', 43020, 10.0, 0, 'red and yellow band', null);
INSERT INTO EXERCISE_ACTIVITY_ENTITY_SETS (EXERCISE_ACTIVITY_ENTITY_ID, SETS_ID) VALUES (4302, 43020);
INSERT INTO EXERCISE_SET_ENTITY (SET_TYPE, ID, NUMBER_OF_REPS, STATUS , WEIGHT , WEIGHT_KG) VALUES ('NonWeightedSet', 43021, 10.0, 0, 'red and yellow band', null);
INSERT INTO EXERCISE_ACTIVITY_ENTITY_SETS (EXERCISE_ACTIVITY_ENTITY_ID, SETS_ID) VALUES (4302, 43021);
INSERT INTO EXERCISE_SET_ENTITY (SET_TYPE, ID, NUMBER_OF_REPS, STATUS , WEIGHT , WEIGHT_KG) VALUES ('NonWeightedSet', 43022, 10.0, 0, 'red and yellow band', null);
INSERT INTO EXERCISE_ACTIVITY_ENTITY_SETS (EXERCISE_ACTIVITY_ENTITY_ID, SETS_ID) VALUES (4302, 43022);
INSERT INTO WORKOUT_ENTITY_EXERCISE_ACTIVITIES (WORKOUT_ENTITY_ID, EXERCISE_ACTIVITIES_ID)  VALUES (43, 4302);
INSERT INTO EXERCISE_ACTIVITY_ENTITY (ID, NOTES, EXERCISE_ID) VALUES (4303, '', SELECT ID FROM EXERCISE_ENTITY WHERE NAME = 'Barbell Curl');
INSERT INTO EXERCISE_SET_ENTITY (SET_TYPE, ID, NUMBER_OF_REPS, STATUS , WEIGHT , WEIGHT_KG) VALUES ('WeightedSet', 43030, 10.0, 0, null, 22.5);
INSERT INTO EXERCISE_ACTIVITY_ENTITY_SETS (EXERCISE_ACTIVITY_ENTITY_ID, SETS_ID) VALUES (4303, 43030);
INSERT INTO EXERCISE_SET_ENTITY (SET_TYPE, ID, NUMBER_OF_REPS, STATUS , WEIGHT , WEIGHT_KG) VALUES ('WeightedSet', 43031, 10.0, 0, null, 22.5);
INSERT INTO EXERCISE_ACTIVITY_ENTITY_SETS (EXERCISE_ACTIVITY_ENTITY_ID, SETS_ID) VALUES (4303, 43031);
INSERT INTO EXERCISE_SET_ENTITY (SET_TYPE, ID, NUMBER_OF_REPS, STATUS , WEIGHT , WEIGHT_KG) VALUES ('WeightedSet', 43032, 9.0, 1, null, 22.5);
INSERT INTO EXERCISE_ACTIVITY_ENTITY_SETS (EXERCISE_ACTIVITY_ENTITY_ID, SETS_ID) VALUES (4303, 43032);
INSERT INTO WORKOUT_ENTITY_EXERCISE_ACTIVITIES (WORKOUT_ENTITY_ID, EXERCISE_ACTIVITIES_ID)  VALUES (43, 4303);
INSERT INTO EXERCISE_ACTIVITY_ENTITY (ID, NOTES, EXERCISE_ID) VALUES (4304, '', SELECT ID FROM EXERCISE_ENTITY WHERE NAME = 'Lying Leg Raise');
INSERT INTO EXERCISE_SET_ENTITY (SET_TYPE, ID, NUMBER_OF_REPS, STATUS , WEIGHT , WEIGHT_KG) VALUES ('NonWeightedSet', 43040, 10.0, 0, 'body', null);
INSERT INTO EXERCISE_ACTIVITY_ENTITY_SETS (EXERCISE_ACTIVITY_ENTITY_ID, SETS_ID) VALUES (4304, 43040);
INSERT INTO EXERCISE_SET_ENTITY (SET_TYPE, ID, NUMBER_OF_REPS, STATUS , WEIGHT , WEIGHT_KG) VALUES ('NonWeightedSet', 43041, 10.0, 0, 'body', null);
INSERT INTO EXERCISE_ACTIVITY_ENTITY_SETS (EXERCISE_ACTIVITY_ENTITY_ID, SETS_ID) VALUES (4304, 43041);
INSERT INTO WORKOUT_ENTITY_EXERCISE_ACTIVITIES (WORKOUT_ENTITY_ID, EXERCISE_ACTIVITIES_ID)  VALUES (43, 4304);
INSERT INTO EXERCISE_ACTIVITY_ENTITY (ID, NOTES, EXERCISE_ID) VALUES (4305, '', SELECT ID FROM EXERCISE_ENTITY WHERE NAME = 'Cable Crunch');
INSERT INTO EXERCISE_SET_ENTITY (SET_TYPE, ID, NUMBER_OF_REPS, STATUS , WEIGHT , WEIGHT_KG) VALUES ('NonWeightedSet', 43050, 10.0, 0, 'red band', null);
INSERT INTO EXERCISE_ACTIVITY_ENTITY_SETS (EXERCISE_ACTIVITY_ENTITY_ID, SETS_ID) VALUES (4305, 43050);
INSERT INTO EXERCISE_SET_ENTITY (SET_TYPE, ID, NUMBER_OF_REPS, STATUS , WEIGHT , WEIGHT_KG) VALUES ('NonWeightedSet', 43051, 10.0, 0, 'red band', null);
INSERT INTO EXERCISE_ACTIVITY_ENTITY_SETS (EXERCISE_ACTIVITY_ENTITY_ID, SETS_ID) VALUES (4305, 43051);
INSERT INTO WORKOUT_ENTITY_EXERCISE_ACTIVITIES (WORKOUT_ENTITY_ID, EXERCISE_ACTIVITIES_ID)  VALUES (43, 4305);
INSERT INTO EXERCISE_ACTIVITY_ENTITY (ID, NOTES, EXERCISE_ID) VALUES (4306, '', SELECT ID FROM EXERCISE_ENTITY WHERE NAME = 'Plank');
INSERT INTO EXERCISE_SET_ENTITY (SET_TYPE, ID, NUMBER_OF_REPS, STATUS , WEIGHT , WEIGHT_KG) VALUES ('NonWeightedSet', 43060, 1, 0, '45 seconds', null);
INSERT INTO EXERCISE_ACTIVITY_ENTITY_SETS (EXERCISE_ACTIVITY_ENTITY_ID, SETS_ID) VALUES (4306, 43060);
INSERT INTO EXERCISE_SET_ENTITY (SET_TYPE, ID, NUMBER_OF_REPS, STATUS , WEIGHT , WEIGHT_KG) VALUES ('NonWeightedSet', 43061, 1, 0, '40 seconds', null);
INSERT INTO EXERCISE_ACTIVITY_ENTITY_SETS (EXERCISE_ACTIVITY_ENTITY_ID, SETS_ID) VALUES (4306, 43061);
INSERT INTO WORKOUT_ENTITY_EXERCISE_ACTIVITIES (WORKOUT_ENTITY_ID, EXERCISE_ACTIVITIES_ID)  VALUES (43, 4306);
INSERT INTO EXERCISE_ACTIVITY_ENTITY (ID, NOTES, EXERCISE_ID) VALUES (4307, '', SELECT ID FROM EXERCISE_ENTITY WHERE NAME = 'Facepull');
INSERT INTO EXERCISE_SET_ENTITY (SET_TYPE, ID, NUMBER_OF_REPS, STATUS , WEIGHT , WEIGHT_KG) VALUES ('NonWeightedSet', 43070, 15.0, 0, 'yellow band', null);
INSERT INTO EXERCISE_ACTIVITY_ENTITY_SETS (EXERCISE_ACTIVITY_ENTITY_ID, SETS_ID) VALUES (4307, 43070);
INSERT INTO EXERCISE_SET_ENTITY (SET_TYPE, ID, NUMBER_OF_REPS, STATUS , WEIGHT , WEIGHT_KG) VALUES ('NonWeightedSet', 43071, 15.0, 0, 'yellow band', null);
INSERT INTO EXERCISE_ACTIVITY_ENTITY_SETS (EXERCISE_ACTIVITY_ENTITY_ID, SETS_ID) VALUES (4307, 43071);
INSERT INTO WORKOUT_ENTITY_EXERCISE_ACTIVITIES (WORKOUT_ENTITY_ID, EXERCISE_ACTIVITIES_ID)  VALUES (43, 4307);
INSERT INTO WORKOUT_ENTITY (ID, NAME, NOTES, PERFORMED_AT_TIMESTAMP_UTC, WORKOUT_TYPE) VALUES (44, '2019-10-18 15:10:00', 'Notes', '2019-10-18 15:10:00', 'PUSH');
INSERT INTO EXERCISE_ACTIVITY_ENTITY (ID, NOTES, EXERCISE_ID) VALUES (4400, '', SELECT ID FROM EXERCISE_ENTITY WHERE NAME = 'Bench Press');
INSERT INTO EXERCISE_SET_ENTITY (SET_TYPE, ID, NUMBER_OF_REPS, STATUS , WEIGHT , WEIGHT_KG) VALUES ('WeightedSet', 44000, 8.0, 0, null, 20);
INSERT INTO EXERCISE_ACTIVITY_ENTITY_SETS (EXERCISE_ACTIVITY_ENTITY_ID, SETS_ID) VALUES (4400, 44000);
INSERT INTO EXERCISE_SET_ENTITY (SET_TYPE, ID, NUMBER_OF_REPS, STATUS , WEIGHT , WEIGHT_KG) VALUES ('WeightedSet', 44001, 8.0, 0, null, 40);
INSERT INTO EXERCISE_ACTIVITY_ENTITY_SETS (EXERCISE_ACTIVITY_ENTITY_ID, SETS_ID) VALUES (4400, 44001);
INSERT INTO EXERCISE_SET_ENTITY (SET_TYPE, ID, NUMBER_OF_REPS, STATUS , WEIGHT , WEIGHT_KG) VALUES ('WeightedSet', 44002, 8.0, 0, null, 52.5);
INSERT INTO EXERCISE_ACTIVITY_ENTITY_SETS (EXERCISE_ACTIVITY_ENTITY_ID, SETS_ID) VALUES (4400, 44002);
INSERT INTO EXERCISE_SET_ENTITY (SET_TYPE, ID, NUMBER_OF_REPS, STATUS , WEIGHT , WEIGHT_KG) VALUES ('WeightedSet', 44003, 8.0, 0, null, 52.5);
INSERT INTO EXERCISE_ACTIVITY_ENTITY_SETS (EXERCISE_ACTIVITY_ENTITY_ID, SETS_ID) VALUES (4400, 44003);
INSERT INTO EXERCISE_SET_ENTITY (SET_TYPE, ID, NUMBER_OF_REPS, STATUS , WEIGHT , WEIGHT_KG) VALUES ('WeightedSet', 44004, 6.0, 1, null, 52.5);
INSERT INTO EXERCISE_ACTIVITY_ENTITY_SETS (EXERCISE_ACTIVITY_ENTITY_ID, SETS_ID) VALUES (4400, 44004);
INSERT INTO WORKOUT_ENTITY_EXERCISE_ACTIVITIES (WORKOUT_ENTITY_ID, EXERCISE_ACTIVITIES_ID)  VALUES (44, 4400);
INSERT INTO EXERCISE_ACTIVITY_ENTITY (ID, NOTES, EXERCISE_ID) VALUES (4401, '', SELECT ID FROM EXERCISE_ENTITY WHERE NAME = 'Overhead Press');
INSERT INTO EXERCISE_SET_ENTITY (SET_TYPE, ID, NUMBER_OF_REPS, STATUS , WEIGHT , WEIGHT_KG) VALUES ('WeightedSet', 44010, 5.0, 0, null, 20);
INSERT INTO EXERCISE_ACTIVITY_ENTITY_SETS (EXERCISE_ACTIVITY_ENTITY_ID, SETS_ID) VALUES (4401, 44010);
INSERT INTO EXERCISE_SET_ENTITY (SET_TYPE, ID, NUMBER_OF_REPS, STATUS , WEIGHT , WEIGHT_KG) VALUES ('WeightedSet', 44011, 5.0, 0, null, 37.5);
INSERT INTO EXERCISE_ACTIVITY_ENTITY_SETS (EXERCISE_ACTIVITY_ENTITY_ID, SETS_ID) VALUES (4401, 44011);
INSERT INTO EXERCISE_SET_ENTITY (SET_TYPE, ID, NUMBER_OF_REPS, STATUS , WEIGHT , WEIGHT_KG) VALUES ('WeightedSet', 44012, 5.0, 0, null, 37.5);
INSERT INTO EXERCISE_ACTIVITY_ENTITY_SETS (EXERCISE_ACTIVITY_ENTITY_ID, SETS_ID) VALUES (4401, 44012);
INSERT INTO EXERCISE_SET_ENTITY (SET_TYPE, ID, NUMBER_OF_REPS, STATUS , WEIGHT , WEIGHT_KG) VALUES ('WeightedSet', 44013, 5.0, 0, null, 37.5);
INSERT INTO EXERCISE_ACTIVITY_ENTITY_SETS (EXERCISE_ACTIVITY_ENTITY_ID, SETS_ID) VALUES (4401, 44013);
INSERT INTO EXERCISE_SET_ENTITY (SET_TYPE, ID, NUMBER_OF_REPS, STATUS , WEIGHT , WEIGHT_KG) VALUES ('WeightedSet', 44014, 5.0, 0, null, 37.5);
INSERT INTO EXERCISE_ACTIVITY_ENTITY_SETS (EXERCISE_ACTIVITY_ENTITY_ID, SETS_ID) VALUES (4401, 44014);
INSERT INTO EXERCISE_SET_ENTITY (SET_TYPE, ID, NUMBER_OF_REPS, STATUS , WEIGHT , WEIGHT_KG) VALUES ('WeightedSet', 44015, 5.0, 0, null, 37.5);
INSERT INTO EXERCISE_ACTIVITY_ENTITY_SETS (EXERCISE_ACTIVITY_ENTITY_ID, SETS_ID) VALUES (4401, 44015);
INSERT INTO WORKOUT_ENTITY_EXERCISE_ACTIVITIES (WORKOUT_ENTITY_ID, EXERCISE_ACTIVITIES_ID)  VALUES (44, 4401);
INSERT INTO EXERCISE_ACTIVITY_ENTITY (ID, NOTES, EXERCISE_ID) VALUES (4402, '', SELECT ID FROM EXERCISE_ENTITY WHERE NAME = 'Incline Dumbbell Press');
INSERT INTO EXERCISE_SET_ENTITY (SET_TYPE, ID, NUMBER_OF_REPS, STATUS , WEIGHT , WEIGHT_KG) VALUES ('WeightedSet', 44020, 10.0, 0, null, 15);
INSERT INTO EXERCISE_ACTIVITY_ENTITY_SETS (EXERCISE_ACTIVITY_ENTITY_ID, SETS_ID) VALUES (4402, 44020);
INSERT INTO EXERCISE_SET_ENTITY (SET_TYPE, ID, NUMBER_OF_REPS, STATUS , WEIGHT , WEIGHT_KG) VALUES ('WeightedSet', 44021, 7.0, 1, null, 20);
INSERT INTO EXERCISE_ACTIVITY_ENTITY_SETS (EXERCISE_ACTIVITY_ENTITY_ID, SETS_ID) VALUES (4402, 44021);
INSERT INTO EXERCISE_SET_ENTITY (SET_TYPE, ID, NUMBER_OF_REPS, STATUS , WEIGHT , WEIGHT_KG) VALUES ('WeightedSet', 44022, 7.0, 1, null, 15);
INSERT INTO EXERCISE_ACTIVITY_ENTITY_SETS (EXERCISE_ACTIVITY_ENTITY_ID, SETS_ID) VALUES (4402, 44022);
INSERT INTO WORKOUT_ENTITY_EXERCISE_ACTIVITIES (WORKOUT_ENTITY_ID, EXERCISE_ACTIVITIES_ID)  VALUES (44, 4402);
INSERT INTO EXERCISE_ACTIVITY_ENTITY (ID, NOTES, EXERCISE_ID) VALUES (4403, '', SELECT ID FROM EXERCISE_ENTITY WHERE NAME = 'Lateral Raise');
INSERT INTO EXERCISE_SET_ENTITY (SET_TYPE, ID, NUMBER_OF_REPS, STATUS , WEIGHT , WEIGHT_KG) VALUES ('WeightedSet', 44030, 15.0, 0, null, 2.5);
INSERT INTO EXERCISE_ACTIVITY_ENTITY_SETS (EXERCISE_ACTIVITY_ENTITY_ID, SETS_ID) VALUES (4403, 44030);
INSERT INTO EXERCISE_SET_ENTITY (SET_TYPE, ID, NUMBER_OF_REPS, STATUS , WEIGHT , WEIGHT_KG) VALUES ('WeightedSet', 44031, 14.0, 1, null, 5);
INSERT INTO EXERCISE_ACTIVITY_ENTITY_SETS (EXERCISE_ACTIVITY_ENTITY_ID, SETS_ID) VALUES (4403, 44031);
INSERT INTO EXERCISE_SET_ENTITY (SET_TYPE, ID, NUMBER_OF_REPS, STATUS , WEIGHT , WEIGHT_KG) VALUES ('WeightedSet', 44032, 10.0, 1, null, 5);
INSERT INTO EXERCISE_ACTIVITY_ENTITY_SETS (EXERCISE_ACTIVITY_ENTITY_ID, SETS_ID) VALUES (4403, 44032);
INSERT INTO WORKOUT_ENTITY_EXERCISE_ACTIVITIES (WORKOUT_ENTITY_ID, EXERCISE_ACTIVITIES_ID)  VALUES (44, 4403);
INSERT INTO EXERCISE_ACTIVITY_ENTITY (ID, NOTES, EXERCISE_ID) VALUES (4404, '', SELECT ID FROM EXERCISE_ENTITY WHERE NAME = 'Skullcrusher');
INSERT INTO EXERCISE_SET_ENTITY (SET_TYPE, ID, NUMBER_OF_REPS, STATUS , WEIGHT , WEIGHT_KG) VALUES ('WeightedSet', 44040, 10.0, 0, null, 5);
INSERT INTO EXERCISE_ACTIVITY_ENTITY_SETS (EXERCISE_ACTIVITY_ENTITY_ID, SETS_ID) VALUES (4404, 44040);
INSERT INTO EXERCISE_SET_ENTITY (SET_TYPE, ID, NUMBER_OF_REPS, STATUS , WEIGHT , WEIGHT_KG) VALUES ('WeightedSet', 44041, 8.0, 0, null, 7.5);
INSERT INTO EXERCISE_ACTIVITY_ENTITY_SETS (EXERCISE_ACTIVITY_ENTITY_ID, SETS_ID) VALUES (4404, 44041);
INSERT INTO EXERCISE_SET_ENTITY (SET_TYPE, ID, NUMBER_OF_REPS, STATUS , WEIGHT , WEIGHT_KG) VALUES ('WeightedSet', 44042, 8.0, 0, null, 7.5);
INSERT INTO EXERCISE_ACTIVITY_ENTITY_SETS (EXERCISE_ACTIVITY_ENTITY_ID, SETS_ID) VALUES (4404, 44042);
INSERT INTO WORKOUT_ENTITY_EXERCISE_ACTIVITIES (WORKOUT_ENTITY_ID, EXERCISE_ACTIVITIES_ID)  VALUES (44, 4404);
INSERT INTO WORKOUT_ENTITY (ID, NAME, NOTES, PERFORMED_AT_TIMESTAMP_UTC, WORKOUT_TYPE) VALUES (45, '2019-10-21 15:50:00', 'Notes', '2019-10-21 15:50:00', 'PULL');
INSERT INTO EXERCISE_ACTIVITY_ENTITY (ID, NOTES, EXERCISE_ID) VALUES (4500, '', SELECT ID FROM EXERCISE_ENTITY WHERE NAME = 'Deadlift');
INSERT INTO EXERCISE_SET_ENTITY (SET_TYPE, ID, NUMBER_OF_REPS, STATUS , WEIGHT , WEIGHT_KG) VALUES ('WeightedSet', 45000, 5.0, 0, null, 20);
INSERT INTO EXERCISE_ACTIVITY_ENTITY_SETS (EXERCISE_ACTIVITY_ENTITY_ID, SETS_ID) VALUES (4500, 45000);
INSERT INTO EXERCISE_SET_ENTITY (SET_TYPE, ID, NUMBER_OF_REPS, STATUS , WEIGHT , WEIGHT_KG) VALUES ('WeightedSet', 45001, 3.0, 0, null, 60);
INSERT INTO EXERCISE_ACTIVITY_ENTITY_SETS (EXERCISE_ACTIVITY_ENTITY_ID, SETS_ID) VALUES (4500, 45001);
INSERT INTO EXERCISE_SET_ENTITY (SET_TYPE, ID, NUMBER_OF_REPS, STATUS , WEIGHT , WEIGHT_KG) VALUES ('WeightedSet', 45002, 3.0, 0, null, 90);
INSERT INTO EXERCISE_ACTIVITY_ENTITY_SETS (EXERCISE_ACTIVITY_ENTITY_ID, SETS_ID) VALUES (4500, 45002);
INSERT INTO EXERCISE_SET_ENTITY (SET_TYPE, ID, NUMBER_OF_REPS, STATUS , WEIGHT , WEIGHT_KG) VALUES ('WeightedSet', 45003, 2.0, 0, null, 110);
INSERT INTO EXERCISE_ACTIVITY_ENTITY_SETS (EXERCISE_ACTIVITY_ENTITY_ID, SETS_ID) VALUES (4500, 45003);
INSERT INTO EXERCISE_SET_ENTITY (SET_TYPE, ID, NUMBER_OF_REPS, STATUS , WEIGHT , WEIGHT_KG) VALUES ('WeightedSet', 45004, 1.0, 0, null, 125);
INSERT INTO EXERCISE_ACTIVITY_ENTITY_SETS (EXERCISE_ACTIVITY_ENTITY_ID, SETS_ID) VALUES (4500, 45004);
INSERT INTO EXERCISE_SET_ENTITY (SET_TYPE, ID, NUMBER_OF_REPS, STATUS , WEIGHT , WEIGHT_KG) VALUES ('WeightedSet', 45005, 5.0, 0, null, 135);
INSERT INTO EXERCISE_ACTIVITY_ENTITY_SETS (EXERCISE_ACTIVITY_ENTITY_ID, SETS_ID) VALUES (4500, 45005);
INSERT INTO EXERCISE_SET_ENTITY (SET_TYPE, ID, NUMBER_OF_REPS, STATUS , WEIGHT , WEIGHT_KG) VALUES ('WeightedSet', 45006, 5.0, 0, null, 90);
INSERT INTO EXERCISE_ACTIVITY_ENTITY_SETS (EXERCISE_ACTIVITY_ENTITY_ID, SETS_ID) VALUES (4500, 45006);
INSERT INTO WORKOUT_ENTITY_EXERCISE_ACTIVITIES (WORKOUT_ENTITY_ID, EXERCISE_ACTIVITIES_ID)  VALUES (45, 4500);
INSERT INTO EXERCISE_ACTIVITY_ENTITY (ID, NOTES, EXERCISE_ID) VALUES (4501, '', SELECT ID FROM EXERCISE_ENTITY WHERE NAME = 'Pull Up');
INSERT INTO EXERCISE_SET_ENTITY (SET_TYPE, ID, NUMBER_OF_REPS, STATUS , WEIGHT , WEIGHT_KG) VALUES ('NonWeightedSet', 45010, 6.0, 0, 'body', null);
INSERT INTO EXERCISE_ACTIVITY_ENTITY_SETS (EXERCISE_ACTIVITY_ENTITY_ID, SETS_ID) VALUES (4501, 45010);
INSERT INTO EXERCISE_SET_ENTITY (SET_TYPE, ID, NUMBER_OF_REPS, STATUS , WEIGHT , WEIGHT_KG) VALUES ('NonWeightedSet', 45011, 6.0, 0, 'body', null);
INSERT INTO EXERCISE_ACTIVITY_ENTITY_SETS (EXERCISE_ACTIVITY_ENTITY_ID, SETS_ID) VALUES (4501, 45011);
INSERT INTO EXERCISE_SET_ENTITY (SET_TYPE, ID, NUMBER_OF_REPS, STATUS , WEIGHT , WEIGHT_KG) VALUES ('NonWeightedSet', 45012, 5.0, 1, 'body', null);
INSERT INTO EXERCISE_ACTIVITY_ENTITY_SETS (EXERCISE_ACTIVITY_ENTITY_ID, SETS_ID) VALUES (4501, 45012);
INSERT INTO WORKOUT_ENTITY_EXERCISE_ACTIVITIES (WORKOUT_ENTITY_ID, EXERCISE_ACTIVITIES_ID)  VALUES (45, 4501);
INSERT INTO EXERCISE_ACTIVITY_ENTITY (ID, NOTES, EXERCISE_ID) VALUES (4502, '', SELECT ID FROM EXERCISE_ENTITY WHERE NAME = 'Inverted Row');
INSERT INTO EXERCISE_SET_ENTITY (SET_TYPE, ID, NUMBER_OF_REPS, STATUS , WEIGHT , WEIGHT_KG) VALUES ('NonWeightedSet', 45020, 10.0, 0, 'body', null);
INSERT INTO EXERCISE_ACTIVITY_ENTITY_SETS (EXERCISE_ACTIVITY_ENTITY_ID, SETS_ID) VALUES (4502, 45020);
INSERT INTO EXERCISE_SET_ENTITY (SET_TYPE, ID, NUMBER_OF_REPS, STATUS , WEIGHT , WEIGHT_KG) VALUES ('NonWeightedSet', 45021, 10.0, 0, 'body', null);
INSERT INTO EXERCISE_ACTIVITY_ENTITY_SETS (EXERCISE_ACTIVITY_ENTITY_ID, SETS_ID) VALUES (4502, 45021);
INSERT INTO EXERCISE_SET_ENTITY (SET_TYPE, ID, NUMBER_OF_REPS, STATUS , WEIGHT , WEIGHT_KG) VALUES ('NonWeightedSet', 45022, 10.0, 0, 'body', null);
INSERT INTO EXERCISE_ACTIVITY_ENTITY_SETS (EXERCISE_ACTIVITY_ENTITY_ID, SETS_ID) VALUES (4502, 45022);
INSERT INTO WORKOUT_ENTITY_EXERCISE_ACTIVITIES (WORKOUT_ENTITY_ID, EXERCISE_ACTIVITIES_ID)  VALUES (45, 4502);
INSERT INTO EXERCISE_ACTIVITY_ENTITY (ID, NOTES, EXERCISE_ID) VALUES (4503, '', SELECT ID FROM EXERCISE_ENTITY WHERE NAME = 'Barbell Curl');
INSERT INTO EXERCISE_SET_ENTITY (SET_TYPE, ID, NUMBER_OF_REPS, STATUS , WEIGHT , WEIGHT_KG) VALUES ('WeightedSet', 45030, 10.0, 0, null, 22.5);
INSERT INTO EXERCISE_ACTIVITY_ENTITY_SETS (EXERCISE_ACTIVITY_ENTITY_ID, SETS_ID) VALUES (4503, 45030);
INSERT INTO EXERCISE_SET_ENTITY (SET_TYPE, ID, NUMBER_OF_REPS, STATUS , WEIGHT , WEIGHT_KG) VALUES ('WeightedSet', 45031, 10.0, 0, null, 22.5);
INSERT INTO EXERCISE_ACTIVITY_ENTITY_SETS (EXERCISE_ACTIVITY_ENTITY_ID, SETS_ID) VALUES (4503, 45031);
INSERT INTO EXERCISE_SET_ENTITY (SET_TYPE, ID, NUMBER_OF_REPS, STATUS , WEIGHT , WEIGHT_KG) VALUES ('WeightedSet', 45032, 10.0, 0, null, 22.5);
INSERT INTO EXERCISE_ACTIVITY_ENTITY_SETS (EXERCISE_ACTIVITY_ENTITY_ID, SETS_ID) VALUES (4503, 45032);
INSERT INTO WORKOUT_ENTITY_EXERCISE_ACTIVITIES (WORKOUT_ENTITY_ID, EXERCISE_ACTIVITIES_ID)  VALUES (45, 4503);
INSERT INTO EXERCISE_ACTIVITY_ENTITY (ID, NOTES, EXERCISE_ID) VALUES (4504, '', SELECT ID FROM EXERCISE_ENTITY WHERE NAME = 'Dumbbell Hammer Curl');
INSERT INTO EXERCISE_SET_ENTITY (SET_TYPE, ID, NUMBER_OF_REPS, STATUS , WEIGHT , WEIGHT_KG) VALUES ('WeightedSet', 45040, 6.0, 0, null, 10);
INSERT INTO EXERCISE_ACTIVITY_ENTITY_SETS (EXERCISE_ACTIVITY_ENTITY_ID, SETS_ID) VALUES (4504, 45040);
INSERT INTO EXERCISE_SET_ENTITY (SET_TYPE, ID, NUMBER_OF_REPS, STATUS , WEIGHT , WEIGHT_KG) VALUES ('WeightedSet', 45041, 8.0, 0, null, 10);
INSERT INTO EXERCISE_ACTIVITY_ENTITY_SETS (EXERCISE_ACTIVITY_ENTITY_ID, SETS_ID) VALUES (4504, 45041);
INSERT INTO WORKOUT_ENTITY_EXERCISE_ACTIVITIES (WORKOUT_ENTITY_ID, EXERCISE_ACTIVITIES_ID)  VALUES (45, 4504);
INSERT INTO EXERCISE_ACTIVITY_ENTITY (ID, NOTES, EXERCISE_ID) VALUES (4505, '', SELECT ID FROM EXERCISE_ENTITY WHERE NAME = 'Facepull');
INSERT INTO EXERCISE_SET_ENTITY (SET_TYPE, ID, NUMBER_OF_REPS, STATUS , WEIGHT , WEIGHT_KG) VALUES ('NonWeightedSet', 45050, 16.0, 0, 'yellow band', null);
INSERT INTO EXERCISE_ACTIVITY_ENTITY_SETS (EXERCISE_ACTIVITY_ENTITY_ID, SETS_ID) VALUES (4505, 45050);
INSERT INTO EXERCISE_SET_ENTITY (SET_TYPE, ID, NUMBER_OF_REPS, STATUS , WEIGHT , WEIGHT_KG) VALUES ('NonWeightedSet', 45051, 15.0, 0, 'yellow band', null);
INSERT INTO EXERCISE_ACTIVITY_ENTITY_SETS (EXERCISE_ACTIVITY_ENTITY_ID, SETS_ID) VALUES (4505, 45051);
INSERT INTO WORKOUT_ENTITY_EXERCISE_ACTIVITIES (WORKOUT_ENTITY_ID, EXERCISE_ACTIVITIES_ID)  VALUES (45, 4505);
INSERT INTO EXERCISE_ACTIVITY_ENTITY (ID, NOTES, EXERCISE_ID) VALUES (4506, '', SELECT ID FROM EXERCISE_ENTITY WHERE NAME = 'Dumbbell Carry');
INSERT INTO EXERCISE_SET_ENTITY (SET_TYPE, ID, NUMBER_OF_REPS, STATUS , WEIGHT , WEIGHT_KG) VALUES ('WeightedSet', 45060, 25 seconds, 0, null, 32.5);
INSERT INTO EXERCISE_ACTIVITY_ENTITY_SETS (EXERCISE_ACTIVITY_ENTITY_ID, SETS_ID) VALUES (4506, 45060);
INSERT INTO WORKOUT_ENTITY_EXERCISE_ACTIVITIES (WORKOUT_ENTITY_ID, EXERCISE_ACTIVITIES_ID)  VALUES (45, 4506);
INSERT INTO WORKOUT_ENTITY (ID, NAME, NOTES, PERFORMED_AT_TIMESTAMP_UTC, WORKOUT_TYPE) VALUES (46, '2019-10-22 15:35:00', 'Notes', '2019-10-22 15:35:00', 'PUSH');
INSERT INTO EXERCISE_ACTIVITY_ENTITY (ID, NOTES, EXERCISE_ID) VALUES (4600, '', SELECT ID FROM EXERCISE_ENTITY WHERE NAME = 'Bench Press');
INSERT INTO EXERCISE_SET_ENTITY (SET_TYPE, ID, NUMBER_OF_REPS, STATUS , WEIGHT , WEIGHT_KG) VALUES ('WeightedSet', 46000, 6.0, 0, null, 22.5);
INSERT INTO EXERCISE_ACTIVITY_ENTITY_SETS (EXERCISE_ACTIVITY_ENTITY_ID, SETS_ID) VALUES (4600, 46000);
INSERT INTO EXERCISE_SET_ENTITY (SET_TYPE, ID, NUMBER_OF_REPS, STATUS , WEIGHT , WEIGHT_KG) VALUES ('WeightedSet', 46001, 5.0, 0, null, 40);
INSERT INTO EXERCISE_ACTIVITY_ENTITY_SETS (EXERCISE_ACTIVITY_ENTITY_ID, SETS_ID) VALUES (4600, 46001);
INSERT INTO EXERCISE_SET_ENTITY (SET_TYPE, ID, NUMBER_OF_REPS, STATUS , WEIGHT , WEIGHT_KG) VALUES ('WeightedSet', 46002, 3.0, 0, null, 50);
INSERT INTO EXERCISE_ACTIVITY_ENTITY_SETS (EXERCISE_ACTIVITY_ENTITY_ID, SETS_ID) VALUES (4600, 46002);
INSERT INTO EXERCISE_SET_ENTITY (SET_TYPE, ID, NUMBER_OF_REPS, STATUS , WEIGHT , WEIGHT_KG) VALUES ('WeightedSet', 46003, 5.0, 0, null, 62.5);
INSERT INTO EXERCISE_ACTIVITY_ENTITY_SETS (EXERCISE_ACTIVITY_ENTITY_ID, SETS_ID) VALUES (4600, 46003);
INSERT INTO EXERCISE_SET_ENTITY (SET_TYPE, ID, NUMBER_OF_REPS, STATUS , WEIGHT , WEIGHT_KG) VALUES ('WeightedSet', 46004, 5.0, 0, null, 62.5);
INSERT INTO EXERCISE_ACTIVITY_ENTITY_SETS (EXERCISE_ACTIVITY_ENTITY_ID, SETS_ID) VALUES (4600, 46004);
INSERT INTO EXERCISE_SET_ENTITY (SET_TYPE, ID, NUMBER_OF_REPS, STATUS , WEIGHT , WEIGHT_KG) VALUES ('WeightedSet', 46005, 4.0, 1, null, 62.5);
INSERT INTO EXERCISE_ACTIVITY_ENTITY_SETS (EXERCISE_ACTIVITY_ENTITY_ID, SETS_ID) VALUES (4600, 46005);
INSERT INTO EXERCISE_SET_ENTITY (SET_TYPE, ID, NUMBER_OF_REPS, STATUS , WEIGHT , WEIGHT_KG) VALUES ('WeightedSet', 46006, 4.0, 1, null, 62.5);
INSERT INTO EXERCISE_ACTIVITY_ENTITY_SETS (EXERCISE_ACTIVITY_ENTITY_ID, SETS_ID) VALUES (4600, 46006);
INSERT INTO EXERCISE_SET_ENTITY (SET_TYPE, ID, NUMBER_OF_REPS, STATUS , WEIGHT , WEIGHT_KG) VALUES ('WeightedSet', 46007, 2.0, 1, null, 62.5);
INSERT INTO EXERCISE_ACTIVITY_ENTITY_SETS (EXERCISE_ACTIVITY_ENTITY_ID, SETS_ID) VALUES (4600, 46007);
INSERT INTO WORKOUT_ENTITY_EXERCISE_ACTIVITIES (WORKOUT_ENTITY_ID, EXERCISE_ACTIVITIES_ID)  VALUES (46, 4600);
INSERT INTO EXERCISE_ACTIVITY_ENTITY (ID, NOTES, EXERCISE_ID) VALUES (4601, '', SELECT ID FROM EXERCISE_ENTITY WHERE NAME = 'Overhead Press');
INSERT INTO EXERCISE_SET_ENTITY (SET_TYPE, ID, NUMBER_OF_REPS, STATUS , WEIGHT , WEIGHT_KG) VALUES ('WeightedSet', 46010, 8.0, 0, null, 20);
INSERT INTO EXERCISE_ACTIVITY_ENTITY_SETS (EXERCISE_ACTIVITY_ENTITY_ID, SETS_ID) VALUES (4601, 46010);
INSERT INTO EXERCISE_SET_ENTITY (SET_TYPE, ID, NUMBER_OF_REPS, STATUS , WEIGHT , WEIGHT_KG) VALUES ('WeightedSet', 46011, 8.0, 0, null, 35);
INSERT INTO EXERCISE_ACTIVITY_ENTITY_SETS (EXERCISE_ACTIVITY_ENTITY_ID, SETS_ID) VALUES (4601, 46011);
INSERT INTO EXERCISE_SET_ENTITY (SET_TYPE, ID, NUMBER_OF_REPS, STATUS , WEIGHT , WEIGHT_KG) VALUES ('WeightedSet', 46012, 8.0, 0, null, 35);
INSERT INTO EXERCISE_ACTIVITY_ENTITY_SETS (EXERCISE_ACTIVITY_ENTITY_ID, SETS_ID) VALUES (4601, 46012);
INSERT INTO EXERCISE_SET_ENTITY (SET_TYPE, ID, NUMBER_OF_REPS, STATUS , WEIGHT , WEIGHT_KG) VALUES ('WeightedSet', 46013, 7.0, 1, null, 35);
INSERT INTO EXERCISE_ACTIVITY_ENTITY_SETS (EXERCISE_ACTIVITY_ENTITY_ID, SETS_ID) VALUES (4601, 46013);
INSERT INTO WORKOUT_ENTITY_EXERCISE_ACTIVITIES (WORKOUT_ENTITY_ID, EXERCISE_ACTIVITIES_ID)  VALUES (46, 4601);
INSERT INTO EXERCISE_ACTIVITY_ENTITY (ID, NOTES, EXERCISE_ID) VALUES (4602, '', SELECT ID FROM EXERCISE_ENTITY WHERE NAME = 'Incline Dumbbell Press');
INSERT INTO EXERCISE_SET_ENTITY (SET_TYPE, ID, NUMBER_OF_REPS, STATUS , WEIGHT , WEIGHT_KG) VALUES ('WeightedSet', 46020, 8.0, 0, null, 10);
INSERT INTO EXERCISE_ACTIVITY_ENTITY_SETS (EXERCISE_ACTIVITY_ENTITY_ID, SETS_ID) VALUES (4602, 46020);
INSERT INTO EXERCISE_SET_ENTITY (SET_TYPE, ID, NUMBER_OF_REPS, STATUS , WEIGHT , WEIGHT_KG) VALUES ('WeightedSet', 46021, 8.0, 0, null, 15);
INSERT INTO EXERCISE_ACTIVITY_ENTITY_SETS (EXERCISE_ACTIVITY_ENTITY_ID, SETS_ID) VALUES (4602, 46021);
INSERT INTO EXERCISE_SET_ENTITY (SET_TYPE, ID, NUMBER_OF_REPS, STATUS , WEIGHT , WEIGHT_KG) VALUES ('WeightedSet', 46022, 6.0, 1, null, 15);
INSERT INTO EXERCISE_ACTIVITY_ENTITY_SETS (EXERCISE_ACTIVITY_ENTITY_ID, SETS_ID) VALUES (4602, 46022);
INSERT INTO WORKOUT_ENTITY_EXERCISE_ACTIVITIES (WORKOUT_ENTITY_ID, EXERCISE_ACTIVITIES_ID)  VALUES (46, 4602);
INSERT INTO EXERCISE_ACTIVITY_ENTITY (ID, NOTES, EXERCISE_ID) VALUES (4603, '', SELECT ID FROM EXERCISE_ENTITY WHERE NAME = 'Lateral Raise');
INSERT INTO EXERCISE_SET_ENTITY (SET_TYPE, ID, NUMBER_OF_REPS, STATUS , WEIGHT , WEIGHT_KG) VALUES ('WeightedSet', 46030, 15.0, 0, null, 2.5);
INSERT INTO EXERCISE_ACTIVITY_ENTITY_SETS (EXERCISE_ACTIVITY_ENTITY_ID, SETS_ID) VALUES (4603, 46030);
INSERT INTO EXERCISE_SET_ENTITY (SET_TYPE, ID, NUMBER_OF_REPS, STATUS , WEIGHT , WEIGHT_KG) VALUES ('WeightedSet', 46031, 15.0, 0, null, 5);
INSERT INTO EXERCISE_ACTIVITY_ENTITY_SETS (EXERCISE_ACTIVITY_ENTITY_ID, SETS_ID) VALUES (4603, 46031);
INSERT INTO EXERCISE_SET_ENTITY (SET_TYPE, ID, NUMBER_OF_REPS, STATUS , WEIGHT , WEIGHT_KG) VALUES ('WeightedSet', 46032, 15.0, 0, null, 5);
INSERT INTO EXERCISE_ACTIVITY_ENTITY_SETS (EXERCISE_ACTIVITY_ENTITY_ID, SETS_ID) VALUES (4603, 46032);
INSERT INTO WORKOUT_ENTITY_EXERCISE_ACTIVITIES (WORKOUT_ENTITY_ID, EXERCISE_ACTIVITIES_ID)  VALUES (46, 4603);
INSERT INTO EXERCISE_ACTIVITY_ENTITY (ID, NOTES, EXERCISE_ID) VALUES (4604, '', SELECT ID FROM EXERCISE_ENTITY WHERE NAME = 'Skullcrusher');
INSERT INTO EXERCISE_SET_ENTITY (SET_TYPE, ID, NUMBER_OF_REPS, STATUS , WEIGHT , WEIGHT_KG) VALUES ('WeightedSet', 46040, 10.0, 0, null, 5);
INSERT INTO EXERCISE_ACTIVITY_ENTITY_SETS (EXERCISE_ACTIVITY_ENTITY_ID, SETS_ID) VALUES (4604, 46040);
INSERT INTO EXERCISE_SET_ENTITY (SET_TYPE, ID, NUMBER_OF_REPS, STATUS , WEIGHT , WEIGHT_KG) VALUES ('WeightedSet', 46041, 8.0, 0, null, 7.5);
INSERT INTO EXERCISE_ACTIVITY_ENTITY_SETS (EXERCISE_ACTIVITY_ENTITY_ID, SETS_ID) VALUES (4604, 46041);
INSERT INTO EXERCISE_SET_ENTITY (SET_TYPE, ID, NUMBER_OF_REPS, STATUS , WEIGHT , WEIGHT_KG) VALUES ('WeightedSet', 46042, 9.0, 0, null, 7.5);
INSERT INTO EXERCISE_ACTIVITY_ENTITY_SETS (EXERCISE_ACTIVITY_ENTITY_ID, SETS_ID) VALUES (4604, 46042);
INSERT INTO WORKOUT_ENTITY_EXERCISE_ACTIVITIES (WORKOUT_ENTITY_ID, EXERCISE_ACTIVITIES_ID)  VALUES (46, 4604);
INSERT INTO WORKOUT_ENTITY (ID, NAME, NOTES, PERFORMED_AT_TIMESTAMP_UTC, WORKOUT_TYPE) VALUES (47, '2019-10-23 15:50:00', 'Notes', '2019-10-23 15:50:00', 'LEGS');
INSERT INTO EXERCISE_ACTIVITY_ENTITY (ID, NOTES, EXERCISE_ID) VALUES (4700, '', SELECT ID FROM EXERCISE_ENTITY WHERE NAME = 'Squat');
INSERT INTO EXERCISE_SET_ENTITY (SET_TYPE, ID, NUMBER_OF_REPS, STATUS , WEIGHT , WEIGHT_KG) VALUES ('NonWeightedSet', 47000, 8.0, 0, 'body', null);
INSERT INTO EXERCISE_ACTIVITY_ENTITY_SETS (EXERCISE_ACTIVITY_ENTITY_ID, SETS_ID) VALUES (4700, 47000);
INSERT INTO EXERCISE_SET_ENTITY (SET_TYPE, ID, NUMBER_OF_REPS, STATUS , WEIGHT , WEIGHT_KG) VALUES ('WeightedSet', 47001, 5.0, 0, null, 20);
INSERT INTO EXERCISE_ACTIVITY_ENTITY_SETS (EXERCISE_ACTIVITY_ENTITY_ID, SETS_ID) VALUES (4700, 47001);
INSERT INTO EXERCISE_SET_ENTITY (SET_TYPE, ID, NUMBER_OF_REPS, STATUS , WEIGHT , WEIGHT_KG) VALUES ('WeightedSet', 47002, 5.0, 0, null, 40);
INSERT INTO EXERCISE_ACTIVITY_ENTITY_SETS (EXERCISE_ACTIVITY_ENTITY_ID, SETS_ID) VALUES (4700, 47002);
INSERT INTO EXERCISE_SET_ENTITY (SET_TYPE, ID, NUMBER_OF_REPS, STATUS , WEIGHT , WEIGHT_KG) VALUES ('WeightedSet', 47003, 2.0, 0, null, 60);
INSERT INTO EXERCISE_ACTIVITY_ENTITY_SETS (EXERCISE_ACTIVITY_ENTITY_ID, SETS_ID) VALUES (4700, 47003);
INSERT INTO EXERCISE_SET_ENTITY (SET_TYPE, ID, NUMBER_OF_REPS, STATUS , WEIGHT , WEIGHT_KG) VALUES ('WeightedSet', 47004, 2.0, 0, null, 70);
INSERT INTO EXERCISE_ACTIVITY_ENTITY_SETS (EXERCISE_ACTIVITY_ENTITY_ID, SETS_ID) VALUES (4700, 47004);
INSERT INTO EXERCISE_SET_ENTITY (SET_TYPE, ID, NUMBER_OF_REPS, STATUS , WEIGHT , WEIGHT_KG) VALUES ('WeightedSet', 47005, 5.0, 0, null, 85);
INSERT INTO EXERCISE_ACTIVITY_ENTITY_SETS (EXERCISE_ACTIVITY_ENTITY_ID, SETS_ID) VALUES (4700, 47005);
INSERT INTO EXERCISE_SET_ENTITY (SET_TYPE, ID, NUMBER_OF_REPS, STATUS , WEIGHT , WEIGHT_KG) VALUES ('WeightedSet', 47006, 5.0, 0, null, 85);
INSERT INTO EXERCISE_ACTIVITY_ENTITY_SETS (EXERCISE_ACTIVITY_ENTITY_ID, SETS_ID) VALUES (4700, 47006);
INSERT INTO EXERCISE_SET_ENTITY (SET_TYPE, ID, NUMBER_OF_REPS, STATUS , WEIGHT , WEIGHT_KG) VALUES ('WeightedSet', 47007, 4.0, 1, null, 85);
INSERT INTO EXERCISE_ACTIVITY_ENTITY_SETS (EXERCISE_ACTIVITY_ENTITY_ID, SETS_ID) VALUES (4700, 47007);
INSERT INTO WORKOUT_ENTITY_EXERCISE_ACTIVITIES (WORKOUT_ENTITY_ID, EXERCISE_ACTIVITIES_ID)  VALUES (47, 4700);
INSERT INTO EXERCISE_ACTIVITY_ENTITY (ID, NOTES, EXERCISE_ID) VALUES (4701, '', SELECT ID FROM EXERCISE_ENTITY WHERE NAME = 'Romanian Deadlift');
INSERT INTO EXERCISE_SET_ENTITY (SET_TYPE, ID, NUMBER_OF_REPS, STATUS , WEIGHT , WEIGHT_KG) VALUES ('WeightedSet', 47010, 8.0, 0, null, 20);
INSERT INTO EXERCISE_ACTIVITY_ENTITY_SETS (EXERCISE_ACTIVITY_ENTITY_ID, SETS_ID) VALUES (4701, 47010);
INSERT INTO EXERCISE_SET_ENTITY (SET_TYPE, ID, NUMBER_OF_REPS, STATUS , WEIGHT , WEIGHT_KG) VALUES ('WeightedSet', 47011, 8.0, 0, null, 45);
INSERT INTO EXERCISE_ACTIVITY_ENTITY_SETS (EXERCISE_ACTIVITY_ENTITY_ID, SETS_ID) VALUES (4701, 47011);
INSERT INTO EXERCISE_SET_ENTITY (SET_TYPE, ID, NUMBER_OF_REPS, STATUS , WEIGHT , WEIGHT_KG) VALUES ('WeightedSet', 47012, 8.0, 0, null, 45);
INSERT INTO EXERCISE_ACTIVITY_ENTITY_SETS (EXERCISE_ACTIVITY_ENTITY_ID, SETS_ID) VALUES (4701, 47012);
INSERT INTO EXERCISE_SET_ENTITY (SET_TYPE, ID, NUMBER_OF_REPS, STATUS , WEIGHT , WEIGHT_KG) VALUES ('WeightedSet', 47013, 8.0, 0, null, 45);
INSERT INTO EXERCISE_ACTIVITY_ENTITY_SETS (EXERCISE_ACTIVITY_ENTITY_ID, SETS_ID) VALUES (4701, 47013);
INSERT INTO WORKOUT_ENTITY_EXERCISE_ACTIVITIES (WORKOUT_ENTITY_ID, EXERCISE_ACTIVITIES_ID)  VALUES (47, 4701);
INSERT INTO EXERCISE_ACTIVITY_ENTITY (ID, NOTES, EXERCISE_ID) VALUES (4702, '', SELECT ID FROM EXERCISE_ENTITY WHERE NAME = 'Front Squat');
INSERT INTO EXERCISE_SET_ENTITY (SET_TYPE, ID, NUMBER_OF_REPS, STATUS , WEIGHT , WEIGHT_KG) VALUES ('WeightedSet', 47020, 8.0, 0, null, 20);
INSERT INTO EXERCISE_ACTIVITY_ENTITY_SETS (EXERCISE_ACTIVITY_ENTITY_ID, SETS_ID) VALUES (4702, 47020);
INSERT INTO EXERCISE_SET_ENTITY (SET_TYPE, ID, NUMBER_OF_REPS, STATUS , WEIGHT , WEIGHT_KG) VALUES ('WeightedSet', 47021, 8.0, 0, null, 20);
INSERT INTO EXERCISE_ACTIVITY_ENTITY_SETS (EXERCISE_ACTIVITY_ENTITY_ID, SETS_ID) VALUES (4702, 47021);
INSERT INTO EXERCISE_SET_ENTITY (SET_TYPE, ID, NUMBER_OF_REPS, STATUS , WEIGHT , WEIGHT_KG) VALUES ('WeightedSet', 47022, 8.0, 0, null, 20);
INSERT INTO EXERCISE_ACTIVITY_ENTITY_SETS (EXERCISE_ACTIVITY_ENTITY_ID, SETS_ID) VALUES (4702, 47022);
INSERT INTO WORKOUT_ENTITY_EXERCISE_ACTIVITIES (WORKOUT_ENTITY_ID, EXERCISE_ACTIVITIES_ID)  VALUES (47, 4702);
INSERT INTO EXERCISE_ACTIVITY_ENTITY (ID, NOTES, EXERCISE_ID) VALUES (4703, '', SELECT ID FROM EXERCISE_ENTITY WHERE NAME = 'Frog Pump');
INSERT INTO EXERCISE_SET_ENTITY (SET_TYPE, ID, NUMBER_OF_REPS, STATUS , WEIGHT , WEIGHT_KG) VALUES ('NonWeightedSet', 47030, 8.0, 0, 'body', null);
INSERT INTO EXERCISE_ACTIVITY_ENTITY_SETS (EXERCISE_ACTIVITY_ENTITY_ID, SETS_ID) VALUES (4703, 47030);
INSERT INTO WORKOUT_ENTITY_EXERCISE_ACTIVITIES (WORKOUT_ENTITY_ID, EXERCISE_ACTIVITIES_ID)  VALUES (47, 4703);
INSERT INTO EXERCISE_ACTIVITY_ENTITY (ID, NOTES, EXERCISE_ID) VALUES (4704, '', SELECT ID FROM EXERCISE_ENTITY WHERE NAME = 'Band Pull Through');
INSERT INTO EXERCISE_SET_ENTITY (SET_TYPE, ID, NUMBER_OF_REPS, STATUS , WEIGHT , WEIGHT_KG) VALUES ('NonWeightedSet', 47040, 20.0, 0, 'red band', null);
INSERT INTO EXERCISE_ACTIVITY_ENTITY_SETS (EXERCISE_ACTIVITY_ENTITY_ID, SETS_ID) VALUES (4704, 47040);
INSERT INTO EXERCISE_SET_ENTITY (SET_TYPE, ID, NUMBER_OF_REPS, STATUS , WEIGHT , WEIGHT_KG) VALUES ('NonWeightedSet', 47041, 20.0, 0, 'red band', null);
INSERT INTO EXERCISE_ACTIVITY_ENTITY_SETS (EXERCISE_ACTIVITY_ENTITY_ID, SETS_ID) VALUES (4704, 47041);
INSERT INTO WORKOUT_ENTITY_EXERCISE_ACTIVITIES (WORKOUT_ENTITY_ID, EXERCISE_ACTIVITIES_ID)  VALUES (47, 4704);
INSERT INTO EXERCISE_ACTIVITY_ENTITY (ID, NOTES, EXERCISE_ID) VALUES (4705, '', SELECT ID FROM EXERCISE_ENTITY WHERE NAME = 'Glute Bridge');
INSERT INTO EXERCISE_SET_ENTITY (SET_TYPE, ID, NUMBER_OF_REPS, STATUS , WEIGHT , WEIGHT_KG) VALUES ('NonWeightedSet', 47050, 10.0, 0, 'body', null);
INSERT INTO EXERCISE_ACTIVITY_ENTITY_SETS (EXERCISE_ACTIVITY_ENTITY_ID, SETS_ID) VALUES (4705, 47050);
INSERT INTO WORKOUT_ENTITY_EXERCISE_ACTIVITIES (WORKOUT_ENTITY_ID, EXERCISE_ACTIVITIES_ID)  VALUES (47, 4705);
INSERT INTO EXERCISE_ACTIVITY_ENTITY (ID, NOTES, EXERCISE_ID) VALUES (4706, '', SELECT ID FROM EXERCISE_ENTITY WHERE NAME = 'Leg Curl');
INSERT INTO EXERCISE_SET_ENTITY (SET_TYPE, ID, NUMBER_OF_REPS, STATUS , WEIGHT , WEIGHT_KG) VALUES ('NonWeightedSet', 47060, 10.0, 0, 'red band', null);
INSERT INTO EXERCISE_ACTIVITY_ENTITY_SETS (EXERCISE_ACTIVITY_ENTITY_ID, SETS_ID) VALUES (4706, 47060);
INSERT INTO EXERCISE_SET_ENTITY (SET_TYPE, ID, NUMBER_OF_REPS, STATUS , WEIGHT , WEIGHT_KG) VALUES ('NonWeightedSet', 47061, 10.0, 0, 'red band', null);
INSERT INTO EXERCISE_ACTIVITY_ENTITY_SETS (EXERCISE_ACTIVITY_ENTITY_ID, SETS_ID) VALUES (4706, 47061);
INSERT INTO WORKOUT_ENTITY_EXERCISE_ACTIVITIES (WORKOUT_ENTITY_ID, EXERCISE_ACTIVITIES_ID)  VALUES (47, 4706);
INSERT INTO EXERCISE_ACTIVITY_ENTITY (ID, NOTES, EXERCISE_ID) VALUES (4707, '', SELECT ID FROM EXERCISE_ENTITY WHERE NAME = 'Seated Calf Raise');
INSERT INTO EXERCISE_SET_ENTITY (SET_TYPE, ID, NUMBER_OF_REPS, STATUS , WEIGHT , WEIGHT_KG) VALUES ('WeightedSet', 47070, 12.0, 0, null, 20);
INSERT INTO EXERCISE_ACTIVITY_ENTITY_SETS (EXERCISE_ACTIVITY_ENTITY_ID, SETS_ID) VALUES (4707, 47070);
INSERT INTO EXERCISE_SET_ENTITY (SET_TYPE, ID, NUMBER_OF_REPS, STATUS , WEIGHT , WEIGHT_KG) VALUES ('WeightedSet', 47071, 12.0, 0, null, 20);
INSERT INTO EXERCISE_ACTIVITY_ENTITY_SETS (EXERCISE_ACTIVITY_ENTITY_ID, SETS_ID) VALUES (4707, 47071);
INSERT INTO EXERCISE_SET_ENTITY (SET_TYPE, ID, NUMBER_OF_REPS, STATUS , WEIGHT , WEIGHT_KG) VALUES ('WeightedSet', 47072, 12.0, 0, null, 20);
INSERT INTO EXERCISE_ACTIVITY_ENTITY_SETS (EXERCISE_ACTIVITY_ENTITY_ID, SETS_ID) VALUES (4707, 47072);
INSERT INTO WORKOUT_ENTITY_EXERCISE_ACTIVITIES (WORKOUT_ENTITY_ID, EXERCISE_ACTIVITIES_ID)  VALUES (47, 4707);
INSERT INTO EXERCISE_ACTIVITY_ENTITY (ID, NOTES, EXERCISE_ID) VALUES (4708, '', SELECT ID FROM EXERCISE_ENTITY WHERE NAME = 'Step Up');
INSERT INTO EXERCISE_SET_ENTITY (SET_TYPE, ID, NUMBER_OF_REPS, STATUS , WEIGHT , WEIGHT_KG) VALUES ('NonWeightedSet', 47080, 10.0, 0, 'body', null);
INSERT INTO EXERCISE_ACTIVITY_ENTITY_SETS (EXERCISE_ACTIVITY_ENTITY_ID, SETS_ID) VALUES (4708, 47080);
INSERT INTO WORKOUT_ENTITY_EXERCISE_ACTIVITIES (WORKOUT_ENTITY_ID, EXERCISE_ACTIVITIES_ID)  VALUES (47, 4708);
INSERT INTO WORKOUT_ENTITY (ID, NAME, NOTES, PERFORMED_AT_TIMESTAMP_UTC, WORKOUT_TYPE) VALUES (48, '2019-10-24 16:05:00', 'Notes', '2019-10-24 16:05:00', 'PULL');
INSERT INTO EXERCISE_ACTIVITY_ENTITY (ID, NOTES, EXERCISE_ID) VALUES (4800, '', SELECT ID FROM EXERCISE_ENTITY WHERE NAME = 'Bent Over Row');
INSERT INTO EXERCISE_SET_ENTITY (SET_TYPE, ID, NUMBER_OF_REPS, STATUS , WEIGHT , WEIGHT_KG) VALUES ('WeightedSet', 48000, 10.0, 0, null, 20);
INSERT INTO EXERCISE_ACTIVITY_ENTITY_SETS (EXERCISE_ACTIVITY_ENTITY_ID, SETS_ID) VALUES (4800, 48000);
INSERT INTO EXERCISE_SET_ENTITY (SET_TYPE, ID, NUMBER_OF_REPS, STATUS , WEIGHT , WEIGHT_KG) VALUES ('WeightedSet', 48001, 10.0, 0, null, 35);
INSERT INTO EXERCISE_ACTIVITY_ENTITY_SETS (EXERCISE_ACTIVITY_ENTITY_ID, SETS_ID) VALUES (4800, 48001);
INSERT INTO EXERCISE_SET_ENTITY (SET_TYPE, ID, NUMBER_OF_REPS, STATUS , WEIGHT , WEIGHT_KG) VALUES ('WeightedSet', 48002, 10.0, 0, null, 35);
INSERT INTO EXERCISE_ACTIVITY_ENTITY_SETS (EXERCISE_ACTIVITY_ENTITY_ID, SETS_ID) VALUES (4800, 48002);
INSERT INTO EXERCISE_SET_ENTITY (SET_TYPE, ID, NUMBER_OF_REPS, STATUS , WEIGHT , WEIGHT_KG) VALUES ('WeightedSet', 48003, 10.0, 0, null, 35);
INSERT INTO EXERCISE_ACTIVITY_ENTITY_SETS (EXERCISE_ACTIVITY_ENTITY_ID, SETS_ID) VALUES (4800, 48003);
INSERT INTO WORKOUT_ENTITY_EXERCISE_ACTIVITIES (WORKOUT_ENTITY_ID, EXERCISE_ACTIVITIES_ID)  VALUES (48, 4800);
INSERT INTO EXERCISE_ACTIVITY_ENTITY (ID, NOTES, EXERCISE_ID) VALUES (4801, '', SELECT ID FROM EXERCISE_ENTITY WHERE NAME = 'Chin Up');
INSERT INTO EXERCISE_SET_ENTITY (SET_TYPE, ID, NUMBER_OF_REPS, STATUS , WEIGHT , WEIGHT_KG) VALUES ('NonWeightedSet', 48010, 6.0, 0, 'body', null);
INSERT INTO EXERCISE_ACTIVITY_ENTITY_SETS (EXERCISE_ACTIVITY_ENTITY_ID, SETS_ID) VALUES (4801, 48010);
INSERT INTO EXERCISE_SET_ENTITY (SET_TYPE, ID, NUMBER_OF_REPS, STATUS , WEIGHT , WEIGHT_KG) VALUES ('NonWeightedSet', 48011, 6.0, 0, 'body', null);
INSERT INTO EXERCISE_ACTIVITY_ENTITY_SETS (EXERCISE_ACTIVITY_ENTITY_ID, SETS_ID) VALUES (4801, 48011);
INSERT INTO EXERCISE_SET_ENTITY (SET_TYPE, ID, NUMBER_OF_REPS, STATUS , WEIGHT , WEIGHT_KG) VALUES ('NonWeightedSet', 48012, 6.0, 0, 'body', null);
INSERT INTO EXERCISE_ACTIVITY_ENTITY_SETS (EXERCISE_ACTIVITY_ENTITY_ID, SETS_ID) VALUES (4801, 48012);
INSERT INTO WORKOUT_ENTITY_EXERCISE_ACTIVITIES (WORKOUT_ENTITY_ID, EXERCISE_ACTIVITIES_ID)  VALUES (48, 4801);
INSERT INTO EXERCISE_ACTIVITY_ENTITY (ID, NOTES, EXERCISE_ID) VALUES (4802, '', SELECT ID FROM EXERCISE_ENTITY WHERE NAME = 'Inverted Row');
INSERT INTO EXERCISE_SET_ENTITY (SET_TYPE, ID, NUMBER_OF_REPS, STATUS , WEIGHT , WEIGHT_KG) VALUES ('NonWeightedSet', 48020, 10.0, 0, 'body', null);
INSERT INTO EXERCISE_ACTIVITY_ENTITY_SETS (EXERCISE_ACTIVITY_ENTITY_ID, SETS_ID) VALUES (4802, 48020);
INSERT INTO EXERCISE_SET_ENTITY (SET_TYPE, ID, NUMBER_OF_REPS, STATUS , WEIGHT , WEIGHT_KG) VALUES ('NonWeightedSet', 48021, 9.0, 1, 'body', null);
INSERT INTO EXERCISE_ACTIVITY_ENTITY_SETS (EXERCISE_ACTIVITY_ENTITY_ID, SETS_ID) VALUES (4802, 48021);
INSERT INTO EXERCISE_SET_ENTITY (SET_TYPE, ID, NUMBER_OF_REPS, STATUS , WEIGHT , WEIGHT_KG) VALUES ('NonWeightedSet', 48022, 10.0, 0, 'body', null);
INSERT INTO EXERCISE_ACTIVITY_ENTITY_SETS (EXERCISE_ACTIVITY_ENTITY_ID, SETS_ID) VALUES (4802, 48022);
INSERT INTO EXERCISE_SET_ENTITY (SET_TYPE, ID, NUMBER_OF_REPS, STATUS , WEIGHT , WEIGHT_KG) VALUES ('NonWeightedSet', 48023, 10.0, 0, 'body', null);
INSERT INTO EXERCISE_ACTIVITY_ENTITY_SETS (EXERCISE_ACTIVITY_ENTITY_ID, SETS_ID) VALUES (4802, 48023);
INSERT INTO WORKOUT_ENTITY_EXERCISE_ACTIVITIES (WORKOUT_ENTITY_ID, EXERCISE_ACTIVITIES_ID)  VALUES (48, 4802);
INSERT INTO EXERCISE_ACTIVITY_ENTITY (ID, NOTES, EXERCISE_ID) VALUES (4803, '', SELECT ID FROM EXERCISE_ENTITY WHERE NAME = 'Dumbbell Curl');
INSERT INTO EXERCISE_SET_ENTITY (SET_TYPE, ID, NUMBER_OF_REPS, STATUS , WEIGHT , WEIGHT_KG) VALUES ('WeightedSet', 48030, 10.0, 0, null, 7.5);
INSERT INTO EXERCISE_ACTIVITY_ENTITY_SETS (EXERCISE_ACTIVITY_ENTITY_ID, SETS_ID) VALUES (4803, 48030);
INSERT INTO EXERCISE_SET_ENTITY (SET_TYPE, ID, NUMBER_OF_REPS, STATUS , WEIGHT , WEIGHT_KG) VALUES ('WeightedSet', 48031, 10.0, 0, null, 10);
INSERT INTO EXERCISE_ACTIVITY_ENTITY_SETS (EXERCISE_ACTIVITY_ENTITY_ID, SETS_ID) VALUES (4803, 48031);
INSERT INTO EXERCISE_SET_ENTITY (SET_TYPE, ID, NUMBER_OF_REPS, STATUS , WEIGHT , WEIGHT_KG) VALUES ('WeightedSet', 48032, 10.0, 0, null, 10);
INSERT INTO EXERCISE_ACTIVITY_ENTITY_SETS (EXERCISE_ACTIVITY_ENTITY_ID, SETS_ID) VALUES (4803, 48032);
INSERT INTO WORKOUT_ENTITY_EXERCISE_ACTIVITIES (WORKOUT_ENTITY_ID, EXERCISE_ACTIVITIES_ID)  VALUES (48, 4803);
INSERT INTO EXERCISE_ACTIVITY_ENTITY (ID, NOTES, EXERCISE_ID) VALUES (4804, '', SELECT ID FROM EXERCISE_ENTITY WHERE NAME = 'Dumbbell Hammer Curl');
INSERT INTO EXERCISE_SET_ENTITY (SET_TYPE, ID, NUMBER_OF_REPS, STATUS , WEIGHT , WEIGHT_KG) VALUES ('WeightedSet', 48040, 10.0, 0, null, 10);
INSERT INTO EXERCISE_ACTIVITY_ENTITY_SETS (EXERCISE_ACTIVITY_ENTITY_ID, SETS_ID) VALUES (4804, 48040);
INSERT INTO EXERCISE_SET_ENTITY (SET_TYPE, ID, NUMBER_OF_REPS, STATUS , WEIGHT , WEIGHT_KG) VALUES ('WeightedSet', 48041, 10.0, 0, null, 10);
INSERT INTO EXERCISE_ACTIVITY_ENTITY_SETS (EXERCISE_ACTIVITY_ENTITY_ID, SETS_ID) VALUES (4804, 48041);
INSERT INTO EXERCISE_SET_ENTITY (SET_TYPE, ID, NUMBER_OF_REPS, STATUS , WEIGHT , WEIGHT_KG) VALUES ('WeightedSet', 48042, 10.0, 0, null, 7.5);
INSERT INTO EXERCISE_ACTIVITY_ENTITY_SETS (EXERCISE_ACTIVITY_ENTITY_ID, SETS_ID) VALUES (4804, 48042);
INSERT INTO WORKOUT_ENTITY_EXERCISE_ACTIVITIES (WORKOUT_ENTITY_ID, EXERCISE_ACTIVITIES_ID)  VALUES (48, 4804);
INSERT INTO EXERCISE_ACTIVITY_ENTITY (ID, NOTES, EXERCISE_ID) VALUES (4805, '', SELECT ID FROM EXERCISE_ENTITY WHERE NAME = 'Barbell Curl');
INSERT INTO EXERCISE_SET_ENTITY (SET_TYPE, ID, NUMBER_OF_REPS, STATUS , WEIGHT , WEIGHT_KG) VALUES ('WeightedSet', 48050, 10.0, 0, null, 20);
INSERT INTO EXERCISE_ACTIVITY_ENTITY_SETS (EXERCISE_ACTIVITY_ENTITY_ID, SETS_ID) VALUES (4805, 48050);
INSERT INTO EXERCISE_SET_ENTITY (SET_TYPE, ID, NUMBER_OF_REPS, STATUS , WEIGHT , WEIGHT_KG) VALUES ('WeightedSet', 48051, 10.0, 0, null, 20);
INSERT INTO EXERCISE_ACTIVITY_ENTITY_SETS (EXERCISE_ACTIVITY_ENTITY_ID, SETS_ID) VALUES (4805, 48051);
INSERT INTO WORKOUT_ENTITY_EXERCISE_ACTIVITIES (WORKOUT_ENTITY_ID, EXERCISE_ACTIVITIES_ID)  VALUES (48, 4805);
INSERT INTO EXERCISE_ACTIVITY_ENTITY (ID, NOTES, EXERCISE_ID) VALUES (4806, '', SELECT ID FROM EXERCISE_ENTITY WHERE NAME = 'Facepull');
INSERT INTO EXERCISE_SET_ENTITY (SET_TYPE, ID, NUMBER_OF_REPS, STATUS , WEIGHT , WEIGHT_KG) VALUES ('NonWeightedSet', 48060, 20.0, 0, 'yellow band', null);
INSERT INTO EXERCISE_ACTIVITY_ENTITY_SETS (EXERCISE_ACTIVITY_ENTITY_ID, SETS_ID) VALUES (4806, 48060);
INSERT INTO EXERCISE_SET_ENTITY (SET_TYPE, ID, NUMBER_OF_REPS, STATUS , WEIGHT , WEIGHT_KG) VALUES ('NonWeightedSet', 48061, 20.0, 0, 'yellow band', null);
INSERT INTO EXERCISE_ACTIVITY_ENTITY_SETS (EXERCISE_ACTIVITY_ENTITY_ID, SETS_ID) VALUES (4806, 48061);
INSERT INTO WORKOUT_ENTITY_EXERCISE_ACTIVITIES (WORKOUT_ENTITY_ID, EXERCISE_ACTIVITIES_ID)  VALUES (48, 4806);
INSERT INTO WORKOUT_ENTITY (ID, NAME, NOTES, PERFORMED_AT_TIMESTAMP_UTC, WORKOUT_TYPE) VALUES (49, '2019-10-25 15:35:00', 'Notes', '2019-10-25 15:35:00', 'PUSH');
INSERT INTO EXERCISE_ACTIVITY_ENTITY (ID, NOTES, EXERCISE_ID) VALUES (4900, '', SELECT ID FROM EXERCISE_ENTITY WHERE NAME = 'Bench Press');
INSERT INTO EXERCISE_SET_ENTITY (SET_TYPE, ID, NUMBER_OF_REPS, STATUS , WEIGHT , WEIGHT_KG) VALUES ('WeightedSet', 49000, 8.0, 0, null, 20);
INSERT INTO EXERCISE_ACTIVITY_ENTITY_SETS (EXERCISE_ACTIVITY_ENTITY_ID, SETS_ID) VALUES (4900, 49000);
INSERT INTO EXERCISE_SET_ENTITY (SET_TYPE, ID, NUMBER_OF_REPS, STATUS , WEIGHT , WEIGHT_KG) VALUES ('WeightedSet', 49001, 8.0, 0, null, 40);
INSERT INTO EXERCISE_ACTIVITY_ENTITY_SETS (EXERCISE_ACTIVITY_ENTITY_ID, SETS_ID) VALUES (4900, 49001);
INSERT INTO EXERCISE_SET_ENTITY (SET_TYPE, ID, NUMBER_OF_REPS, STATUS , WEIGHT , WEIGHT_KG) VALUES ('WeightedSet', 49002, 8.0, 0, null, 52.5);
INSERT INTO EXERCISE_ACTIVITY_ENTITY_SETS (EXERCISE_ACTIVITY_ENTITY_ID, SETS_ID) VALUES (4900, 49002);
INSERT INTO EXERCISE_SET_ENTITY (SET_TYPE, ID, NUMBER_OF_REPS, STATUS , WEIGHT , WEIGHT_KG) VALUES ('WeightedSet', 49003, 8.0, 0, null, 52.5);
INSERT INTO EXERCISE_ACTIVITY_ENTITY_SETS (EXERCISE_ACTIVITY_ENTITY_ID, SETS_ID) VALUES (4900, 49003);
INSERT INTO EXERCISE_SET_ENTITY (SET_TYPE, ID, NUMBER_OF_REPS, STATUS , WEIGHT , WEIGHT_KG) VALUES ('WeightedSet', 49004, 7.0, 1, null, 52.5);
INSERT INTO EXERCISE_ACTIVITY_ENTITY_SETS (EXERCISE_ACTIVITY_ENTITY_ID, SETS_ID) VALUES (4900, 49004);
INSERT INTO WORKOUT_ENTITY_EXERCISE_ACTIVITIES (WORKOUT_ENTITY_ID, EXERCISE_ACTIVITIES_ID)  VALUES (49, 4900);
INSERT INTO EXERCISE_ACTIVITY_ENTITY (ID, NOTES, EXERCISE_ID) VALUES (4901, '', SELECT ID FROM EXERCISE_ENTITY WHERE NAME = 'Overhead Press');
INSERT INTO EXERCISE_SET_ENTITY (SET_TYPE, ID, NUMBER_OF_REPS, STATUS , WEIGHT , WEIGHT_KG) VALUES ('WeightedSet', 49010, 5.0, 0, null, 20);
INSERT INTO EXERCISE_ACTIVITY_ENTITY_SETS (EXERCISE_ACTIVITY_ENTITY_ID, SETS_ID) VALUES (4901, 49010);
INSERT INTO EXERCISE_SET_ENTITY (SET_TYPE, ID, NUMBER_OF_REPS, STATUS , WEIGHT , WEIGHT_KG) VALUES ('WeightedSet', 49011, 3.0, 0, null, 30);
INSERT INTO EXERCISE_ACTIVITY_ENTITY_SETS (EXERCISE_ACTIVITY_ENTITY_ID, SETS_ID) VALUES (4901, 49011);
INSERT INTO EXERCISE_SET_ENTITY (SET_TYPE, ID, NUMBER_OF_REPS, STATUS , WEIGHT , WEIGHT_KG) VALUES ('WeightedSet', 49012, 4.0, 1, null, 40);
INSERT INTO EXERCISE_ACTIVITY_ENTITY_SETS (EXERCISE_ACTIVITY_ENTITY_ID, SETS_ID) VALUES (4901, 49012);
INSERT INTO EXERCISE_SET_ENTITY (SET_TYPE, ID, NUMBER_OF_REPS, STATUS , WEIGHT , WEIGHT_KG) VALUES ('WeightedSet', 49013, 5.0, 0, null, 37.5);
INSERT INTO EXERCISE_ACTIVITY_ENTITY_SETS (EXERCISE_ACTIVITY_ENTITY_ID, SETS_ID) VALUES (4901, 49013);
INSERT INTO EXERCISE_SET_ENTITY (SET_TYPE, ID, NUMBER_OF_REPS, STATUS , WEIGHT , WEIGHT_KG) VALUES ('WeightedSet', 49014, 5.0, 0, null, 37.5);
INSERT INTO EXERCISE_ACTIVITY_ENTITY_SETS (EXERCISE_ACTIVITY_ENTITY_ID, SETS_ID) VALUES (4901, 49014);
INSERT INTO EXERCISE_SET_ENTITY (SET_TYPE, ID, NUMBER_OF_REPS, STATUS , WEIGHT , WEIGHT_KG) VALUES ('WeightedSet', 49015, 5.0, 0, null, 37.5);
INSERT INTO EXERCISE_ACTIVITY_ENTITY_SETS (EXERCISE_ACTIVITY_ENTITY_ID, SETS_ID) VALUES (4901, 49015);
INSERT INTO EXERCISE_SET_ENTITY (SET_TYPE, ID, NUMBER_OF_REPS, STATUS , WEIGHT , WEIGHT_KG) VALUES ('WeightedSet', 49016, 5.0, 0, null, 37.5);
INSERT INTO EXERCISE_ACTIVITY_ENTITY_SETS (EXERCISE_ACTIVITY_ENTITY_ID, SETS_ID) VALUES (4901, 49016);
INSERT INTO WORKOUT_ENTITY_EXERCISE_ACTIVITIES (WORKOUT_ENTITY_ID, EXERCISE_ACTIVITIES_ID)  VALUES (49, 4901);
INSERT INTO EXERCISE_ACTIVITY_ENTITY (ID, NOTES, EXERCISE_ID) VALUES (4902, '', SELECT ID FROM EXERCISE_ENTITY WHERE NAME = 'Incline Dumbbell Press');
INSERT INTO EXERCISE_SET_ENTITY (SET_TYPE, ID, NUMBER_OF_REPS, STATUS , WEIGHT , WEIGHT_KG) VALUES ('WeightedSet', 49020, 8.0, 0, null, 10);
INSERT INTO EXERCISE_ACTIVITY_ENTITY_SETS (EXERCISE_ACTIVITY_ENTITY_ID, SETS_ID) VALUES (4902, 49020);
INSERT INTO EXERCISE_SET_ENTITY (SET_TYPE, ID, NUMBER_OF_REPS, STATUS , WEIGHT , WEIGHT_KG) VALUES ('WeightedSet', 49021, 8.0, 0, null, 15);
INSERT INTO EXERCISE_ACTIVITY_ENTITY_SETS (EXERCISE_ACTIVITY_ENTITY_ID, SETS_ID) VALUES (4902, 49021);
INSERT INTO EXERCISE_SET_ENTITY (SET_TYPE, ID, NUMBER_OF_REPS, STATUS , WEIGHT , WEIGHT_KG) VALUES ('WeightedSet', 49022, 8.0, 0, null, 15);
INSERT INTO EXERCISE_ACTIVITY_ENTITY_SETS (EXERCISE_ACTIVITY_ENTITY_ID, SETS_ID) VALUES (4902, 49022);
INSERT INTO EXERCISE_SET_ENTITY (SET_TYPE, ID, NUMBER_OF_REPS, STATUS , WEIGHT , WEIGHT_KG) VALUES ('WeightedSet', 49023, 8.0, 0, null, 15);
INSERT INTO EXERCISE_ACTIVITY_ENTITY_SETS (EXERCISE_ACTIVITY_ENTITY_ID, SETS_ID) VALUES (4902, 49023);
INSERT INTO WORKOUT_ENTITY_EXERCISE_ACTIVITIES (WORKOUT_ENTITY_ID, EXERCISE_ACTIVITIES_ID)  VALUES (49, 4902);
INSERT INTO EXERCISE_ACTIVITY_ENTITY (ID, NOTES, EXERCISE_ID) VALUES (4903, '', SELECT ID FROM EXERCISE_ENTITY WHERE NAME = 'Lateral Raise');
INSERT INTO EXERCISE_SET_ENTITY (SET_TYPE, ID, NUMBER_OF_REPS, STATUS , WEIGHT , WEIGHT_KG) VALUES ('WeightedSet', 49030, 15.0, 0, null, 2.5);
INSERT INTO EXERCISE_ACTIVITY_ENTITY_SETS (EXERCISE_ACTIVITY_ENTITY_ID, SETS_ID) VALUES (4903, 49030);
INSERT INTO EXERCISE_SET_ENTITY (SET_TYPE, ID, NUMBER_OF_REPS, STATUS , WEIGHT , WEIGHT_KG) VALUES ('WeightedSet', 49031, 15.0, 0, null, 5);
INSERT INTO EXERCISE_ACTIVITY_ENTITY_SETS (EXERCISE_ACTIVITY_ENTITY_ID, SETS_ID) VALUES (4903, 49031);
INSERT INTO EXERCISE_SET_ENTITY (SET_TYPE, ID, NUMBER_OF_REPS, STATUS , WEIGHT , WEIGHT_KG) VALUES ('WeightedSet', 49032, 15.0, 0, null, 5);
INSERT INTO EXERCISE_ACTIVITY_ENTITY_SETS (EXERCISE_ACTIVITY_ENTITY_ID, SETS_ID) VALUES (4903, 49032);
INSERT INTO WORKOUT_ENTITY_EXERCISE_ACTIVITIES (WORKOUT_ENTITY_ID, EXERCISE_ACTIVITIES_ID)  VALUES (49, 4903);
INSERT INTO EXERCISE_ACTIVITY_ENTITY (ID, NOTES, EXERCISE_ID) VALUES (4904, '', SELECT ID FROM EXERCISE_ENTITY WHERE NAME = 'Skullcrusher');
INSERT INTO EXERCISE_SET_ENTITY (SET_TYPE, ID, NUMBER_OF_REPS, STATUS , WEIGHT , WEIGHT_KG) VALUES ('WeightedSet', 49040, 10.0, 0, null, 5);
INSERT INTO EXERCISE_ACTIVITY_ENTITY_SETS (EXERCISE_ACTIVITY_ENTITY_ID, SETS_ID) VALUES (4904, 49040);
INSERT INTO EXERCISE_SET_ENTITY (SET_TYPE, ID, NUMBER_OF_REPS, STATUS , WEIGHT , WEIGHT_KG) VALUES ('WeightedSet', 49041, 10.0, 0, null, 7.5);
INSERT INTO EXERCISE_ACTIVITY_ENTITY_SETS (EXERCISE_ACTIVITY_ENTITY_ID, SETS_ID) VALUES (4904, 49041);
INSERT INTO EXERCISE_SET_ENTITY (SET_TYPE, ID, NUMBER_OF_REPS, STATUS , WEIGHT , WEIGHT_KG) VALUES ('WeightedSet', 49042, 10.0, 0, null, 7.5);
INSERT INTO EXERCISE_ACTIVITY_ENTITY_SETS (EXERCISE_ACTIVITY_ENTITY_ID, SETS_ID) VALUES (4904, 49042);
INSERT INTO WORKOUT_ENTITY_EXERCISE_ACTIVITIES (WORKOUT_ENTITY_ID, EXERCISE_ACTIVITIES_ID)  VALUES (49, 4904);
INSERT INTO WORKOUT_ENTITY (ID, NAME, NOTES, PERFORMED_AT_TIMESTAMP_UTC, WORKOUT_TYPE) VALUES (50, '2019-10-28 16:25:00', 'Notes', '2019-10-28 16:25:00', 'LEGS');
INSERT INTO EXERCISE_ACTIVITY_ENTITY (ID, NOTES, EXERCISE_ID) VALUES (5000, '', SELECT ID FROM EXERCISE_ENTITY WHERE NAME = 'Squat');
INSERT INTO EXERCISE_SET_ENTITY (SET_TYPE, ID, NUMBER_OF_REPS, STATUS , WEIGHT , WEIGHT_KG) VALUES ('NonWeightedSet', 50000, 8.0, 0, 'body', null);
INSERT INTO EXERCISE_ACTIVITY_ENTITY_SETS (EXERCISE_ACTIVITY_ENTITY_ID, SETS_ID) VALUES (5000, 50000);
INSERT INTO EXERCISE_SET_ENTITY (SET_TYPE, ID, NUMBER_OF_REPS, STATUS , WEIGHT , WEIGHT_KG) VALUES ('WeightedSet', 50001, 8.0, 0, null, 20);
INSERT INTO EXERCISE_ACTIVITY_ENTITY_SETS (EXERCISE_ACTIVITY_ENTITY_ID, SETS_ID) VALUES (5000, 50001);
INSERT INTO EXERCISE_SET_ENTITY (SET_TYPE, ID, NUMBER_OF_REPS, STATUS , WEIGHT , WEIGHT_KG) VALUES ('WeightedSet', 50002, 5.0, 0, null, 40);
INSERT INTO EXERCISE_ACTIVITY_ENTITY_SETS (EXERCISE_ACTIVITY_ENTITY_ID, SETS_ID) VALUES (5000, 50002);
INSERT INTO EXERCISE_SET_ENTITY (SET_TYPE, ID, NUMBER_OF_REPS, STATUS , WEIGHT , WEIGHT_KG) VALUES ('WeightedSet', 50003, 3.0, 0, null, 60);
INSERT INTO EXERCISE_ACTIVITY_ENTITY_SETS (EXERCISE_ACTIVITY_ENTITY_ID, SETS_ID) VALUES (5000, 50003);
INSERT INTO EXERCISE_SET_ENTITY (SET_TYPE, ID, NUMBER_OF_REPS, STATUS , WEIGHT , WEIGHT_KG) VALUES ('WeightedSet', 50004, 8.0, 0, null, 70);
INSERT INTO EXERCISE_ACTIVITY_ENTITY_SETS (EXERCISE_ACTIVITY_ENTITY_ID, SETS_ID) VALUES (5000, 50004);
INSERT INTO EXERCISE_SET_ENTITY (SET_TYPE, ID, NUMBER_OF_REPS, STATUS , WEIGHT , WEIGHT_KG) VALUES ('WeightedSet', 50005, 8.0, 0, null, 70);
INSERT INTO EXERCISE_ACTIVITY_ENTITY_SETS (EXERCISE_ACTIVITY_ENTITY_ID, SETS_ID) VALUES (5000, 50005);
INSERT INTO EXERCISE_SET_ENTITY (SET_TYPE, ID, NUMBER_OF_REPS, STATUS , WEIGHT , WEIGHT_KG) VALUES ('WeightedSet', 50006, 8.0, 0, null, 70);
INSERT INTO EXERCISE_ACTIVITY_ENTITY_SETS (EXERCISE_ACTIVITY_ENTITY_ID, SETS_ID) VALUES (5000, 50006);
INSERT INTO WORKOUT_ENTITY_EXERCISE_ACTIVITIES (WORKOUT_ENTITY_ID, EXERCISE_ACTIVITIES_ID)  VALUES (50, 5000);
INSERT INTO EXERCISE_ACTIVITY_ENTITY (ID, NOTES, EXERCISE_ID) VALUES (5001, '', SELECT ID FROM EXERCISE_ENTITY WHERE NAME = 'Romanian Deadlift');
INSERT INTO EXERCISE_SET_ENTITY (SET_TYPE, ID, NUMBER_OF_REPS, STATUS , WEIGHT , WEIGHT_KG) VALUES ('WeightedSet', 50010, 8.0, 0, null, 20);
INSERT INTO EXERCISE_ACTIVITY_ENTITY_SETS (EXERCISE_ACTIVITY_ENTITY_ID, SETS_ID) VALUES (5001, 50010);
INSERT INTO EXERCISE_SET_ENTITY (SET_TYPE, ID, NUMBER_OF_REPS, STATUS , WEIGHT , WEIGHT_KG) VALUES ('WeightedSet', 50011, 8.0, 0, null, 47.5);
INSERT INTO EXERCISE_ACTIVITY_ENTITY_SETS (EXERCISE_ACTIVITY_ENTITY_ID, SETS_ID) VALUES (5001, 50011);
INSERT INTO EXERCISE_SET_ENTITY (SET_TYPE, ID, NUMBER_OF_REPS, STATUS , WEIGHT , WEIGHT_KG) VALUES ('WeightedSet', 50012, 8.0, 0, null, 47.5);
INSERT INTO EXERCISE_ACTIVITY_ENTITY_SETS (EXERCISE_ACTIVITY_ENTITY_ID, SETS_ID) VALUES (5001, 50012);
INSERT INTO EXERCISE_SET_ENTITY (SET_TYPE, ID, NUMBER_OF_REPS, STATUS , WEIGHT , WEIGHT_KG) VALUES ('WeightedSet', 50013, 8.0, 0, null, 47.5);
INSERT INTO EXERCISE_ACTIVITY_ENTITY_SETS (EXERCISE_ACTIVITY_ENTITY_ID, SETS_ID) VALUES (5001, 50013);
INSERT INTO WORKOUT_ENTITY_EXERCISE_ACTIVITIES (WORKOUT_ENTITY_ID, EXERCISE_ACTIVITIES_ID)  VALUES (50, 5001);
INSERT INTO EXERCISE_ACTIVITY_ENTITY (ID, NOTES, EXERCISE_ID) VALUES (5002, '', SELECT ID FROM EXERCISE_ENTITY WHERE NAME = 'Bulgarian Split Squat');
INSERT INTO EXERCISE_SET_ENTITY (SET_TYPE, ID, NUMBER_OF_REPS, STATUS , WEIGHT , WEIGHT_KG) VALUES ('NonWeightedSet', 50020, 10.0, 0, 'body', null);
INSERT INTO EXERCISE_ACTIVITY_ENTITY_SETS (EXERCISE_ACTIVITY_ENTITY_ID, SETS_ID) VALUES (5002, 50020);
INSERT INTO EXERCISE_SET_ENTITY (SET_TYPE, ID, NUMBER_OF_REPS, STATUS , WEIGHT , WEIGHT_KG) VALUES ('WeightedSet', 50021, 10.0, 0, null, 5);
INSERT INTO EXERCISE_ACTIVITY_ENTITY_SETS (EXERCISE_ACTIVITY_ENTITY_ID, SETS_ID) VALUES (5002, 50021);
INSERT INTO EXERCISE_SET_ENTITY (SET_TYPE, ID, NUMBER_OF_REPS, STATUS , WEIGHT , WEIGHT_KG) VALUES ('WeightedSet', 50022, 10.0, 0, null, 5);
INSERT INTO EXERCISE_ACTIVITY_ENTITY_SETS (EXERCISE_ACTIVITY_ENTITY_ID, SETS_ID) VALUES (5002, 50022);
INSERT INTO WORKOUT_ENTITY_EXERCISE_ACTIVITIES (WORKOUT_ENTITY_ID, EXERCISE_ACTIVITIES_ID)  VALUES (50, 5002);
INSERT INTO EXERCISE_ACTIVITY_ENTITY (ID, NOTES, EXERCISE_ID) VALUES (5003, '', SELECT ID FROM EXERCISE_ENTITY WHERE NAME = 'Glute Raise');
INSERT INTO EXERCISE_SET_ENTITY (SET_TYPE, ID, NUMBER_OF_REPS, STATUS , WEIGHT , WEIGHT_KG) VALUES ('WeightedSet', 50030, 10.0, 0, null, 20);
INSERT INTO EXERCISE_ACTIVITY_ENTITY_SETS (EXERCISE_ACTIVITY_ENTITY_ID, SETS_ID) VALUES (5003, 50030);
INSERT INTO EXERCISE_SET_ENTITY (SET_TYPE, ID, NUMBER_OF_REPS, STATUS , WEIGHT , WEIGHT_KG) VALUES ('WeightedSet', 50031, 10.0, 0, null, 20);
INSERT INTO EXERCISE_ACTIVITY_ENTITY_SETS (EXERCISE_ACTIVITY_ENTITY_ID, SETS_ID) VALUES (5003, 50031);
INSERT INTO EXERCISE_SET_ENTITY (SET_TYPE, ID, NUMBER_OF_REPS, STATUS , WEIGHT , WEIGHT_KG) VALUES ('WeightedSet', 50032, 10.0, 0, null, 20);
INSERT INTO EXERCISE_ACTIVITY_ENTITY_SETS (EXERCISE_ACTIVITY_ENTITY_ID, SETS_ID) VALUES (5003, 50032);
INSERT INTO WORKOUT_ENTITY_EXERCISE_ACTIVITIES (WORKOUT_ENTITY_ID, EXERCISE_ACTIVITIES_ID)  VALUES (50, 5003);
INSERT INTO EXERCISE_ACTIVITY_ENTITY (ID, NOTES, EXERCISE_ID) VALUES (5004, '', SELECT ID FROM EXERCISE_ENTITY WHERE NAME = 'Seated Calf Raise');
INSERT INTO EXERCISE_SET_ENTITY (SET_TYPE, ID, NUMBER_OF_REPS, STATUS , WEIGHT , WEIGHT_KG) VALUES ('WeightedSet', 50040, 10.0, 0, null, 20);
INSERT INTO EXERCISE_ACTIVITY_ENTITY_SETS (EXERCISE_ACTIVITY_ENTITY_ID, SETS_ID) VALUES (5004, 50040);
INSERT INTO EXERCISE_SET_ENTITY (SET_TYPE, ID, NUMBER_OF_REPS, STATUS , WEIGHT , WEIGHT_KG) VALUES ('WeightedSet', 50041, 10.0, 0, null, 20);
INSERT INTO EXERCISE_ACTIVITY_ENTITY_SETS (EXERCISE_ACTIVITY_ENTITY_ID, SETS_ID) VALUES (5004, 50041);
INSERT INTO EXERCISE_SET_ENTITY (SET_TYPE, ID, NUMBER_OF_REPS, STATUS , WEIGHT , WEIGHT_KG) VALUES ('WeightedSet', 50042, 10.0, 0, null, 20);
INSERT INTO EXERCISE_ACTIVITY_ENTITY_SETS (EXERCISE_ACTIVITY_ENTITY_ID, SETS_ID) VALUES (5004, 50042);
INSERT INTO WORKOUT_ENTITY_EXERCISE_ACTIVITIES (WORKOUT_ENTITY_ID, EXERCISE_ACTIVITIES_ID)  VALUES (50, 5004);
INSERT INTO WORKOUT_ENTITY (ID, NAME, NOTES, PERFORMED_AT_TIMESTAMP_UTC, WORKOUT_TYPE) VALUES (51, '2019-10-29 15:50:00', 'Notes', '2019-10-29 15:50:00', 'PULL');
INSERT INTO EXERCISE_ACTIVITY_ENTITY (ID, NOTES, EXERCISE_ID) VALUES (5100, '', SELECT ID FROM EXERCISE_ENTITY WHERE NAME = 'Deadlift');
INSERT INTO EXERCISE_SET_ENTITY (SET_TYPE, ID, NUMBER_OF_REPS, STATUS , WEIGHT , WEIGHT_KG) VALUES ('WeightedSet', 51000, 5.0, 0, null, 20);
INSERT INTO EXERCISE_ACTIVITY_ENTITY_SETS (EXERCISE_ACTIVITY_ENTITY_ID, SETS_ID) VALUES (5100, 51000);
INSERT INTO EXERCISE_SET_ENTITY (SET_TYPE, ID, NUMBER_OF_REPS, STATUS , WEIGHT , WEIGHT_KG) VALUES ('WeightedSet', 51001, 5.0, 0, null, 60);
INSERT INTO EXERCISE_ACTIVITY_ENTITY_SETS (EXERCISE_ACTIVITY_ENTITY_ID, SETS_ID) VALUES (5100, 51001);
INSERT INTO EXERCISE_SET_ENTITY (SET_TYPE, ID, NUMBER_OF_REPS, STATUS , WEIGHT , WEIGHT_KG) VALUES ('WeightedSet', 51002, 3.0, 0, null, 90);
INSERT INTO EXERCISE_ACTIVITY_ENTITY_SETS (EXERCISE_ACTIVITY_ENTITY_ID, SETS_ID) VALUES (5100, 51002);
INSERT INTO EXERCISE_SET_ENTITY (SET_TYPE, ID, NUMBER_OF_REPS, STATUS , WEIGHT , WEIGHT_KG) VALUES ('WeightedSet', 51003, 2.0, 0, null, 110);
INSERT INTO EXERCISE_ACTIVITY_ENTITY_SETS (EXERCISE_ACTIVITY_ENTITY_ID, SETS_ID) VALUES (5100, 51003);
INSERT INTO EXERCISE_SET_ENTITY (SET_TYPE, ID, NUMBER_OF_REPS, STATUS , WEIGHT , WEIGHT_KG) VALUES ('WeightedSet', 51004, 2.0, 0, null, 125);
INSERT INTO EXERCISE_ACTIVITY_ENTITY_SETS (EXERCISE_ACTIVITY_ENTITY_ID, SETS_ID) VALUES (5100, 51004);
INSERT INTO EXERCISE_SET_ENTITY (SET_TYPE, ID, NUMBER_OF_REPS, STATUS , WEIGHT , WEIGHT_KG) VALUES ('WeightedSet', 51005, 5.0, 0, null, 137.5);
INSERT INTO EXERCISE_ACTIVITY_ENTITY_SETS (EXERCISE_ACTIVITY_ENTITY_ID, SETS_ID) VALUES (5100, 51005);
INSERT INTO EXERCISE_SET_ENTITY (SET_TYPE, ID, NUMBER_OF_REPS, STATUS , WEIGHT , WEIGHT_KG) VALUES ('WeightedSet', 51006, 6.0, 0, null, 95);
INSERT INTO EXERCISE_ACTIVITY_ENTITY_SETS (EXERCISE_ACTIVITY_ENTITY_ID, SETS_ID) VALUES (5100, 51006);
INSERT INTO WORKOUT_ENTITY_EXERCISE_ACTIVITIES (WORKOUT_ENTITY_ID, EXERCISE_ACTIVITIES_ID)  VALUES (51, 5100);
INSERT INTO EXERCISE_ACTIVITY_ENTITY (ID, NOTES, EXERCISE_ID) VALUES (5101, '', SELECT ID FROM EXERCISE_ENTITY WHERE NAME = 'Pull Up');
INSERT INTO EXERCISE_SET_ENTITY (SET_TYPE, ID, NUMBER_OF_REPS, STATUS , WEIGHT , WEIGHT_KG) VALUES ('NonWeightedSet', 51010, 8.0, 0, 'body', null);
INSERT INTO EXERCISE_ACTIVITY_ENTITY_SETS (EXERCISE_ACTIVITY_ENTITY_ID, SETS_ID) VALUES (5101, 51010);
INSERT INTO EXERCISE_SET_ENTITY (SET_TYPE, ID, NUMBER_OF_REPS, STATUS , WEIGHT , WEIGHT_KG) VALUES ('NonWeightedSet', 51011, 7.0, 1, 'body', null);
INSERT INTO EXERCISE_ACTIVITY_ENTITY_SETS (EXERCISE_ACTIVITY_ENTITY_ID, SETS_ID) VALUES (5101, 51011);
INSERT INTO EXERCISE_SET_ENTITY (SET_TYPE, ID, NUMBER_OF_REPS, STATUS , WEIGHT , WEIGHT_KG) VALUES ('NonWeightedSet', 51012, 8.0, 1, 'body', null);
INSERT INTO EXERCISE_ACTIVITY_ENTITY_SETS (EXERCISE_ACTIVITY_ENTITY_ID, SETS_ID) VALUES (5101, 51012);
INSERT INTO WORKOUT_ENTITY_EXERCISE_ACTIVITIES (WORKOUT_ENTITY_ID, EXERCISE_ACTIVITIES_ID)  VALUES (51, 5101);
INSERT INTO EXERCISE_ACTIVITY_ENTITY (ID, NOTES, EXERCISE_ID) VALUES (5102, '', SELECT ID FROM EXERCISE_ENTITY WHERE NAME = 'Inverted Row');
INSERT INTO EXERCISE_SET_ENTITY (SET_TYPE, ID, NUMBER_OF_REPS, STATUS , WEIGHT , WEIGHT_KG) VALUES ('NonWeightedSet', 51020, 8.0, 0, 'body', null);
INSERT INTO EXERCISE_ACTIVITY_ENTITY_SETS (EXERCISE_ACTIVITY_ENTITY_ID, SETS_ID) VALUES (5102, 51020);
INSERT INTO EXERCISE_SET_ENTITY (SET_TYPE, ID, NUMBER_OF_REPS, STATUS , WEIGHT , WEIGHT_KG) VALUES ('NonWeightedSet', 51021, 8.0, 0, 'body', null);
INSERT INTO EXERCISE_ACTIVITY_ENTITY_SETS (EXERCISE_ACTIVITY_ENTITY_ID, SETS_ID) VALUES (5102, 51021);
INSERT INTO EXERCISE_SET_ENTITY (SET_TYPE, ID, NUMBER_OF_REPS, STATUS , WEIGHT , WEIGHT_KG) VALUES ('NonWeightedSet', 51022, 8.0, 0, 'body', null);
INSERT INTO EXERCISE_ACTIVITY_ENTITY_SETS (EXERCISE_ACTIVITY_ENTITY_ID, SETS_ID) VALUES (5102, 51022);
INSERT INTO WORKOUT_ENTITY_EXERCISE_ACTIVITIES (WORKOUT_ENTITY_ID, EXERCISE_ACTIVITIES_ID)  VALUES (51, 5102);
INSERT INTO EXERCISE_ACTIVITY_ENTITY (ID, NOTES, EXERCISE_ID) VALUES (5103, '', SELECT ID FROM EXERCISE_ENTITY WHERE NAME = 'Batwing Row');
INSERT INTO EXERCISE_SET_ENTITY (SET_TYPE, ID, NUMBER_OF_REPS, STATUS , WEIGHT , WEIGHT_KG) VALUES ('WeightedSet', 51030, 10.0, 0, null, 5);
INSERT INTO EXERCISE_ACTIVITY_ENTITY_SETS (EXERCISE_ACTIVITY_ENTITY_ID, SETS_ID) VALUES (5103, 51030);
INSERT INTO EXERCISE_SET_ENTITY (SET_TYPE, ID, NUMBER_OF_REPS, STATUS , WEIGHT , WEIGHT_KG) VALUES ('WeightedSet', 51031, 10.0, 0, null, 5);
INSERT INTO EXERCISE_ACTIVITY_ENTITY_SETS (EXERCISE_ACTIVITY_ENTITY_ID, SETS_ID) VALUES (5103, 51031);
INSERT INTO EXERCISE_SET_ENTITY (SET_TYPE, ID, NUMBER_OF_REPS, STATUS , WEIGHT , WEIGHT_KG) VALUES ('WeightedSet', 51032, 10.0, 0, null, 5);
INSERT INTO EXERCISE_ACTIVITY_ENTITY_SETS (EXERCISE_ACTIVITY_ENTITY_ID, SETS_ID) VALUES (5103, 51032);
INSERT INTO WORKOUT_ENTITY_EXERCISE_ACTIVITIES (WORKOUT_ENTITY_ID, EXERCISE_ACTIVITIES_ID)  VALUES (51, 5103);
INSERT INTO EXERCISE_ACTIVITY_ENTITY (ID, NOTES, EXERCISE_ID) VALUES (5104, '', SELECT ID FROM EXERCISE_ENTITY WHERE NAME = 'Barbell Curl');
INSERT INTO EXERCISE_SET_ENTITY (SET_TYPE, ID, NUMBER_OF_REPS, STATUS , WEIGHT , WEIGHT_KG) VALUES ('WeightedSet', 51040, 10.0, 0, null, 22.5);
INSERT INTO EXERCISE_ACTIVITY_ENTITY_SETS (EXERCISE_ACTIVITY_ENTITY_ID, SETS_ID) VALUES (5104, 51040);
INSERT INTO EXERCISE_SET_ENTITY (SET_TYPE, ID, NUMBER_OF_REPS, STATUS , WEIGHT , WEIGHT_KG) VALUES ('WeightedSet', 51041, 10.0, 0, null, 22.5);
INSERT INTO EXERCISE_ACTIVITY_ENTITY_SETS (EXERCISE_ACTIVITY_ENTITY_ID, SETS_ID) VALUES (5104, 51041);
INSERT INTO EXERCISE_SET_ENTITY (SET_TYPE, ID, NUMBER_OF_REPS, STATUS , WEIGHT , WEIGHT_KG) VALUES ('WeightedSet', 51042, 10.0, 0, null, 22.5);
INSERT INTO EXERCISE_ACTIVITY_ENTITY_SETS (EXERCISE_ACTIVITY_ENTITY_ID, SETS_ID) VALUES (5104, 51042);
INSERT INTO WORKOUT_ENTITY_EXERCISE_ACTIVITIES (WORKOUT_ENTITY_ID, EXERCISE_ACTIVITIES_ID)  VALUES (51, 5104);
INSERT INTO EXERCISE_ACTIVITY_ENTITY (ID, NOTES, EXERCISE_ID) VALUES (5105, '', SELECT ID FROM EXERCISE_ENTITY WHERE NAME = 'Facepull');
INSERT INTO EXERCISE_SET_ENTITY (SET_TYPE, ID, NUMBER_OF_REPS, STATUS , WEIGHT , WEIGHT_KG) VALUES ('NonWeightedSet', 51050, 20.0, 0, 'yellow band', null);
INSERT INTO EXERCISE_ACTIVITY_ENTITY_SETS (EXERCISE_ACTIVITY_ENTITY_ID, SETS_ID) VALUES (5105, 51050);
INSERT INTO EXERCISE_SET_ENTITY (SET_TYPE, ID, NUMBER_OF_REPS, STATUS , WEIGHT , WEIGHT_KG) VALUES ('NonWeightedSet', 51051, 20.0, 0, 'yellow band', null);
INSERT INTO EXERCISE_ACTIVITY_ENTITY_SETS (EXERCISE_ACTIVITY_ENTITY_ID, SETS_ID) VALUES (5105, 51051);
INSERT INTO WORKOUT_ENTITY_EXERCISE_ACTIVITIES (WORKOUT_ENTITY_ID, EXERCISE_ACTIVITIES_ID)  VALUES (51, 5105);
INSERT INTO WORKOUT_ENTITY (ID, NAME, NOTES, PERFORMED_AT_TIMESTAMP_UTC, WORKOUT_TYPE) VALUES (52, '2019-10-30 15:45:00', 'Notes', '2019-10-30 15:45:00', 'PUSH');
INSERT INTO EXERCISE_ACTIVITY_ENTITY (ID, NOTES, EXERCISE_ID) VALUES (5200, '', SELECT ID FROM EXERCISE_ENTITY WHERE NAME = 'Bench Press');
INSERT INTO EXERCISE_SET_ENTITY (SET_TYPE, ID, NUMBER_OF_REPS, STATUS , WEIGHT , WEIGHT_KG) VALUES ('WeightedSet', 52000, 5.0, 0, null, 20);
INSERT INTO EXERCISE_ACTIVITY_ENTITY_SETS (EXERCISE_ACTIVITY_ENTITY_ID, SETS_ID) VALUES (5200, 52000);
INSERT INTO EXERCISE_SET_ENTITY (SET_TYPE, ID, NUMBER_OF_REPS, STATUS , WEIGHT , WEIGHT_KG) VALUES ('WeightedSet', 52001, 5.0, 0, null, 40);
INSERT INTO EXERCISE_ACTIVITY_ENTITY_SETS (EXERCISE_ACTIVITY_ENTITY_ID, SETS_ID) VALUES (5200, 52001);
INSERT INTO EXERCISE_SET_ENTITY (SET_TYPE, ID, NUMBER_OF_REPS, STATUS , WEIGHT , WEIGHT_KG) VALUES ('WeightedSet', 52002, 3.0, 0, null, 50);
INSERT INTO EXERCISE_ACTIVITY_ENTITY_SETS (EXERCISE_ACTIVITY_ENTITY_ID, SETS_ID) VALUES (5200, 52002);
INSERT INTO EXERCISE_SET_ENTITY (SET_TYPE, ID, NUMBER_OF_REPS, STATUS , WEIGHT , WEIGHT_KG) VALUES ('WeightedSet', 52003, 5.0, 0, null, 60);
INSERT INTO EXERCISE_ACTIVITY_ENTITY_SETS (EXERCISE_ACTIVITY_ENTITY_ID, SETS_ID) VALUES (5200, 52003);
INSERT INTO EXERCISE_SET_ENTITY (SET_TYPE, ID, NUMBER_OF_REPS, STATUS , WEIGHT , WEIGHT_KG) VALUES ('WeightedSet', 52004, 5.0, 0, null, 60);
INSERT INTO EXERCISE_ACTIVITY_ENTITY_SETS (EXERCISE_ACTIVITY_ENTITY_ID, SETS_ID) VALUES (5200, 52004);
INSERT INTO EXERCISE_SET_ENTITY (SET_TYPE, ID, NUMBER_OF_REPS, STATUS , WEIGHT , WEIGHT_KG) VALUES ('WeightedSet', 52005, 5.0, 0, null, 60);
INSERT INTO EXERCISE_ACTIVITY_ENTITY_SETS (EXERCISE_ACTIVITY_ENTITY_ID, SETS_ID) VALUES (5200, 52005);
INSERT INTO EXERCISE_SET_ENTITY (SET_TYPE, ID, NUMBER_OF_REPS, STATUS , WEIGHT , WEIGHT_KG) VALUES ('WeightedSet', 52006, 5.0, 0, null, 60);
INSERT INTO EXERCISE_ACTIVITY_ENTITY_SETS (EXERCISE_ACTIVITY_ENTITY_ID, SETS_ID) VALUES (5200, 52006);
INSERT INTO EXERCISE_SET_ENTITY (SET_TYPE, ID, NUMBER_OF_REPS, STATUS , WEIGHT , WEIGHT_KG) VALUES ('WeightedSet', 52007, 4.0, 1, null, 60);
INSERT INTO EXERCISE_ACTIVITY_ENTITY_SETS (EXERCISE_ACTIVITY_ENTITY_ID, SETS_ID) VALUES (5200, 52007);
INSERT INTO WORKOUT_ENTITY_EXERCISE_ACTIVITIES (WORKOUT_ENTITY_ID, EXERCISE_ACTIVITIES_ID)  VALUES (52, 5200);
INSERT INTO EXERCISE_ACTIVITY_ENTITY (ID, NOTES, EXERCISE_ID) VALUES (5201, '', SELECT ID FROM EXERCISE_ENTITY WHERE NAME = 'Overhead Press');
INSERT INTO EXERCISE_SET_ENTITY (SET_TYPE, ID, NUMBER_OF_REPS, STATUS , WEIGHT , WEIGHT_KG) VALUES ('WeightedSet', 52010, 8.0, 0, null, 20);
INSERT INTO EXERCISE_ACTIVITY_ENTITY_SETS (EXERCISE_ACTIVITY_ENTITY_ID, SETS_ID) VALUES (5201, 52010);
INSERT INTO EXERCISE_SET_ENTITY (SET_TYPE, ID, NUMBER_OF_REPS, STATUS , WEIGHT , WEIGHT_KG) VALUES ('WeightedSet', 52011, 8.0, 0, null, 35);
INSERT INTO EXERCISE_ACTIVITY_ENTITY_SETS (EXERCISE_ACTIVITY_ENTITY_ID, SETS_ID) VALUES (5201, 52011);
INSERT INTO EXERCISE_SET_ENTITY (SET_TYPE, ID, NUMBER_OF_REPS, STATUS , WEIGHT , WEIGHT_KG) VALUES ('WeightedSet', 52012, 8.0, 0, null, 35);
INSERT INTO EXERCISE_ACTIVITY_ENTITY_SETS (EXERCISE_ACTIVITY_ENTITY_ID, SETS_ID) VALUES (5201, 52012);
INSERT INTO EXERCISE_SET_ENTITY (SET_TYPE, ID, NUMBER_OF_REPS, STATUS , WEIGHT , WEIGHT_KG) VALUES ('WeightedSet', 52013, 6.0, 1, null, 35);
INSERT INTO EXERCISE_ACTIVITY_ENTITY_SETS (EXERCISE_ACTIVITY_ENTITY_ID, SETS_ID) VALUES (5201, 52013);
INSERT INTO WORKOUT_ENTITY_EXERCISE_ACTIVITIES (WORKOUT_ENTITY_ID, EXERCISE_ACTIVITIES_ID)  VALUES (52, 5201);
INSERT INTO EXERCISE_ACTIVITY_ENTITY (ID, NOTES, EXERCISE_ID) VALUES (5202, '', SELECT ID FROM EXERCISE_ENTITY WHERE NAME = 'Incline Dumbbell Press');
INSERT INTO EXERCISE_SET_ENTITY (SET_TYPE, ID, NUMBER_OF_REPS, STATUS , WEIGHT , WEIGHT_KG) VALUES ('WeightedSet', 52020, 8.0, 0, null, 10);
INSERT INTO EXERCISE_ACTIVITY_ENTITY_SETS (EXERCISE_ACTIVITY_ENTITY_ID, SETS_ID) VALUES (5202, 52020);
INSERT INTO EXERCISE_SET_ENTITY (SET_TYPE, ID, NUMBER_OF_REPS, STATUS , WEIGHT , WEIGHT_KG) VALUES ('WeightedSet', 52021, 8.0, 0, null, 17.5);
INSERT INTO EXERCISE_ACTIVITY_ENTITY_SETS (EXERCISE_ACTIVITY_ENTITY_ID, SETS_ID) VALUES (5202, 52021);
INSERT INTO EXERCISE_SET_ENTITY (SET_TYPE, ID, NUMBER_OF_REPS, STATUS , WEIGHT , WEIGHT_KG) VALUES ('WeightedSet', 52022, 8.0, 0, null, 17.5);
INSERT INTO EXERCISE_ACTIVITY_ENTITY_SETS (EXERCISE_ACTIVITY_ENTITY_ID, SETS_ID) VALUES (5202, 52022);
INSERT INTO EXERCISE_SET_ENTITY (SET_TYPE, ID, NUMBER_OF_REPS, STATUS , WEIGHT , WEIGHT_KG) VALUES ('WeightedSet', 52023, 8.0, 0, null, 17.5);
INSERT INTO EXERCISE_ACTIVITY_ENTITY_SETS (EXERCISE_ACTIVITY_ENTITY_ID, SETS_ID) VALUES (5202, 52023);
INSERT INTO WORKOUT_ENTITY_EXERCISE_ACTIVITIES (WORKOUT_ENTITY_ID, EXERCISE_ACTIVITIES_ID)  VALUES (52, 5202);
INSERT INTO EXERCISE_ACTIVITY_ENTITY (ID, NOTES, EXERCISE_ID) VALUES (5203, '', SELECT ID FROM EXERCISE_ENTITY WHERE NAME = 'Lateral Raise');
INSERT INTO EXERCISE_SET_ENTITY (SET_TYPE, ID, NUMBER_OF_REPS, STATUS , WEIGHT , WEIGHT_KG) VALUES ('WeightedSet', 52030, 15.0, 0, null, 2.5);
INSERT INTO EXERCISE_ACTIVITY_ENTITY_SETS (EXERCISE_ACTIVITY_ENTITY_ID, SETS_ID) VALUES (5203, 52030);
INSERT INTO EXERCISE_SET_ENTITY (SET_TYPE, ID, NUMBER_OF_REPS, STATUS , WEIGHT , WEIGHT_KG) VALUES ('WeightedSet', 52031, 15.0, 0, null, 5);
INSERT INTO EXERCISE_ACTIVITY_ENTITY_SETS (EXERCISE_ACTIVITY_ENTITY_ID, SETS_ID) VALUES (5203, 52031);
INSERT INTO EXERCISE_SET_ENTITY (SET_TYPE, ID, NUMBER_OF_REPS, STATUS , WEIGHT , WEIGHT_KG) VALUES ('WeightedSet', 52032, 15.0, 0, null, 5);
INSERT INTO EXERCISE_ACTIVITY_ENTITY_SETS (EXERCISE_ACTIVITY_ENTITY_ID, SETS_ID) VALUES (5203, 52032);
INSERT INTO WORKOUT_ENTITY_EXERCISE_ACTIVITIES (WORKOUT_ENTITY_ID, EXERCISE_ACTIVITIES_ID)  VALUES (52, 5203);
INSERT INTO EXERCISE_ACTIVITY_ENTITY (ID, NOTES, EXERCISE_ID) VALUES (5204, '', SELECT ID FROM EXERCISE_ENTITY WHERE NAME = 'Skullcrusher');
INSERT INTO EXERCISE_SET_ENTITY (SET_TYPE, ID, NUMBER_OF_REPS, STATUS , WEIGHT , WEIGHT_KG) VALUES ('WeightedSet', 52040, 10.0, 0, null, 5);
INSERT INTO EXERCISE_ACTIVITY_ENTITY_SETS (EXERCISE_ACTIVITY_ENTITY_ID, SETS_ID) VALUES (5204, 52040);
INSERT INTO EXERCISE_SET_ENTITY (SET_TYPE, ID, NUMBER_OF_REPS, STATUS , WEIGHT , WEIGHT_KG) VALUES ('WeightedSet', 52041, 10.0, 0, null, 7.5);
INSERT INTO EXERCISE_ACTIVITY_ENTITY_SETS (EXERCISE_ACTIVITY_ENTITY_ID, SETS_ID) VALUES (5204, 52041);
INSERT INTO EXERCISE_SET_ENTITY (SET_TYPE, ID, NUMBER_OF_REPS, STATUS , WEIGHT , WEIGHT_KG) VALUES ('WeightedSet', 52042, 10.0, 0, null, 7.5);
INSERT INTO EXERCISE_ACTIVITY_ENTITY_SETS (EXERCISE_ACTIVITY_ENTITY_ID, SETS_ID) VALUES (5204, 52042);
INSERT INTO WORKOUT_ENTITY_EXERCISE_ACTIVITIES (WORKOUT_ENTITY_ID, EXERCISE_ACTIVITIES_ID)  VALUES (52, 5204);
INSERT INTO WORKOUT_ENTITY (ID, NAME, NOTES, PERFORMED_AT_TIMESTAMP_UTC, WORKOUT_TYPE) VALUES (53, '2019-10-31 15:30:00', 'Notes', '2019-10-31 15:30:00', 'LEGS');
INSERT INTO EXERCISE_ACTIVITY_ENTITY (ID, NOTES, EXERCISE_ID) VALUES (5300, '', SELECT ID FROM EXERCISE_ENTITY WHERE NAME = 'Squat');
INSERT INTO EXERCISE_SET_ENTITY (SET_TYPE, ID, NUMBER_OF_REPS, STATUS , WEIGHT , WEIGHT_KG) VALUES ('NonWeightedSet', 53000, 8.0, 0, 'body', null);
INSERT INTO EXERCISE_ACTIVITY_ENTITY_SETS (EXERCISE_ACTIVITY_ENTITY_ID, SETS_ID) VALUES (5300, 53000);
INSERT INTO EXERCISE_SET_ENTITY (SET_TYPE, ID, NUMBER_OF_REPS, STATUS , WEIGHT , WEIGHT_KG) VALUES ('WeightedSet', 53001, 5.0, 0, null, 20);
INSERT INTO EXERCISE_ACTIVITY_ENTITY_SETS (EXERCISE_ACTIVITY_ENTITY_ID, SETS_ID) VALUES (5300, 53001);
INSERT INTO EXERCISE_SET_ENTITY (SET_TYPE, ID, NUMBER_OF_REPS, STATUS , WEIGHT , WEIGHT_KG) VALUES ('WeightedSet', 53002, 4.0, 0, null, 40);
INSERT INTO EXERCISE_ACTIVITY_ENTITY_SETS (EXERCISE_ACTIVITY_ENTITY_ID, SETS_ID) VALUES (5300, 53002);
INSERT INTO EXERCISE_SET_ENTITY (SET_TYPE, ID, NUMBER_OF_REPS, STATUS , WEIGHT , WEIGHT_KG) VALUES ('WeightedSet', 53003, 3.0, 0, null, 60);
INSERT INTO EXERCISE_ACTIVITY_ENTITY_SETS (EXERCISE_ACTIVITY_ENTITY_ID, SETS_ID) VALUES (5300, 53003);
INSERT INTO EXERCISE_SET_ENTITY (SET_TYPE, ID, NUMBER_OF_REPS, STATUS , WEIGHT , WEIGHT_KG) VALUES ('WeightedSet', 53004, 2.0, 0, null, 70);
INSERT INTO EXERCISE_ACTIVITY_ENTITY_SETS (EXERCISE_ACTIVITY_ENTITY_ID, SETS_ID) VALUES (5300, 53004);
INSERT INTO EXERCISE_SET_ENTITY (SET_TYPE, ID, NUMBER_OF_REPS, STATUS , WEIGHT , WEIGHT_KG) VALUES ('WeightedSet', 53005, 5.0, 0, null, 85);
INSERT INTO EXERCISE_ACTIVITY_ENTITY_SETS (EXERCISE_ACTIVITY_ENTITY_ID, SETS_ID) VALUES (5300, 53005);
INSERT INTO EXERCISE_SET_ENTITY (SET_TYPE, ID, NUMBER_OF_REPS, STATUS , WEIGHT , WEIGHT_KG) VALUES ('WeightedSet', 53006, 5.0, 0, null, 85);
INSERT INTO EXERCISE_ACTIVITY_ENTITY_SETS (EXERCISE_ACTIVITY_ENTITY_ID, SETS_ID) VALUES (5300, 53006);
INSERT INTO EXERCISE_SET_ENTITY (SET_TYPE, ID, NUMBER_OF_REPS, STATUS , WEIGHT , WEIGHT_KG) VALUES ('WeightedSet', 53007, 5.0, 0, null, 85);
INSERT INTO EXERCISE_ACTIVITY_ENTITY_SETS (EXERCISE_ACTIVITY_ENTITY_ID, SETS_ID) VALUES (5300, 53007);
INSERT INTO WORKOUT_ENTITY_EXERCISE_ACTIVITIES (WORKOUT_ENTITY_ID, EXERCISE_ACTIVITIES_ID)  VALUES (53, 5300);
INSERT INTO EXERCISE_ACTIVITY_ENTITY (ID, NOTES, EXERCISE_ID) VALUES (5301, '', SELECT ID FROM EXERCISE_ENTITY WHERE NAME = 'Romanian Deadlift');
INSERT INTO EXERCISE_SET_ENTITY (SET_TYPE, ID, NUMBER_OF_REPS, STATUS , WEIGHT , WEIGHT_KG) VALUES ('WeightedSet', 53010, 8.0, 0, null, 20);
INSERT INTO EXERCISE_ACTIVITY_ENTITY_SETS (EXERCISE_ACTIVITY_ENTITY_ID, SETS_ID) VALUES (5301, 53010);
INSERT INTO EXERCISE_SET_ENTITY (SET_TYPE, ID, NUMBER_OF_REPS, STATUS , WEIGHT , WEIGHT_KG) VALUES ('WeightedSet', 53011, 3.0, 0, null, 40);
INSERT INTO EXERCISE_ACTIVITY_ENTITY_SETS (EXERCISE_ACTIVITY_ENTITY_ID, SETS_ID) VALUES (5301, 53011);
INSERT INTO EXERCISE_SET_ENTITY (SET_TYPE, ID, NUMBER_OF_REPS, STATUS , WEIGHT , WEIGHT_KG) VALUES ('WeightedSet', 53012, 8.0, 0, null, 50);
INSERT INTO EXERCISE_ACTIVITY_ENTITY_SETS (EXERCISE_ACTIVITY_ENTITY_ID, SETS_ID) VALUES (5301, 53012);
INSERT INTO EXERCISE_SET_ENTITY (SET_TYPE, ID, NUMBER_OF_REPS, STATUS , WEIGHT , WEIGHT_KG) VALUES ('WeightedSet', 53013, 8.0, 0, null, 50);
INSERT INTO EXERCISE_ACTIVITY_ENTITY_SETS (EXERCISE_ACTIVITY_ENTITY_ID, SETS_ID) VALUES (5301, 53013);
INSERT INTO EXERCISE_SET_ENTITY (SET_TYPE, ID, NUMBER_OF_REPS, STATUS , WEIGHT , WEIGHT_KG) VALUES ('WeightedSet', 53014, 8.0, 0, null, 50);
INSERT INTO EXERCISE_ACTIVITY_ENTITY_SETS (EXERCISE_ACTIVITY_ENTITY_ID, SETS_ID) VALUES (5301, 53014);
INSERT INTO WORKOUT_ENTITY_EXERCISE_ACTIVITIES (WORKOUT_ENTITY_ID, EXERCISE_ACTIVITIES_ID)  VALUES (53, 5301);
INSERT INTO EXERCISE_ACTIVITY_ENTITY (ID, NOTES, EXERCISE_ID) VALUES (5302, '', SELECT ID FROM EXERCISE_ENTITY WHERE NAME = 'Lying Leg Raise');
INSERT INTO EXERCISE_SET_ENTITY (SET_TYPE, ID, NUMBER_OF_REPS, STATUS , WEIGHT , WEIGHT_KG) VALUES ('NonWeightedSet', 53020, 10.0, 0, 'body', null);
INSERT INTO EXERCISE_ACTIVITY_ENTITY_SETS (EXERCISE_ACTIVITY_ENTITY_ID, SETS_ID) VALUES (5302, 53020);
INSERT INTO EXERCISE_SET_ENTITY (SET_TYPE, ID, NUMBER_OF_REPS, STATUS , WEIGHT , WEIGHT_KG) VALUES ('NonWeightedSet', 53021, 10.0, 0, 'body', null);
INSERT INTO EXERCISE_ACTIVITY_ENTITY_SETS (EXERCISE_ACTIVITY_ENTITY_ID, SETS_ID) VALUES (5302, 53021);
INSERT INTO EXERCISE_SET_ENTITY (SET_TYPE, ID, NUMBER_OF_REPS, STATUS , WEIGHT , WEIGHT_KG) VALUES ('NonWeightedSet', 53022, 10.0, 0, 'body', null);
INSERT INTO EXERCISE_ACTIVITY_ENTITY_SETS (EXERCISE_ACTIVITY_ENTITY_ID, SETS_ID) VALUES (5302, 53022);
INSERT INTO WORKOUT_ENTITY_EXERCISE_ACTIVITIES (WORKOUT_ENTITY_ID, EXERCISE_ACTIVITIES_ID)  VALUES (53, 5302);
INSERT INTO EXERCISE_ACTIVITY_ENTITY (ID, NOTES, EXERCISE_ID) VALUES (5303, '', SELECT ID FROM EXERCISE_ENTITY WHERE NAME = 'Lunge');
INSERT INTO EXERCISE_SET_ENTITY (SET_TYPE, ID, NUMBER_OF_REPS, STATUS , WEIGHT , WEIGHT_KG) VALUES ('NonWeightedSet', 53030, 10.0, 0, 'body', null);
INSERT INTO EXERCISE_ACTIVITY_ENTITY_SETS (EXERCISE_ACTIVITY_ENTITY_ID, SETS_ID) VALUES (5303, 53030);
INSERT INTO EXERCISE_SET_ENTITY (SET_TYPE, ID, NUMBER_OF_REPS, STATUS , WEIGHT , WEIGHT_KG) VALUES ('WeightedSet', 53031, 10.0, 0, null, 7.5);
INSERT INTO EXERCISE_ACTIVITY_ENTITY_SETS (EXERCISE_ACTIVITY_ENTITY_ID, SETS_ID) VALUES (5303, 53031);
INSERT INTO EXERCISE_SET_ENTITY (SET_TYPE, ID, NUMBER_OF_REPS, STATUS , WEIGHT , WEIGHT_KG) VALUES ('WeightedSet', 53032, 10.0, 0, null, 7.5);
INSERT INTO EXERCISE_ACTIVITY_ENTITY_SETS (EXERCISE_ACTIVITY_ENTITY_ID, SETS_ID) VALUES (5303, 53032);
INSERT INTO WORKOUT_ENTITY_EXERCISE_ACTIVITIES (WORKOUT_ENTITY_ID, EXERCISE_ACTIVITIES_ID)  VALUES (53, 5303);
INSERT INTO EXERCISE_ACTIVITY_ENTITY (ID, NOTES, EXERCISE_ID) VALUES (5304, '', SELECT ID FROM EXERCISE_ENTITY WHERE NAME = 'Glute Raise');
INSERT INTO EXERCISE_SET_ENTITY (SET_TYPE, ID, NUMBER_OF_REPS, STATUS , WEIGHT , WEIGHT_KG) VALUES ('NonWeightedSet', 53040, 20.0, 0, 'body', null);
INSERT INTO EXERCISE_ACTIVITY_ENTITY_SETS (EXERCISE_ACTIVITY_ENTITY_ID, SETS_ID) VALUES (5304, 53040);
INSERT INTO EXERCISE_SET_ENTITY (SET_TYPE, ID, NUMBER_OF_REPS, STATUS , WEIGHT , WEIGHT_KG) VALUES ('WeightedSet', 53041, 10.0, 0, null, 20);
INSERT INTO EXERCISE_ACTIVITY_ENTITY_SETS (EXERCISE_ACTIVITY_ENTITY_ID, SETS_ID) VALUES (5304, 53041);
INSERT INTO EXERCISE_SET_ENTITY (SET_TYPE, ID, NUMBER_OF_REPS, STATUS , WEIGHT , WEIGHT_KG) VALUES ('WeightedSet', 53042, 20.0, 0, null, 20);
INSERT INTO EXERCISE_ACTIVITY_ENTITY_SETS (EXERCISE_ACTIVITY_ENTITY_ID, SETS_ID) VALUES (5304, 53042);
INSERT INTO WORKOUT_ENTITY_EXERCISE_ACTIVITIES (WORKOUT_ENTITY_ID, EXERCISE_ACTIVITIES_ID)  VALUES (53, 5304);
INSERT INTO EXERCISE_ACTIVITY_ENTITY (ID, NOTES, EXERCISE_ID) VALUES (5305, '', SELECT ID FROM EXERCISE_ENTITY WHERE NAME = 'Bulgarian Split Squat');
INSERT INTO EXERCISE_SET_ENTITY (SET_TYPE, ID, NUMBER_OF_REPS, STATUS , WEIGHT , WEIGHT_KG) VALUES ('NonWeightedSet', 53050, 10.0, 0, 'body', null);
INSERT INTO EXERCISE_ACTIVITY_ENTITY_SETS (EXERCISE_ACTIVITY_ENTITY_ID, SETS_ID) VALUES (5305, 53050);
INSERT INTO WORKOUT_ENTITY_EXERCISE_ACTIVITIES (WORKOUT_ENTITY_ID, EXERCISE_ACTIVITIES_ID)  VALUES (53, 5305);
INSERT INTO EXERCISE_ACTIVITY_ENTITY (ID, NOTES, EXERCISE_ID) VALUES (5306, '', SELECT ID FROM EXERCISE_ENTITY WHERE NAME = 'Seated Calf Raise');
INSERT INTO EXERCISE_SET_ENTITY (SET_TYPE, ID, NUMBER_OF_REPS, STATUS , WEIGHT , WEIGHT_KG) VALUES ('WeightedSet', 53060, 20.0, 0, null, 20);
INSERT INTO EXERCISE_ACTIVITY_ENTITY_SETS (EXERCISE_ACTIVITY_ENTITY_ID, SETS_ID) VALUES (5306, 53060);
INSERT INTO EXERCISE_SET_ENTITY (SET_TYPE, ID, NUMBER_OF_REPS, STATUS , WEIGHT , WEIGHT_KG) VALUES ('WeightedSet', 53061, 10.0, 0, null, 20);
INSERT INTO EXERCISE_ACTIVITY_ENTITY_SETS (EXERCISE_ACTIVITY_ENTITY_ID, SETS_ID) VALUES (5306, 53061);
INSERT INTO WORKOUT_ENTITY_EXERCISE_ACTIVITIES (WORKOUT_ENTITY_ID, EXERCISE_ACTIVITIES_ID)  VALUES (53, 5306);
INSERT INTO EXERCISE_ACTIVITY_ENTITY (ID, NOTES, EXERCISE_ID) VALUES (5307, '', SELECT ID FROM EXERCISE_ENTITY WHERE NAME = 'Standing Calf Raise');
INSERT INTO EXERCISE_SET_ENTITY (SET_TYPE, ID, NUMBER_OF_REPS, STATUS , WEIGHT , WEIGHT_KG) VALUES ('WeightedSet', 53070, 10.0, 0, null, 125);
INSERT INTO EXERCISE_ACTIVITY_ENTITY_SETS (EXERCISE_ACTIVITY_ENTITY_ID, SETS_ID) VALUES (5307, 53070);
INSERT INTO EXERCISE_SET_ENTITY (SET_TYPE, ID, NUMBER_OF_REPS, STATUS , WEIGHT , WEIGHT_KG) VALUES ('WeightedSet', 53071, 10.0, 0, null, 125);
INSERT INTO EXERCISE_ACTIVITY_ENTITY_SETS (EXERCISE_ACTIVITY_ENTITY_ID, SETS_ID) VALUES (5307, 53071);
INSERT INTO WORKOUT_ENTITY_EXERCISE_ACTIVITIES (WORKOUT_ENTITY_ID, EXERCISE_ACTIVITIES_ID)  VALUES (53, 5307);
INSERT INTO WORKOUT_ENTITY (ID, NAME, NOTES, PERFORMED_AT_TIMESTAMP_UTC, WORKOUT_TYPE) VALUES (54, '2019-11-01 15:55:00', 'Notes', '2019-11-01 15:55:00', 'PULL');
INSERT INTO EXERCISE_ACTIVITY_ENTITY (ID, NOTES, EXERCISE_ID) VALUES (5400, '', SELECT ID FROM EXERCISE_ENTITY WHERE NAME = 'Bent Over Row');
INSERT INTO EXERCISE_SET_ENTITY (SET_TYPE, ID, NUMBER_OF_REPS, STATUS , WEIGHT , WEIGHT_KG) VALUES ('WeightedSet', 54000, 10.0, 0, null, 20);
INSERT INTO EXERCISE_ACTIVITY_ENTITY_SETS (EXERCISE_ACTIVITY_ENTITY_ID, SETS_ID) VALUES (5400, 54000);
INSERT INTO EXERCISE_SET_ENTITY (SET_TYPE, ID, NUMBER_OF_REPS, STATUS , WEIGHT , WEIGHT_KG) VALUES ('WeightedSet', 54001, 10.0, 0, null, 37.5);
INSERT INTO EXERCISE_ACTIVITY_ENTITY_SETS (EXERCISE_ACTIVITY_ENTITY_ID, SETS_ID) VALUES (5400, 54001);
INSERT INTO EXERCISE_SET_ENTITY (SET_TYPE, ID, NUMBER_OF_REPS, STATUS , WEIGHT , WEIGHT_KG) VALUES ('WeightedSet', 54002, 10.0, 0, null, 37.5);
INSERT INTO EXERCISE_ACTIVITY_ENTITY_SETS (EXERCISE_ACTIVITY_ENTITY_ID, SETS_ID) VALUES (5400, 54002);
INSERT INTO EXERCISE_SET_ENTITY (SET_TYPE, ID, NUMBER_OF_REPS, STATUS , WEIGHT , WEIGHT_KG) VALUES ('WeightedSet', 54003, 10.0, 0, null, 37.5);
INSERT INTO EXERCISE_ACTIVITY_ENTITY_SETS (EXERCISE_ACTIVITY_ENTITY_ID, SETS_ID) VALUES (5400, 54003);
INSERT INTO EXERCISE_SET_ENTITY (SET_TYPE, ID, NUMBER_OF_REPS, STATUS , WEIGHT , WEIGHT_KG) VALUES ('WeightedSet', 54004, 10.0, 0, null, 37.5);
INSERT INTO EXERCISE_ACTIVITY_ENTITY_SETS (EXERCISE_ACTIVITY_ENTITY_ID, SETS_ID) VALUES (5400, 54004);
INSERT INTO WORKOUT_ENTITY_EXERCISE_ACTIVITIES (WORKOUT_ENTITY_ID, EXERCISE_ACTIVITIES_ID)  VALUES (54, 5400);
INSERT INTO EXERCISE_ACTIVITY_ENTITY (ID, NOTES, EXERCISE_ID) VALUES (5401, '', SELECT ID FROM EXERCISE_ENTITY WHERE NAME = 'Chin Up');
INSERT INTO EXERCISE_SET_ENTITY (SET_TYPE, ID, NUMBER_OF_REPS, STATUS , WEIGHT , WEIGHT_KG) VALUES ('NonWeightedSet', 54010, 6.0, 0, 'body', null);
INSERT INTO EXERCISE_ACTIVITY_ENTITY_SETS (EXERCISE_ACTIVITY_ENTITY_ID, SETS_ID) VALUES (5401, 54010);
INSERT INTO EXERCISE_SET_ENTITY (SET_TYPE, ID, NUMBER_OF_REPS, STATUS , WEIGHT , WEIGHT_KG) VALUES ('NonWeightedSet', 54011, 6.0, 0, 'body', null);
INSERT INTO EXERCISE_ACTIVITY_ENTITY_SETS (EXERCISE_ACTIVITY_ENTITY_ID, SETS_ID) VALUES (5401, 54011);
INSERT INTO EXERCISE_SET_ENTITY (SET_TYPE, ID, NUMBER_OF_REPS, STATUS , WEIGHT , WEIGHT_KG) VALUES ('NonWeightedSet', 54012, 6.0, 0, 'body', null);
INSERT INTO EXERCISE_ACTIVITY_ENTITY_SETS (EXERCISE_ACTIVITY_ENTITY_ID, SETS_ID) VALUES (5401, 54012);
INSERT INTO WORKOUT_ENTITY_EXERCISE_ACTIVITIES (WORKOUT_ENTITY_ID, EXERCISE_ACTIVITIES_ID)  VALUES (54, 5401);
INSERT INTO EXERCISE_ACTIVITY_ENTITY (ID, NOTES, EXERCISE_ID) VALUES (5402, '', SELECT ID FROM EXERCISE_ENTITY WHERE NAME = 'Inverted Row');
INSERT INTO EXERCISE_SET_ENTITY (SET_TYPE, ID, NUMBER_OF_REPS, STATUS , WEIGHT , WEIGHT_KG) VALUES ('NonWeightedSet', 54020, 10.0, 0, 'body', null);
INSERT INTO EXERCISE_ACTIVITY_ENTITY_SETS (EXERCISE_ACTIVITY_ENTITY_ID, SETS_ID) VALUES (5402, 54020);
INSERT INTO EXERCISE_SET_ENTITY (SET_TYPE, ID, NUMBER_OF_REPS, STATUS , WEIGHT , WEIGHT_KG) VALUES ('NonWeightedSet', 54021, 10.0, 0, 'body', null);
INSERT INTO EXERCISE_ACTIVITY_ENTITY_SETS (EXERCISE_ACTIVITY_ENTITY_ID, SETS_ID) VALUES (5402, 54021);
INSERT INTO EXERCISE_SET_ENTITY (SET_TYPE, ID, NUMBER_OF_REPS, STATUS , WEIGHT , WEIGHT_KG) VALUES ('NonWeightedSet', 54022, 8.0, 0, 'body', null);
INSERT INTO EXERCISE_ACTIVITY_ENTITY_SETS (EXERCISE_ACTIVITY_ENTITY_ID, SETS_ID) VALUES (5402, 54022);
INSERT INTO EXERCISE_SET_ENTITY (SET_TYPE, ID, NUMBER_OF_REPS, STATUS , WEIGHT , WEIGHT_KG) VALUES ('NonWeightedSet', 54023, 10.0, 0, 'body', null);
INSERT INTO EXERCISE_ACTIVITY_ENTITY_SETS (EXERCISE_ACTIVITY_ENTITY_ID, SETS_ID) VALUES (5402, 54023);
INSERT INTO WORKOUT_ENTITY_EXERCISE_ACTIVITIES (WORKOUT_ENTITY_ID, EXERCISE_ACTIVITIES_ID)  VALUES (54, 5402);
INSERT INTO EXERCISE_ACTIVITY_ENTITY (ID, NOTES, EXERCISE_ID) VALUES (5403, '', SELECT ID FROM EXERCISE_ENTITY WHERE NAME = 'Batwing Row');
INSERT INTO EXERCISE_SET_ENTITY (SET_TYPE, ID, NUMBER_OF_REPS, STATUS , WEIGHT , WEIGHT_KG) VALUES ('WeightedSet', 54030, 10.0, 0, null, 5);
INSERT INTO EXERCISE_ACTIVITY_ENTITY_SETS (EXERCISE_ACTIVITY_ENTITY_ID, SETS_ID) VALUES (5403, 54030);
INSERT INTO EXERCISE_SET_ENTITY (SET_TYPE, ID, NUMBER_OF_REPS, STATUS , WEIGHT , WEIGHT_KG) VALUES ('WeightedSet', 54031, 10.0, 0, null, 5);
INSERT INTO EXERCISE_ACTIVITY_ENTITY_SETS (EXERCISE_ACTIVITY_ENTITY_ID, SETS_ID) VALUES (5403, 54031);
INSERT INTO EXERCISE_SET_ENTITY (SET_TYPE, ID, NUMBER_OF_REPS, STATUS , WEIGHT , WEIGHT_KG) VALUES ('WeightedSet', 54032, 10.0, 0, null, 5);
INSERT INTO EXERCISE_ACTIVITY_ENTITY_SETS (EXERCISE_ACTIVITY_ENTITY_ID, SETS_ID) VALUES (5403, 54032);
INSERT INTO WORKOUT_ENTITY_EXERCISE_ACTIVITIES (WORKOUT_ENTITY_ID, EXERCISE_ACTIVITIES_ID)  VALUES (54, 5403);
INSERT INTO EXERCISE_ACTIVITY_ENTITY (ID, NOTES, EXERCISE_ID) VALUES (5404, '', SELECT ID FROM EXERCISE_ENTITY WHERE NAME = 'Rear Delt Fly');
INSERT INTO EXERCISE_SET_ENTITY (SET_TYPE, ID, NUMBER_OF_REPS, STATUS , WEIGHT , WEIGHT_KG) VALUES ('WeightedSet', 54040, 10.0, 0, null, 1.25);
INSERT INTO EXERCISE_ACTIVITY_ENTITY_SETS (EXERCISE_ACTIVITY_ENTITY_ID, SETS_ID) VALUES (5404, 54040);
INSERT INTO EXERCISE_SET_ENTITY (SET_TYPE, ID, NUMBER_OF_REPS, STATUS , WEIGHT , WEIGHT_KG) VALUES ('WeightedSet', 54041, 15.0, 0, null, 1.25);
INSERT INTO EXERCISE_ACTIVITY_ENTITY_SETS (EXERCISE_ACTIVITY_ENTITY_ID, SETS_ID) VALUES (5404, 54041);
INSERT INTO EXERCISE_SET_ENTITY (SET_TYPE, ID, NUMBER_OF_REPS, STATUS , WEIGHT , WEIGHT_KG) VALUES ('WeightedSet', 54042, 15.0, 0, null, 1.25);
INSERT INTO EXERCISE_ACTIVITY_ENTITY_SETS (EXERCISE_ACTIVITY_ENTITY_ID, SETS_ID) VALUES (5404, 54042);
INSERT INTO WORKOUT_ENTITY_EXERCISE_ACTIVITIES (WORKOUT_ENTITY_ID, EXERCISE_ACTIVITIES_ID)  VALUES (54, 5404);
INSERT INTO EXERCISE_ACTIVITY_ENTITY (ID, NOTES, EXERCISE_ID) VALUES (5405, '', SELECT ID FROM EXERCISE_ENTITY WHERE NAME = 'Barbell Curl');
INSERT INTO EXERCISE_SET_ENTITY (SET_TYPE, ID, NUMBER_OF_REPS, STATUS , WEIGHT , WEIGHT_KG) VALUES ('WeightedSet', 54050, 10.0, 0, null, 20);
INSERT INTO EXERCISE_ACTIVITY_ENTITY_SETS (EXERCISE_ACTIVITY_ENTITY_ID, SETS_ID) VALUES (5405, 54050);
INSERT INTO EXERCISE_SET_ENTITY (SET_TYPE, ID, NUMBER_OF_REPS, STATUS , WEIGHT , WEIGHT_KG) VALUES ('WeightedSet', 54051, 10.0, 0, null, 20);
INSERT INTO EXERCISE_ACTIVITY_ENTITY_SETS (EXERCISE_ACTIVITY_ENTITY_ID, SETS_ID) VALUES (5405, 54051);
INSERT INTO EXERCISE_SET_ENTITY (SET_TYPE, ID, NUMBER_OF_REPS, STATUS , WEIGHT , WEIGHT_KG) VALUES ('WeightedSet', 54052, 10.0, 0, null, 20);
INSERT INTO EXERCISE_ACTIVITY_ENTITY_SETS (EXERCISE_ACTIVITY_ENTITY_ID, SETS_ID) VALUES (5405, 54052);
INSERT INTO EXERCISE_SET_ENTITY (SET_TYPE, ID, NUMBER_OF_REPS, STATUS , WEIGHT , WEIGHT_KG) VALUES ('WeightedSet', 54053, 10.0, 0, null, 20);
INSERT INTO EXERCISE_ACTIVITY_ENTITY_SETS (EXERCISE_ACTIVITY_ENTITY_ID, SETS_ID) VALUES (5405, 54053);
INSERT INTO WORKOUT_ENTITY_EXERCISE_ACTIVITIES (WORKOUT_ENTITY_ID, EXERCISE_ACTIVITIES_ID)  VALUES (54, 5405);
INSERT INTO WORKOUT_ENTITY (ID, NAME, NOTES, PERFORMED_AT_TIMESTAMP_UTC, WORKOUT_TYPE) VALUES (55, '2019-11-04 15:35:00', 'Notes', '2019-11-04 15:35:00', 'PUSH');
INSERT INTO EXERCISE_ACTIVITY_ENTITY (ID, NOTES, EXERCISE_ID) VALUES (5500, '', SELECT ID FROM EXERCISE_ENTITY WHERE NAME = 'Bench Press');
INSERT INTO EXERCISE_SET_ENTITY (SET_TYPE, ID, NUMBER_OF_REPS, STATUS , WEIGHT , WEIGHT_KG) VALUES ('WeightedSet', 55000, 8.0, 0, null, 20);
INSERT INTO EXERCISE_ACTIVITY_ENTITY_SETS (EXERCISE_ACTIVITY_ENTITY_ID, SETS_ID) VALUES (5500, 55000);
INSERT INTO EXERCISE_SET_ENTITY (SET_TYPE, ID, NUMBER_OF_REPS, STATUS , WEIGHT , WEIGHT_KG) VALUES ('WeightedSet', 55001, 8.0, 0, null, 40);
INSERT INTO EXERCISE_ACTIVITY_ENTITY_SETS (EXERCISE_ACTIVITY_ENTITY_ID, SETS_ID) VALUES (5500, 55001);
INSERT INTO EXERCISE_SET_ENTITY (SET_TYPE, ID, NUMBER_OF_REPS, STATUS , WEIGHT , WEIGHT_KG) VALUES ('WeightedSet', 55002, 8.0, 0, null, 52.5);
INSERT INTO EXERCISE_ACTIVITY_ENTITY_SETS (EXERCISE_ACTIVITY_ENTITY_ID, SETS_ID) VALUES (5500, 55002);
INSERT INTO EXERCISE_SET_ENTITY (SET_TYPE, ID, NUMBER_OF_REPS, STATUS , WEIGHT , WEIGHT_KG) VALUES ('WeightedSet', 55003, 8.0, 0, null, 52.5);
INSERT INTO EXERCISE_ACTIVITY_ENTITY_SETS (EXERCISE_ACTIVITY_ENTITY_ID, SETS_ID) VALUES (5500, 55003);
INSERT INTO EXERCISE_SET_ENTITY (SET_TYPE, ID, NUMBER_OF_REPS, STATUS , WEIGHT , WEIGHT_KG) VALUES ('WeightedSet', 55004, 7.0, 1, null, 52.5);
INSERT INTO EXERCISE_ACTIVITY_ENTITY_SETS (EXERCISE_ACTIVITY_ENTITY_ID, SETS_ID) VALUES (5500, 55004);
INSERT INTO WORKOUT_ENTITY_EXERCISE_ACTIVITIES (WORKOUT_ENTITY_ID, EXERCISE_ACTIVITIES_ID)  VALUES (55, 5500);
INSERT INTO EXERCISE_ACTIVITY_ENTITY (ID, NOTES, EXERCISE_ID) VALUES (5501, '', SELECT ID FROM EXERCISE_ENTITY WHERE NAME = 'Overhead Press');
INSERT INTO EXERCISE_SET_ENTITY (SET_TYPE, ID, NUMBER_OF_REPS, STATUS , WEIGHT , WEIGHT_KG) VALUES ('WeightedSet', 55010, 7.0, 0, null, 20);
INSERT INTO EXERCISE_ACTIVITY_ENTITY_SETS (EXERCISE_ACTIVITY_ENTITY_ID, SETS_ID) VALUES (5501, 55010);
INSERT INTO EXERCISE_SET_ENTITY (SET_TYPE, ID, NUMBER_OF_REPS, STATUS , WEIGHT , WEIGHT_KG) VALUES ('WeightedSet', 55011, 5.0, 0, null, 37.5);
INSERT INTO EXERCISE_ACTIVITY_ENTITY_SETS (EXERCISE_ACTIVITY_ENTITY_ID, SETS_ID) VALUES (5501, 55011);
INSERT INTO EXERCISE_SET_ENTITY (SET_TYPE, ID, NUMBER_OF_REPS, STATUS , WEIGHT , WEIGHT_KG) VALUES ('WeightedSet', 55012, 5.0, 0, null, 37.5);
INSERT INTO EXERCISE_ACTIVITY_ENTITY_SETS (EXERCISE_ACTIVITY_ENTITY_ID, SETS_ID) VALUES (5501, 55012);
INSERT INTO EXERCISE_SET_ENTITY (SET_TYPE, ID, NUMBER_OF_REPS, STATUS , WEIGHT , WEIGHT_KG) VALUES ('WeightedSet', 55013, 5.0, 0, null, 37.5);
INSERT INTO EXERCISE_ACTIVITY_ENTITY_SETS (EXERCISE_ACTIVITY_ENTITY_ID, SETS_ID) VALUES (5501, 55013);
INSERT INTO EXERCISE_SET_ENTITY (SET_TYPE, ID, NUMBER_OF_REPS, STATUS , WEIGHT , WEIGHT_KG) VALUES ('WeightedSet', 55014, 5.0, 0, null, 37.5);
INSERT INTO EXERCISE_ACTIVITY_ENTITY_SETS (EXERCISE_ACTIVITY_ENTITY_ID, SETS_ID) VALUES (5501, 55014);
INSERT INTO EXERCISE_SET_ENTITY (SET_TYPE, ID, NUMBER_OF_REPS, STATUS , WEIGHT , WEIGHT_KG) VALUES ('WeightedSet', 55015, 7.0, 0, null, 37.5);
INSERT INTO EXERCISE_ACTIVITY_ENTITY_SETS (EXERCISE_ACTIVITY_ENTITY_ID, SETS_ID) VALUES (5501, 55015);
INSERT INTO WORKOUT_ENTITY_EXERCISE_ACTIVITIES (WORKOUT_ENTITY_ID, EXERCISE_ACTIVITIES_ID)  VALUES (55, 5501);
INSERT INTO EXERCISE_ACTIVITY_ENTITY (ID, NOTES, EXERCISE_ID) VALUES (5502, '', SELECT ID FROM EXERCISE_ENTITY WHERE NAME = 'Incline Dumbbell Press');
INSERT INTO EXERCISE_SET_ENTITY (SET_TYPE, ID, NUMBER_OF_REPS, STATUS , WEIGHT , WEIGHT_KG) VALUES ('WeightedSet', 55020, 8.0, 0, null, 10);
INSERT INTO EXERCISE_ACTIVITY_ENTITY_SETS (EXERCISE_ACTIVITY_ENTITY_ID, SETS_ID) VALUES (5502, 55020);
INSERT INTO EXERCISE_SET_ENTITY (SET_TYPE, ID, NUMBER_OF_REPS, STATUS , WEIGHT , WEIGHT_KG) VALUES ('WeightedSet', 55021, 8.0, 0, null, 17.5);
INSERT INTO EXERCISE_ACTIVITY_ENTITY_SETS (EXERCISE_ACTIVITY_ENTITY_ID, SETS_ID) VALUES (5502, 55021);
INSERT INTO EXERCISE_SET_ENTITY (SET_TYPE, ID, NUMBER_OF_REPS, STATUS , WEIGHT , WEIGHT_KG) VALUES ('WeightedSet', 55022, 8.0, 0, null, 17.5);
INSERT INTO EXERCISE_ACTIVITY_ENTITY_SETS (EXERCISE_ACTIVITY_ENTITY_ID, SETS_ID) VALUES (5502, 55022);
INSERT INTO EXERCISE_SET_ENTITY (SET_TYPE, ID, NUMBER_OF_REPS, STATUS , WEIGHT , WEIGHT_KG) VALUES ('WeightedSet', 55023, 7.0, 1, null, 17.5);
INSERT INTO EXERCISE_ACTIVITY_ENTITY_SETS (EXERCISE_ACTIVITY_ENTITY_ID, SETS_ID) VALUES (5502, 55023);
INSERT INTO WORKOUT_ENTITY_EXERCISE_ACTIVITIES (WORKOUT_ENTITY_ID, EXERCISE_ACTIVITIES_ID)  VALUES (55, 5502);
INSERT INTO EXERCISE_ACTIVITY_ENTITY (ID, NOTES, EXERCISE_ID) VALUES (5503, '', SELECT ID FROM EXERCISE_ENTITY WHERE NAME = 'Lateral Raise');
INSERT INTO EXERCISE_SET_ENTITY (SET_TYPE, ID, NUMBER_OF_REPS, STATUS , WEIGHT , WEIGHT_KG) VALUES ('WeightedSet', 55030, 15.0, 0, null, 2.5);
INSERT INTO EXERCISE_ACTIVITY_ENTITY_SETS (EXERCISE_ACTIVITY_ENTITY_ID, SETS_ID) VALUES (5503, 55030);
INSERT INTO EXERCISE_SET_ENTITY (SET_TYPE, ID, NUMBER_OF_REPS, STATUS , WEIGHT , WEIGHT_KG) VALUES ('WeightedSet', 55031, 15.0, 0, null, 5);
INSERT INTO EXERCISE_ACTIVITY_ENTITY_SETS (EXERCISE_ACTIVITY_ENTITY_ID, SETS_ID) VALUES (5503, 55031);
INSERT INTO EXERCISE_SET_ENTITY (SET_TYPE, ID, NUMBER_OF_REPS, STATUS , WEIGHT , WEIGHT_KG) VALUES ('WeightedSet', 55032, 15.0, 0, null, 5);
INSERT INTO EXERCISE_ACTIVITY_ENTITY_SETS (EXERCISE_ACTIVITY_ENTITY_ID, SETS_ID) VALUES (5503, 55032);
INSERT INTO EXERCISE_SET_ENTITY (SET_TYPE, ID, NUMBER_OF_REPS, STATUS , WEIGHT , WEIGHT_KG) VALUES ('WeightedSet', 55033, 15.0, 0, null, 5);
INSERT INTO EXERCISE_ACTIVITY_ENTITY_SETS (EXERCISE_ACTIVITY_ENTITY_ID, SETS_ID) VALUES (5503, 55033);
INSERT INTO WORKOUT_ENTITY_EXERCISE_ACTIVITIES (WORKOUT_ENTITY_ID, EXERCISE_ACTIVITIES_ID)  VALUES (55, 5503);
INSERT INTO EXERCISE_ACTIVITY_ENTITY (ID, NOTES, EXERCISE_ID) VALUES (5504, '', SELECT ID FROM EXERCISE_ENTITY WHERE NAME = 'Skullcrusher');
INSERT INTO EXERCISE_SET_ENTITY (SET_TYPE, ID, NUMBER_OF_REPS, STATUS , WEIGHT , WEIGHT_KG) VALUES ('WeightedSet', 55040, 10.0, 0, null, 5);
INSERT INTO EXERCISE_ACTIVITY_ENTITY_SETS (EXERCISE_ACTIVITY_ENTITY_ID, SETS_ID) VALUES (5504, 55040);
INSERT INTO EXERCISE_SET_ENTITY (SET_TYPE, ID, NUMBER_OF_REPS, STATUS , WEIGHT , WEIGHT_KG) VALUES ('WeightedSet', 55041, 10.0, 0, null, 7.5);
INSERT INTO EXERCISE_ACTIVITY_ENTITY_SETS (EXERCISE_ACTIVITY_ENTITY_ID, SETS_ID) VALUES (5504, 55041);
INSERT INTO WORKOUT_ENTITY_EXERCISE_ACTIVITIES (WORKOUT_ENTITY_ID, EXERCISE_ACTIVITIES_ID)  VALUES (55, 5504);
INSERT INTO EXERCISE_ACTIVITY_ENTITY (ID, NOTES, EXERCISE_ID) VALUES (5505, '', SELECT ID FROM EXERCISE_ENTITY WHERE NAME = 'Dip');
INSERT INTO EXERCISE_SET_ENTITY (SET_TYPE, ID, NUMBER_OF_REPS, STATUS , WEIGHT , WEIGHT_KG) VALUES ('NonWeightedSet', 55050, 7.0, 1, 'body', null);
INSERT INTO EXERCISE_ACTIVITY_ENTITY_SETS (EXERCISE_ACTIVITY_ENTITY_ID, SETS_ID) VALUES (5505, 55050);
INSERT INTO EXERCISE_SET_ENTITY (SET_TYPE, ID, NUMBER_OF_REPS, STATUS , WEIGHT , WEIGHT_KG) VALUES ('NonWeightedSet', 55051, 7.0, 1, 'body', null);
INSERT INTO EXERCISE_ACTIVITY_ENTITY_SETS (EXERCISE_ACTIVITY_ENTITY_ID, SETS_ID) VALUES (5505, 55051);
INSERT INTO WORKOUT_ENTITY_EXERCISE_ACTIVITIES (WORKOUT_ENTITY_ID, EXERCISE_ACTIVITIES_ID)  VALUES (55, 5505);
INSERT INTO EXERCISE_ACTIVITY_ENTITY (ID, NOTES, EXERCISE_ID) VALUES (5506, '', SELECT ID FROM EXERCISE_ENTITY WHERE NAME = 'Deadhang');
INSERT INTO EXERCISE_SET_ENTITY (SET_TYPE, ID, NUMBER_OF_REPS, STATUS , WEIGHT , WEIGHT_KG) VALUES ('NonWeightedSet', 55060, 1, 0, '50 seconds', null);
INSERT INTO EXERCISE_ACTIVITY_ENTITY_SETS (EXERCISE_ACTIVITY_ENTITY_ID, SETS_ID) VALUES (5506, 55060);
INSERT INTO EXERCISE_SET_ENTITY (SET_TYPE, ID, NUMBER_OF_REPS, STATUS , WEIGHT , WEIGHT_KG) VALUES ('NonWeightedSet', 55061, 1, 0, '35 seconds', null);
INSERT INTO EXERCISE_ACTIVITY_ENTITY_SETS (EXERCISE_ACTIVITY_ENTITY_ID, SETS_ID) VALUES (5506, 55061);
INSERT INTO WORKOUT_ENTITY_EXERCISE_ACTIVITIES (WORKOUT_ENTITY_ID, EXERCISE_ACTIVITIES_ID)  VALUES (55, 5506);
INSERT INTO WORKOUT_ENTITY (ID, NAME, NOTES, PERFORMED_AT_TIMESTAMP_UTC, WORKOUT_TYPE) VALUES (56, '2019-11-05 15:40:00', 'Notes', '2019-11-05 15:40:00', 'LEGS');
INSERT INTO EXERCISE_ACTIVITY_ENTITY (ID, NOTES, EXERCISE_ID) VALUES (5600, '', SELECT ID FROM EXERCISE_ENTITY WHERE NAME = 'Squat');
INSERT INTO EXERCISE_SET_ENTITY (SET_TYPE, ID, NUMBER_OF_REPS, STATUS , WEIGHT , WEIGHT_KG) VALUES ('NonWeightedSet', 56000, 8.0, 0, 'body', null);
INSERT INTO EXERCISE_ACTIVITY_ENTITY_SETS (EXERCISE_ACTIVITY_ENTITY_ID, SETS_ID) VALUES (5600, 56000);
INSERT INTO EXERCISE_SET_ENTITY (SET_TYPE, ID, NUMBER_OF_REPS, STATUS , WEIGHT , WEIGHT_KG) VALUES ('WeightedSet', 56001, 8.0, 0, null, 20);
INSERT INTO EXERCISE_ACTIVITY_ENTITY_SETS (EXERCISE_ACTIVITY_ENTITY_ID, SETS_ID) VALUES (5600, 56001);
INSERT INTO EXERCISE_SET_ENTITY (SET_TYPE, ID, NUMBER_OF_REPS, STATUS , WEIGHT , WEIGHT_KG) VALUES ('WeightedSet', 56002, 5.0, 0, null, 40);
INSERT INTO EXERCISE_ACTIVITY_ENTITY_SETS (EXERCISE_ACTIVITY_ENTITY_ID, SETS_ID) VALUES (5600, 56002);
INSERT INTO EXERCISE_SET_ENTITY (SET_TYPE, ID, NUMBER_OF_REPS, STATUS , WEIGHT , WEIGHT_KG) VALUES ('WeightedSet', 56003, 3.0, 0, null, 60);
INSERT INTO EXERCISE_ACTIVITY_ENTITY_SETS (EXERCISE_ACTIVITY_ENTITY_ID, SETS_ID) VALUES (5600, 56003);
INSERT INTO EXERCISE_SET_ENTITY (SET_TYPE, ID, NUMBER_OF_REPS, STATUS , WEIGHT , WEIGHT_KG) VALUES ('WeightedSet', 56004, 8.0, 0, null, 70);
INSERT INTO EXERCISE_ACTIVITY_ENTITY_SETS (EXERCISE_ACTIVITY_ENTITY_ID, SETS_ID) VALUES (5600, 56004);
INSERT INTO EXERCISE_SET_ENTITY (SET_TYPE, ID, NUMBER_OF_REPS, STATUS , WEIGHT , WEIGHT_KG) VALUES ('WeightedSet', 56005, 8.0, 0, null, 70);
INSERT INTO EXERCISE_ACTIVITY_ENTITY_SETS (EXERCISE_ACTIVITY_ENTITY_ID, SETS_ID) VALUES (5600, 56005);
INSERT INTO EXERCISE_SET_ENTITY (SET_TYPE, ID, NUMBER_OF_REPS, STATUS , WEIGHT , WEIGHT_KG) VALUES ('WeightedSet', 56006, 8.0, 0, null, 70);
INSERT INTO EXERCISE_ACTIVITY_ENTITY_SETS (EXERCISE_ACTIVITY_ENTITY_ID, SETS_ID) VALUES (5600, 56006);
INSERT INTO WORKOUT_ENTITY_EXERCISE_ACTIVITIES (WORKOUT_ENTITY_ID, EXERCISE_ACTIVITIES_ID)  VALUES (56, 5600);
INSERT INTO EXERCISE_ACTIVITY_ENTITY (ID, NOTES, EXERCISE_ID) VALUES (5601, '', SELECT ID FROM EXERCISE_ENTITY WHERE NAME = 'Romanian Deadlift');
INSERT INTO EXERCISE_SET_ENTITY (SET_TYPE, ID, NUMBER_OF_REPS, STATUS , WEIGHT , WEIGHT_KG) VALUES ('WeightedSet', 56010, 8.0, 0, null, 20);
INSERT INTO EXERCISE_ACTIVITY_ENTITY_SETS (EXERCISE_ACTIVITY_ENTITY_ID, SETS_ID) VALUES (5601, 56010);
INSERT INTO EXERCISE_SET_ENTITY (SET_TYPE, ID, NUMBER_OF_REPS, STATUS , WEIGHT , WEIGHT_KG) VALUES ('WeightedSet', 56011, 4.0, 0, null, 40);
INSERT INTO EXERCISE_ACTIVITY_ENTITY_SETS (EXERCISE_ACTIVITY_ENTITY_ID, SETS_ID) VALUES (5601, 56011);
INSERT INTO EXERCISE_SET_ENTITY (SET_TYPE, ID, NUMBER_OF_REPS, STATUS , WEIGHT , WEIGHT_KG) VALUES ('WeightedSet', 56012, 8.0, 0, null, 52.5);
INSERT INTO EXERCISE_ACTIVITY_ENTITY_SETS (EXERCISE_ACTIVITY_ENTITY_ID, SETS_ID) VALUES (5601, 56012);
INSERT INTO EXERCISE_SET_ENTITY (SET_TYPE, ID, NUMBER_OF_REPS, STATUS , WEIGHT , WEIGHT_KG) VALUES ('WeightedSet', 56013, 8.0, 0, null, 52.5);
INSERT INTO EXERCISE_ACTIVITY_ENTITY_SETS (EXERCISE_ACTIVITY_ENTITY_ID, SETS_ID) VALUES (5601, 56013);
INSERT INTO EXERCISE_SET_ENTITY (SET_TYPE, ID, NUMBER_OF_REPS, STATUS , WEIGHT , WEIGHT_KG) VALUES ('WeightedSet', 56014, 8.0, 0, null, 52.5);
INSERT INTO EXERCISE_ACTIVITY_ENTITY_SETS (EXERCISE_ACTIVITY_ENTITY_ID, SETS_ID) VALUES (5601, 56014);
INSERT INTO WORKOUT_ENTITY_EXERCISE_ACTIVITIES (WORKOUT_ENTITY_ID, EXERCISE_ACTIVITIES_ID)  VALUES (56, 5601);
INSERT INTO EXERCISE_ACTIVITY_ENTITY (ID, NOTES, EXERCISE_ID) VALUES (5602, '', SELECT ID FROM EXERCISE_ENTITY WHERE NAME = 'Lying Leg Raise');
INSERT INTO EXERCISE_SET_ENTITY (SET_TYPE, ID, NUMBER_OF_REPS, STATUS , WEIGHT , WEIGHT_KG) VALUES ('NonWeightedSet', 56020, 10.0, 0, 'body', null);
INSERT INTO EXERCISE_ACTIVITY_ENTITY_SETS (EXERCISE_ACTIVITY_ENTITY_ID, SETS_ID) VALUES (5602, 56020);
INSERT INTO EXERCISE_SET_ENTITY (SET_TYPE, ID, NUMBER_OF_REPS, STATUS , WEIGHT , WEIGHT_KG) VALUES ('NonWeightedSet', 56021, 10.0, 0, 'body', null);
INSERT INTO EXERCISE_ACTIVITY_ENTITY_SETS (EXERCISE_ACTIVITY_ENTITY_ID, SETS_ID) VALUES (5602, 56021);
INSERT INTO EXERCISE_SET_ENTITY (SET_TYPE, ID, NUMBER_OF_REPS, STATUS , WEIGHT , WEIGHT_KG) VALUES ('NonWeightedSet', 56022, 10.0, 0, 'body', null);
INSERT INTO EXERCISE_ACTIVITY_ENTITY_SETS (EXERCISE_ACTIVITY_ENTITY_ID, SETS_ID) VALUES (5602, 56022);
INSERT INTO WORKOUT_ENTITY_EXERCISE_ACTIVITIES (WORKOUT_ENTITY_ID, EXERCISE_ACTIVITIES_ID)  VALUES (56, 5602);
INSERT INTO EXERCISE_ACTIVITY_ENTITY (ID, NOTES, EXERCISE_ID) VALUES (5603, '', SELECT ID FROM EXERCISE_ENTITY WHERE NAME = 'Lunge');
INSERT INTO EXERCISE_SET_ENTITY (SET_TYPE, ID, NUMBER_OF_REPS, STATUS , WEIGHT , WEIGHT_KG) VALUES ('NonWeightedSet', 56030, 10.0, 0, 'body', null);
INSERT INTO EXERCISE_ACTIVITY_ENTITY_SETS (EXERCISE_ACTIVITY_ENTITY_ID, SETS_ID) VALUES (5603, 56030);
INSERT INTO EXERCISE_SET_ENTITY (SET_TYPE, ID, NUMBER_OF_REPS, STATUS , WEIGHT , WEIGHT_KG) VALUES ('WeightedSet', 56031, 10.0, 0, null, 7.5);
INSERT INTO EXERCISE_ACTIVITY_ENTITY_SETS (EXERCISE_ACTIVITY_ENTITY_ID, SETS_ID) VALUES (5603, 56031);
INSERT INTO EXERCISE_SET_ENTITY (SET_TYPE, ID, NUMBER_OF_REPS, STATUS , WEIGHT , WEIGHT_KG) VALUES ('WeightedSet', 56032, 10.0, 0, null, 7.5);
INSERT INTO EXERCISE_ACTIVITY_ENTITY_SETS (EXERCISE_ACTIVITY_ENTITY_ID, SETS_ID) VALUES (5603, 56032);
INSERT INTO WORKOUT_ENTITY_EXERCISE_ACTIVITIES (WORKOUT_ENTITY_ID, EXERCISE_ACTIVITIES_ID)  VALUES (56, 5603);
INSERT INTO EXERCISE_ACTIVITY_ENTITY (ID, NOTES, EXERCISE_ID) VALUES (5604, '', SELECT ID FROM EXERCISE_ENTITY WHERE NAME = 'Glute Raise');
INSERT INTO EXERCISE_SET_ENTITY (SET_TYPE, ID, NUMBER_OF_REPS, STATUS , WEIGHT , WEIGHT_KG) VALUES ('NonWeightedSet', 56040, 15.0, 0, 'body', null);
INSERT INTO EXERCISE_ACTIVITY_ENTITY_SETS (EXERCISE_ACTIVITY_ENTITY_ID, SETS_ID) VALUES (5604, 56040);
INSERT INTO EXERCISE_SET_ENTITY (SET_TYPE, ID, NUMBER_OF_REPS, STATUS , WEIGHT , WEIGHT_KG) VALUES ('WeightedSet', 56041, 15.0, 0, null, 10);
INSERT INTO EXERCISE_ACTIVITY_ENTITY_SETS (EXERCISE_ACTIVITY_ENTITY_ID, SETS_ID) VALUES (5604, 56041);
INSERT INTO EXERCISE_SET_ENTITY (SET_TYPE, ID, NUMBER_OF_REPS, STATUS , WEIGHT , WEIGHT_KG) VALUES ('WeightedSet', 56042, 10.0, 0, null, 20);
INSERT INTO EXERCISE_ACTIVITY_ENTITY_SETS (EXERCISE_ACTIVITY_ENTITY_ID, SETS_ID) VALUES (5604, 56042);
INSERT INTO EXERCISE_SET_ENTITY (SET_TYPE, ID, NUMBER_OF_REPS, STATUS , WEIGHT , WEIGHT_KG) VALUES ('WeightedSet', 56043, 10.0, 0, null, 20);
INSERT INTO EXERCISE_ACTIVITY_ENTITY_SETS (EXERCISE_ACTIVITY_ENTITY_ID, SETS_ID) VALUES (5604, 56043);
INSERT INTO WORKOUT_ENTITY_EXERCISE_ACTIVITIES (WORKOUT_ENTITY_ID, EXERCISE_ACTIVITIES_ID)  VALUES (56, 5604);
INSERT INTO EXERCISE_ACTIVITY_ENTITY (ID, NOTES, EXERCISE_ID) VALUES (5605, '', SELECT ID FROM EXERCISE_ENTITY WHERE NAME = 'Seated Calf Raise');
INSERT INTO EXERCISE_SET_ENTITY (SET_TYPE, ID, NUMBER_OF_REPS, STATUS , WEIGHT , WEIGHT_KG) VALUES ('WeightedSet', 56050, 20.0, 0, null, 20);
INSERT INTO EXERCISE_ACTIVITY_ENTITY_SETS (EXERCISE_ACTIVITY_ENTITY_ID, SETS_ID) VALUES (5605, 56050);
INSERT INTO EXERCISE_SET_ENTITY (SET_TYPE, ID, NUMBER_OF_REPS, STATUS , WEIGHT , WEIGHT_KG) VALUES ('WeightedSet', 56051, 20.0, 0, null, 20);
INSERT INTO EXERCISE_ACTIVITY_ENTITY_SETS (EXERCISE_ACTIVITY_ENTITY_ID, SETS_ID) VALUES (5605, 56051);
INSERT INTO WORKOUT_ENTITY_EXERCISE_ACTIVITIES (WORKOUT_ENTITY_ID, EXERCISE_ACTIVITIES_ID)  VALUES (56, 5605);
INSERT INTO EXERCISE_ACTIVITY_ENTITY (ID, NOTES, EXERCISE_ID) VALUES (5606, '', SELECT ID FROM EXERCISE_ENTITY WHERE NAME = 'Standing Calf Raise');
INSERT INTO EXERCISE_SET_ENTITY (SET_TYPE, ID, NUMBER_OF_REPS, STATUS , WEIGHT , WEIGHT_KG) VALUES ('WeightedSet', 56060, 10.0, 0, null, 125);
INSERT INTO EXERCISE_ACTIVITY_ENTITY_SETS (EXERCISE_ACTIVITY_ENTITY_ID, SETS_ID) VALUES (5606, 56060);
INSERT INTO EXERCISE_SET_ENTITY (SET_TYPE, ID, NUMBER_OF_REPS, STATUS , WEIGHT , WEIGHT_KG) VALUES ('WeightedSet', 56061, 10.0, 0, null, 125);
INSERT INTO EXERCISE_ACTIVITY_ENTITY_SETS (EXERCISE_ACTIVITY_ENTITY_ID, SETS_ID) VALUES (5606, 56061);
INSERT INTO WORKOUT_ENTITY_EXERCISE_ACTIVITIES (WORKOUT_ENTITY_ID, EXERCISE_ACTIVITIES_ID)  VALUES (56, 5606);
INSERT INTO WORKOUT_ENTITY (ID, NAME, NOTES, PERFORMED_AT_TIMESTAMP_UTC, WORKOUT_TYPE) VALUES (57, '2019-11-06 15:40:00', 'Notes', '2019-11-06 15:40:00', 'PULL');
INSERT INTO EXERCISE_ACTIVITY_ENTITY (ID, NOTES, EXERCISE_ID) VALUES (5700, '', SELECT ID FROM EXERCISE_ENTITY WHERE NAME = 'Deadlift');
INSERT INTO EXERCISE_SET_ENTITY (SET_TYPE, ID, NUMBER_OF_REPS, STATUS , WEIGHT , WEIGHT_KG) VALUES ('WeightedSet', 57000, 5.0, 0, null, 20);
INSERT INTO EXERCISE_ACTIVITY_ENTITY_SETS (EXERCISE_ACTIVITY_ENTITY_ID, SETS_ID) VALUES (5700, 57000);
INSERT INTO EXERCISE_SET_ENTITY (SET_TYPE, ID, NUMBER_OF_REPS, STATUS , WEIGHT , WEIGHT_KG) VALUES ('WeightedSet', 57001, 5.0, 0, null, 60);
INSERT INTO EXERCISE_ACTIVITY_ENTITY_SETS (EXERCISE_ACTIVITY_ENTITY_ID, SETS_ID) VALUES (5700, 57001);
INSERT INTO EXERCISE_SET_ENTITY (SET_TYPE, ID, NUMBER_OF_REPS, STATUS , WEIGHT , WEIGHT_KG) VALUES ('WeightedSet', 57002, 3.0, 0, null, 90);
INSERT INTO EXERCISE_ACTIVITY_ENTITY_SETS (EXERCISE_ACTIVITY_ENTITY_ID, SETS_ID) VALUES (5700, 57002);
INSERT INTO EXERCISE_SET_ENTITY (SET_TYPE, ID, NUMBER_OF_REPS, STATUS , WEIGHT , WEIGHT_KG) VALUES ('WeightedSet', 57003, 2.0, 0, null, 110);
INSERT INTO EXERCISE_ACTIVITY_ENTITY_SETS (EXERCISE_ACTIVITY_ENTITY_ID, SETS_ID) VALUES (5700, 57003);
INSERT INTO EXERCISE_SET_ENTITY (SET_TYPE, ID, NUMBER_OF_REPS, STATUS , WEIGHT , WEIGHT_KG) VALUES ('WeightedSet', 57004, 2.0, 0, null, 125);
INSERT INTO EXERCISE_ACTIVITY_ENTITY_SETS (EXERCISE_ACTIVITY_ENTITY_ID, SETS_ID) VALUES (5700, 57004);
INSERT INTO EXERCISE_SET_ENTITY (SET_TYPE, ID, NUMBER_OF_REPS, STATUS , WEIGHT , WEIGHT_KG) VALUES ('WeightedSet', 57005, 5.0, 0, null, 140);
INSERT INTO EXERCISE_ACTIVITY_ENTITY_SETS (EXERCISE_ACTIVITY_ENTITY_ID, SETS_ID) VALUES (5700, 57005);
INSERT INTO EXERCISE_SET_ENTITY (SET_TYPE, ID, NUMBER_OF_REPS, STATUS , WEIGHT , WEIGHT_KG) VALUES ('WeightedSet', 57006, 5.0, 0, null, 100);
INSERT INTO EXERCISE_ACTIVITY_ENTITY_SETS (EXERCISE_ACTIVITY_ENTITY_ID, SETS_ID) VALUES (5700, 57006);
INSERT INTO WORKOUT_ENTITY_EXERCISE_ACTIVITIES (WORKOUT_ENTITY_ID, EXERCISE_ACTIVITIES_ID)  VALUES (57, 5700);
INSERT INTO EXERCISE_ACTIVITY_ENTITY (ID, NOTES, EXERCISE_ID) VALUES (5701, '', SELECT ID FROM EXERCISE_ENTITY WHERE NAME = 'Pull Up');
INSERT INTO EXERCISE_SET_ENTITY (SET_TYPE, ID, NUMBER_OF_REPS, STATUS , WEIGHT , WEIGHT_KG) VALUES ('NonWeightedSet', 57010, 7.0, 0, 'body', null);
INSERT INTO EXERCISE_ACTIVITY_ENTITY_SETS (EXERCISE_ACTIVITY_ENTITY_ID, SETS_ID) VALUES (5701, 57010);
INSERT INTO EXERCISE_SET_ENTITY (SET_TYPE, ID, NUMBER_OF_REPS, STATUS , WEIGHT , WEIGHT_KG) VALUES ('NonWeightedSet', 57011, 7.0, 0, 'body', null);
INSERT INTO EXERCISE_ACTIVITY_ENTITY_SETS (EXERCISE_ACTIVITY_ENTITY_ID, SETS_ID) VALUES (5701, 57011);
INSERT INTO EXERCISE_SET_ENTITY (SET_TYPE, ID, NUMBER_OF_REPS, STATUS , WEIGHT , WEIGHT_KG) VALUES ('NonWeightedSet', 57012, 7.0, 0, 'body', null);
INSERT INTO EXERCISE_ACTIVITY_ENTITY_SETS (EXERCISE_ACTIVITY_ENTITY_ID, SETS_ID) VALUES (5701, 57012);
INSERT INTO WORKOUT_ENTITY_EXERCISE_ACTIVITIES (WORKOUT_ENTITY_ID, EXERCISE_ACTIVITIES_ID)  VALUES (57, 5701);
INSERT INTO EXERCISE_ACTIVITY_ENTITY (ID, NOTES, EXERCISE_ID) VALUES (5702, '', SELECT ID FROM EXERCISE_ENTITY WHERE NAME = 'Inverted Row');
INSERT INTO EXERCISE_SET_ENTITY (SET_TYPE, ID, NUMBER_OF_REPS, STATUS , WEIGHT , WEIGHT_KG) VALUES ('NonWeightedSet', 57020, 8.0, 0, 'body', null);
INSERT INTO EXERCISE_ACTIVITY_ENTITY_SETS (EXERCISE_ACTIVITY_ENTITY_ID, SETS_ID) VALUES (5702, 57020);
INSERT INTO EXERCISE_SET_ENTITY (SET_TYPE, ID, NUMBER_OF_REPS, STATUS , WEIGHT , WEIGHT_KG) VALUES ('NonWeightedSet', 57021, 8.0, 0, 'body', null);
INSERT INTO EXERCISE_ACTIVITY_ENTITY_SETS (EXERCISE_ACTIVITY_ENTITY_ID, SETS_ID) VALUES (5702, 57021);
INSERT INTO EXERCISE_SET_ENTITY (SET_TYPE, ID, NUMBER_OF_REPS, STATUS , WEIGHT , WEIGHT_KG) VALUES ('NonWeightedSet', 57022, 8.0, 0, 'body', null);
INSERT INTO EXERCISE_ACTIVITY_ENTITY_SETS (EXERCISE_ACTIVITY_ENTITY_ID, SETS_ID) VALUES (5702, 57022);
INSERT INTO EXERCISE_SET_ENTITY (SET_TYPE, ID, NUMBER_OF_REPS, STATUS , WEIGHT , WEIGHT_KG) VALUES ('NonWeightedSet', 57023, 10.0, 0, 'body', null);
INSERT INTO EXERCISE_ACTIVITY_ENTITY_SETS (EXERCISE_ACTIVITY_ENTITY_ID, SETS_ID) VALUES (5702, 57023);
INSERT INTO WORKOUT_ENTITY_EXERCISE_ACTIVITIES (WORKOUT_ENTITY_ID, EXERCISE_ACTIVITIES_ID)  VALUES (57, 5702);
INSERT INTO EXERCISE_ACTIVITY_ENTITY (ID, NOTES, EXERCISE_ID) VALUES (5703, '', SELECT ID FROM EXERCISE_ENTITY WHERE NAME = 'Batwing Row');
INSERT INTO EXERCISE_SET_ENTITY (SET_TYPE, ID, NUMBER_OF_REPS, STATUS , WEIGHT , WEIGHT_KG) VALUES ('WeightedSet', 57030, 10.0, 0, null, 5);
INSERT INTO EXERCISE_ACTIVITY_ENTITY_SETS (EXERCISE_ACTIVITY_ENTITY_ID, SETS_ID) VALUES (5703, 57030);
INSERT INTO EXERCISE_SET_ENTITY (SET_TYPE, ID, NUMBER_OF_REPS, STATUS , WEIGHT , WEIGHT_KG) VALUES ('WeightedSet', 57031, 10.0, 0, null, 5);
INSERT INTO EXERCISE_ACTIVITY_ENTITY_SETS (EXERCISE_ACTIVITY_ENTITY_ID, SETS_ID) VALUES (5703, 57031);
INSERT INTO EXERCISE_SET_ENTITY (SET_TYPE, ID, NUMBER_OF_REPS, STATUS , WEIGHT , WEIGHT_KG) VALUES ('WeightedSet', 57032, 10.0, 0, null, 5);
INSERT INTO EXERCISE_ACTIVITY_ENTITY_SETS (EXERCISE_ACTIVITY_ENTITY_ID, SETS_ID) VALUES (5703, 57032);
INSERT INTO WORKOUT_ENTITY_EXERCISE_ACTIVITIES (WORKOUT_ENTITY_ID, EXERCISE_ACTIVITIES_ID)  VALUES (57, 5703);
INSERT INTO EXERCISE_ACTIVITY_ENTITY (ID, NOTES, EXERCISE_ID) VALUES (5704, '', SELECT ID FROM EXERCISE_ENTITY WHERE NAME = 'Rear Delt Fly');
INSERT INTO EXERCISE_SET_ENTITY (SET_TYPE, ID, NUMBER_OF_REPS, STATUS , WEIGHT , WEIGHT_KG) VALUES ('WeightedSet', 57040, 20.0, 0, null, 1.25);
INSERT INTO EXERCISE_ACTIVITY_ENTITY_SETS (EXERCISE_ACTIVITY_ENTITY_ID, SETS_ID) VALUES (5704, 57040);
INSERT INTO EXERCISE_SET_ENTITY (SET_TYPE, ID, NUMBER_OF_REPS, STATUS , WEIGHT , WEIGHT_KG) VALUES ('WeightedSet', 57041, 20.0, 0, null, 1.25);
INSERT INTO EXERCISE_ACTIVITY_ENTITY_SETS (EXERCISE_ACTIVITY_ENTITY_ID, SETS_ID) VALUES (5704, 57041);
INSERT INTO EXERCISE_SET_ENTITY (SET_TYPE, ID, NUMBER_OF_REPS, STATUS , WEIGHT , WEIGHT_KG) VALUES ('WeightedSet', 57042, 20.0, 0, null, 1.25);
INSERT INTO EXERCISE_ACTIVITY_ENTITY_SETS (EXERCISE_ACTIVITY_ENTITY_ID, SETS_ID) VALUES (5704, 57042);
INSERT INTO EXERCISE_SET_ENTITY (SET_TYPE, ID, NUMBER_OF_REPS, STATUS , WEIGHT , WEIGHT_KG) VALUES ('WeightedSet', 57043, 20.0, 0, null, 1.25);
INSERT INTO EXERCISE_ACTIVITY_ENTITY_SETS (EXERCISE_ACTIVITY_ENTITY_ID, SETS_ID) VALUES (5704, 57043);
INSERT INTO WORKOUT_ENTITY_EXERCISE_ACTIVITIES (WORKOUT_ENTITY_ID, EXERCISE_ACTIVITIES_ID)  VALUES (57, 5704);
INSERT INTO EXERCISE_ACTIVITY_ENTITY (ID, NOTES, EXERCISE_ID) VALUES (5705, '', SELECT ID FROM EXERCISE_ENTITY WHERE NAME = 'Barbell Curl');
INSERT INTO EXERCISE_SET_ENTITY (SET_TYPE, ID, NUMBER_OF_REPS, STATUS , WEIGHT , WEIGHT_KG) VALUES ('WeightedSet', 57050, 10.0, 0, null, 22.5);
INSERT INTO EXERCISE_ACTIVITY_ENTITY_SETS (EXERCISE_ACTIVITY_ENTITY_ID, SETS_ID) VALUES (5705, 57050);
INSERT INTO EXERCISE_SET_ENTITY (SET_TYPE, ID, NUMBER_OF_REPS, STATUS , WEIGHT , WEIGHT_KG) VALUES ('WeightedSet', 57051, 10.0, 0, null, 22.5);
INSERT INTO EXERCISE_ACTIVITY_ENTITY_SETS (EXERCISE_ACTIVITY_ENTITY_ID, SETS_ID) VALUES (5705, 57051);
INSERT INTO EXERCISE_SET_ENTITY (SET_TYPE, ID, NUMBER_OF_REPS, STATUS , WEIGHT , WEIGHT_KG) VALUES ('WeightedSet', 57052, 10.0, 0, null, 22.5);
INSERT INTO EXERCISE_ACTIVITY_ENTITY_SETS (EXERCISE_ACTIVITY_ENTITY_ID, SETS_ID) VALUES (5705, 57052);
INSERT INTO EXERCISE_SET_ENTITY (SET_TYPE, ID, NUMBER_OF_REPS, STATUS , WEIGHT , WEIGHT_KG) VALUES ('WeightedSet', 57053, 10.0, 0, null, 22.5);
INSERT INTO EXERCISE_ACTIVITY_ENTITY_SETS (EXERCISE_ACTIVITY_ENTITY_ID, SETS_ID) VALUES (5705, 57053);
INSERT INTO WORKOUT_ENTITY_EXERCISE_ACTIVITIES (WORKOUT_ENTITY_ID, EXERCISE_ACTIVITIES_ID)  VALUES (57, 5705);
INSERT INTO WORKOUT_ENTITY (ID, NAME, NOTES, PERFORMED_AT_TIMESTAMP_UTC, WORKOUT_TYPE) VALUES (58, '2019-11-07 15:40:00', 'Notes', '2019-11-07 15:40:00', 'PUSH');
INSERT INTO EXERCISE_ACTIVITY_ENTITY (ID, NOTES, EXERCISE_ID) VALUES (5800, '', SELECT ID FROM EXERCISE_ENTITY WHERE NAME = 'Bench Press');
INSERT INTO EXERCISE_SET_ENTITY (SET_TYPE, ID, NUMBER_OF_REPS, STATUS , WEIGHT , WEIGHT_KG) VALUES ('WeightedSet', 58000, 6.0, 0, null, 20);
INSERT INTO EXERCISE_ACTIVITY_ENTITY_SETS (EXERCISE_ACTIVITY_ENTITY_ID, SETS_ID) VALUES (5800, 58000);
INSERT INTO EXERCISE_SET_ENTITY (SET_TYPE, ID, NUMBER_OF_REPS, STATUS , WEIGHT , WEIGHT_KG) VALUES ('WeightedSet', 58001, 5.0, 0, null, 40);
INSERT INTO EXERCISE_ACTIVITY_ENTITY_SETS (EXERCISE_ACTIVITY_ENTITY_ID, SETS_ID) VALUES (5800, 58001);
INSERT INTO EXERCISE_SET_ENTITY (SET_TYPE, ID, NUMBER_OF_REPS, STATUS , WEIGHT , WEIGHT_KG) VALUES ('WeightedSet', 58002, 3.0, 0, null, 50);
INSERT INTO EXERCISE_ACTIVITY_ENTITY_SETS (EXERCISE_ACTIVITY_ENTITY_ID, SETS_ID) VALUES (5800, 58002);
INSERT INTO EXERCISE_SET_ENTITY (SET_TYPE, ID, NUMBER_OF_REPS, STATUS , WEIGHT , WEIGHT_KG) VALUES ('WeightedSet', 58003, 5.0, 0, null, 60);
INSERT INTO EXERCISE_ACTIVITY_ENTITY_SETS (EXERCISE_ACTIVITY_ENTITY_ID, SETS_ID) VALUES (5800, 58003);
INSERT INTO EXERCISE_SET_ENTITY (SET_TYPE, ID, NUMBER_OF_REPS, STATUS , WEIGHT , WEIGHT_KG) VALUES ('WeightedSet', 58004, 5.0, 0, null, 60);
INSERT INTO EXERCISE_ACTIVITY_ENTITY_SETS (EXERCISE_ACTIVITY_ENTITY_ID, SETS_ID) VALUES (5800, 58004);
INSERT INTO EXERCISE_SET_ENTITY (SET_TYPE, ID, NUMBER_OF_REPS, STATUS , WEIGHT , WEIGHT_KG) VALUES ('WeightedSet', 58005, 5.0, 0, null, 60);
INSERT INTO EXERCISE_ACTIVITY_ENTITY_SETS (EXERCISE_ACTIVITY_ENTITY_ID, SETS_ID) VALUES (5800, 58005);
INSERT INTO EXERCISE_SET_ENTITY (SET_TYPE, ID, NUMBER_OF_REPS, STATUS , WEIGHT , WEIGHT_KG) VALUES ('WeightedSet', 58006, 5.0, 0, null, 60);
INSERT INTO EXERCISE_ACTIVITY_ENTITY_SETS (EXERCISE_ACTIVITY_ENTITY_ID, SETS_ID) VALUES (5800, 58006);
INSERT INTO EXERCISE_SET_ENTITY (SET_TYPE, ID, NUMBER_OF_REPS, STATUS , WEIGHT , WEIGHT_KG) VALUES ('WeightedSet', 58007, 5.0, 0, null, 60);
INSERT INTO EXERCISE_ACTIVITY_ENTITY_SETS (EXERCISE_ACTIVITY_ENTITY_ID, SETS_ID) VALUES (5800, 58007);
INSERT INTO WORKOUT_ENTITY_EXERCISE_ACTIVITIES (WORKOUT_ENTITY_ID, EXERCISE_ACTIVITIES_ID)  VALUES (58, 5800);
INSERT INTO EXERCISE_ACTIVITY_ENTITY (ID, NOTES, EXERCISE_ID) VALUES (5801, '', SELECT ID FROM EXERCISE_ENTITY WHERE NAME = 'Overhead Press');
INSERT INTO EXERCISE_SET_ENTITY (SET_TYPE, ID, NUMBER_OF_REPS, STATUS , WEIGHT , WEIGHT_KG) VALUES ('WeightedSet', 58010, 8.0, 0, null, 20);
INSERT INTO EXERCISE_ACTIVITY_ENTITY_SETS (EXERCISE_ACTIVITY_ENTITY_ID, SETS_ID) VALUES (5801, 58010);
INSERT INTO EXERCISE_SET_ENTITY (SET_TYPE, ID, NUMBER_OF_REPS, STATUS , WEIGHT , WEIGHT_KG) VALUES ('WeightedSet', 58011, 8.0, 0, null, 35);
INSERT INTO EXERCISE_ACTIVITY_ENTITY_SETS (EXERCISE_ACTIVITY_ENTITY_ID, SETS_ID) VALUES (5801, 58011);
INSERT INTO EXERCISE_SET_ENTITY (SET_TYPE, ID, NUMBER_OF_REPS, STATUS , WEIGHT , WEIGHT_KG) VALUES ('WeightedSet', 58012, 8.0, 0, null, 35);
INSERT INTO EXERCISE_ACTIVITY_ENTITY_SETS (EXERCISE_ACTIVITY_ENTITY_ID, SETS_ID) VALUES (5801, 58012);
INSERT INTO EXERCISE_SET_ENTITY (SET_TYPE, ID, NUMBER_OF_REPS, STATUS , WEIGHT , WEIGHT_KG) VALUES ('WeightedSet', 58013, 7.0, 1, null, 35);
INSERT INTO EXERCISE_ACTIVITY_ENTITY_SETS (EXERCISE_ACTIVITY_ENTITY_ID, SETS_ID) VALUES (5801, 58013);
INSERT INTO WORKOUT_ENTITY_EXERCISE_ACTIVITIES (WORKOUT_ENTITY_ID, EXERCISE_ACTIVITIES_ID)  VALUES (58, 5801);
INSERT INTO EXERCISE_ACTIVITY_ENTITY (ID, NOTES, EXERCISE_ID) VALUES (5802, '', SELECT ID FROM EXERCISE_ENTITY WHERE NAME = 'Incline Dumbbell Press');
INSERT INTO EXERCISE_SET_ENTITY (SET_TYPE, ID, NUMBER_OF_REPS, STATUS , WEIGHT , WEIGHT_KG) VALUES ('WeightedSet', 58020, 10.0, 0, null, 10);
INSERT INTO EXERCISE_ACTIVITY_ENTITY_SETS (EXERCISE_ACTIVITY_ENTITY_ID, SETS_ID) VALUES (5802, 58020);
INSERT INTO EXERCISE_SET_ENTITY (SET_TYPE, ID, NUMBER_OF_REPS, STATUS , WEIGHT , WEIGHT_KG) VALUES ('WeightedSet', 58021, 8.0, 0, null, 17.5);
INSERT INTO EXERCISE_ACTIVITY_ENTITY_SETS (EXERCISE_ACTIVITY_ENTITY_ID, SETS_ID) VALUES (5802, 58021);
INSERT INTO EXERCISE_SET_ENTITY (SET_TYPE, ID, NUMBER_OF_REPS, STATUS , WEIGHT , WEIGHT_KG) VALUES ('WeightedSet', 58022, 8.0, 0, null, 17.5);
INSERT INTO EXERCISE_ACTIVITY_ENTITY_SETS (EXERCISE_ACTIVITY_ENTITY_ID, SETS_ID) VALUES (5802, 58022);
INSERT INTO EXERCISE_SET_ENTITY (SET_TYPE, ID, NUMBER_OF_REPS, STATUS , WEIGHT , WEIGHT_KG) VALUES ('WeightedSet', 58023, 8.0, 0, null, 17.5);
INSERT INTO EXERCISE_ACTIVITY_ENTITY_SETS (EXERCISE_ACTIVITY_ENTITY_ID, SETS_ID) VALUES (5802, 58023);
INSERT INTO WORKOUT_ENTITY_EXERCISE_ACTIVITIES (WORKOUT_ENTITY_ID, EXERCISE_ACTIVITIES_ID)  VALUES (58, 5802);
INSERT INTO EXERCISE_ACTIVITY_ENTITY (ID, NOTES, EXERCISE_ID) VALUES (5803, '', SELECT ID FROM EXERCISE_ENTITY WHERE NAME = 'Lateral Raise');
INSERT INTO EXERCISE_SET_ENTITY (SET_TYPE, ID, NUMBER_OF_REPS, STATUS , WEIGHT , WEIGHT_KG) VALUES ('WeightedSet', 58030, 15.0, 0, null, 2.5);
INSERT INTO EXERCISE_ACTIVITY_ENTITY_SETS (EXERCISE_ACTIVITY_ENTITY_ID, SETS_ID) VALUES (5803, 58030);
INSERT INTO EXERCISE_SET_ENTITY (SET_TYPE, ID, NUMBER_OF_REPS, STATUS , WEIGHT , WEIGHT_KG) VALUES ('WeightedSet', 58031, 15.0, 0, null, 5);
INSERT INTO EXERCISE_ACTIVITY_ENTITY_SETS (EXERCISE_ACTIVITY_ENTITY_ID, SETS_ID) VALUES (5803, 58031);
INSERT INTO EXERCISE_SET_ENTITY (SET_TYPE, ID, NUMBER_OF_REPS, STATUS , WEIGHT , WEIGHT_KG) VALUES ('WeightedSet', 58032, 15.0, 0, null, 5);
INSERT INTO EXERCISE_ACTIVITY_ENTITY_SETS (EXERCISE_ACTIVITY_ENTITY_ID, SETS_ID) VALUES (5803, 58032);
INSERT INTO WORKOUT_ENTITY_EXERCISE_ACTIVITIES (WORKOUT_ENTITY_ID, EXERCISE_ACTIVITIES_ID)  VALUES (58, 5803);
INSERT INTO EXERCISE_ACTIVITY_ENTITY (ID, NOTES, EXERCISE_ID) VALUES (5804, '', SELECT ID FROM EXERCISE_ENTITY WHERE NAME = 'Dip');
INSERT INTO EXERCISE_SET_ENTITY (SET_TYPE, ID, NUMBER_OF_REPS, STATUS , WEIGHT , WEIGHT_KG) VALUES ('NonWeightedSet', 58040, 8.0, 0, 'body', null);
INSERT INTO EXERCISE_ACTIVITY_ENTITY_SETS (EXERCISE_ACTIVITY_ENTITY_ID, SETS_ID) VALUES (5804, 58040);
INSERT INTO EXERCISE_SET_ENTITY (SET_TYPE, ID, NUMBER_OF_REPS, STATUS , WEIGHT , WEIGHT_KG) VALUES ('NonWeightedSet', 58041, 8.0, 0, 'body', null);
INSERT INTO EXERCISE_ACTIVITY_ENTITY_SETS (EXERCISE_ACTIVITY_ENTITY_ID, SETS_ID) VALUES (5804, 58041);
INSERT INTO EXERCISE_SET_ENTITY (SET_TYPE, ID, NUMBER_OF_REPS, STATUS , WEIGHT , WEIGHT_KG) VALUES ('NonWeightedSet', 58042, 8.0, 0, 'body', null);
INSERT INTO EXERCISE_ACTIVITY_ENTITY_SETS (EXERCISE_ACTIVITY_ENTITY_ID, SETS_ID) VALUES (5804, 58042);
INSERT INTO WORKOUT_ENTITY_EXERCISE_ACTIVITIES (WORKOUT_ENTITY_ID, EXERCISE_ACTIVITIES_ID)  VALUES (58, 5804);
INSERT INTO WORKOUT_ENTITY (ID, NAME, NOTES, PERFORMED_AT_TIMESTAMP_UTC, WORKOUT_TYPE) VALUES (59, '2019-11-08 15:40:00', 'Notes', '2019-11-08 15:40:00', 'LEGS');
INSERT INTO EXERCISE_ACTIVITY_ENTITY (ID, NOTES, EXERCISE_ID) VALUES (5900, '', SELECT ID FROM EXERCISE_ENTITY WHERE NAME = 'Squat');
INSERT INTO EXERCISE_SET_ENTITY (SET_TYPE, ID, NUMBER_OF_REPS, STATUS , WEIGHT , WEIGHT_KG) VALUES ('NonWeightedSet', 59000, 8.0, 0, 'body', null);
INSERT INTO EXERCISE_ACTIVITY_ENTITY_SETS (EXERCISE_ACTIVITY_ENTITY_ID, SETS_ID) VALUES (5900, 59000);
INSERT INTO EXERCISE_SET_ENTITY (SET_TYPE, ID, NUMBER_OF_REPS, STATUS , WEIGHT , WEIGHT_KG) VALUES ('WeightedSet', 59001, 5.0, 0, null, 20);
INSERT INTO EXERCISE_ACTIVITY_ENTITY_SETS (EXERCISE_ACTIVITY_ENTITY_ID, SETS_ID) VALUES (5900, 59001);
INSERT INTO EXERCISE_SET_ENTITY (SET_TYPE, ID, NUMBER_OF_REPS, STATUS , WEIGHT , WEIGHT_KG) VALUES ('WeightedSet', 59002, 5.0, 0, null, 40);
INSERT INTO EXERCISE_ACTIVITY_ENTITY_SETS (EXERCISE_ACTIVITY_ENTITY_ID, SETS_ID) VALUES (5900, 59002);
INSERT INTO EXERCISE_SET_ENTITY (SET_TYPE, ID, NUMBER_OF_REPS, STATUS , WEIGHT , WEIGHT_KG) VALUES ('WeightedSet', 59003, 3.0, 0, null, 60);
INSERT INTO EXERCISE_ACTIVITY_ENTITY_SETS (EXERCISE_ACTIVITY_ENTITY_ID, SETS_ID) VALUES (5900, 59003);
INSERT INTO EXERCISE_SET_ENTITY (SET_TYPE, ID, NUMBER_OF_REPS, STATUS , WEIGHT , WEIGHT_KG) VALUES ('WeightedSet', 59004, 2.0, 0, null, 75);
INSERT INTO EXERCISE_ACTIVITY_ENTITY_SETS (EXERCISE_ACTIVITY_ENTITY_ID, SETS_ID) VALUES (5900, 59004);
INSERT INTO EXERCISE_SET_ENTITY (SET_TYPE, ID, NUMBER_OF_REPS, STATUS , WEIGHT , WEIGHT_KG) VALUES ('WeightedSet', 59005, 5.0, 0, null, 87.5);
INSERT INTO EXERCISE_ACTIVITY_ENTITY_SETS (EXERCISE_ACTIVITY_ENTITY_ID, SETS_ID) VALUES (5900, 59005);
INSERT INTO EXERCISE_SET_ENTITY (SET_TYPE, ID, NUMBER_OF_REPS, STATUS , WEIGHT , WEIGHT_KG) VALUES ('WeightedSet', 59006, 5.0, 0, null, 87.5);
INSERT INTO EXERCISE_ACTIVITY_ENTITY_SETS (EXERCISE_ACTIVITY_ENTITY_ID, SETS_ID) VALUES (5900, 59006);
INSERT INTO EXERCISE_SET_ENTITY (SET_TYPE, ID, NUMBER_OF_REPS, STATUS , WEIGHT , WEIGHT_KG) VALUES ('WeightedSet', 59007, 5.0, 0, null, 87.5);
INSERT INTO EXERCISE_ACTIVITY_ENTITY_SETS (EXERCISE_ACTIVITY_ENTITY_ID, SETS_ID) VALUES (5900, 59007);
INSERT INTO WORKOUT_ENTITY_EXERCISE_ACTIVITIES (WORKOUT_ENTITY_ID, EXERCISE_ACTIVITIES_ID)  VALUES (59, 5900);
INSERT INTO EXERCISE_ACTIVITY_ENTITY (ID, NOTES, EXERCISE_ID) VALUES (5901, '', SELECT ID FROM EXERCISE_ENTITY WHERE NAME = 'Romanian Deadlift');
INSERT INTO EXERCISE_SET_ENTITY (SET_TYPE, ID, NUMBER_OF_REPS, STATUS , WEIGHT , WEIGHT_KG) VALUES ('WeightedSet', 59010, 8.0, 0, null, 20);
INSERT INTO EXERCISE_ACTIVITY_ENTITY_SETS (EXERCISE_ACTIVITY_ENTITY_ID, SETS_ID) VALUES (5901, 59010);
INSERT INTO EXERCISE_SET_ENTITY (SET_TYPE, ID, NUMBER_OF_REPS, STATUS , WEIGHT , WEIGHT_KG) VALUES ('WeightedSet', 59011, 4.0, 0, null, 40);
INSERT INTO EXERCISE_ACTIVITY_ENTITY_SETS (EXERCISE_ACTIVITY_ENTITY_ID, SETS_ID) VALUES (5901, 59011);
INSERT INTO EXERCISE_SET_ENTITY (SET_TYPE, ID, NUMBER_OF_REPS, STATUS , WEIGHT , WEIGHT_KG) VALUES ('WeightedSet', 59012, 8.0, 0, null, 55);
INSERT INTO EXERCISE_ACTIVITY_ENTITY_SETS (EXERCISE_ACTIVITY_ENTITY_ID, SETS_ID) VALUES (5901, 59012);
INSERT INTO EXERCISE_SET_ENTITY (SET_TYPE, ID, NUMBER_OF_REPS, STATUS , WEIGHT , WEIGHT_KG) VALUES ('WeightedSet', 59013, 8.0, 0, null, 55);
INSERT INTO EXERCISE_ACTIVITY_ENTITY_SETS (EXERCISE_ACTIVITY_ENTITY_ID, SETS_ID) VALUES (5901, 59013);
INSERT INTO EXERCISE_SET_ENTITY (SET_TYPE, ID, NUMBER_OF_REPS, STATUS , WEIGHT , WEIGHT_KG) VALUES ('WeightedSet', 59014, 8.0, 0, null, 55);
INSERT INTO EXERCISE_ACTIVITY_ENTITY_SETS (EXERCISE_ACTIVITY_ENTITY_ID, SETS_ID) VALUES (5901, 59014);
INSERT INTO WORKOUT_ENTITY_EXERCISE_ACTIVITIES (WORKOUT_ENTITY_ID, EXERCISE_ACTIVITIES_ID)  VALUES (59, 5901);
INSERT INTO EXERCISE_ACTIVITY_ENTITY (ID, NOTES, EXERCISE_ID) VALUES (5902, '', SELECT ID FROM EXERCISE_ENTITY WHERE NAME = 'Lying Leg Raise');
INSERT INTO EXERCISE_SET_ENTITY (SET_TYPE, ID, NUMBER_OF_REPS, STATUS , WEIGHT , WEIGHT_KG) VALUES ('NonWeightedSet', 59020, 10.0, 0, 'body', null);
INSERT INTO EXERCISE_ACTIVITY_ENTITY_SETS (EXERCISE_ACTIVITY_ENTITY_ID, SETS_ID) VALUES (5902, 59020);
INSERT INTO EXERCISE_SET_ENTITY (SET_TYPE, ID, NUMBER_OF_REPS, STATUS , WEIGHT , WEIGHT_KG) VALUES ('NonWeightedSet', 59021, 10.0, 0, 'body', null);
INSERT INTO EXERCISE_ACTIVITY_ENTITY_SETS (EXERCISE_ACTIVITY_ENTITY_ID, SETS_ID) VALUES (5902, 59021);
INSERT INTO EXERCISE_SET_ENTITY (SET_TYPE, ID, NUMBER_OF_REPS, STATUS , WEIGHT , WEIGHT_KG) VALUES ('NonWeightedSet', 59022, 10.0, 0, 'body', null);
INSERT INTO EXERCISE_ACTIVITY_ENTITY_SETS (EXERCISE_ACTIVITY_ENTITY_ID, SETS_ID) VALUES (5902, 59022);
INSERT INTO WORKOUT_ENTITY_EXERCISE_ACTIVITIES (WORKOUT_ENTITY_ID, EXERCISE_ACTIVITIES_ID)  VALUES (59, 5902);
INSERT INTO EXERCISE_ACTIVITY_ENTITY (ID, NOTES, EXERCISE_ID) VALUES (5903, '', SELECT ID FROM EXERCISE_ENTITY WHERE NAME = 'Lunge');
INSERT INTO EXERCISE_SET_ENTITY (SET_TYPE, ID, NUMBER_OF_REPS, STATUS , WEIGHT , WEIGHT_KG) VALUES ('NonWeightedSet', 59030, 10.0, 0, 'body', null);
INSERT INTO EXERCISE_ACTIVITY_ENTITY_SETS (EXERCISE_ACTIVITY_ENTITY_ID, SETS_ID) VALUES (5903, 59030);
INSERT INTO EXERCISE_SET_ENTITY (SET_TYPE, ID, NUMBER_OF_REPS, STATUS , WEIGHT , WEIGHT_KG) VALUES ('WeightedSet', 59031, 10.0, 0, null, 7.5);
INSERT INTO EXERCISE_ACTIVITY_ENTITY_SETS (EXERCISE_ACTIVITY_ENTITY_ID, SETS_ID) VALUES (5903, 59031);
INSERT INTO EXERCISE_SET_ENTITY (SET_TYPE, ID, NUMBER_OF_REPS, STATUS , WEIGHT , WEIGHT_KG) VALUES ('WeightedSet', 59032, 10.0, 0, null, 10);
INSERT INTO EXERCISE_ACTIVITY_ENTITY_SETS (EXERCISE_ACTIVITY_ENTITY_ID, SETS_ID) VALUES (5903, 59032);
INSERT INTO WORKOUT_ENTITY_EXERCISE_ACTIVITIES (WORKOUT_ENTITY_ID, EXERCISE_ACTIVITIES_ID)  VALUES (59, 5903);
INSERT INTO EXERCISE_ACTIVITY_ENTITY (ID, NOTES, EXERCISE_ID) VALUES (5904, '', SELECT ID FROM EXERCISE_ENTITY WHERE NAME = 'Glute Raise');
INSERT INTO EXERCISE_SET_ENTITY (SET_TYPE, ID, NUMBER_OF_REPS, STATUS , WEIGHT , WEIGHT_KG) VALUES ('NonWeightedSet', 59040, 20.0, 0, 'body', null);
INSERT INTO EXERCISE_ACTIVITY_ENTITY_SETS (EXERCISE_ACTIVITY_ENTITY_ID, SETS_ID) VALUES (5904, 59040);
INSERT INTO EXERCISE_SET_ENTITY (SET_TYPE, ID, NUMBER_OF_REPS, STATUS , WEIGHT , WEIGHT_KG) VALUES ('NonWeightedSet', 59041, 10.0, 0, 'body', null);
INSERT INTO EXERCISE_ACTIVITY_ENTITY_SETS (EXERCISE_ACTIVITY_ENTITY_ID, SETS_ID) VALUES (5904, 59041);
INSERT INTO EXERCISE_SET_ENTITY (SET_TYPE, ID, NUMBER_OF_REPS, STATUS , WEIGHT , WEIGHT_KG) VALUES ('WeightedSet', 59042, 10.0, 0, null, 10);
INSERT INTO EXERCISE_ACTIVITY_ENTITY_SETS (EXERCISE_ACTIVITY_ENTITY_ID, SETS_ID) VALUES (5904, 59042);
INSERT INTO WORKOUT_ENTITY_EXERCISE_ACTIVITIES (WORKOUT_ENTITY_ID, EXERCISE_ACTIVITIES_ID)  VALUES (59, 5904);
INSERT INTO EXERCISE_ACTIVITY_ENTITY (ID, NOTES, EXERCISE_ID) VALUES (5905, '', SELECT ID FROM EXERCISE_ENTITY WHERE NAME = 'Seated Calf Raise');
INSERT INTO EXERCISE_SET_ENTITY (SET_TYPE, ID, NUMBER_OF_REPS, STATUS , WEIGHT , WEIGHT_KG) VALUES ('WeightedSet', 59050, 20.0, 0, null, 20);
INSERT INTO EXERCISE_ACTIVITY_ENTITY_SETS (EXERCISE_ACTIVITY_ENTITY_ID, SETS_ID) VALUES (5905, 59050);
INSERT INTO EXERCISE_SET_ENTITY (SET_TYPE, ID, NUMBER_OF_REPS, STATUS , WEIGHT , WEIGHT_KG) VALUES ('WeightedSet', 59051, 20.0, 0, null, 20);
INSERT INTO EXERCISE_ACTIVITY_ENTITY_SETS (EXERCISE_ACTIVITY_ENTITY_ID, SETS_ID) VALUES (5905, 59051);
INSERT INTO WORKOUT_ENTITY_EXERCISE_ACTIVITIES (WORKOUT_ENTITY_ID, EXERCISE_ACTIVITIES_ID)  VALUES (59, 5905);
INSERT INTO EXERCISE_ACTIVITY_ENTITY (ID, NOTES, EXERCISE_ID) VALUES (5906, '', SELECT ID FROM EXERCISE_ENTITY WHERE NAME = 'Standing Calf Raise');
INSERT INTO EXERCISE_SET_ENTITY (SET_TYPE, ID, NUMBER_OF_REPS, STATUS , WEIGHT , WEIGHT_KG) VALUES ('WeightedSet', 59060, 10.0, 0, null, 125);
INSERT INTO EXERCISE_ACTIVITY_ENTITY_SETS (EXERCISE_ACTIVITY_ENTITY_ID, SETS_ID) VALUES (5906, 59060);
INSERT INTO EXERCISE_SET_ENTITY (SET_TYPE, ID, NUMBER_OF_REPS, STATUS , WEIGHT , WEIGHT_KG) VALUES ('WeightedSet', 59061, 10.0, 0, null, 125);
INSERT INTO EXERCISE_ACTIVITY_ENTITY_SETS (EXERCISE_ACTIVITY_ENTITY_ID, SETS_ID) VALUES (5906, 59061);
INSERT INTO WORKOUT_ENTITY_EXERCISE_ACTIVITIES (WORKOUT_ENTITY_ID, EXERCISE_ACTIVITIES_ID)  VALUES (59, 5906);
INSERT INTO WORKOUT_ENTITY (ID, NAME, NOTES, PERFORMED_AT_TIMESTAMP_UTC, WORKOUT_TYPE) VALUES (60, '2019-11-12 15:50:00', 'Notes', '2019-11-12 15:50:00', 'PULL');
INSERT INTO EXERCISE_ACTIVITY_ENTITY (ID, NOTES, EXERCISE_ID) VALUES (6000, '', SELECT ID FROM EXERCISE_ENTITY WHERE NAME = 'Bent Over Row');
INSERT INTO EXERCISE_SET_ENTITY (SET_TYPE, ID, NUMBER_OF_REPS, STATUS , WEIGHT , WEIGHT_KG) VALUES ('WeightedSet', 60000, 15.0, 0, null, 20);
INSERT INTO EXERCISE_ACTIVITY_ENTITY_SETS (EXERCISE_ACTIVITY_ENTITY_ID, SETS_ID) VALUES (6000, 60000);
INSERT INTO EXERCISE_SET_ENTITY (SET_TYPE, ID, NUMBER_OF_REPS, STATUS , WEIGHT , WEIGHT_KG) VALUES ('WeightedSet', 60001, 10.0, 0, null, 30);
INSERT INTO EXERCISE_ACTIVITY_ENTITY_SETS (EXERCISE_ACTIVITY_ENTITY_ID, SETS_ID) VALUES (6000, 60001);
INSERT INTO EXERCISE_SET_ENTITY (SET_TYPE, ID, NUMBER_OF_REPS, STATUS , WEIGHT , WEIGHT_KG) VALUES ('WeightedSet', 60002, 11.0, 0, null, 40);
INSERT INTO EXERCISE_ACTIVITY_ENTITY_SETS (EXERCISE_ACTIVITY_ENTITY_ID, SETS_ID) VALUES (6000, 60002);
INSERT INTO EXERCISE_SET_ENTITY (SET_TYPE, ID, NUMBER_OF_REPS, STATUS , WEIGHT , WEIGHT_KG) VALUES ('WeightedSet', 60003, 10.0, 0, null, 40);
INSERT INTO EXERCISE_ACTIVITY_ENTITY_SETS (EXERCISE_ACTIVITY_ENTITY_ID, SETS_ID) VALUES (6000, 60003);
INSERT INTO EXERCISE_SET_ENTITY (SET_TYPE, ID, NUMBER_OF_REPS, STATUS , WEIGHT , WEIGHT_KG) VALUES ('WeightedSet', 60004, 10.0, 0, null, 40);
INSERT INTO EXERCISE_ACTIVITY_ENTITY_SETS (EXERCISE_ACTIVITY_ENTITY_ID, SETS_ID) VALUES (6000, 60004);
INSERT INTO WORKOUT_ENTITY_EXERCISE_ACTIVITIES (WORKOUT_ENTITY_ID, EXERCISE_ACTIVITIES_ID)  VALUES (60, 6000);
INSERT INTO EXERCISE_ACTIVITY_ENTITY (ID, NOTES, EXERCISE_ID) VALUES (6001, '', SELECT ID FROM EXERCISE_ENTITY WHERE NAME = 'Chin Up');
INSERT INTO EXERCISE_SET_ENTITY (SET_TYPE, ID, NUMBER_OF_REPS, STATUS , WEIGHT , WEIGHT_KG) VALUES ('NonWeightedSet', 60010, 7.0, 0, 'body', null);
INSERT INTO EXERCISE_ACTIVITY_ENTITY_SETS (EXERCISE_ACTIVITY_ENTITY_ID, SETS_ID) VALUES (6001, 60010);
INSERT INTO EXERCISE_SET_ENTITY (SET_TYPE, ID, NUMBER_OF_REPS, STATUS , WEIGHT , WEIGHT_KG) VALUES ('NonWeightedSet', 60011, 7.0, 0, 'body', null);
INSERT INTO EXERCISE_ACTIVITY_ENTITY_SETS (EXERCISE_ACTIVITY_ENTITY_ID, SETS_ID) VALUES (6001, 60011);
INSERT INTO EXERCISE_SET_ENTITY (SET_TYPE, ID, NUMBER_OF_REPS, STATUS , WEIGHT , WEIGHT_KG) VALUES ('NonWeightedSet', 60012, 7.0, 0, 'body', null);
INSERT INTO EXERCISE_ACTIVITY_ENTITY_SETS (EXERCISE_ACTIVITY_ENTITY_ID, SETS_ID) VALUES (6001, 60012);
INSERT INTO WORKOUT_ENTITY_EXERCISE_ACTIVITIES (WORKOUT_ENTITY_ID, EXERCISE_ACTIVITIES_ID)  VALUES (60, 6001);
INSERT INTO EXERCISE_ACTIVITY_ENTITY (ID, NOTES, EXERCISE_ID) VALUES (6002, '', SELECT ID FROM EXERCISE_ENTITY WHERE NAME = 'Inverted Row');
INSERT INTO EXERCISE_SET_ENTITY (SET_TYPE, ID, NUMBER_OF_REPS, STATUS , WEIGHT , WEIGHT_KG) VALUES ('NonWeightedSet', 60020, 11.0, 0, 'body', null);
INSERT INTO EXERCISE_ACTIVITY_ENTITY_SETS (EXERCISE_ACTIVITY_ENTITY_ID, SETS_ID) VALUES (6002, 60020);
INSERT INTO EXERCISE_SET_ENTITY (SET_TYPE, ID, NUMBER_OF_REPS, STATUS , WEIGHT , WEIGHT_KG) VALUES ('NonWeightedSet', 60021, 8.0, 0, 'body', null);
INSERT INTO EXERCISE_ACTIVITY_ENTITY_SETS (EXERCISE_ACTIVITY_ENTITY_ID, SETS_ID) VALUES (6002, 60021);
INSERT INTO EXERCISE_SET_ENTITY (SET_TYPE, ID, NUMBER_OF_REPS, STATUS , WEIGHT , WEIGHT_KG) VALUES ('NonWeightedSet', 60022, 8.0, 0, 'body', null);
INSERT INTO EXERCISE_ACTIVITY_ENTITY_SETS (EXERCISE_ACTIVITY_ENTITY_ID, SETS_ID) VALUES (6002, 60022);
INSERT INTO EXERCISE_SET_ENTITY (SET_TYPE, ID, NUMBER_OF_REPS, STATUS , WEIGHT , WEIGHT_KG) VALUES ('NonWeightedSet', 60023, 10.0, 0, 'body', null);
INSERT INTO EXERCISE_ACTIVITY_ENTITY_SETS (EXERCISE_ACTIVITY_ENTITY_ID, SETS_ID) VALUES (6002, 60023);
INSERT INTO WORKOUT_ENTITY_EXERCISE_ACTIVITIES (WORKOUT_ENTITY_ID, EXERCISE_ACTIVITIES_ID)  VALUES (60, 6002);
INSERT INTO EXERCISE_ACTIVITY_ENTITY (ID, NOTES, EXERCISE_ID) VALUES (6003, '', SELECT ID FROM EXERCISE_ENTITY WHERE NAME = 'Batwing Row');
INSERT INTO EXERCISE_SET_ENTITY (SET_TYPE, ID, NUMBER_OF_REPS, STATUS , WEIGHT , WEIGHT_KG) VALUES ('WeightedSet', 60030, 10.0, 0, null, 5);
INSERT INTO EXERCISE_ACTIVITY_ENTITY_SETS (EXERCISE_ACTIVITY_ENTITY_ID, SETS_ID) VALUES (6003, 60030);
INSERT INTO EXERCISE_SET_ENTITY (SET_TYPE, ID, NUMBER_OF_REPS, STATUS , WEIGHT , WEIGHT_KG) VALUES ('WeightedSet', 60031, 10.0, 0, null, 10);
INSERT INTO EXERCISE_ACTIVITY_ENTITY_SETS (EXERCISE_ACTIVITY_ENTITY_ID, SETS_ID) VALUES (6003, 60031);
INSERT INTO EXERCISE_SET_ENTITY (SET_TYPE, ID, NUMBER_OF_REPS, STATUS , WEIGHT , WEIGHT_KG) VALUES ('WeightedSet', 60032, 10.0, 0, null, 7.5);
INSERT INTO EXERCISE_ACTIVITY_ENTITY_SETS (EXERCISE_ACTIVITY_ENTITY_ID, SETS_ID) VALUES (6003, 60032);
INSERT INTO EXERCISE_SET_ENTITY (SET_TYPE, ID, NUMBER_OF_REPS, STATUS , WEIGHT , WEIGHT_KG) VALUES ('WeightedSet', 60033, 10.0, 0, null, 5);
INSERT INTO EXERCISE_ACTIVITY_ENTITY_SETS (EXERCISE_ACTIVITY_ENTITY_ID, SETS_ID) VALUES (6003, 60033);
INSERT INTO WORKOUT_ENTITY_EXERCISE_ACTIVITIES (WORKOUT_ENTITY_ID, EXERCISE_ACTIVITIES_ID)  VALUES (60, 6003);
INSERT INTO EXERCISE_ACTIVITY_ENTITY (ID, NOTES, EXERCISE_ID) VALUES (6004, '', SELECT ID FROM EXERCISE_ENTITY WHERE NAME = 'Rear Delt Fly');
INSERT INTO EXERCISE_SET_ENTITY (SET_TYPE, ID, NUMBER_OF_REPS, STATUS , WEIGHT , WEIGHT_KG) VALUES ('WeightedSet', 60040, 20.0, 0, null, 1.25);
INSERT INTO EXERCISE_ACTIVITY_ENTITY_SETS (EXERCISE_ACTIVITY_ENTITY_ID, SETS_ID) VALUES (6004, 60040);
INSERT INTO EXERCISE_SET_ENTITY (SET_TYPE, ID, NUMBER_OF_REPS, STATUS , WEIGHT , WEIGHT_KG) VALUES ('WeightedSet', 60041, 20.0, 0, null, 1.25);
INSERT INTO EXERCISE_ACTIVITY_ENTITY_SETS (EXERCISE_ACTIVITY_ENTITY_ID, SETS_ID) VALUES (6004, 60041);
INSERT INTO EXERCISE_SET_ENTITY (SET_TYPE, ID, NUMBER_OF_REPS, STATUS , WEIGHT , WEIGHT_KG) VALUES ('WeightedSet', 60042, 20.0, 0, null, 1.25);
INSERT INTO EXERCISE_ACTIVITY_ENTITY_SETS (EXERCISE_ACTIVITY_ENTITY_ID, SETS_ID) VALUES (6004, 60042);
INSERT INTO EXERCISE_SET_ENTITY (SET_TYPE, ID, NUMBER_OF_REPS, STATUS , WEIGHT , WEIGHT_KG) VALUES ('WeightedSet', 60043, 20.0, 0, null, 1.25);
INSERT INTO EXERCISE_ACTIVITY_ENTITY_SETS (EXERCISE_ACTIVITY_ENTITY_ID, SETS_ID) VALUES (6004, 60043);
INSERT INTO WORKOUT_ENTITY_EXERCISE_ACTIVITIES (WORKOUT_ENTITY_ID, EXERCISE_ACTIVITIES_ID)  VALUES (60, 6004);
INSERT INTO EXERCISE_ACTIVITY_ENTITY (ID, NOTES, EXERCISE_ID) VALUES (6005, '', SELECT ID FROM EXERCISE_ENTITY WHERE NAME = 'Barbell Curl');
INSERT INTO EXERCISE_SET_ENTITY (SET_TYPE, ID, NUMBER_OF_REPS, STATUS , WEIGHT , WEIGHT_KG) VALUES ('WeightedSet', 60050, 10.0, 0, null, 22.5);
INSERT INTO EXERCISE_ACTIVITY_ENTITY_SETS (EXERCISE_ACTIVITY_ENTITY_ID, SETS_ID) VALUES (6005, 60050);
INSERT INTO EXERCISE_SET_ENTITY (SET_TYPE, ID, NUMBER_OF_REPS, STATUS , WEIGHT , WEIGHT_KG) VALUES ('WeightedSet', 60051, 10.0, 0, null, 22.5);
INSERT INTO EXERCISE_ACTIVITY_ENTITY_SETS (EXERCISE_ACTIVITY_ENTITY_ID, SETS_ID) VALUES (6005, 60051);
INSERT INTO EXERCISE_SET_ENTITY (SET_TYPE, ID, NUMBER_OF_REPS, STATUS , WEIGHT , WEIGHT_KG) VALUES ('WeightedSet', 60052, 10.0, 0, null, 22.5);
INSERT INTO EXERCISE_ACTIVITY_ENTITY_SETS (EXERCISE_ACTIVITY_ENTITY_ID, SETS_ID) VALUES (6005, 60052);
INSERT INTO EXERCISE_SET_ENTITY (SET_TYPE, ID, NUMBER_OF_REPS, STATUS , WEIGHT , WEIGHT_KG) VALUES ('WeightedSet', 60053, 10.0, 0, null, 22.5);
INSERT INTO EXERCISE_ACTIVITY_ENTITY_SETS (EXERCISE_ACTIVITY_ENTITY_ID, SETS_ID) VALUES (6005, 60053);
INSERT INTO WORKOUT_ENTITY_EXERCISE_ACTIVITIES (WORKOUT_ENTITY_ID, EXERCISE_ACTIVITIES_ID)  VALUES (60, 6005);
INSERT INTO EXERCISE_ACTIVITY_ENTITY (ID, NOTES, EXERCISE_ID) VALUES (6006, '', SELECT ID FROM EXERCISE_ENTITY WHERE NAME = 'Reverse Dumbbell Curl');
INSERT INTO EXERCISE_SET_ENTITY (SET_TYPE, ID, NUMBER_OF_REPS, STATUS , WEIGHT , WEIGHT_KG) VALUES ('WeightedSet', 60060, 10.0, 0, null, 5);
INSERT INTO EXERCISE_ACTIVITY_ENTITY_SETS (EXERCISE_ACTIVITY_ENTITY_ID, SETS_ID) VALUES (6006, 60060);
INSERT INTO EXERCISE_SET_ENTITY (SET_TYPE, ID, NUMBER_OF_REPS, STATUS , WEIGHT , WEIGHT_KG) VALUES ('WeightedSet', 60061, 10.0, 0, null, 5);
INSERT INTO EXERCISE_ACTIVITY_ENTITY_SETS (EXERCISE_ACTIVITY_ENTITY_ID, SETS_ID) VALUES (6006, 60061);
INSERT INTO WORKOUT_ENTITY_EXERCISE_ACTIVITIES (WORKOUT_ENTITY_ID, EXERCISE_ACTIVITIES_ID)  VALUES (60, 6006);
INSERT INTO EXERCISE_ACTIVITY_ENTITY (ID, NOTES, EXERCISE_ID) VALUES (6007, '', SELECT ID FROM EXERCISE_ENTITY WHERE NAME = 'Deadhang');
INSERT INTO EXERCISE_SET_ENTITY (SET_TYPE, ID, NUMBER_OF_REPS, STATUS , WEIGHT , WEIGHT_KG) VALUES ('NonWeightedSet', 60070, 1, 0, '30 seconds', null);
INSERT INTO EXERCISE_ACTIVITY_ENTITY_SETS (EXERCISE_ACTIVITY_ENTITY_ID, SETS_ID) VALUES (6007, 60070);
INSERT INTO EXERCISE_SET_ENTITY (SET_TYPE, ID, NUMBER_OF_REPS, STATUS , WEIGHT , WEIGHT_KG) VALUES ('NonWeightedSet', 60071, 1, 0, '10 seconds', null);
INSERT INTO EXERCISE_ACTIVITY_ENTITY_SETS (EXERCISE_ACTIVITY_ENTITY_ID, SETS_ID) VALUES (6007, 60071);
INSERT INTO WORKOUT_ENTITY_EXERCISE_ACTIVITIES (WORKOUT_ENTITY_ID, EXERCISE_ACTIVITIES_ID)  VALUES (60, 6007);
INSERT INTO WORKOUT_ENTITY (ID, NAME, NOTES, PERFORMED_AT_TIMESTAMP_UTC, WORKOUT_TYPE) VALUES (61, '2019-11-13 15:40:00', 'Notes', '2019-11-13 15:40:00', 'PUSH');
INSERT INTO EXERCISE_ACTIVITY_ENTITY (ID, NOTES, EXERCISE_ID) VALUES (6100, '', SELECT ID FROM EXERCISE_ENTITY WHERE NAME = 'Bench Press');
INSERT INTO EXERCISE_SET_ENTITY (SET_TYPE, ID, NUMBER_OF_REPS, STATUS , WEIGHT , WEIGHT_KG) VALUES ('WeightedSet', 61000, 8.0, 0, null, 20);
INSERT INTO EXERCISE_ACTIVITY_ENTITY_SETS (EXERCISE_ACTIVITY_ENTITY_ID, SETS_ID) VALUES (6100, 61000);
INSERT INTO EXERCISE_SET_ENTITY (SET_TYPE, ID, NUMBER_OF_REPS, STATUS , WEIGHT , WEIGHT_KG) VALUES ('WeightedSet', 61001, 8.0, 0, null, 40);
INSERT INTO EXERCISE_ACTIVITY_ENTITY_SETS (EXERCISE_ACTIVITY_ENTITY_ID, SETS_ID) VALUES (6100, 61001);
INSERT INTO EXERCISE_SET_ENTITY (SET_TYPE, ID, NUMBER_OF_REPS, STATUS , WEIGHT , WEIGHT_KG) VALUES ('WeightedSet', 61002, 8.0, 0, null, 52.5);
INSERT INTO EXERCISE_ACTIVITY_ENTITY_SETS (EXERCISE_ACTIVITY_ENTITY_ID, SETS_ID) VALUES (6100, 61002);
INSERT INTO EXERCISE_SET_ENTITY (SET_TYPE, ID, NUMBER_OF_REPS, STATUS , WEIGHT , WEIGHT_KG) VALUES ('WeightedSet', 61003, 8.0, 0, null, 52.5);
INSERT INTO EXERCISE_ACTIVITY_ENTITY_SETS (EXERCISE_ACTIVITY_ENTITY_ID, SETS_ID) VALUES (6100, 61003);
INSERT INTO EXERCISE_SET_ENTITY (SET_TYPE, ID, NUMBER_OF_REPS, STATUS , WEIGHT , WEIGHT_KG) VALUES ('WeightedSet', 61004, 7.0, 1, null, 52.5);
INSERT INTO EXERCISE_ACTIVITY_ENTITY_SETS (EXERCISE_ACTIVITY_ENTITY_ID, SETS_ID) VALUES (6100, 61004);
INSERT INTO WORKOUT_ENTITY_EXERCISE_ACTIVITIES (WORKOUT_ENTITY_ID, EXERCISE_ACTIVITIES_ID)  VALUES (61, 6100);
INSERT INTO EXERCISE_ACTIVITY_ENTITY (ID, NOTES, EXERCISE_ID) VALUES (6101, '', SELECT ID FROM EXERCISE_ENTITY WHERE NAME = 'Overhead Press');
INSERT INTO EXERCISE_SET_ENTITY (SET_TYPE, ID, NUMBER_OF_REPS, STATUS , WEIGHT , WEIGHT_KG) VALUES ('WeightedSet', 61010, 5.0, 0, null, 20);
INSERT INTO EXERCISE_ACTIVITY_ENTITY_SETS (EXERCISE_ACTIVITY_ENTITY_ID, SETS_ID) VALUES (6101, 61010);
INSERT INTO EXERCISE_SET_ENTITY (SET_TYPE, ID, NUMBER_OF_REPS, STATUS , WEIGHT , WEIGHT_KG) VALUES ('WeightedSet', 61011, 5.0, 0, null, 37.5);
INSERT INTO EXERCISE_ACTIVITY_ENTITY_SETS (EXERCISE_ACTIVITY_ENTITY_ID, SETS_ID) VALUES (6101, 61011);
INSERT INTO EXERCISE_SET_ENTITY (SET_TYPE, ID, NUMBER_OF_REPS, STATUS , WEIGHT , WEIGHT_KG) VALUES ('WeightedSet', 61012, 5.0, 0, null, 37.5);
INSERT INTO EXERCISE_ACTIVITY_ENTITY_SETS (EXERCISE_ACTIVITY_ENTITY_ID, SETS_ID) VALUES (6101, 61012);
INSERT INTO EXERCISE_SET_ENTITY (SET_TYPE, ID, NUMBER_OF_REPS, STATUS , WEIGHT , WEIGHT_KG) VALUES ('WeightedSet', 61013, 5.0, 0, null, 37.5);
INSERT INTO EXERCISE_ACTIVITY_ENTITY_SETS (EXERCISE_ACTIVITY_ENTITY_ID, SETS_ID) VALUES (6101, 61013);
INSERT INTO EXERCISE_SET_ENTITY (SET_TYPE, ID, NUMBER_OF_REPS, STATUS , WEIGHT , WEIGHT_KG) VALUES ('WeightedSet', 61014, 5.0, 0, null, 37.5);
INSERT INTO EXERCISE_ACTIVITY_ENTITY_SETS (EXERCISE_ACTIVITY_ENTITY_ID, SETS_ID) VALUES (6101, 61014);
INSERT INTO EXERCISE_SET_ENTITY (SET_TYPE, ID, NUMBER_OF_REPS, STATUS , WEIGHT , WEIGHT_KG) VALUES ('WeightedSet', 61015, 7.0, 0, null, 37.5);
INSERT INTO EXERCISE_ACTIVITY_ENTITY_SETS (EXERCISE_ACTIVITY_ENTITY_ID, SETS_ID) VALUES (6101, 61015);
INSERT INTO WORKOUT_ENTITY_EXERCISE_ACTIVITIES (WORKOUT_ENTITY_ID, EXERCISE_ACTIVITIES_ID)  VALUES (61, 6101);
INSERT INTO EXERCISE_ACTIVITY_ENTITY (ID, NOTES, EXERCISE_ID) VALUES (6102, '', SELECT ID FROM EXERCISE_ENTITY WHERE NAME = 'Incline Dumbbell Press');
INSERT INTO EXERCISE_SET_ENTITY (SET_TYPE, ID, NUMBER_OF_REPS, STATUS , WEIGHT , WEIGHT_KG) VALUES ('WeightedSet', 61020, 10.0, 0, null, 10);
INSERT INTO EXERCISE_ACTIVITY_ENTITY_SETS (EXERCISE_ACTIVITY_ENTITY_ID, SETS_ID) VALUES (6102, 61020);
INSERT INTO EXERCISE_SET_ENTITY (SET_TYPE, ID, NUMBER_OF_REPS, STATUS , WEIGHT , WEIGHT_KG) VALUES ('WeightedSet', 61021, 8.0, 0, null, 20);
INSERT INTO EXERCISE_ACTIVITY_ENTITY_SETS (EXERCISE_ACTIVITY_ENTITY_ID, SETS_ID) VALUES (6102, 61021);
INSERT INTO EXERCISE_SET_ENTITY (SET_TYPE, ID, NUMBER_OF_REPS, STATUS , WEIGHT , WEIGHT_KG) VALUES ('WeightedSet', 61022, 7.0, 1, null, 20);
INSERT INTO EXERCISE_ACTIVITY_ENTITY_SETS (EXERCISE_ACTIVITY_ENTITY_ID, SETS_ID) VALUES (6102, 61022);
INSERT INTO EXERCISE_SET_ENTITY (SET_TYPE, ID, NUMBER_OF_REPS, STATUS , WEIGHT , WEIGHT_KG) VALUES ('WeightedSet', 61023, 7.0, 1, null, 20);
INSERT INTO EXERCISE_ACTIVITY_ENTITY_SETS (EXERCISE_ACTIVITY_ENTITY_ID, SETS_ID) VALUES (6102, 61023);
INSERT INTO WORKOUT_ENTITY_EXERCISE_ACTIVITIES (WORKOUT_ENTITY_ID, EXERCISE_ACTIVITIES_ID)  VALUES (61, 6102);
INSERT INTO EXERCISE_ACTIVITY_ENTITY (ID, NOTES, EXERCISE_ID) VALUES (6103, '', SELECT ID FROM EXERCISE_ENTITY WHERE NAME = 'Lateral Raise');
INSERT INTO EXERCISE_SET_ENTITY (SET_TYPE, ID, NUMBER_OF_REPS, STATUS , WEIGHT , WEIGHT_KG) VALUES ('WeightedSet', 61030, 20.0, 0, null, 2.5);
INSERT INTO EXERCISE_ACTIVITY_ENTITY_SETS (EXERCISE_ACTIVITY_ENTITY_ID, SETS_ID) VALUES (6103, 61030);
INSERT INTO EXERCISE_SET_ENTITY (SET_TYPE, ID, NUMBER_OF_REPS, STATUS , WEIGHT , WEIGHT_KG) VALUES ('WeightedSet', 61031, 15.0, 0, null, 5);
INSERT INTO EXERCISE_ACTIVITY_ENTITY_SETS (EXERCISE_ACTIVITY_ENTITY_ID, SETS_ID) VALUES (6103, 61031);
INSERT INTO EXERCISE_SET_ENTITY (SET_TYPE, ID, NUMBER_OF_REPS, STATUS , WEIGHT , WEIGHT_KG) VALUES ('WeightedSet', 61032, 14.0, 1, null, 5);
INSERT INTO EXERCISE_ACTIVITY_ENTITY_SETS (EXERCISE_ACTIVITY_ENTITY_ID, SETS_ID) VALUES (6103, 61032);
INSERT INTO WORKOUT_ENTITY_EXERCISE_ACTIVITIES (WORKOUT_ENTITY_ID, EXERCISE_ACTIVITIES_ID)  VALUES (61, 6103);
INSERT INTO EXERCISE_ACTIVITY_ENTITY (ID, NOTES, EXERCISE_ID) VALUES (6104, '', SELECT ID FROM EXERCISE_ENTITY WHERE NAME = 'Dip');
INSERT INTO EXERCISE_SET_ENTITY (SET_TYPE, ID, NUMBER_OF_REPS, STATUS , WEIGHT , WEIGHT_KG) VALUES ('NonWeightedSet', 61040, 8.0, 0, 'body', null);
INSERT INTO EXERCISE_ACTIVITY_ENTITY_SETS (EXERCISE_ACTIVITY_ENTITY_ID, SETS_ID) VALUES (6104, 61040);
INSERT INTO EXERCISE_SET_ENTITY (SET_TYPE, ID, NUMBER_OF_REPS, STATUS , WEIGHT , WEIGHT_KG) VALUES ('NonWeightedSet', 61041, 8.0, 0, 'body', null);
INSERT INTO EXERCISE_ACTIVITY_ENTITY_SETS (EXERCISE_ACTIVITY_ENTITY_ID, SETS_ID) VALUES (6104, 61041);
INSERT INTO EXERCISE_SET_ENTITY (SET_TYPE, ID, NUMBER_OF_REPS, STATUS , WEIGHT , WEIGHT_KG) VALUES ('NonWeightedSet', 61042, 7.0, 1, 'body', null);
INSERT INTO EXERCISE_ACTIVITY_ENTITY_SETS (EXERCISE_ACTIVITY_ENTITY_ID, SETS_ID) VALUES (6104, 61042);
INSERT INTO WORKOUT_ENTITY_EXERCISE_ACTIVITIES (WORKOUT_ENTITY_ID, EXERCISE_ACTIVITIES_ID)  VALUES (61, 6104);
INSERT INTO EXERCISE_ACTIVITY_ENTITY (ID, NOTES, EXERCISE_ID) VALUES (6105, '', SELECT ID FROM EXERCISE_ENTITY WHERE NAME = 'Deadhang');
INSERT INTO EXERCISE_SET_ENTITY (SET_TYPE, ID, NUMBER_OF_REPS, STATUS , WEIGHT , WEIGHT_KG) VALUES ('NonWeightedSet', 61050, 1, 0, '40 seconds', null);
INSERT INTO EXERCISE_ACTIVITY_ENTITY_SETS (EXERCISE_ACTIVITY_ENTITY_ID, SETS_ID) VALUES (6105, 61050);
INSERT INTO EXERCISE_SET_ENTITY (SET_TYPE, ID, NUMBER_OF_REPS, STATUS , WEIGHT , WEIGHT_KG) VALUES ('NonWeightedSet', 61051, 1, 0, '27 seconds', null);
INSERT INTO EXERCISE_ACTIVITY_ENTITY_SETS (EXERCISE_ACTIVITY_ENTITY_ID, SETS_ID) VALUES (6105, 61051);
INSERT INTO WORKOUT_ENTITY_EXERCISE_ACTIVITIES (WORKOUT_ENTITY_ID, EXERCISE_ACTIVITIES_ID)  VALUES (61, 6105);
INSERT INTO WORKOUT_ENTITY (ID, NAME, NOTES, PERFORMED_AT_TIMESTAMP_UTC, WORKOUT_TYPE) VALUES (62, '2019-11-14 15:40:00', 'Notes', '2019-11-14 15:40:00', 'LEGS');
INSERT INTO EXERCISE_ACTIVITY_ENTITY (ID, NOTES, EXERCISE_ID) VALUES (6200, '', SELECT ID FROM EXERCISE_ENTITY WHERE NAME = 'Squat');
INSERT INTO EXERCISE_SET_ENTITY (SET_TYPE, ID, NUMBER_OF_REPS, STATUS , WEIGHT , WEIGHT_KG) VALUES ('NonWeightedSet', 62000, 8.0, 0, 'body', null);
INSERT INTO EXERCISE_ACTIVITY_ENTITY_SETS (EXERCISE_ACTIVITY_ENTITY_ID, SETS_ID) VALUES (6200, 62000);
INSERT INTO EXERCISE_SET_ENTITY (SET_TYPE, ID, NUMBER_OF_REPS, STATUS , WEIGHT , WEIGHT_KG) VALUES ('WeightedSet', 62001, 8.0, 0, null, 20);
INSERT INTO EXERCISE_ACTIVITY_ENTITY_SETS (EXERCISE_ACTIVITY_ENTITY_ID, SETS_ID) VALUES (6200, 62001);
INSERT INTO EXERCISE_SET_ENTITY (SET_TYPE, ID, NUMBER_OF_REPS, STATUS , WEIGHT , WEIGHT_KG) VALUES ('WeightedSet', 62002, 5.0, 0, null, 40);
INSERT INTO EXERCISE_ACTIVITY_ENTITY_SETS (EXERCISE_ACTIVITY_ENTITY_ID, SETS_ID) VALUES (6200, 62002);
INSERT INTO EXERCISE_SET_ENTITY (SET_TYPE, ID, NUMBER_OF_REPS, STATUS , WEIGHT , WEIGHT_KG) VALUES ('WeightedSet', 62003, 5.0, 0, null, 60);
INSERT INTO EXERCISE_ACTIVITY_ENTITY_SETS (EXERCISE_ACTIVITY_ENTITY_ID, SETS_ID) VALUES (6200, 62003);
INSERT INTO EXERCISE_SET_ENTITY (SET_TYPE, ID, NUMBER_OF_REPS, STATUS , WEIGHT , WEIGHT_KG) VALUES ('WeightedSet', 62004, 8.0, 0, null, 72.5);
INSERT INTO EXERCISE_ACTIVITY_ENTITY_SETS (EXERCISE_ACTIVITY_ENTITY_ID, SETS_ID) VALUES (6200, 62004);
INSERT INTO EXERCISE_SET_ENTITY (SET_TYPE, ID, NUMBER_OF_REPS, STATUS , WEIGHT , WEIGHT_KG) VALUES ('WeightedSet', 62005, 8.0, 0, null, 72.5);
INSERT INTO EXERCISE_ACTIVITY_ENTITY_SETS (EXERCISE_ACTIVITY_ENTITY_ID, SETS_ID) VALUES (6200, 62005);
INSERT INTO EXERCISE_SET_ENTITY (SET_TYPE, ID, NUMBER_OF_REPS, STATUS , WEIGHT , WEIGHT_KG) VALUES ('WeightedSet', 62006, 8.0, 0, null, 72.5);
INSERT INTO EXERCISE_ACTIVITY_ENTITY_SETS (EXERCISE_ACTIVITY_ENTITY_ID, SETS_ID) VALUES (6200, 62006);
INSERT INTO WORKOUT_ENTITY_EXERCISE_ACTIVITIES (WORKOUT_ENTITY_ID, EXERCISE_ACTIVITIES_ID)  VALUES (62, 6200);
INSERT INTO EXERCISE_ACTIVITY_ENTITY (ID, NOTES, EXERCISE_ID) VALUES (6201, '', SELECT ID FROM EXERCISE_ENTITY WHERE NAME = 'Romanian Deadlift');
INSERT INTO EXERCISE_SET_ENTITY (SET_TYPE, ID, NUMBER_OF_REPS, STATUS , WEIGHT , WEIGHT_KG) VALUES ('WeightedSet', 62010, 8.0, 0, null, 20);
INSERT INTO EXERCISE_ACTIVITY_ENTITY_SETS (EXERCISE_ACTIVITY_ENTITY_ID, SETS_ID) VALUES (6201, 62010);
INSERT INTO EXERCISE_SET_ENTITY (SET_TYPE, ID, NUMBER_OF_REPS, STATUS , WEIGHT , WEIGHT_KG) VALUES ('WeightedSet', 62011, 4.0, 0, null, 40);
INSERT INTO EXERCISE_ACTIVITY_ENTITY_SETS (EXERCISE_ACTIVITY_ENTITY_ID, SETS_ID) VALUES (6201, 62011);
INSERT INTO EXERCISE_SET_ENTITY (SET_TYPE, ID, NUMBER_OF_REPS, STATUS , WEIGHT , WEIGHT_KG) VALUES ('WeightedSet', 62012, 8.0, 0, null, 57.5);
INSERT INTO EXERCISE_ACTIVITY_ENTITY_SETS (EXERCISE_ACTIVITY_ENTITY_ID, SETS_ID) VALUES (6201, 62012);
INSERT INTO EXERCISE_SET_ENTITY (SET_TYPE, ID, NUMBER_OF_REPS, STATUS , WEIGHT , WEIGHT_KG) VALUES ('WeightedSet', 62013, 8.0, 0, null, 57.5);
INSERT INTO EXERCISE_ACTIVITY_ENTITY_SETS (EXERCISE_ACTIVITY_ENTITY_ID, SETS_ID) VALUES (6201, 62013);
INSERT INTO EXERCISE_SET_ENTITY (SET_TYPE, ID, NUMBER_OF_REPS, STATUS , WEIGHT , WEIGHT_KG) VALUES ('WeightedSet', 62014, 8.0, 0, null, 57.5);
INSERT INTO EXERCISE_ACTIVITY_ENTITY_SETS (EXERCISE_ACTIVITY_ENTITY_ID, SETS_ID) VALUES (6201, 62014);
INSERT INTO WORKOUT_ENTITY_EXERCISE_ACTIVITIES (WORKOUT_ENTITY_ID, EXERCISE_ACTIVITIES_ID)  VALUES (62, 6201);
INSERT INTO EXERCISE_ACTIVITY_ENTITY (ID, NOTES, EXERCISE_ID) VALUES (6202, '', SELECT ID FROM EXERCISE_ENTITY WHERE NAME = 'Lying Leg Raise');
INSERT INTO EXERCISE_SET_ENTITY (SET_TYPE, ID, NUMBER_OF_REPS, STATUS , WEIGHT , WEIGHT_KG) VALUES ('NonWeightedSet', 62020, 10.0, 0, 'body', null);
INSERT INTO EXERCISE_ACTIVITY_ENTITY_SETS (EXERCISE_ACTIVITY_ENTITY_ID, SETS_ID) VALUES (6202, 62020);
INSERT INTO EXERCISE_SET_ENTITY (SET_TYPE, ID, NUMBER_OF_REPS, STATUS , WEIGHT , WEIGHT_KG) VALUES ('NonWeightedSet', 62021, 10.0, 0, 'body', null);
INSERT INTO EXERCISE_ACTIVITY_ENTITY_SETS (EXERCISE_ACTIVITY_ENTITY_ID, SETS_ID) VALUES (6202, 62021);
INSERT INTO EXERCISE_SET_ENTITY (SET_TYPE, ID, NUMBER_OF_REPS, STATUS , WEIGHT , WEIGHT_KG) VALUES ('NonWeightedSet', 62022, 10.0, 0, 'body', null);
INSERT INTO EXERCISE_ACTIVITY_ENTITY_SETS (EXERCISE_ACTIVITY_ENTITY_ID, SETS_ID) VALUES (6202, 62022);
INSERT INTO WORKOUT_ENTITY_EXERCISE_ACTIVITIES (WORKOUT_ENTITY_ID, EXERCISE_ACTIVITIES_ID)  VALUES (62, 6202);
INSERT INTO EXERCISE_ACTIVITY_ENTITY (ID, NOTES, EXERCISE_ID) VALUES (6203, '', SELECT ID FROM EXERCISE_ENTITY WHERE NAME = 'Bulgarian Split Squat');
INSERT INTO EXERCISE_SET_ENTITY (SET_TYPE, ID, NUMBER_OF_REPS, STATUS , WEIGHT , WEIGHT_KG) VALUES ('NonWeightedSet', 62030, 10.0, 0, 'body', null);
INSERT INTO EXERCISE_ACTIVITY_ENTITY_SETS (EXERCISE_ACTIVITY_ENTITY_ID, SETS_ID) VALUES (6203, 62030);
INSERT INTO EXERCISE_SET_ENTITY (SET_TYPE, ID, NUMBER_OF_REPS, STATUS , WEIGHT , WEIGHT_KG) VALUES ('WeightedSet', 62031, 10.0, 0, null, 5);
INSERT INTO EXERCISE_ACTIVITY_ENTITY_SETS (EXERCISE_ACTIVITY_ENTITY_ID, SETS_ID) VALUES (6203, 62031);
INSERT INTO EXERCISE_SET_ENTITY (SET_TYPE, ID, NUMBER_OF_REPS, STATUS , WEIGHT , WEIGHT_KG) VALUES ('NonWeightedSet', 62032, 7.0, 1, 'body', null);
INSERT INTO EXERCISE_ACTIVITY_ENTITY_SETS (EXERCISE_ACTIVITY_ENTITY_ID, SETS_ID) VALUES (6203, 62032);
INSERT INTO WORKOUT_ENTITY_EXERCISE_ACTIVITIES (WORKOUT_ENTITY_ID, EXERCISE_ACTIVITIES_ID)  VALUES (62, 6203);
INSERT INTO EXERCISE_ACTIVITY_ENTITY (ID, NOTES, EXERCISE_ID) VALUES (6204, '', SELECT ID FROM EXERCISE_ENTITY WHERE NAME = 'Glute Raise');
INSERT INTO EXERCISE_SET_ENTITY (SET_TYPE, ID, NUMBER_OF_REPS, STATUS , WEIGHT , WEIGHT_KG) VALUES ('WeightedSet', 62040, 10.0, 0, null, 20);
INSERT INTO EXERCISE_ACTIVITY_ENTITY_SETS (EXERCISE_ACTIVITY_ENTITY_ID, SETS_ID) VALUES (6204, 62040);
INSERT INTO EXERCISE_SET_ENTITY (SET_TYPE, ID, NUMBER_OF_REPS, STATUS , WEIGHT , WEIGHT_KG) VALUES ('NonWeightedSet', 62041, 10.0, 0, 'body', null);
INSERT INTO EXERCISE_ACTIVITY_ENTITY_SETS (EXERCISE_ACTIVITY_ENTITY_ID, SETS_ID) VALUES (6204, 62041);
INSERT INTO EXERCISE_SET_ENTITY (SET_TYPE, ID, NUMBER_OF_REPS, STATUS , WEIGHT , WEIGHT_KG) VALUES ('WeightedSet', 62042, 10.0, 0, null, 20);
INSERT INTO EXERCISE_ACTIVITY_ENTITY_SETS (EXERCISE_ACTIVITY_ENTITY_ID, SETS_ID) VALUES (6204, 62042);
INSERT INTO WORKOUT_ENTITY_EXERCISE_ACTIVITIES (WORKOUT_ENTITY_ID, EXERCISE_ACTIVITIES_ID)  VALUES (62, 6204);
INSERT INTO EXERCISE_ACTIVITY_ENTITY (ID, NOTES, EXERCISE_ID) VALUES (6205, '', SELECT ID FROM EXERCISE_ENTITY WHERE NAME = 'Glute Kickback');
INSERT INTO EXERCISE_SET_ENTITY (SET_TYPE, ID, NUMBER_OF_REPS, STATUS , WEIGHT , WEIGHT_KG) VALUES ('NonWeightedSet', 62050, 10.0, 0, 'red band', null);
INSERT INTO EXERCISE_ACTIVITY_ENTITY_SETS (EXERCISE_ACTIVITY_ENTITY_ID, SETS_ID) VALUES (6205, 62050);
INSERT INTO WORKOUT_ENTITY_EXERCISE_ACTIVITIES (WORKOUT_ENTITY_ID, EXERCISE_ACTIVITIES_ID)  VALUES (62, 6205);
INSERT INTO EXERCISE_ACTIVITY_ENTITY (ID, NOTES, EXERCISE_ID) VALUES (6206, '', SELECT ID FROM EXERCISE_ENTITY WHERE NAME = 'Seated Calf Raise');
INSERT INTO EXERCISE_SET_ENTITY (SET_TYPE, ID, NUMBER_OF_REPS, STATUS , WEIGHT , WEIGHT_KG) VALUES ('WeightedSet', 62060, 20.0, 0, null, 20);
INSERT INTO EXERCISE_ACTIVITY_ENTITY_SETS (EXERCISE_ACTIVITY_ENTITY_ID, SETS_ID) VALUES (6206, 62060);
INSERT INTO WORKOUT_ENTITY_EXERCISE_ACTIVITIES (WORKOUT_ENTITY_ID, EXERCISE_ACTIVITIES_ID)  VALUES (62, 6206);
INSERT INTO EXERCISE_ACTIVITY_ENTITY (ID, NOTES, EXERCISE_ID) VALUES (6207, '', SELECT ID FROM EXERCISE_ENTITY WHERE NAME = 'Standing Calf Raise');
INSERT INTO EXERCISE_SET_ENTITY (SET_TYPE, ID, NUMBER_OF_REPS, STATUS , WEIGHT , WEIGHT_KG) VALUES ('WeightedSet', 62070, 10.0, 0, null, 125);
INSERT INTO EXERCISE_ACTIVITY_ENTITY_SETS (EXERCISE_ACTIVITY_ENTITY_ID, SETS_ID) VALUES (6207, 62070);
INSERT INTO WORKOUT_ENTITY_EXERCISE_ACTIVITIES (WORKOUT_ENTITY_ID, EXERCISE_ACTIVITIES_ID)  VALUES (62, 6207);
INSERT INTO WORKOUT_ENTITY (ID, NAME, NOTES, PERFORMED_AT_TIMESTAMP_UTC, WORKOUT_TYPE) VALUES (63, '2019-12-02 11:20:00', 'Notes', '2019-12-02 11:20:00', 'PULL');
INSERT INTO EXERCISE_ACTIVITY_ENTITY (ID, NOTES, EXERCISE_ID) VALUES (6300, '', SELECT ID FROM EXERCISE_ENTITY WHERE NAME = 'Deadlift');
INSERT INTO EXERCISE_SET_ENTITY (SET_TYPE, ID, NUMBER_OF_REPS, STATUS , WEIGHT , WEIGHT_KG) VALUES ('WeightedSet', 63000, 5.0, 0, null, 20);
INSERT INTO EXERCISE_ACTIVITY_ENTITY_SETS (EXERCISE_ACTIVITY_ENTITY_ID, SETS_ID) VALUES (6300, 63000);
INSERT INTO EXERCISE_SET_ENTITY (SET_TYPE, ID, NUMBER_OF_REPS, STATUS , WEIGHT , WEIGHT_KG) VALUES ('WeightedSet', 63001, 5.0, 0, null, 60);
INSERT INTO EXERCISE_ACTIVITY_ENTITY_SETS (EXERCISE_ACTIVITY_ENTITY_ID, SETS_ID) VALUES (6300, 63001);
INSERT INTO EXERCISE_SET_ENTITY (SET_TYPE, ID, NUMBER_OF_REPS, STATUS , WEIGHT , WEIGHT_KG) VALUES ('WeightedSet', 63002, 3.0, 0, null, 90);
INSERT INTO EXERCISE_ACTIVITY_ENTITY_SETS (EXERCISE_ACTIVITY_ENTITY_ID, SETS_ID) VALUES (6300, 63002);
INSERT INTO EXERCISE_SET_ENTITY (SET_TYPE, ID, NUMBER_OF_REPS, STATUS , WEIGHT , WEIGHT_KG) VALUES ('WeightedSet', 63003, 2.0, 0, null, 110);
INSERT INTO EXERCISE_ACTIVITY_ENTITY_SETS (EXERCISE_ACTIVITY_ENTITY_ID, SETS_ID) VALUES (6300, 63003);
INSERT INTO EXERCISE_SET_ENTITY (SET_TYPE, ID, NUMBER_OF_REPS, STATUS , WEIGHT , WEIGHT_KG) VALUES ('WeightedSet', 63004, 5.0, 0, null, 125);
INSERT INTO EXERCISE_ACTIVITY_ENTITY_SETS (EXERCISE_ACTIVITY_ENTITY_ID, SETS_ID) VALUES (6300, 63004);
INSERT INTO EXERCISE_SET_ENTITY (SET_TYPE, ID, NUMBER_OF_REPS, STATUS , WEIGHT , WEIGHT_KG) VALUES ('WeightedSet', 63005, 5.0, 0, null, 110);
INSERT INTO EXERCISE_ACTIVITY_ENTITY_SETS (EXERCISE_ACTIVITY_ENTITY_ID, SETS_ID) VALUES (6300, 63005);
INSERT INTO WORKOUT_ENTITY_EXERCISE_ACTIVITIES (WORKOUT_ENTITY_ID, EXERCISE_ACTIVITIES_ID)  VALUES (63, 6300);
INSERT INTO EXERCISE_ACTIVITY_ENTITY (ID, NOTES, EXERCISE_ID) VALUES (6301, '', SELECT ID FROM EXERCISE_ENTITY WHERE NAME = 'Pull Up');
INSERT INTO EXERCISE_SET_ENTITY (SET_TYPE, ID, NUMBER_OF_REPS, STATUS , WEIGHT , WEIGHT_KG) VALUES ('NonWeightedSet', 63010, 5.0, 0, 'body', null);
INSERT INTO EXERCISE_ACTIVITY_ENTITY_SETS (EXERCISE_ACTIVITY_ENTITY_ID, SETS_ID) VALUES (6301, 63010);
INSERT INTO EXERCISE_SET_ENTITY (SET_TYPE, ID, NUMBER_OF_REPS, STATUS , WEIGHT , WEIGHT_KG) VALUES ('NonWeightedSet', 63011, 5.0, 0, 'body', null);
INSERT INTO EXERCISE_ACTIVITY_ENTITY_SETS (EXERCISE_ACTIVITY_ENTITY_ID, SETS_ID) VALUES (6301, 63011);
INSERT INTO EXERCISE_SET_ENTITY (SET_TYPE, ID, NUMBER_OF_REPS, STATUS , WEIGHT , WEIGHT_KG) VALUES ('NonWeightedSet', 63012, 5.0, 0, 'body', null);
INSERT INTO EXERCISE_ACTIVITY_ENTITY_SETS (EXERCISE_ACTIVITY_ENTITY_ID, SETS_ID) VALUES (6301, 63012);
INSERT INTO WORKOUT_ENTITY_EXERCISE_ACTIVITIES (WORKOUT_ENTITY_ID, EXERCISE_ACTIVITIES_ID)  VALUES (63, 6301);
INSERT INTO EXERCISE_ACTIVITY_ENTITY (ID, NOTES, EXERCISE_ID) VALUES (6302, '', SELECT ID FROM EXERCISE_ENTITY WHERE NAME = 'Inverted Row');
INSERT INTO EXERCISE_SET_ENTITY (SET_TYPE, ID, NUMBER_OF_REPS, STATUS , WEIGHT , WEIGHT_KG) VALUES ('NonWeightedSet', 63020, 8.0, 0, 'body', null);
INSERT INTO EXERCISE_ACTIVITY_ENTITY_SETS (EXERCISE_ACTIVITY_ENTITY_ID, SETS_ID) VALUES (6302, 63020);
INSERT INTO EXERCISE_SET_ENTITY (SET_TYPE, ID, NUMBER_OF_REPS, STATUS , WEIGHT , WEIGHT_KG) VALUES ('NonWeightedSet', 63021, 10.0, 0, 'body', null);
INSERT INTO EXERCISE_ACTIVITY_ENTITY_SETS (EXERCISE_ACTIVITY_ENTITY_ID, SETS_ID) VALUES (6302, 63021);
INSERT INTO EXERCISE_SET_ENTITY (SET_TYPE, ID, NUMBER_OF_REPS, STATUS , WEIGHT , WEIGHT_KG) VALUES ('NonWeightedSet', 63022, 7.0, 1, 'body', null);
INSERT INTO EXERCISE_ACTIVITY_ENTITY_SETS (EXERCISE_ACTIVITY_ENTITY_ID, SETS_ID) VALUES (6302, 63022);
INSERT INTO EXERCISE_SET_ENTITY (SET_TYPE, ID, NUMBER_OF_REPS, STATUS , WEIGHT , WEIGHT_KG) VALUES ('NonWeightedSet', 63023, 10.0, 0, 'body', null);
INSERT INTO EXERCISE_ACTIVITY_ENTITY_SETS (EXERCISE_ACTIVITY_ENTITY_ID, SETS_ID) VALUES (6302, 63023);
INSERT INTO WORKOUT_ENTITY_EXERCISE_ACTIVITIES (WORKOUT_ENTITY_ID, EXERCISE_ACTIVITIES_ID)  VALUES (63, 6302);
INSERT INTO EXERCISE_ACTIVITY_ENTITY (ID, NOTES, EXERCISE_ID) VALUES (6303, '', SELECT ID FROM EXERCISE_ENTITY WHERE NAME = 'Batwing Row');
INSERT INTO EXERCISE_SET_ENTITY (SET_TYPE, ID, NUMBER_OF_REPS, STATUS , WEIGHT , WEIGHT_KG) VALUES ('WeightedSet', 63030, 20.0, 0, null, 5);
INSERT INTO EXERCISE_ACTIVITY_ENTITY_SETS (EXERCISE_ACTIVITY_ENTITY_ID, SETS_ID) VALUES (6303, 63030);
INSERT INTO EXERCISE_SET_ENTITY (SET_TYPE, ID, NUMBER_OF_REPS, STATUS , WEIGHT , WEIGHT_KG) VALUES ('WeightedSet', 63031, 20.0, 0, null, 5);
INSERT INTO EXERCISE_ACTIVITY_ENTITY_SETS (EXERCISE_ACTIVITY_ENTITY_ID, SETS_ID) VALUES (6303, 63031);
INSERT INTO EXERCISE_SET_ENTITY (SET_TYPE, ID, NUMBER_OF_REPS, STATUS , WEIGHT , WEIGHT_KG) VALUES ('WeightedSet', 63032, 20.0, 0, null, 5);
INSERT INTO EXERCISE_ACTIVITY_ENTITY_SETS (EXERCISE_ACTIVITY_ENTITY_ID, SETS_ID) VALUES (6303, 63032);
INSERT INTO WORKOUT_ENTITY_EXERCISE_ACTIVITIES (WORKOUT_ENTITY_ID, EXERCISE_ACTIVITIES_ID)  VALUES (63, 6303);
INSERT INTO EXERCISE_ACTIVITY_ENTITY (ID, NOTES, EXERCISE_ID) VALUES (6304, '', SELECT ID FROM EXERCISE_ENTITY WHERE NAME = 'Rear Delt Fly');
INSERT INTO EXERCISE_SET_ENTITY (SET_TYPE, ID, NUMBER_OF_REPS, STATUS , WEIGHT , WEIGHT_KG) VALUES ('WeightedSet', 63040, 10.0, 0, null, 5);
INSERT INTO EXERCISE_ACTIVITY_ENTITY_SETS (EXERCISE_ACTIVITY_ENTITY_ID, SETS_ID) VALUES (6304, 63040);
INSERT INTO EXERCISE_SET_ENTITY (SET_TYPE, ID, NUMBER_OF_REPS, STATUS , WEIGHT , WEIGHT_KG) VALUES ('WeightedSet', 63041, 10.0, 0, null, 5);
INSERT INTO EXERCISE_ACTIVITY_ENTITY_SETS (EXERCISE_ACTIVITY_ENTITY_ID, SETS_ID) VALUES (6304, 63041);
INSERT INTO EXERCISE_SET_ENTITY (SET_TYPE, ID, NUMBER_OF_REPS, STATUS , WEIGHT , WEIGHT_KG) VALUES ('WeightedSet', 63042, 10.0, 0, null, 5);
INSERT INTO EXERCISE_ACTIVITY_ENTITY_SETS (EXERCISE_ACTIVITY_ENTITY_ID, SETS_ID) VALUES (6304, 63042);
INSERT INTO WORKOUT_ENTITY_EXERCISE_ACTIVITIES (WORKOUT_ENTITY_ID, EXERCISE_ACTIVITIES_ID)  VALUES (63, 6304);
INSERT INTO EXERCISE_ACTIVITY_ENTITY (ID, NOTES, EXERCISE_ID) VALUES (6305, '', SELECT ID FROM EXERCISE_ENTITY WHERE NAME = 'Barbell Curl');
INSERT INTO EXERCISE_SET_ENTITY (SET_TYPE, ID, NUMBER_OF_REPS, STATUS , WEIGHT , WEIGHT_KG) VALUES ('WeightedSet', 63050, 10.0, 0, null, 20);
INSERT INTO EXERCISE_ACTIVITY_ENTITY_SETS (EXERCISE_ACTIVITY_ENTITY_ID, SETS_ID) VALUES (6305, 63050);
INSERT INTO EXERCISE_SET_ENTITY (SET_TYPE, ID, NUMBER_OF_REPS, STATUS , WEIGHT , WEIGHT_KG) VALUES ('WeightedSet', 63051, 10.0, 0, null, 22.5);
INSERT INTO EXERCISE_ACTIVITY_ENTITY_SETS (EXERCISE_ACTIVITY_ENTITY_ID, SETS_ID) VALUES (6305, 63051);
INSERT INTO EXERCISE_SET_ENTITY (SET_TYPE, ID, NUMBER_OF_REPS, STATUS , WEIGHT , WEIGHT_KG) VALUES ('WeightedSet', 63052, 7.0, 1, null, 22.5);
INSERT INTO EXERCISE_ACTIVITY_ENTITY_SETS (EXERCISE_ACTIVITY_ENTITY_ID, SETS_ID) VALUES (6305, 63052);
INSERT INTO WORKOUT_ENTITY_EXERCISE_ACTIVITIES (WORKOUT_ENTITY_ID, EXERCISE_ACTIVITIES_ID)  VALUES (63, 6305);
INSERT INTO EXERCISE_ACTIVITY_ENTITY (ID, NOTES, EXERCISE_ID) VALUES (6306, '', SELECT ID FROM EXERCISE_ENTITY WHERE NAME = 'Dumbbell Curl');
INSERT INTO EXERCISE_SET_ENTITY (SET_TYPE, ID, NUMBER_OF_REPS, STATUS , WEIGHT , WEIGHT_KG) VALUES ('WeightedSet', 63060, 10.0, 0, null, 5);
INSERT INTO EXERCISE_ACTIVITY_ENTITY_SETS (EXERCISE_ACTIVITY_ENTITY_ID, SETS_ID) VALUES (6306, 63060);
INSERT INTO WORKOUT_ENTITY_EXERCISE_ACTIVITIES (WORKOUT_ENTITY_ID, EXERCISE_ACTIVITIES_ID)  VALUES (63, 6306);
INSERT INTO EXERCISE_ACTIVITY_ENTITY (ID, NOTES, EXERCISE_ID) VALUES (6307, '', SELECT ID FROM EXERCISE_ENTITY WHERE NAME = 'Preacher Curl');
INSERT INTO EXERCISE_SET_ENTITY (SET_TYPE, ID, NUMBER_OF_REPS, STATUS , WEIGHT , WEIGHT_KG) VALUES ('WeightedSet', 63070, 10.0, 0, null, 5);
INSERT INTO EXERCISE_ACTIVITY_ENTITY_SETS (EXERCISE_ACTIVITY_ENTITY_ID, SETS_ID) VALUES (6307, 63070);
INSERT INTO EXERCISE_SET_ENTITY (SET_TYPE, ID, NUMBER_OF_REPS, STATUS , WEIGHT , WEIGHT_KG) VALUES ('WeightedSet', 63071, 10.0, 0, null, 5);
INSERT INTO EXERCISE_ACTIVITY_ENTITY_SETS (EXERCISE_ACTIVITY_ENTITY_ID, SETS_ID) VALUES (6307, 63071);
INSERT INTO WORKOUT_ENTITY_EXERCISE_ACTIVITIES (WORKOUT_ENTITY_ID, EXERCISE_ACTIVITIES_ID)  VALUES (63, 6307);
INSERT INTO WORKOUT_ENTITY (ID, NAME, NOTES, PERFORMED_AT_TIMESTAMP_UTC, WORKOUT_TYPE) VALUES (64, '2019-12-03 11:45:00', 'Notes', '2019-12-03 11:45:00', 'PUSH');
INSERT INTO EXERCISE_ACTIVITY_ENTITY (ID, NOTES, EXERCISE_ID) VALUES (6400, '', SELECT ID FROM EXERCISE_ENTITY WHERE NAME = 'Dumbbell Floor Press');
INSERT INTO EXERCISE_SET_ENTITY (SET_TYPE, ID, NUMBER_OF_REPS, STATUS , WEIGHT , WEIGHT_KG) VALUES ('WeightedSet', 64000, 10.0, 0, null, 10);
INSERT INTO EXERCISE_ACTIVITY_ENTITY_SETS (EXERCISE_ACTIVITY_ENTITY_ID, SETS_ID) VALUES (6400, 64000);
INSERT INTO EXERCISE_SET_ENTITY (SET_TYPE, ID, NUMBER_OF_REPS, STATUS , WEIGHT , WEIGHT_KG) VALUES ('WeightedSet', 64001, 10.0, 0, null, 20);
INSERT INTO EXERCISE_ACTIVITY_ENTITY_SETS (EXERCISE_ACTIVITY_ENTITY_ID, SETS_ID) VALUES (6400, 64001);
INSERT INTO EXERCISE_SET_ENTITY (SET_TYPE, ID, NUMBER_OF_REPS, STATUS , WEIGHT , WEIGHT_KG) VALUES ('WeightedSet', 64002, 9.0, 1, null, 20);
INSERT INTO EXERCISE_ACTIVITY_ENTITY_SETS (EXERCISE_ACTIVITY_ENTITY_ID, SETS_ID) VALUES (6400, 64002);
INSERT INTO WORKOUT_ENTITY_EXERCISE_ACTIVITIES (WORKOUT_ENTITY_ID, EXERCISE_ACTIVITIES_ID)  VALUES (64, 6400);
INSERT INTO EXERCISE_ACTIVITY_ENTITY (ID, NOTES, EXERCISE_ID) VALUES (6401, '', SELECT ID FROM EXERCISE_ENTITY WHERE NAME = 'Reverse Bench Press');
INSERT INTO EXERCISE_SET_ENTITY (SET_TYPE, ID, NUMBER_OF_REPS, STATUS , WEIGHT , WEIGHT_KG) VALUES ('WeightedSet', 64010, 10.0, 0, null, 20);
INSERT INTO EXERCISE_ACTIVITY_ENTITY_SETS (EXERCISE_ACTIVITY_ENTITY_ID, SETS_ID) VALUES (6401, 64010);
INSERT INTO EXERCISE_SET_ENTITY (SET_TYPE, ID, NUMBER_OF_REPS, STATUS , WEIGHT , WEIGHT_KG) VALUES ('WeightedSet', 64011, 10.0, 0, null, 30);
INSERT INTO EXERCISE_ACTIVITY_ENTITY_SETS (EXERCISE_ACTIVITY_ENTITY_ID, SETS_ID) VALUES (6401, 64011);
INSERT INTO EXERCISE_SET_ENTITY (SET_TYPE, ID, NUMBER_OF_REPS, STATUS , WEIGHT , WEIGHT_KG) VALUES ('WeightedSet', 64012, 10.0, 0, null, 40);
INSERT INTO EXERCISE_ACTIVITY_ENTITY_SETS (EXERCISE_ACTIVITY_ENTITY_ID, SETS_ID) VALUES (6401, 64012);
INSERT INTO WORKOUT_ENTITY_EXERCISE_ACTIVITIES (WORKOUT_ENTITY_ID, EXERCISE_ACTIVITIES_ID)  VALUES (64, 6401);
INSERT INTO EXERCISE_ACTIVITY_ENTITY (ID, NOTES, EXERCISE_ID) VALUES (6402, '', SELECT ID FROM EXERCISE_ENTITY WHERE NAME = 'Barbell Floor Press');
INSERT INTO EXERCISE_SET_ENTITY (SET_TYPE, ID, NUMBER_OF_REPS, STATUS , WEIGHT , WEIGHT_KG) VALUES ('WeightedSet', 64020, 10.0, 0, null, 40);
INSERT INTO EXERCISE_ACTIVITY_ENTITY_SETS (EXERCISE_ACTIVITY_ENTITY_ID, SETS_ID) VALUES (6402, 64020);
INSERT INTO WORKOUT_ENTITY_EXERCISE_ACTIVITIES (WORKOUT_ENTITY_ID, EXERCISE_ACTIVITIES_ID)  VALUES (64, 6402);
INSERT INTO EXERCISE_ACTIVITY_ENTITY (ID, NOTES, EXERCISE_ID) VALUES (6403, '', SELECT ID FROM EXERCISE_ENTITY WHERE NAME = 'Overhead Press');
INSERT INTO EXERCISE_SET_ENTITY (SET_TYPE, ID, NUMBER_OF_REPS, STATUS , WEIGHT , WEIGHT_KG) VALUES ('WeightedSet', 64030, 5.0, 0, null, 20);
INSERT INTO EXERCISE_ACTIVITY_ENTITY_SETS (EXERCISE_ACTIVITY_ENTITY_ID, SETS_ID) VALUES (6403, 64030);
INSERT INTO EXERCISE_SET_ENTITY (SET_TYPE, ID, NUMBER_OF_REPS, STATUS , WEIGHT , WEIGHT_KG) VALUES ('WeightedSet', 64031, 5.0, 0, null, 35);
INSERT INTO EXERCISE_ACTIVITY_ENTITY_SETS (EXERCISE_ACTIVITY_ENTITY_ID, SETS_ID) VALUES (6403, 64031);
INSERT INTO EXERCISE_SET_ENTITY (SET_TYPE, ID, NUMBER_OF_REPS, STATUS , WEIGHT , WEIGHT_KG) VALUES ('WeightedSet', 64032, 5.0, 0, null, 35);
INSERT INTO EXERCISE_ACTIVITY_ENTITY_SETS (EXERCISE_ACTIVITY_ENTITY_ID, SETS_ID) VALUES (6403, 64032);
INSERT INTO EXERCISE_SET_ENTITY (SET_TYPE, ID, NUMBER_OF_REPS, STATUS , WEIGHT , WEIGHT_KG) VALUES ('WeightedSet', 64033, 5.0, 0, null, 35);
INSERT INTO EXERCISE_ACTIVITY_ENTITY_SETS (EXERCISE_ACTIVITY_ENTITY_ID, SETS_ID) VALUES (6403, 64033);
INSERT INTO EXERCISE_SET_ENTITY (SET_TYPE, ID, NUMBER_OF_REPS, STATUS , WEIGHT , WEIGHT_KG) VALUES ('WeightedSet', 64034, 5.0, 0, null, 35);
INSERT INTO EXERCISE_ACTIVITY_ENTITY_SETS (EXERCISE_ACTIVITY_ENTITY_ID, SETS_ID) VALUES (6403, 64034);
INSERT INTO EXERCISE_SET_ENTITY (SET_TYPE, ID, NUMBER_OF_REPS, STATUS , WEIGHT , WEIGHT_KG) VALUES ('WeightedSet', 64035, 5.0, 0, null, 35);
INSERT INTO EXERCISE_ACTIVITY_ENTITY_SETS (EXERCISE_ACTIVITY_ENTITY_ID, SETS_ID) VALUES (6403, 64035);
INSERT INTO WORKOUT_ENTITY_EXERCISE_ACTIVITIES (WORKOUT_ENTITY_ID, EXERCISE_ACTIVITIES_ID)  VALUES (64, 6403);
INSERT INTO EXERCISE_ACTIVITY_ENTITY (ID, NOTES, EXERCISE_ID) VALUES (6404, '', SELECT ID FROM EXERCISE_ENTITY WHERE NAME = 'Incline Dumbbell Fly');
INSERT INTO EXERCISE_SET_ENTITY (SET_TYPE, ID, NUMBER_OF_REPS, STATUS , WEIGHT , WEIGHT_KG) VALUES ('WeightedSet', 64040, 10.0, 0, null, 5);
INSERT INTO EXERCISE_ACTIVITY_ENTITY_SETS (EXERCISE_ACTIVITY_ENTITY_ID, SETS_ID) VALUES (6404, 64040);
INSERT INTO WORKOUT_ENTITY_EXERCISE_ACTIVITIES (WORKOUT_ENTITY_ID, EXERCISE_ACTIVITIES_ID)  VALUES (64, 6404);
INSERT INTO EXERCISE_ACTIVITY_ENTITY (ID, NOTES, EXERCISE_ID) VALUES (6405, '', SELECT ID FROM EXERCISE_ENTITY WHERE NAME = 'Dumbbell Fly');
INSERT INTO EXERCISE_SET_ENTITY (SET_TYPE, ID, NUMBER_OF_REPS, STATUS , WEIGHT , WEIGHT_KG) VALUES ('WeightedSet', 64050, 10.0, 0, null, 5);
INSERT INTO EXERCISE_ACTIVITY_ENTITY_SETS (EXERCISE_ACTIVITY_ENTITY_ID, SETS_ID) VALUES (6405, 64050);
INSERT INTO EXERCISE_SET_ENTITY (SET_TYPE, ID, NUMBER_OF_REPS, STATUS , WEIGHT , WEIGHT_KG) VALUES ('WeightedSet', 64051, 5.0, 1, null, 7.5);
INSERT INTO EXERCISE_ACTIVITY_ENTITY_SETS (EXERCISE_ACTIVITY_ENTITY_ID, SETS_ID) VALUES (6405, 64051);
INSERT INTO WORKOUT_ENTITY_EXERCISE_ACTIVITIES (WORKOUT_ENTITY_ID, EXERCISE_ACTIVITIES_ID)  VALUES (64, 6405);
INSERT INTO EXERCISE_ACTIVITY_ENTITY (ID, NOTES, EXERCISE_ID) VALUES (6406, '', SELECT ID FROM EXERCISE_ENTITY WHERE NAME = 'Lateral Raise');
INSERT INTO EXERCISE_SET_ENTITY (SET_TYPE, ID, NUMBER_OF_REPS, STATUS , WEIGHT , WEIGHT_KG) VALUES ('WeightedSet', 64060, 15.0, 0, null, 2.5);
INSERT INTO EXERCISE_ACTIVITY_ENTITY_SETS (EXERCISE_ACTIVITY_ENTITY_ID, SETS_ID) VALUES (6406, 64060);
INSERT INTO EXERCISE_SET_ENTITY (SET_TYPE, ID, NUMBER_OF_REPS, STATUS , WEIGHT , WEIGHT_KG) VALUES ('WeightedSet', 64061, 10.0, 0, null, 5);
INSERT INTO EXERCISE_ACTIVITY_ENTITY_SETS (EXERCISE_ACTIVITY_ENTITY_ID, SETS_ID) VALUES (6406, 64061);
INSERT INTO EXERCISE_SET_ENTITY (SET_TYPE, ID, NUMBER_OF_REPS, STATUS , WEIGHT , WEIGHT_KG) VALUES ('WeightedSet', 64062, 13.0, 1, null, 5);
INSERT INTO EXERCISE_ACTIVITY_ENTITY_SETS (EXERCISE_ACTIVITY_ENTITY_ID, SETS_ID) VALUES (6406, 64062);
INSERT INTO WORKOUT_ENTITY_EXERCISE_ACTIVITIES (WORKOUT_ENTITY_ID, EXERCISE_ACTIVITIES_ID)  VALUES (64, 6406);
INSERT INTO EXERCISE_ACTIVITY_ENTITY (ID, NOTES, EXERCISE_ID) VALUES (6407, '', SELECT ID FROM EXERCISE_ENTITY WHERE NAME = 'Skullcrusher');
INSERT INTO EXERCISE_SET_ENTITY (SET_TYPE, ID, NUMBER_OF_REPS, STATUS , WEIGHT , WEIGHT_KG) VALUES ('WeightedSet', 64070, 10.0, 0, null, 5);
INSERT INTO EXERCISE_ACTIVITY_ENTITY_SETS (EXERCISE_ACTIVITY_ENTITY_ID, SETS_ID) VALUES (6407, 64070);
INSERT INTO EXERCISE_SET_ENTITY (SET_TYPE, ID, NUMBER_OF_REPS, STATUS , WEIGHT , WEIGHT_KG) VALUES ('WeightedSet', 64071, 10.0, 0, null, 7.5);
INSERT INTO EXERCISE_ACTIVITY_ENTITY_SETS (EXERCISE_ACTIVITY_ENTITY_ID, SETS_ID) VALUES (6407, 64071);
INSERT INTO EXERCISE_SET_ENTITY (SET_TYPE, ID, NUMBER_OF_REPS, STATUS , WEIGHT , WEIGHT_KG) VALUES ('WeightedSet', 64072, 10.0, 0, null, 7.5);
INSERT INTO EXERCISE_ACTIVITY_ENTITY_SETS (EXERCISE_ACTIVITY_ENTITY_ID, SETS_ID) VALUES (6407, 64072);
INSERT INTO WORKOUT_ENTITY_EXERCISE_ACTIVITIES (WORKOUT_ENTITY_ID, EXERCISE_ACTIVITIES_ID)  VALUES (64, 6407);
INSERT INTO WORKOUT_ENTITY (ID, NAME, NOTES, PERFORMED_AT_TIMESTAMP_UTC, WORKOUT_TYPE) VALUES (65, '2019-12-04 11:30:00', 'Notes', '2019-12-04 11:30:00', 'LEGS');
INSERT INTO EXERCISE_ACTIVITY_ENTITY (ID, NOTES, EXERCISE_ID) VALUES (6500, '', SELECT ID FROM EXERCISE_ENTITY WHERE NAME = 'Squat');
INSERT INTO EXERCISE_SET_ENTITY (SET_TYPE, ID, NUMBER_OF_REPS, STATUS , WEIGHT , WEIGHT_KG) VALUES ('NonWeightedSet', 65000, 8.0, 0, 'body', null);
INSERT INTO EXERCISE_ACTIVITY_ENTITY_SETS (EXERCISE_ACTIVITY_ENTITY_ID, SETS_ID) VALUES (6500, 65000);
INSERT INTO EXERCISE_SET_ENTITY (SET_TYPE, ID, NUMBER_OF_REPS, STATUS , WEIGHT , WEIGHT_KG) VALUES ('WeightedSet', 65001, 5.0, 0, null, 20);
INSERT INTO EXERCISE_ACTIVITY_ENTITY_SETS (EXERCISE_ACTIVITY_ENTITY_ID, SETS_ID) VALUES (6500, 65001);
INSERT INTO EXERCISE_SET_ENTITY (SET_TYPE, ID, NUMBER_OF_REPS, STATUS , WEIGHT , WEIGHT_KG) VALUES ('WeightedSet', 65002, 5.0, 0, null, 40);
INSERT INTO EXERCISE_ACTIVITY_ENTITY_SETS (EXERCISE_ACTIVITY_ENTITY_ID, SETS_ID) VALUES (6500, 65002);
INSERT INTO EXERCISE_SET_ENTITY (SET_TYPE, ID, NUMBER_OF_REPS, STATUS , WEIGHT , WEIGHT_KG) VALUES ('WeightedSet', 65003, 3.0, 0, null, 60);
INSERT INTO EXERCISE_ACTIVITY_ENTITY_SETS (EXERCISE_ACTIVITY_ENTITY_ID, SETS_ID) VALUES (6500, 65003);
INSERT INTO EXERCISE_SET_ENTITY (SET_TYPE, ID, NUMBER_OF_REPS, STATUS , WEIGHT , WEIGHT_KG) VALUES ('WeightedSet', 65004, 5.0, 0, null, 70);
INSERT INTO EXERCISE_ACTIVITY_ENTITY_SETS (EXERCISE_ACTIVITY_ENTITY_ID, SETS_ID) VALUES (6500, 65004);
INSERT INTO EXERCISE_SET_ENTITY (SET_TYPE, ID, NUMBER_OF_REPS, STATUS , WEIGHT , WEIGHT_KG) VALUES ('WeightedSet', 65005, 5.0, 0, null, 70);
INSERT INTO EXERCISE_ACTIVITY_ENTITY_SETS (EXERCISE_ACTIVITY_ENTITY_ID, SETS_ID) VALUES (6500, 65005);
INSERT INTO EXERCISE_SET_ENTITY (SET_TYPE, ID, NUMBER_OF_REPS, STATUS , WEIGHT , WEIGHT_KG) VALUES ('WeightedSet', 65006, 5.0, 0, null, 70);
INSERT INTO EXERCISE_ACTIVITY_ENTITY_SETS (EXERCISE_ACTIVITY_ENTITY_ID, SETS_ID) VALUES (6500, 65006);
INSERT INTO EXERCISE_SET_ENTITY (SET_TYPE, ID, NUMBER_OF_REPS, STATUS , WEIGHT , WEIGHT_KG) VALUES ('WeightedSet', 65007, 5.0, 0, null, 70);
INSERT INTO EXERCISE_ACTIVITY_ENTITY_SETS (EXERCISE_ACTIVITY_ENTITY_ID, SETS_ID) VALUES (6500, 65007);
INSERT INTO EXERCISE_SET_ENTITY (SET_TYPE, ID, NUMBER_OF_REPS, STATUS , WEIGHT , WEIGHT_KG) VALUES ('WeightedSet', 65008, 5.0, 0, null, 70);
INSERT INTO EXERCISE_ACTIVITY_ENTITY_SETS (EXERCISE_ACTIVITY_ENTITY_ID, SETS_ID) VALUES (6500, 65008);
INSERT INTO WORKOUT_ENTITY_EXERCISE_ACTIVITIES (WORKOUT_ENTITY_ID, EXERCISE_ACTIVITIES_ID)  VALUES (65, 6500);
INSERT INTO EXERCISE_ACTIVITY_ENTITY (ID, NOTES, EXERCISE_ID) VALUES (6501, '', SELECT ID FROM EXERCISE_ENTITY WHERE NAME = 'Romanian Deadlift');
INSERT INTO EXERCISE_SET_ENTITY (SET_TYPE, ID, NUMBER_OF_REPS, STATUS , WEIGHT , WEIGHT_KG) VALUES ('WeightedSet', 65010, 8.0, 0, null, 20);
INSERT INTO EXERCISE_ACTIVITY_ENTITY_SETS (EXERCISE_ACTIVITY_ENTITY_ID, SETS_ID) VALUES (6501, 65010);
INSERT INTO EXERCISE_SET_ENTITY (SET_TYPE, ID, NUMBER_OF_REPS, STATUS , WEIGHT , WEIGHT_KG) VALUES ('WeightedSet', 65011, 3.0, 0, null, 40);
INSERT INTO EXERCISE_ACTIVITY_ENTITY_SETS (EXERCISE_ACTIVITY_ENTITY_ID, SETS_ID) VALUES (6501, 65011);
INSERT INTO EXERCISE_SET_ENTITY (SET_TYPE, ID, NUMBER_OF_REPS, STATUS , WEIGHT , WEIGHT_KG) VALUES ('WeightedSet', 65012, 8.0, 0, null, 50);
INSERT INTO EXERCISE_ACTIVITY_ENTITY_SETS (EXERCISE_ACTIVITY_ENTITY_ID, SETS_ID) VALUES (6501, 65012);
INSERT INTO EXERCISE_SET_ENTITY (SET_TYPE, ID, NUMBER_OF_REPS, STATUS , WEIGHT , WEIGHT_KG) VALUES ('WeightedSet', 65013, 8.0, 0, null, 50);
INSERT INTO EXERCISE_ACTIVITY_ENTITY_SETS (EXERCISE_ACTIVITY_ENTITY_ID, SETS_ID) VALUES (6501, 65013);
INSERT INTO EXERCISE_SET_ENTITY (SET_TYPE, ID, NUMBER_OF_REPS, STATUS , WEIGHT , WEIGHT_KG) VALUES ('WeightedSet', 65014, 8.0, 0, null, 50);
INSERT INTO EXERCISE_ACTIVITY_ENTITY_SETS (EXERCISE_ACTIVITY_ENTITY_ID, SETS_ID) VALUES (6501, 65014);
INSERT INTO WORKOUT_ENTITY_EXERCISE_ACTIVITIES (WORKOUT_ENTITY_ID, EXERCISE_ACTIVITIES_ID)  VALUES (65, 6501);
INSERT INTO EXERCISE_ACTIVITY_ENTITY (ID, NOTES, EXERCISE_ID) VALUES (6502, '', SELECT ID FROM EXERCISE_ENTITY WHERE NAME = 'Lunge');
INSERT INTO EXERCISE_SET_ENTITY (SET_TYPE, ID, NUMBER_OF_REPS, STATUS , WEIGHT , WEIGHT_KG) VALUES ('NonWeightedSet', 65020, 10.0, 0, 'body', null);
INSERT INTO EXERCISE_ACTIVITY_ENTITY_SETS (EXERCISE_ACTIVITY_ENTITY_ID, SETS_ID) VALUES (6502, 65020);
INSERT INTO EXERCISE_SET_ENTITY (SET_TYPE, ID, NUMBER_OF_REPS, STATUS , WEIGHT , WEIGHT_KG) VALUES ('WeightedSet', 65021, 10.0, 0, null, 5);
INSERT INTO EXERCISE_ACTIVITY_ENTITY_SETS (EXERCISE_ACTIVITY_ENTITY_ID, SETS_ID) VALUES (6502, 65021);
INSERT INTO EXERCISE_SET_ENTITY (SET_TYPE, ID, NUMBER_OF_REPS, STATUS , WEIGHT , WEIGHT_KG) VALUES ('WeightedSet', 65022, 10.0, 0, null, 7.5);
INSERT INTO EXERCISE_ACTIVITY_ENTITY_SETS (EXERCISE_ACTIVITY_ENTITY_ID, SETS_ID) VALUES (6502, 65022);
INSERT INTO WORKOUT_ENTITY_EXERCISE_ACTIVITIES (WORKOUT_ENTITY_ID, EXERCISE_ACTIVITIES_ID)  VALUES (65, 6502);
INSERT INTO EXERCISE_ACTIVITY_ENTITY (ID, NOTES, EXERCISE_ID) VALUES (6503, '', SELECT ID FROM EXERCISE_ENTITY WHERE NAME = 'Lying Leg Raise');
INSERT INTO EXERCISE_SET_ENTITY (SET_TYPE, ID, NUMBER_OF_REPS, STATUS , WEIGHT , WEIGHT_KG) VALUES ('NonWeightedSet', 65030, 10.0, 0, 'body', null);
INSERT INTO EXERCISE_ACTIVITY_ENTITY_SETS (EXERCISE_ACTIVITY_ENTITY_ID, SETS_ID) VALUES (6503, 65030);
INSERT INTO EXERCISE_SET_ENTITY (SET_TYPE, ID, NUMBER_OF_REPS, STATUS , WEIGHT , WEIGHT_KG) VALUES ('NonWeightedSet', 65031, 10.0, 0, 'body', null);
INSERT INTO EXERCISE_ACTIVITY_ENTITY_SETS (EXERCISE_ACTIVITY_ENTITY_ID, SETS_ID) VALUES (6503, 65031);
INSERT INTO EXERCISE_SET_ENTITY (SET_TYPE, ID, NUMBER_OF_REPS, STATUS , WEIGHT , WEIGHT_KG) VALUES ('NonWeightedSet', 65032, 10.0, 0, 'body', null);
INSERT INTO EXERCISE_ACTIVITY_ENTITY_SETS (EXERCISE_ACTIVITY_ENTITY_ID, SETS_ID) VALUES (6503, 65032);
INSERT INTO WORKOUT_ENTITY_EXERCISE_ACTIVITIES (WORKOUT_ENTITY_ID, EXERCISE_ACTIVITIES_ID)  VALUES (65, 6503);
INSERT INTO EXERCISE_ACTIVITY_ENTITY (ID, NOTES, EXERCISE_ID) VALUES (6504, '', SELECT ID FROM EXERCISE_ENTITY WHERE NAME = 'Glute Raise');
INSERT INTO EXERCISE_SET_ENTITY (SET_TYPE, ID, NUMBER_OF_REPS, STATUS , WEIGHT , WEIGHT_KG) VALUES ('NonWeightedSet', 65040, 20.0, 0, 'body', null);
INSERT INTO EXERCISE_ACTIVITY_ENTITY_SETS (EXERCISE_ACTIVITY_ENTITY_ID, SETS_ID) VALUES (6504, 65040);
INSERT INTO EXERCISE_SET_ENTITY (SET_TYPE, ID, NUMBER_OF_REPS, STATUS , WEIGHT , WEIGHT_KG) VALUES ('WeightedSet', 65041, 10.0, 0, null, 20);
INSERT INTO EXERCISE_ACTIVITY_ENTITY_SETS (EXERCISE_ACTIVITY_ENTITY_ID, SETS_ID) VALUES (6504, 65041);
INSERT INTO EXERCISE_SET_ENTITY (SET_TYPE, ID, NUMBER_OF_REPS, STATUS , WEIGHT , WEIGHT_KG) VALUES ('WeightedSet', 65042, 10.0, 0, null, 20);
INSERT INTO EXERCISE_ACTIVITY_ENTITY_SETS (EXERCISE_ACTIVITY_ENTITY_ID, SETS_ID) VALUES (6504, 65042);
INSERT INTO WORKOUT_ENTITY_EXERCISE_ACTIVITIES (WORKOUT_ENTITY_ID, EXERCISE_ACTIVITIES_ID)  VALUES (65, 6504);
INSERT INTO EXERCISE_ACTIVITY_ENTITY (ID, NOTES, EXERCISE_ID) VALUES (6505, '', SELECT ID FROM EXERCISE_ENTITY WHERE NAME = 'Seated Calf Raise');
INSERT INTO EXERCISE_SET_ENTITY (SET_TYPE, ID, NUMBER_OF_REPS, STATUS , WEIGHT , WEIGHT_KG) VALUES ('WeightedSet', 65050, 20.0, 0, null, 20);
INSERT INTO EXERCISE_ACTIVITY_ENTITY_SETS (EXERCISE_ACTIVITY_ENTITY_ID, SETS_ID) VALUES (6505, 65050);
INSERT INTO EXERCISE_SET_ENTITY (SET_TYPE, ID, NUMBER_OF_REPS, STATUS , WEIGHT , WEIGHT_KG) VALUES ('WeightedSet', 65051, 10.0, 0, null, 20);
INSERT INTO EXERCISE_ACTIVITY_ENTITY_SETS (EXERCISE_ACTIVITY_ENTITY_ID, SETS_ID) VALUES (6505, 65051);
INSERT INTO WORKOUT_ENTITY_EXERCISE_ACTIVITIES (WORKOUT_ENTITY_ID, EXERCISE_ACTIVITIES_ID)  VALUES (65, 6505);
INSERT INTO EXERCISE_ACTIVITY_ENTITY (ID, NOTES, EXERCISE_ID) VALUES (6506, '', SELECT ID FROM EXERCISE_ENTITY WHERE NAME = 'Standing Calf Raise');
INSERT INTO EXERCISE_SET_ENTITY (SET_TYPE, ID, NUMBER_OF_REPS, STATUS , WEIGHT , WEIGHT_KG) VALUES ('WeightedSet', 65060, 10.0, 0, null, 125);
INSERT INTO EXERCISE_ACTIVITY_ENTITY_SETS (EXERCISE_ACTIVITY_ENTITY_ID, SETS_ID) VALUES (6506, 65060);
INSERT INTO EXERCISE_SET_ENTITY (SET_TYPE, ID, NUMBER_OF_REPS, STATUS , WEIGHT , WEIGHT_KG) VALUES ('WeightedSet', 65061, 5.0, 0, null, 125);
INSERT INTO EXERCISE_ACTIVITY_ENTITY_SETS (EXERCISE_ACTIVITY_ENTITY_ID, SETS_ID) VALUES (6506, 65061);
INSERT INTO WORKOUT_ENTITY_EXERCISE_ACTIVITIES (WORKOUT_ENTITY_ID, EXERCISE_ACTIVITIES_ID)  VALUES (65, 6506);
INSERT INTO WORKOUT_ENTITY (ID, NAME, NOTES, PERFORMED_AT_TIMESTAMP_UTC, WORKOUT_TYPE) VALUES (66, '2019-12-05 11:50:00', 'Notes', '2019-12-05 11:50:00', 'PULL');
INSERT INTO EXERCISE_ACTIVITY_ENTITY (ID, NOTES, EXERCISE_ID) VALUES (6600, '', SELECT ID FROM EXERCISE_ENTITY WHERE NAME = 'Bent Over Row');
INSERT INTO EXERCISE_SET_ENTITY (SET_TYPE, ID, NUMBER_OF_REPS, STATUS , WEIGHT , WEIGHT_KG) VALUES ('WeightedSet', 66000, 12.0, 0, null, 20);
INSERT INTO EXERCISE_ACTIVITY_ENTITY_SETS (EXERCISE_ACTIVITY_ENTITY_ID, SETS_ID) VALUES (6600, 66000);
INSERT INTO EXERCISE_SET_ENTITY (SET_TYPE, ID, NUMBER_OF_REPS, STATUS , WEIGHT , WEIGHT_KG) VALUES ('WeightedSet', 66001, 12.0, 0, null, 30);
INSERT INTO EXERCISE_ACTIVITY_ENTITY_SETS (EXERCISE_ACTIVITY_ENTITY_ID, SETS_ID) VALUES (6600, 66001);
INSERT INTO EXERCISE_SET_ENTITY (SET_TYPE, ID, NUMBER_OF_REPS, STATUS , WEIGHT , WEIGHT_KG) VALUES ('WeightedSet', 66002, 10.0, 0, null, 40);
INSERT INTO EXERCISE_ACTIVITY_ENTITY_SETS (EXERCISE_ACTIVITY_ENTITY_ID, SETS_ID) VALUES (6600, 66002);
INSERT INTO EXERCISE_SET_ENTITY (SET_TYPE, ID, NUMBER_OF_REPS, STATUS , WEIGHT , WEIGHT_KG) VALUES ('WeightedSet', 66003, 10.0, 0, null, 40);
INSERT INTO EXERCISE_ACTIVITY_ENTITY_SETS (EXERCISE_ACTIVITY_ENTITY_ID, SETS_ID) VALUES (6600, 66003);
INSERT INTO EXERCISE_SET_ENTITY (SET_TYPE, ID, NUMBER_OF_REPS, STATUS , WEIGHT , WEIGHT_KG) VALUES ('WeightedSet', 66004, 11.0, 0, null, 40);
INSERT INTO EXERCISE_ACTIVITY_ENTITY_SETS (EXERCISE_ACTIVITY_ENTITY_ID, SETS_ID) VALUES (6600, 66004);
INSERT INTO WORKOUT_ENTITY_EXERCISE_ACTIVITIES (WORKOUT_ENTITY_ID, EXERCISE_ACTIVITIES_ID)  VALUES (66, 6600);
INSERT INTO EXERCISE_ACTIVITY_ENTITY (ID, NOTES, EXERCISE_ID) VALUES (6601, '', SELECT ID FROM EXERCISE_ENTITY WHERE NAME = 'Chin Up');
INSERT INTO EXERCISE_SET_ENTITY (SET_TYPE, ID, NUMBER_OF_REPS, STATUS , WEIGHT , WEIGHT_KG) VALUES ('NonWeightedSet', 66010, 6.0, 0, 'body', null);
INSERT INTO EXERCISE_ACTIVITY_ENTITY_SETS (EXERCISE_ACTIVITY_ENTITY_ID, SETS_ID) VALUES (6601, 66010);
INSERT INTO EXERCISE_SET_ENTITY (SET_TYPE, ID, NUMBER_OF_REPS, STATUS , WEIGHT , WEIGHT_KG) VALUES ('NonWeightedSet', 66011, 6.0, 0, 'body', null);
INSERT INTO EXERCISE_ACTIVITY_ENTITY_SETS (EXERCISE_ACTIVITY_ENTITY_ID, SETS_ID) VALUES (6601, 66011);
INSERT INTO EXERCISE_SET_ENTITY (SET_TYPE, ID, NUMBER_OF_REPS, STATUS , WEIGHT , WEIGHT_KG) VALUES ('NonWeightedSet', 66012, 5.0, 1, 'body', null);
INSERT INTO EXERCISE_ACTIVITY_ENTITY_SETS (EXERCISE_ACTIVITY_ENTITY_ID, SETS_ID) VALUES (6601, 66012);
INSERT INTO WORKOUT_ENTITY_EXERCISE_ACTIVITIES (WORKOUT_ENTITY_ID, EXERCISE_ACTIVITIES_ID)  VALUES (66, 6601);
INSERT INTO EXERCISE_ACTIVITY_ENTITY (ID, NOTES, EXERCISE_ID) VALUES (6602, '', SELECT ID FROM EXERCISE_ENTITY WHERE NAME = 'Inverted Row');
INSERT INTO EXERCISE_SET_ENTITY (SET_TYPE, ID, NUMBER_OF_REPS, STATUS , WEIGHT , WEIGHT_KG) VALUES ('NonWeightedSet', 66020, 10.0, 0, 'body', null);
INSERT INTO EXERCISE_ACTIVITY_ENTITY_SETS (EXERCISE_ACTIVITY_ENTITY_ID, SETS_ID) VALUES (6602, 66020);
INSERT INTO EXERCISE_SET_ENTITY (SET_TYPE, ID, NUMBER_OF_REPS, STATUS , WEIGHT , WEIGHT_KG) VALUES ('NonWeightedSet', 66021, 10.0, 0, 'body', null);
INSERT INTO EXERCISE_ACTIVITY_ENTITY_SETS (EXERCISE_ACTIVITY_ENTITY_ID, SETS_ID) VALUES (6602, 66021);
INSERT INTO EXERCISE_SET_ENTITY (SET_TYPE, ID, NUMBER_OF_REPS, STATUS , WEIGHT , WEIGHT_KG) VALUES ('NonWeightedSet', 66022, 10.0, 0, 'body', null);
INSERT INTO EXERCISE_ACTIVITY_ENTITY_SETS (EXERCISE_ACTIVITY_ENTITY_ID, SETS_ID) VALUES (6602, 66022);
INSERT INTO EXERCISE_SET_ENTITY (SET_TYPE, ID, NUMBER_OF_REPS, STATUS , WEIGHT , WEIGHT_KG) VALUES ('NonWeightedSet', 66023, 10.0, 0, 'body', null);
INSERT INTO EXERCISE_ACTIVITY_ENTITY_SETS (EXERCISE_ACTIVITY_ENTITY_ID, SETS_ID) VALUES (6602, 66023);
INSERT INTO WORKOUT_ENTITY_EXERCISE_ACTIVITIES (WORKOUT_ENTITY_ID, EXERCISE_ACTIVITIES_ID)  VALUES (66, 6602);
INSERT INTO EXERCISE_ACTIVITY_ENTITY (ID, NOTES, EXERCISE_ID) VALUES (6603, '', SELECT ID FROM EXERCISE_ENTITY WHERE NAME = 'Rear Delt Fly');
INSERT INTO EXERCISE_SET_ENTITY (SET_TYPE, ID, NUMBER_OF_REPS, STATUS , WEIGHT , WEIGHT_KG) VALUES ('WeightedSet', 66030, 10.0, 0, null, 5);
INSERT INTO EXERCISE_ACTIVITY_ENTITY_SETS (EXERCISE_ACTIVITY_ENTITY_ID, SETS_ID) VALUES (6603, 66030);
INSERT INTO EXERCISE_SET_ENTITY (SET_TYPE, ID, NUMBER_OF_REPS, STATUS , WEIGHT , WEIGHT_KG) VALUES ('WeightedSet', 66031, 10.0, 0, null, 5);
INSERT INTO EXERCISE_ACTIVITY_ENTITY_SETS (EXERCISE_ACTIVITY_ENTITY_ID, SETS_ID) VALUES (6603, 66031);
INSERT INTO EXERCISE_SET_ENTITY (SET_TYPE, ID, NUMBER_OF_REPS, STATUS , WEIGHT , WEIGHT_KG) VALUES ('WeightedSet', 66032, 10.0, 0, null, 5);
INSERT INTO EXERCISE_ACTIVITY_ENTITY_SETS (EXERCISE_ACTIVITY_ENTITY_ID, SETS_ID) VALUES (6603, 66032);
INSERT INTO WORKOUT_ENTITY_EXERCISE_ACTIVITIES (WORKOUT_ENTITY_ID, EXERCISE_ACTIVITIES_ID)  VALUES (66, 6603);
INSERT INTO EXERCISE_ACTIVITY_ENTITY (ID, NOTES, EXERCISE_ID) VALUES (6604, '', SELECT ID FROM EXERCISE_ENTITY WHERE NAME = 'Facepull');
INSERT INTO EXERCISE_SET_ENTITY (SET_TYPE, ID, NUMBER_OF_REPS, STATUS , WEIGHT , WEIGHT_KG) VALUES ('NonWeightedSet', 66040, 10.0, 0, 'yellow band', null);
INSERT INTO EXERCISE_ACTIVITY_ENTITY_SETS (EXERCISE_ACTIVITY_ENTITY_ID, SETS_ID) VALUES (6604, 66040);
INSERT INTO EXERCISE_SET_ENTITY (SET_TYPE, ID, NUMBER_OF_REPS, STATUS , WEIGHT , WEIGHT_KG) VALUES ('NonWeightedSet', 66041, 15.0, 0, 'yellow band', null);
INSERT INTO EXERCISE_ACTIVITY_ENTITY_SETS (EXERCISE_ACTIVITY_ENTITY_ID, SETS_ID) VALUES (6604, 66041);
INSERT INTO WORKOUT_ENTITY_EXERCISE_ACTIVITIES (WORKOUT_ENTITY_ID, EXERCISE_ACTIVITIES_ID)  VALUES (66, 6604);
INSERT INTO EXERCISE_ACTIVITY_ENTITY (ID, NOTES, EXERCISE_ID) VALUES (6605, '', SELECT ID FROM EXERCISE_ENTITY WHERE NAME = 'Reverse Dumbbell Curl');
INSERT INTO EXERCISE_SET_ENTITY (SET_TYPE, ID, NUMBER_OF_REPS, STATUS , WEIGHT , WEIGHT_KG) VALUES ('WeightedSet', 66050, 10.0, 0, null, 5);
INSERT INTO EXERCISE_ACTIVITY_ENTITY_SETS (EXERCISE_ACTIVITY_ENTITY_ID, SETS_ID) VALUES (6605, 66050);
INSERT INTO WORKOUT_ENTITY_EXERCISE_ACTIVITIES (WORKOUT_ENTITY_ID, EXERCISE_ACTIVITIES_ID)  VALUES (66, 6605);
INSERT INTO EXERCISE_ACTIVITY_ENTITY (ID, NOTES, EXERCISE_ID) VALUES (6606, '', SELECT ID FROM EXERCISE_ENTITY WHERE NAME = 'Barbell Curl');
INSERT INTO EXERCISE_SET_ENTITY (SET_TYPE, ID, NUMBER_OF_REPS, STATUS , WEIGHT , WEIGHT_KG) VALUES ('WeightedSet', 66060, 10.0, 0, null, 20);
INSERT INTO EXERCISE_ACTIVITY_ENTITY_SETS (EXERCISE_ACTIVITY_ENTITY_ID, SETS_ID) VALUES (6606, 66060);
INSERT INTO EXERCISE_SET_ENTITY (SET_TYPE, ID, NUMBER_OF_REPS, STATUS , WEIGHT , WEIGHT_KG) VALUES ('WeightedSet', 66061, 10.0, 0, null, 20);
INSERT INTO EXERCISE_ACTIVITY_ENTITY_SETS (EXERCISE_ACTIVITY_ENTITY_ID, SETS_ID) VALUES (6606, 66061);
INSERT INTO EXERCISE_SET_ENTITY (SET_TYPE, ID, NUMBER_OF_REPS, STATUS , WEIGHT , WEIGHT_KG) VALUES ('WeightedSet', 66062, 10.0, 0, null, 20);
INSERT INTO EXERCISE_ACTIVITY_ENTITY_SETS (EXERCISE_ACTIVITY_ENTITY_ID, SETS_ID) VALUES (6606, 66062);
INSERT INTO WORKOUT_ENTITY_EXERCISE_ACTIVITIES (WORKOUT_ENTITY_ID, EXERCISE_ACTIVITIES_ID)  VALUES (66, 6606);
INSERT INTO WORKOUT_ENTITY (ID, NAME, NOTES, PERFORMED_AT_TIMESTAMP_UTC, WORKOUT_TYPE) VALUES (67, '2019-12-06 15:35:00', 'Notes', '2019-12-06 15:35:00', 'PUSH');
INSERT INTO EXERCISE_ACTIVITY_ENTITY (ID, NOTES, EXERCISE_ID) VALUES (6700, '', SELECT ID FROM EXERCISE_ENTITY WHERE NAME = 'Dumbbell Floor Fly');
INSERT INTO EXERCISE_SET_ENTITY (SET_TYPE, ID, NUMBER_OF_REPS, STATUS , WEIGHT , WEIGHT_KG) VALUES ('WeightedSet', 67000, 10.0, 0, null, 5);
INSERT INTO EXERCISE_ACTIVITY_ENTITY_SETS (EXERCISE_ACTIVITY_ENTITY_ID, SETS_ID) VALUES (6700, 67000);
INSERT INTO WORKOUT_ENTITY_EXERCISE_ACTIVITIES (WORKOUT_ENTITY_ID, EXERCISE_ACTIVITIES_ID)  VALUES (67, 6700);
INSERT INTO EXERCISE_ACTIVITY_ENTITY (ID, NOTES, EXERCISE_ID) VALUES (6701, '', SELECT ID FROM EXERCISE_ENTITY WHERE NAME = 'Dumbbell Floor Press');
INSERT INTO EXERCISE_SET_ENTITY (SET_TYPE, ID, NUMBER_OF_REPS, STATUS , WEIGHT , WEIGHT_KG) VALUES ('WeightedSet', 67010, 10.0, 0, null, 10);
INSERT INTO EXERCISE_ACTIVITY_ENTITY_SETS (EXERCISE_ACTIVITY_ENTITY_ID, SETS_ID) VALUES (6701, 67010);
INSERT INTO EXERCISE_SET_ENTITY (SET_TYPE, ID, NUMBER_OF_REPS, STATUS , WEIGHT , WEIGHT_KG) VALUES ('WeightedSet', 67011, 10.0, 0, null, 15);
INSERT INTO EXERCISE_ACTIVITY_ENTITY_SETS (EXERCISE_ACTIVITY_ENTITY_ID, SETS_ID) VALUES (6701, 67011);
INSERT INTO EXERCISE_SET_ENTITY (SET_TYPE, ID, NUMBER_OF_REPS, STATUS , WEIGHT , WEIGHT_KG) VALUES ('WeightedSet', 67012, 10.0, 0, null, 15);
INSERT INTO EXERCISE_ACTIVITY_ENTITY_SETS (EXERCISE_ACTIVITY_ENTITY_ID, SETS_ID) VALUES (6701, 67012);
INSERT INTO EXERCISE_SET_ENTITY (SET_TYPE, ID, NUMBER_OF_REPS, STATUS , WEIGHT , WEIGHT_KG) VALUES ('WeightedSet', 67013, 10.0, 0, null, 20);
INSERT INTO EXERCISE_ACTIVITY_ENTITY_SETS (EXERCISE_ACTIVITY_ENTITY_ID, SETS_ID) VALUES (6701, 67013);
INSERT INTO WORKOUT_ENTITY_EXERCISE_ACTIVITIES (WORKOUT_ENTITY_ID, EXERCISE_ACTIVITIES_ID)  VALUES (67, 6701);
INSERT INTO EXERCISE_ACTIVITY_ENTITY (ID, NOTES, EXERCISE_ID) VALUES (6702, '', SELECT ID FROM EXERCISE_ENTITY WHERE NAME = 'Overhead Press');
INSERT INTO EXERCISE_SET_ENTITY (SET_TYPE, ID, NUMBER_OF_REPS, STATUS , WEIGHT , WEIGHT_KG) VALUES ('WeightedSet', 67020, 8.0, 0, null, 20);
INSERT INTO EXERCISE_ACTIVITY_ENTITY_SETS (EXERCISE_ACTIVITY_ENTITY_ID, SETS_ID) VALUES (6702, 67020);
INSERT INTO EXERCISE_SET_ENTITY (SET_TYPE, ID, NUMBER_OF_REPS, STATUS , WEIGHT , WEIGHT_KG) VALUES ('WeightedSet', 67021, 5.0, 0, null, 45);
INSERT INTO EXERCISE_ACTIVITY_ENTITY_SETS (EXERCISE_ACTIVITY_ENTITY_ID, SETS_ID) VALUES (6702, 67021);
INSERT INTO EXERCISE_SET_ENTITY (SET_TYPE, ID, NUMBER_OF_REPS, STATUS , WEIGHT , WEIGHT_KG) VALUES ('WeightedSet', 67022, 5.0, 0, null, 45);
INSERT INTO EXERCISE_ACTIVITY_ENTITY_SETS (EXERCISE_ACTIVITY_ENTITY_ID, SETS_ID) VALUES (6702, 67022);
INSERT INTO EXERCISE_SET_ENTITY (SET_TYPE, ID, NUMBER_OF_REPS, STATUS , WEIGHT , WEIGHT_KG) VALUES ('WeightedSet', 67023, 5.0, 0, null, 40);
INSERT INTO EXERCISE_ACTIVITY_ENTITY_SETS (EXERCISE_ACTIVITY_ENTITY_ID, SETS_ID) VALUES (6702, 67023);
INSERT INTO EXERCISE_SET_ENTITY (SET_TYPE, ID, NUMBER_OF_REPS, STATUS , WEIGHT , WEIGHT_KG) VALUES ('WeightedSet', 67024, 5.0, 0, null, 40);
INSERT INTO EXERCISE_ACTIVITY_ENTITY_SETS (EXERCISE_ACTIVITY_ENTITY_ID, SETS_ID) VALUES (6702, 67024);
INSERT INTO EXERCISE_SET_ENTITY (SET_TYPE, ID, NUMBER_OF_REPS, STATUS , WEIGHT , WEIGHT_KG) VALUES ('WeightedSet', 67025, 5.0, 0, null, 40);
INSERT INTO EXERCISE_ACTIVITY_ENTITY_SETS (EXERCISE_ACTIVITY_ENTITY_ID, SETS_ID) VALUES (6702, 67025);
INSERT INTO WORKOUT_ENTITY_EXERCISE_ACTIVITIES (WORKOUT_ENTITY_ID, EXERCISE_ACTIVITIES_ID)  VALUES (67, 6702);
INSERT INTO EXERCISE_ACTIVITY_ENTITY (ID, NOTES, EXERCISE_ID) VALUES (6703, '', SELECT ID FROM EXERCISE_ENTITY WHERE NAME = 'Barbell Floor Press');
INSERT INTO EXERCISE_SET_ENTITY (SET_TYPE, ID, NUMBER_OF_REPS, STATUS , WEIGHT , WEIGHT_KG) VALUES ('WeightedSet', 67030, 10.0, 0, null, 40);
INSERT INTO EXERCISE_ACTIVITY_ENTITY_SETS (EXERCISE_ACTIVITY_ENTITY_ID, SETS_ID) VALUES (6703, 67030);
INSERT INTO EXERCISE_SET_ENTITY (SET_TYPE, ID, NUMBER_OF_REPS, STATUS , WEIGHT , WEIGHT_KG) VALUES ('WeightedSet', 67031, 9.0, 1, null, 40);
INSERT INTO EXERCISE_ACTIVITY_ENTITY_SETS (EXERCISE_ACTIVITY_ENTITY_ID, SETS_ID) VALUES (6703, 67031);
INSERT INTO EXERCISE_SET_ENTITY (SET_TYPE, ID, NUMBER_OF_REPS, STATUS , WEIGHT , WEIGHT_KG) VALUES ('WeightedSet', 67032, 10.0, 0, null, 20);
INSERT INTO EXERCISE_ACTIVITY_ENTITY_SETS (EXERCISE_ACTIVITY_ENTITY_ID, SETS_ID) VALUES (6703, 67032);
INSERT INTO WORKOUT_ENTITY_EXERCISE_ACTIVITIES (WORKOUT_ENTITY_ID, EXERCISE_ACTIVITIES_ID)  VALUES (67, 6703);
INSERT INTO EXERCISE_ACTIVITY_ENTITY (ID, NOTES, EXERCISE_ID) VALUES (6704, '', SELECT ID FROM EXERCISE_ENTITY WHERE NAME = 'Lateral Raise');
INSERT INTO EXERCISE_SET_ENTITY (SET_TYPE, ID, NUMBER_OF_REPS, STATUS , WEIGHT , WEIGHT_KG) VALUES ('WeightedSet', 67040, 20.0, 0, null, 2.5);
INSERT INTO EXERCISE_ACTIVITY_ENTITY_SETS (EXERCISE_ACTIVITY_ENTITY_ID, SETS_ID) VALUES (6704, 67040);
INSERT INTO EXERCISE_SET_ENTITY (SET_TYPE, ID, NUMBER_OF_REPS, STATUS , WEIGHT , WEIGHT_KG) VALUES ('WeightedSet', 67041, 10.0, 0, null, 5);
INSERT INTO EXERCISE_ACTIVITY_ENTITY_SETS (EXERCISE_ACTIVITY_ENTITY_ID, SETS_ID) VALUES (6704, 67041);
INSERT INTO EXERCISE_SET_ENTITY (SET_TYPE, ID, NUMBER_OF_REPS, STATUS , WEIGHT , WEIGHT_KG) VALUES ('WeightedSet', 67042, 10.0, 0, null, 2.5);
INSERT INTO EXERCISE_ACTIVITY_ENTITY_SETS (EXERCISE_ACTIVITY_ENTITY_ID, SETS_ID) VALUES (6704, 67042);
INSERT INTO EXERCISE_SET_ENTITY (SET_TYPE, ID, NUMBER_OF_REPS, STATUS , WEIGHT , WEIGHT_KG) VALUES ('WeightedSet', 67043, 10.0, 0, null, 2.5);
INSERT INTO EXERCISE_ACTIVITY_ENTITY_SETS (EXERCISE_ACTIVITY_ENTITY_ID, SETS_ID) VALUES (6704, 67043);
INSERT INTO WORKOUT_ENTITY_EXERCISE_ACTIVITIES (WORKOUT_ENTITY_ID, EXERCISE_ACTIVITIES_ID)  VALUES (67, 6704);
INSERT INTO EXERCISE_ACTIVITY_ENTITY (ID, NOTES, EXERCISE_ID) VALUES (6705, '', SELECT ID FROM EXERCISE_ENTITY WHERE NAME = 'Dip');
INSERT INTO EXERCISE_SET_ENTITY (SET_TYPE, ID, NUMBER_OF_REPS, STATUS , WEIGHT , WEIGHT_KG) VALUES ('NonWeightedSet', 67050, 8.0, 0, 'body', null);
INSERT INTO EXERCISE_ACTIVITY_ENTITY_SETS (EXERCISE_ACTIVITY_ENTITY_ID, SETS_ID) VALUES (6705, 67050);
INSERT INTO EXERCISE_SET_ENTITY (SET_TYPE, ID, NUMBER_OF_REPS, STATUS , WEIGHT , WEIGHT_KG) VALUES ('NonWeightedSet', 67051, 8.0, 0, 'body', null);
INSERT INTO EXERCISE_ACTIVITY_ENTITY_SETS (EXERCISE_ACTIVITY_ENTITY_ID, SETS_ID) VALUES (6705, 67051);
INSERT INTO EXERCISE_SET_ENTITY (SET_TYPE, ID, NUMBER_OF_REPS, STATUS , WEIGHT , WEIGHT_KG) VALUES ('NonWeightedSet', 67052, 8.0, 0, 'body', null);
INSERT INTO EXERCISE_ACTIVITY_ENTITY_SETS (EXERCISE_ACTIVITY_ENTITY_ID, SETS_ID) VALUES (6705, 67052);
INSERT INTO WORKOUT_ENTITY_EXERCISE_ACTIVITIES (WORKOUT_ENTITY_ID, EXERCISE_ACTIVITIES_ID)  VALUES (67, 6705);
INSERT INTO EXERCISE_ACTIVITY_ENTITY (ID, NOTES, EXERCISE_ID) VALUES (6706, '', SELECT ID FROM EXERCISE_ENTITY WHERE NAME = 'Skullcrusher');
INSERT INTO EXERCISE_SET_ENTITY (SET_TYPE, ID, NUMBER_OF_REPS, STATUS , WEIGHT , WEIGHT_KG) VALUES ('WeightedSet', 67060, 10.0, 0, null, 5);
INSERT INTO EXERCISE_ACTIVITY_ENTITY_SETS (EXERCISE_ACTIVITY_ENTITY_ID, SETS_ID) VALUES (6706, 67060);
INSERT INTO EXERCISE_SET_ENTITY (SET_TYPE, ID, NUMBER_OF_REPS, STATUS , WEIGHT , WEIGHT_KG) VALUES ('WeightedSet', 67061, 10.0, 0, null, 7.5);
INSERT INTO EXERCISE_ACTIVITY_ENTITY_SETS (EXERCISE_ACTIVITY_ENTITY_ID, SETS_ID) VALUES (6706, 67061);
INSERT INTO EXERCISE_SET_ENTITY (SET_TYPE, ID, NUMBER_OF_REPS, STATUS , WEIGHT , WEIGHT_KG) VALUES ('WeightedSet', 67062, 10.0, 0, null, 7.5);
INSERT INTO EXERCISE_ACTIVITY_ENTITY_SETS (EXERCISE_ACTIVITY_ENTITY_ID, SETS_ID) VALUES (6706, 67062);
INSERT INTO WORKOUT_ENTITY_EXERCISE_ACTIVITIES (WORKOUT_ENTITY_ID, EXERCISE_ACTIVITIES_ID)  VALUES (67, 6706);
INSERT INTO WORKOUT_ENTITY (ID, NAME, NOTES, PERFORMED_AT_TIMESTAMP_UTC, WORKOUT_TYPE) VALUES (68, '2019-12-09 11:20:00', 'Notes', '2019-12-09 11:20:00', 'PULL');
INSERT INTO EXERCISE_ACTIVITY_ENTITY (ID, NOTES, EXERCISE_ID) VALUES (6800, '', SELECT ID FROM EXERCISE_ENTITY WHERE NAME = 'Deadlift');
INSERT INTO EXERCISE_SET_ENTITY (SET_TYPE, ID, NUMBER_OF_REPS, STATUS , WEIGHT , WEIGHT_KG) VALUES ('WeightedSet', 68000, 5.0, 0, null, 20);
INSERT INTO EXERCISE_ACTIVITY_ENTITY_SETS (EXERCISE_ACTIVITY_ENTITY_ID, SETS_ID) VALUES (6800, 68000);
INSERT INTO EXERCISE_SET_ENTITY (SET_TYPE, ID, NUMBER_OF_REPS, STATUS , WEIGHT , WEIGHT_KG) VALUES ('WeightedSet', 68001, 5.0, 0, null, 60);
INSERT INTO EXERCISE_ACTIVITY_ENTITY_SETS (EXERCISE_ACTIVITY_ENTITY_ID, SETS_ID) VALUES (6800, 68001);
INSERT INTO EXERCISE_SET_ENTITY (SET_TYPE, ID, NUMBER_OF_REPS, STATUS , WEIGHT , WEIGHT_KG) VALUES ('WeightedSet', 68002, 3.0, 0, null, 60);
INSERT INTO EXERCISE_ACTIVITY_ENTITY_SETS (EXERCISE_ACTIVITY_ENTITY_ID, SETS_ID) VALUES (6800, 68002);
INSERT INTO EXERCISE_SET_ENTITY (SET_TYPE, ID, NUMBER_OF_REPS, STATUS , WEIGHT , WEIGHT_KG) VALUES ('WeightedSet', 68003, 3.0, 0, null, 90);
INSERT INTO EXERCISE_ACTIVITY_ENTITY_SETS (EXERCISE_ACTIVITY_ENTITY_ID, SETS_ID) VALUES (6800, 68003);
INSERT INTO EXERCISE_SET_ENTITY (SET_TYPE, ID, NUMBER_OF_REPS, STATUS , WEIGHT , WEIGHT_KG) VALUES ('WeightedSet', 68004, 3.0, 0, null, 110);
INSERT INTO EXERCISE_ACTIVITY_ENTITY_SETS (EXERCISE_ACTIVITY_ENTITY_ID, SETS_ID) VALUES (6800, 68004);
INSERT INTO EXERCISE_SET_ENTITY (SET_TYPE, ID, NUMBER_OF_REPS, STATUS , WEIGHT , WEIGHT_KG) VALUES ('WeightedSet', 68005, 2.0, 0, null, 120);
INSERT INTO EXERCISE_ACTIVITY_ENTITY_SETS (EXERCISE_ACTIVITY_ENTITY_ID, SETS_ID) VALUES (6800, 68005);
INSERT INTO EXERCISE_SET_ENTITY (SET_TYPE, ID, NUMBER_OF_REPS, STATUS , WEIGHT , WEIGHT_KG) VALUES ('WeightedSet', 68006, 5.0, 0, null, 130);
INSERT INTO EXERCISE_ACTIVITY_ENTITY_SETS (EXERCISE_ACTIVITY_ENTITY_ID, SETS_ID) VALUES (6800, 68006);
INSERT INTO EXERCISE_SET_ENTITY (SET_TYPE, ID, NUMBER_OF_REPS, STATUS , WEIGHT , WEIGHT_KG) VALUES ('WeightedSet', 68007, 5.0, 0, null, 100);
INSERT INTO EXERCISE_ACTIVITY_ENTITY_SETS (EXERCISE_ACTIVITY_ENTITY_ID, SETS_ID) VALUES (6800, 68007);
INSERT INTO WORKOUT_ENTITY_EXERCISE_ACTIVITIES (WORKOUT_ENTITY_ID, EXERCISE_ACTIVITIES_ID)  VALUES (68, 6800);
INSERT INTO EXERCISE_ACTIVITY_ENTITY (ID, NOTES, EXERCISE_ID) VALUES (6801, '', SELECT ID FROM EXERCISE_ENTITY WHERE NAME = 'Pull Up');
INSERT INTO EXERCISE_SET_ENTITY (SET_TYPE, ID, NUMBER_OF_REPS, STATUS , WEIGHT , WEIGHT_KG) VALUES ('NonWeightedSet', 68010, 6.0, 0, 'body', null);
INSERT INTO EXERCISE_ACTIVITY_ENTITY_SETS (EXERCISE_ACTIVITY_ENTITY_ID, SETS_ID) VALUES (6801, 68010);
INSERT INTO EXERCISE_SET_ENTITY (SET_TYPE, ID, NUMBER_OF_REPS, STATUS , WEIGHT , WEIGHT_KG) VALUES ('NonWeightedSet', 68011, 6.0, 0, 'body', null);
INSERT INTO EXERCISE_ACTIVITY_ENTITY_SETS (EXERCISE_ACTIVITY_ENTITY_ID, SETS_ID) VALUES (6801, 68011);
INSERT INTO EXERCISE_SET_ENTITY (SET_TYPE, ID, NUMBER_OF_REPS, STATUS , WEIGHT , WEIGHT_KG) VALUES ('NonWeightedSet', 68012, 6.0, 0, 'body', null);
INSERT INTO EXERCISE_ACTIVITY_ENTITY_SETS (EXERCISE_ACTIVITY_ENTITY_ID, SETS_ID) VALUES (6801, 68012);
INSERT INTO WORKOUT_ENTITY_EXERCISE_ACTIVITIES (WORKOUT_ENTITY_ID, EXERCISE_ACTIVITIES_ID)  VALUES (68, 6801);
INSERT INTO EXERCISE_ACTIVITY_ENTITY (ID, NOTES, EXERCISE_ID) VALUES (6802, '', SELECT ID FROM EXERCISE_ENTITY WHERE NAME = 'Inverted Row');
INSERT INTO EXERCISE_SET_ENTITY (SET_TYPE, ID, NUMBER_OF_REPS, STATUS , WEIGHT , WEIGHT_KG) VALUES ('NonWeightedSet', 68020, 10.0, 0, 'body', null);
INSERT INTO EXERCISE_ACTIVITY_ENTITY_SETS (EXERCISE_ACTIVITY_ENTITY_ID, SETS_ID) VALUES (6802, 68020);
INSERT INTO EXERCISE_SET_ENTITY (SET_TYPE, ID, NUMBER_OF_REPS, STATUS , WEIGHT , WEIGHT_KG) VALUES ('NonWeightedSet', 68021, 10.0, 0, 'body', null);
INSERT INTO EXERCISE_ACTIVITY_ENTITY_SETS (EXERCISE_ACTIVITY_ENTITY_ID, SETS_ID) VALUES (6802, 68021);
INSERT INTO EXERCISE_SET_ENTITY (SET_TYPE, ID, NUMBER_OF_REPS, STATUS , WEIGHT , WEIGHT_KG) VALUES ('NonWeightedSet', 68022, 10.0, 0, 'body', null);
INSERT INTO EXERCISE_ACTIVITY_ENTITY_SETS (EXERCISE_ACTIVITY_ENTITY_ID, SETS_ID) VALUES (6802, 68022);
INSERT INTO EXERCISE_SET_ENTITY (SET_TYPE, ID, NUMBER_OF_REPS, STATUS , WEIGHT , WEIGHT_KG) VALUES ('NonWeightedSet', 68023, 10.0, 0, 'body', null);
INSERT INTO EXERCISE_ACTIVITY_ENTITY_SETS (EXERCISE_ACTIVITY_ENTITY_ID, SETS_ID) VALUES (6802, 68023);
INSERT INTO WORKOUT_ENTITY_EXERCISE_ACTIVITIES (WORKOUT_ENTITY_ID, EXERCISE_ACTIVITIES_ID)  VALUES (68, 6802);
INSERT INTO EXERCISE_ACTIVITY_ENTITY (ID, NOTES, EXERCISE_ID) VALUES (6803, '', SELECT ID FROM EXERCISE_ENTITY WHERE NAME = 'Rear Delt Fly');
INSERT INTO EXERCISE_SET_ENTITY (SET_TYPE, ID, NUMBER_OF_REPS, STATUS , WEIGHT , WEIGHT_KG) VALUES ('WeightedSet', 68030, 10.0, 0, null, 5);
INSERT INTO EXERCISE_ACTIVITY_ENTITY_SETS (EXERCISE_ACTIVITY_ENTITY_ID, SETS_ID) VALUES (6803, 68030);
INSERT INTO EXERCISE_SET_ENTITY (SET_TYPE, ID, NUMBER_OF_REPS, STATUS , WEIGHT , WEIGHT_KG) VALUES ('WeightedSet', 68031, 10.0, 0, null, 5);
INSERT INTO EXERCISE_ACTIVITY_ENTITY_SETS (EXERCISE_ACTIVITY_ENTITY_ID, SETS_ID) VALUES (6803, 68031);
INSERT INTO EXERCISE_SET_ENTITY (SET_TYPE, ID, NUMBER_OF_REPS, STATUS , WEIGHT , WEIGHT_KG) VALUES ('WeightedSet', 68032, 10.0, 0, null, 5);
INSERT INTO EXERCISE_ACTIVITY_ENTITY_SETS (EXERCISE_ACTIVITY_ENTITY_ID, SETS_ID) VALUES (6803, 68032);
INSERT INTO WORKOUT_ENTITY_EXERCISE_ACTIVITIES (WORKOUT_ENTITY_ID, EXERCISE_ACTIVITIES_ID)  VALUES (68, 6803);
INSERT INTO EXERCISE_ACTIVITY_ENTITY (ID, NOTES, EXERCISE_ID) VALUES (6804, '', SELECT ID FROM EXERCISE_ENTITY WHERE NAME = 'Barbell Curl');
INSERT INTO EXERCISE_SET_ENTITY (SET_TYPE, ID, NUMBER_OF_REPS, STATUS , WEIGHT , WEIGHT_KG) VALUES ('WeightedSet', 68040, 10.0, 0, null, 20);
INSERT INTO EXERCISE_ACTIVITY_ENTITY_SETS (EXERCISE_ACTIVITY_ENTITY_ID, SETS_ID) VALUES (6804, 68040);
INSERT INTO EXERCISE_SET_ENTITY (SET_TYPE, ID, NUMBER_OF_REPS, STATUS , WEIGHT , WEIGHT_KG) VALUES ('WeightedSet', 68041, 10.0, 0, null, 20);
INSERT INTO EXERCISE_ACTIVITY_ENTITY_SETS (EXERCISE_ACTIVITY_ENTITY_ID, SETS_ID) VALUES (6804, 68041);
INSERT INTO EXERCISE_SET_ENTITY (SET_TYPE, ID, NUMBER_OF_REPS, STATUS , WEIGHT , WEIGHT_KG) VALUES ('WeightedSet', 68042, 10.0, 0, null, 20);
INSERT INTO EXERCISE_ACTIVITY_ENTITY_SETS (EXERCISE_ACTIVITY_ENTITY_ID, SETS_ID) VALUES (6804, 68042);
INSERT INTO WORKOUT_ENTITY_EXERCISE_ACTIVITIES (WORKOUT_ENTITY_ID, EXERCISE_ACTIVITIES_ID)  VALUES (68, 6804);
INSERT INTO WORKOUT_ENTITY (ID, NAME, NOTES, PERFORMED_AT_TIMESTAMP_UTC, WORKOUT_TYPE) VALUES (69, '2019-12-10 15:50:00', 'Notes', '2019-12-10 15:50:00', 'PUSH');
INSERT INTO EXERCISE_ACTIVITY_ENTITY (ID, NOTES, EXERCISE_ID) VALUES (6900, '', SELECT ID FROM EXERCISE_ENTITY WHERE NAME = 'Dumbbell Floor Fly');
INSERT INTO EXERCISE_SET_ENTITY (SET_TYPE, ID, NUMBER_OF_REPS, STATUS , WEIGHT , WEIGHT_KG) VALUES ('WeightedSet', 69000, 8.0, 0, null, 5);
INSERT INTO EXERCISE_ACTIVITY_ENTITY_SETS (EXERCISE_ACTIVITY_ENTITY_ID, SETS_ID) VALUES (6900, 69000);
INSERT INTO WORKOUT_ENTITY_EXERCISE_ACTIVITIES (WORKOUT_ENTITY_ID, EXERCISE_ACTIVITIES_ID)  VALUES (69, 6900);
INSERT INTO EXERCISE_ACTIVITY_ENTITY (ID, NOTES, EXERCISE_ID) VALUES (6901, '', SELECT ID FROM EXERCISE_ENTITY WHERE NAME = 'Dumbbell Floor Press');
INSERT INTO EXERCISE_SET_ENTITY (SET_TYPE, ID, NUMBER_OF_REPS, STATUS , WEIGHT , WEIGHT_KG) VALUES ('WeightedSet', 69010, 10.0, 0, null, 10);
INSERT INTO EXERCISE_ACTIVITY_ENTITY_SETS (EXERCISE_ACTIVITY_ENTITY_ID, SETS_ID) VALUES (6901, 69010);
INSERT INTO EXERCISE_SET_ENTITY (SET_TYPE, ID, NUMBER_OF_REPS, STATUS , WEIGHT , WEIGHT_KG) VALUES ('WeightedSet', 69011, 10.0, 0, null, 15);
INSERT INTO EXERCISE_ACTIVITY_ENTITY_SETS (EXERCISE_ACTIVITY_ENTITY_ID, SETS_ID) VALUES (6901, 69011);
INSERT INTO EXERCISE_SET_ENTITY (SET_TYPE, ID, NUMBER_OF_REPS, STATUS , WEIGHT , WEIGHT_KG) VALUES ('WeightedSet', 69012, 10.0, 0, null, 15);
INSERT INTO EXERCISE_ACTIVITY_ENTITY_SETS (EXERCISE_ACTIVITY_ENTITY_ID, SETS_ID) VALUES (6901, 69012);
INSERT INTO EXERCISE_SET_ENTITY (SET_TYPE, ID, NUMBER_OF_REPS, STATUS , WEIGHT , WEIGHT_KG) VALUES ('WeightedSet', 69013, 10.0, 0, null, 20);
INSERT INTO EXERCISE_ACTIVITY_ENTITY_SETS (EXERCISE_ACTIVITY_ENTITY_ID, SETS_ID) VALUES (6901, 69013);
INSERT INTO WORKOUT_ENTITY_EXERCISE_ACTIVITIES (WORKOUT_ENTITY_ID, EXERCISE_ACTIVITIES_ID)  VALUES (69, 6901);
INSERT INTO EXERCISE_ACTIVITY_ENTITY (ID, NOTES, EXERCISE_ID) VALUES (6902, '', SELECT ID FROM EXERCISE_ENTITY WHERE NAME = 'Overhead Press');
INSERT INTO EXERCISE_SET_ENTITY (SET_TYPE, ID, NUMBER_OF_REPS, STATUS , WEIGHT , WEIGHT_KG) VALUES ('WeightedSet', 69020, 8.0, 0, null, 20);
INSERT INTO EXERCISE_ACTIVITY_ENTITY_SETS (EXERCISE_ACTIVITY_ENTITY_ID, SETS_ID) VALUES (6902, 69020);
INSERT INTO EXERCISE_SET_ENTITY (SET_TYPE, ID, NUMBER_OF_REPS, STATUS , WEIGHT , WEIGHT_KG) VALUES ('WeightedSet', 69021, 8.0, 0, null, 35);
INSERT INTO EXERCISE_ACTIVITY_ENTITY_SETS (EXERCISE_ACTIVITY_ENTITY_ID, SETS_ID) VALUES (6902, 69021);
INSERT INTO EXERCISE_SET_ENTITY (SET_TYPE, ID, NUMBER_OF_REPS, STATUS , WEIGHT , WEIGHT_KG) VALUES ('WeightedSet', 69022, 8.0, 0, null, 35);
INSERT INTO EXERCISE_ACTIVITY_ENTITY_SETS (EXERCISE_ACTIVITY_ENTITY_ID, SETS_ID) VALUES (6902, 69022);
INSERT INTO EXERCISE_SET_ENTITY (SET_TYPE, ID, NUMBER_OF_REPS, STATUS , WEIGHT , WEIGHT_KG) VALUES ('WeightedSet', 69023, 7.0, 1, null, 35);
INSERT INTO EXERCISE_ACTIVITY_ENTITY_SETS (EXERCISE_ACTIVITY_ENTITY_ID, SETS_ID) VALUES (6902, 69023);
INSERT INTO WORKOUT_ENTITY_EXERCISE_ACTIVITIES (WORKOUT_ENTITY_ID, EXERCISE_ACTIVITIES_ID)  VALUES (69, 6902);
INSERT INTO EXERCISE_ACTIVITY_ENTITY (ID, NOTES, EXERCISE_ID) VALUES (6903, '', SELECT ID FROM EXERCISE_ENTITY WHERE NAME = 'Barbell Floor Press');
INSERT INTO EXERCISE_SET_ENTITY (SET_TYPE, ID, NUMBER_OF_REPS, STATUS , WEIGHT , WEIGHT_KG) VALUES ('WeightedSet', 69030, 10.0, 0, null, 35);
INSERT INTO EXERCISE_ACTIVITY_ENTITY_SETS (EXERCISE_ACTIVITY_ENTITY_ID, SETS_ID) VALUES (6903, 69030);
INSERT INTO WORKOUT_ENTITY_EXERCISE_ACTIVITIES (WORKOUT_ENTITY_ID, EXERCISE_ACTIVITIES_ID)  VALUES (69, 6903);
INSERT INTO EXERCISE_ACTIVITY_ENTITY (ID, NOTES, EXERCISE_ID) VALUES (6904, '', SELECT ID FROM EXERCISE_ENTITY WHERE NAME = 'Reverse Bench Press');
INSERT INTO EXERCISE_SET_ENTITY (SET_TYPE, ID, NUMBER_OF_REPS, STATUS , WEIGHT , WEIGHT_KG) VALUES ('WeightedSet', 69040, 8.0, 0, null, 35);
INSERT INTO EXERCISE_ACTIVITY_ENTITY_SETS (EXERCISE_ACTIVITY_ENTITY_ID, SETS_ID) VALUES (6904, 69040);
INSERT INTO WORKOUT_ENTITY_EXERCISE_ACTIVITIES (WORKOUT_ENTITY_ID, EXERCISE_ACTIVITIES_ID)  VALUES (69, 6904);
INSERT INTO EXERCISE_ACTIVITY_ENTITY (ID, NOTES, EXERCISE_ID) VALUES (6905, '', SELECT ID FROM EXERCISE_ENTITY WHERE NAME = 'Dumbbell Fly');
INSERT INTO EXERCISE_SET_ENTITY (SET_TYPE, ID, NUMBER_OF_REPS, STATUS , WEIGHT , WEIGHT_KG) VALUES ('WeightedSet', 69050, 8.0, 0, null, 5);
INSERT INTO EXERCISE_ACTIVITY_ENTITY_SETS (EXERCISE_ACTIVITY_ENTITY_ID, SETS_ID) VALUES (6905, 69050);
INSERT INTO EXERCISE_SET_ENTITY (SET_TYPE, ID, NUMBER_OF_REPS, STATUS , WEIGHT , WEIGHT_KG) VALUES ('WeightedSet', 69051, 8.0, 0, null, 5);
INSERT INTO EXERCISE_ACTIVITY_ENTITY_SETS (EXERCISE_ACTIVITY_ENTITY_ID, SETS_ID) VALUES (6905, 69051);
INSERT INTO WORKOUT_ENTITY_EXERCISE_ACTIVITIES (WORKOUT_ENTITY_ID, EXERCISE_ACTIVITIES_ID)  VALUES (69, 6905);
INSERT INTO EXERCISE_ACTIVITY_ENTITY (ID, NOTES, EXERCISE_ID) VALUES (6906, '', SELECT ID FROM EXERCISE_ENTITY WHERE NAME = 'Lateral Raise');
INSERT INTO EXERCISE_SET_ENTITY (SET_TYPE, ID, NUMBER_OF_REPS, STATUS , WEIGHT , WEIGHT_KG) VALUES ('WeightedSet', 69060, 16.0, 0, null, 2.5);
INSERT INTO EXERCISE_ACTIVITY_ENTITY_SETS (EXERCISE_ACTIVITY_ENTITY_ID, SETS_ID) VALUES (6906, 69060);
INSERT INTO EXERCISE_SET_ENTITY (SET_TYPE, ID, NUMBER_OF_REPS, STATUS , WEIGHT , WEIGHT_KG) VALUES ('WeightedSet', 69061, 20.0, 0, null, 2.5);
INSERT INTO EXERCISE_ACTIVITY_ENTITY_SETS (EXERCISE_ACTIVITY_ENTITY_ID, SETS_ID) VALUES (6906, 69061);
INSERT INTO EXERCISE_SET_ENTITY (SET_TYPE, ID, NUMBER_OF_REPS, STATUS , WEIGHT , WEIGHT_KG) VALUES ('WeightedSet', 69062, 10.0, 0, null, 5);
INSERT INTO EXERCISE_ACTIVITY_ENTITY_SETS (EXERCISE_ACTIVITY_ENTITY_ID, SETS_ID) VALUES (6906, 69062);
INSERT INTO EXERCISE_SET_ENTITY (SET_TYPE, ID, NUMBER_OF_REPS, STATUS , WEIGHT , WEIGHT_KG) VALUES ('WeightedSet', 69063, 10.0, 0, null, 2.5);
INSERT INTO EXERCISE_ACTIVITY_ENTITY_SETS (EXERCISE_ACTIVITY_ENTITY_ID, SETS_ID) VALUES (6906, 69063);
INSERT INTO WORKOUT_ENTITY_EXERCISE_ACTIVITIES (WORKOUT_ENTITY_ID, EXERCISE_ACTIVITIES_ID)  VALUES (69, 6906);
INSERT INTO EXERCISE_ACTIVITY_ENTITY (ID, NOTES, EXERCISE_ID) VALUES (6907, '', SELECT ID FROM EXERCISE_ENTITY WHERE NAME = 'Dip');
INSERT INTO EXERCISE_SET_ENTITY (SET_TYPE, ID, NUMBER_OF_REPS, STATUS , WEIGHT , WEIGHT_KG) VALUES ('NonWeightedSet', 69070, 8.0, 0, 'body', null);
INSERT INTO EXERCISE_ACTIVITY_ENTITY_SETS (EXERCISE_ACTIVITY_ENTITY_ID, SETS_ID) VALUES (6907, 69070);
INSERT INTO EXERCISE_SET_ENTITY (SET_TYPE, ID, NUMBER_OF_REPS, STATUS , WEIGHT , WEIGHT_KG) VALUES ('NonWeightedSet', 69071, 8.0, 0, 'body', null);
INSERT INTO EXERCISE_ACTIVITY_ENTITY_SETS (EXERCISE_ACTIVITY_ENTITY_ID, SETS_ID) VALUES (6907, 69071);
INSERT INTO EXERCISE_SET_ENTITY (SET_TYPE, ID, NUMBER_OF_REPS, STATUS , WEIGHT , WEIGHT_KG) VALUES ('NonWeightedSet', 69072, 8.0, 0, 'body', null);
INSERT INTO EXERCISE_ACTIVITY_ENTITY_SETS (EXERCISE_ACTIVITY_ENTITY_ID, SETS_ID) VALUES (6907, 69072);
INSERT INTO WORKOUT_ENTITY_EXERCISE_ACTIVITIES (WORKOUT_ENTITY_ID, EXERCISE_ACTIVITIES_ID)  VALUES (69, 6907);
INSERT INTO EXERCISE_ACTIVITY_ENTITY (ID, NOTES, EXERCISE_ID) VALUES (6908, '', SELECT ID FROM EXERCISE_ENTITY WHERE NAME = 'Skullcrusher');
INSERT INTO EXERCISE_SET_ENTITY (SET_TYPE, ID, NUMBER_OF_REPS, STATUS , WEIGHT , WEIGHT_KG) VALUES ('WeightedSet', 69080, 8.0, 0, null, 5);
INSERT INTO EXERCISE_ACTIVITY_ENTITY_SETS (EXERCISE_ACTIVITY_ENTITY_ID, SETS_ID) VALUES (6908, 69080);
INSERT INTO WORKOUT_ENTITY_EXERCISE_ACTIVITIES (WORKOUT_ENTITY_ID, EXERCISE_ACTIVITIES_ID)  VALUES (69, 6908);
INSERT INTO EXERCISE_ACTIVITY_ENTITY (ID, NOTES, EXERCISE_ID) VALUES (6909, '', SELECT ID FROM EXERCISE_ENTITY WHERE NAME = 'Floor Plate Press');
INSERT INTO EXERCISE_SET_ENTITY (SET_TYPE, ID, NUMBER_OF_REPS, STATUS , WEIGHT , WEIGHT_KG) VALUES ('WeightedSet', 69090, 20.0, 0, null, 20);
INSERT INTO EXERCISE_ACTIVITY_ENTITY_SETS (EXERCISE_ACTIVITY_ENTITY_ID, SETS_ID) VALUES (6909, 69090);
INSERT INTO EXERCISE_SET_ENTITY (SET_TYPE, ID, NUMBER_OF_REPS, STATUS , WEIGHT , WEIGHT_KG) VALUES ('WeightedSet', 69091, 20.0, 0, null, 20);
INSERT INTO EXERCISE_ACTIVITY_ENTITY_SETS (EXERCISE_ACTIVITY_ENTITY_ID, SETS_ID) VALUES (6909, 69091);
INSERT INTO WORKOUT_ENTITY_EXERCISE_ACTIVITIES (WORKOUT_ENTITY_ID, EXERCISE_ACTIVITIES_ID)  VALUES (69, 6909);
INSERT INTO WORKOUT_ENTITY (ID, NAME, NOTES, PERFORMED_AT_TIMESTAMP_UTC, WORKOUT_TYPE) VALUES (70, '2019-12-11 15:10:00', 'Notes', '2019-12-11 15:10:00', 'LEGS');
INSERT INTO EXERCISE_ACTIVITY_ENTITY (ID, NOTES, EXERCISE_ID) VALUES (7000, '', SELECT ID FROM EXERCISE_ENTITY WHERE NAME = 'Squat');
INSERT INTO EXERCISE_SET_ENTITY (SET_TYPE, ID, NUMBER_OF_REPS, STATUS , WEIGHT , WEIGHT_KG) VALUES ('NonWeightedSet', 70000, 8.0, 0, 'body', null);
INSERT INTO EXERCISE_ACTIVITY_ENTITY_SETS (EXERCISE_ACTIVITY_ENTITY_ID, SETS_ID) VALUES (7000, 70000);
INSERT INTO EXERCISE_SET_ENTITY (SET_TYPE, ID, NUMBER_OF_REPS, STATUS , WEIGHT , WEIGHT_KG) VALUES ('WeightedSet', 70001, 5.0, 0, null, 20);
INSERT INTO EXERCISE_ACTIVITY_ENTITY_SETS (EXERCISE_ACTIVITY_ENTITY_ID, SETS_ID) VALUES (7000, 70001);
INSERT INTO EXERCISE_SET_ENTITY (SET_TYPE, ID, NUMBER_OF_REPS, STATUS , WEIGHT , WEIGHT_KG) VALUES ('WeightedSet', 70002, 5.0, 0, null, 40);
INSERT INTO EXERCISE_ACTIVITY_ENTITY_SETS (EXERCISE_ACTIVITY_ENTITY_ID, SETS_ID) VALUES (7000, 70002);
INSERT INTO EXERCISE_SET_ENTITY (SET_TYPE, ID, NUMBER_OF_REPS, STATUS , WEIGHT , WEIGHT_KG) VALUES ('WeightedSet', 70003, 3.0, 0, null, 60);
INSERT INTO EXERCISE_ACTIVITY_ENTITY_SETS (EXERCISE_ACTIVITY_ENTITY_ID, SETS_ID) VALUES (7000, 70003);
INSERT INTO EXERCISE_SET_ENTITY (SET_TYPE, ID, NUMBER_OF_REPS, STATUS , WEIGHT , WEIGHT_KG) VALUES ('WeightedSet', 70004, 5.0, 0, null, 70);
INSERT INTO EXERCISE_ACTIVITY_ENTITY_SETS (EXERCISE_ACTIVITY_ENTITY_ID, SETS_ID) VALUES (7000, 70004);
INSERT INTO EXERCISE_SET_ENTITY (SET_TYPE, ID, NUMBER_OF_REPS, STATUS , WEIGHT , WEIGHT_KG) VALUES ('WeightedSet', 70005, 5.0, 0, null, 70);
INSERT INTO EXERCISE_ACTIVITY_ENTITY_SETS (EXERCISE_ACTIVITY_ENTITY_ID, SETS_ID) VALUES (7000, 70005);
INSERT INTO EXERCISE_SET_ENTITY (SET_TYPE, ID, NUMBER_OF_REPS, STATUS , WEIGHT , WEIGHT_KG) VALUES ('WeightedSet', 70006, 5.0, 0, null, 70);
INSERT INTO EXERCISE_ACTIVITY_ENTITY_SETS (EXERCISE_ACTIVITY_ENTITY_ID, SETS_ID) VALUES (7000, 70006);
INSERT INTO EXERCISE_SET_ENTITY (SET_TYPE, ID, NUMBER_OF_REPS, STATUS , WEIGHT , WEIGHT_KG) VALUES ('WeightedSet', 70007, 5.0, 0, null, 70);
INSERT INTO EXERCISE_ACTIVITY_ENTITY_SETS (EXERCISE_ACTIVITY_ENTITY_ID, SETS_ID) VALUES (7000, 70007);
INSERT INTO EXERCISE_SET_ENTITY (SET_TYPE, ID, NUMBER_OF_REPS, STATUS , WEIGHT , WEIGHT_KG) VALUES ('WeightedSet', 70008, 5.0, 0, null, 70);
INSERT INTO EXERCISE_ACTIVITY_ENTITY_SETS (EXERCISE_ACTIVITY_ENTITY_ID, SETS_ID) VALUES (7000, 70008);
INSERT INTO WORKOUT_ENTITY_EXERCISE_ACTIVITIES (WORKOUT_ENTITY_ID, EXERCISE_ACTIVITIES_ID)  VALUES (70, 7000);
INSERT INTO EXERCISE_ACTIVITY_ENTITY (ID, NOTES, EXERCISE_ID) VALUES (7001, '', SELECT ID FROM EXERCISE_ENTITY WHERE NAME = 'Romanian Deadlift');
INSERT INTO EXERCISE_SET_ENTITY (SET_TYPE, ID, NUMBER_OF_REPS, STATUS , WEIGHT , WEIGHT_KG) VALUES ('WeightedSet', 70010, 8.0, 0, null, 20);
INSERT INTO EXERCISE_ACTIVITY_ENTITY_SETS (EXERCISE_ACTIVITY_ENTITY_ID, SETS_ID) VALUES (7001, 70010);
INSERT INTO EXERCISE_SET_ENTITY (SET_TYPE, ID, NUMBER_OF_REPS, STATUS , WEIGHT , WEIGHT_KG) VALUES ('WeightedSet', 70011, 4.0, 0, null, 40);
INSERT INTO EXERCISE_ACTIVITY_ENTITY_SETS (EXERCISE_ACTIVITY_ENTITY_ID, SETS_ID) VALUES (7001, 70011);
INSERT INTO EXERCISE_SET_ENTITY (SET_TYPE, ID, NUMBER_OF_REPS, STATUS , WEIGHT , WEIGHT_KG) VALUES ('WeightedSet', 70012, 8.0, 0, null, 50);
INSERT INTO EXERCISE_ACTIVITY_ENTITY_SETS (EXERCISE_ACTIVITY_ENTITY_ID, SETS_ID) VALUES (7001, 70012);
INSERT INTO EXERCISE_SET_ENTITY (SET_TYPE, ID, NUMBER_OF_REPS, STATUS , WEIGHT , WEIGHT_KG) VALUES ('WeightedSet', 70013, 8.0, 0, null, 50);
INSERT INTO EXERCISE_ACTIVITY_ENTITY_SETS (EXERCISE_ACTIVITY_ENTITY_ID, SETS_ID) VALUES (7001, 70013);
INSERT INTO EXERCISE_SET_ENTITY (SET_TYPE, ID, NUMBER_OF_REPS, STATUS , WEIGHT , WEIGHT_KG) VALUES ('WeightedSet', 70014, 8.0, 0, null, 50);
INSERT INTO EXERCISE_ACTIVITY_ENTITY_SETS (EXERCISE_ACTIVITY_ENTITY_ID, SETS_ID) VALUES (7001, 70014);
INSERT INTO WORKOUT_ENTITY_EXERCISE_ACTIVITIES (WORKOUT_ENTITY_ID, EXERCISE_ACTIVITIES_ID)  VALUES (70, 7001);
INSERT INTO EXERCISE_ACTIVITY_ENTITY (ID, NOTES, EXERCISE_ID) VALUES (7002, '', SELECT ID FROM EXERCISE_ENTITY WHERE NAME = 'Lying Leg Raise');
INSERT INTO EXERCISE_SET_ENTITY (SET_TYPE, ID, NUMBER_OF_REPS, STATUS , WEIGHT , WEIGHT_KG) VALUES ('NonWeightedSet', 70020, 10.0, 0, 'body', null);
INSERT INTO EXERCISE_ACTIVITY_ENTITY_SETS (EXERCISE_ACTIVITY_ENTITY_ID, SETS_ID) VALUES (7002, 70020);
INSERT INTO EXERCISE_SET_ENTITY (SET_TYPE, ID, NUMBER_OF_REPS, STATUS , WEIGHT , WEIGHT_KG) VALUES ('NonWeightedSet', 70021, 10.0, 0, 'body', null);
INSERT INTO EXERCISE_ACTIVITY_ENTITY_SETS (EXERCISE_ACTIVITY_ENTITY_ID, SETS_ID) VALUES (7002, 70021);
INSERT INTO EXERCISE_SET_ENTITY (SET_TYPE, ID, NUMBER_OF_REPS, STATUS , WEIGHT , WEIGHT_KG) VALUES ('NonWeightedSet', 70022, 10.0, 0, 'body', null);
INSERT INTO EXERCISE_ACTIVITY_ENTITY_SETS (EXERCISE_ACTIVITY_ENTITY_ID, SETS_ID) VALUES (7002, 70022);
INSERT INTO WORKOUT_ENTITY_EXERCISE_ACTIVITIES (WORKOUT_ENTITY_ID, EXERCISE_ACTIVITIES_ID)  VALUES (70, 7002);
INSERT INTO EXERCISE_ACTIVITY_ENTITY (ID, NOTES, EXERCISE_ID) VALUES (7003, '', SELECT ID FROM EXERCISE_ENTITY WHERE NAME = 'Lunge');
INSERT INTO EXERCISE_SET_ENTITY (SET_TYPE, ID, NUMBER_OF_REPS, STATUS , WEIGHT , WEIGHT_KG) VALUES ('NonWeightedSet', 70030, 10.0, 0, 'body', null);
INSERT INTO EXERCISE_ACTIVITY_ENTITY_SETS (EXERCISE_ACTIVITY_ENTITY_ID, SETS_ID) VALUES (7003, 70030);
INSERT INTO EXERCISE_SET_ENTITY (SET_TYPE, ID, NUMBER_OF_REPS, STATUS , WEIGHT , WEIGHT_KG) VALUES ('WeightedSet', 70031, 10.0, 0, null, 5);
INSERT INTO EXERCISE_ACTIVITY_ENTITY_SETS (EXERCISE_ACTIVITY_ENTITY_ID, SETS_ID) VALUES (7003, 70031);
INSERT INTO EXERCISE_SET_ENTITY (SET_TYPE, ID, NUMBER_OF_REPS, STATUS , WEIGHT , WEIGHT_KG) VALUES ('WeightedSet', 70032, 10.0, 0, null, 5);
INSERT INTO EXERCISE_ACTIVITY_ENTITY_SETS (EXERCISE_ACTIVITY_ENTITY_ID, SETS_ID) VALUES (7003, 70032);
INSERT INTO WORKOUT_ENTITY_EXERCISE_ACTIVITIES (WORKOUT_ENTITY_ID, EXERCISE_ACTIVITIES_ID)  VALUES (70, 7003);
INSERT INTO EXERCISE_ACTIVITY_ENTITY (ID, NOTES, EXERCISE_ID) VALUES (7004, '', SELECT ID FROM EXERCISE_ENTITY WHERE NAME = 'Banded Squat Walk');
INSERT INTO EXERCISE_SET_ENTITY (SET_TYPE, ID, NUMBER_OF_REPS, STATUS , WEIGHT , WEIGHT_KG) VALUES ('NonWeightedSet', 70040, 8.0, 0, 'red band', null);
INSERT INTO EXERCISE_ACTIVITY_ENTITY_SETS (EXERCISE_ACTIVITY_ENTITY_ID, SETS_ID) VALUES (7004, 70040);
INSERT INTO WORKOUT_ENTITY_EXERCISE_ACTIVITIES (WORKOUT_ENTITY_ID, EXERCISE_ACTIVITIES_ID)  VALUES (70, 7004);
INSERT INTO EXERCISE_ACTIVITY_ENTITY (ID, NOTES, EXERCISE_ID) VALUES (7005, '', SELECT ID FROM EXERCISE_ENTITY WHERE NAME = 'Glute Raise');
INSERT INTO EXERCISE_SET_ENTITY (SET_TYPE, ID, NUMBER_OF_REPS, STATUS , WEIGHT , WEIGHT_KG) VALUES ('NonWeightedSet', 70050, 10.0, 0, 'body', null);
INSERT INTO EXERCISE_ACTIVITY_ENTITY_SETS (EXERCISE_ACTIVITY_ENTITY_ID, SETS_ID) VALUES (7005, 70050);
INSERT INTO EXERCISE_SET_ENTITY (SET_TYPE, ID, NUMBER_OF_REPS, STATUS , WEIGHT , WEIGHT_KG) VALUES ('NonWeightedSet', 70051, 10.0, 0, 'body', null);
INSERT INTO EXERCISE_ACTIVITY_ENTITY_SETS (EXERCISE_ACTIVITY_ENTITY_ID, SETS_ID) VALUES (7005, 70051);
INSERT INTO EXERCISE_SET_ENTITY (SET_TYPE, ID, NUMBER_OF_REPS, STATUS , WEIGHT , WEIGHT_KG) VALUES ('NonWeightedSet', 70052, 10.0, 0, 'body', null);
INSERT INTO EXERCISE_ACTIVITY_ENTITY_SETS (EXERCISE_ACTIVITY_ENTITY_ID, SETS_ID) VALUES (7005, 70052);
INSERT INTO WORKOUT_ENTITY_EXERCISE_ACTIVITIES (WORKOUT_ENTITY_ID, EXERCISE_ACTIVITIES_ID)  VALUES (70, 7005);
INSERT INTO EXERCISE_ACTIVITY_ENTITY (ID, NOTES, EXERCISE_ID) VALUES (7006, '', SELECT ID FROM EXERCISE_ENTITY WHERE NAME = 'Seated Calf Raise');
INSERT INTO EXERCISE_SET_ENTITY (SET_TYPE, ID, NUMBER_OF_REPS, STATUS , WEIGHT , WEIGHT_KG) VALUES ('WeightedSet', 70060, 10.0, 0, null, 20);
INSERT INTO EXERCISE_ACTIVITY_ENTITY_SETS (EXERCISE_ACTIVITY_ENTITY_ID, SETS_ID) VALUES (7006, 70060);
INSERT INTO EXERCISE_SET_ENTITY (SET_TYPE, ID, NUMBER_OF_REPS, STATUS , WEIGHT , WEIGHT_KG) VALUES ('WeightedSet', 70061, 12.0, 0, null, 20);
INSERT INTO EXERCISE_ACTIVITY_ENTITY_SETS (EXERCISE_ACTIVITY_ENTITY_ID, SETS_ID) VALUES (7006, 70061);
INSERT INTO WORKOUT_ENTITY_EXERCISE_ACTIVITIES (WORKOUT_ENTITY_ID, EXERCISE_ACTIVITIES_ID)  VALUES (70, 7006);
INSERT INTO EXERCISE_ACTIVITY_ENTITY (ID, NOTES, EXERCISE_ID) VALUES (7007, '', SELECT ID FROM EXERCISE_ENTITY WHERE NAME = 'Standing Calf Raise');
INSERT INTO EXERCISE_SET_ENTITY (SET_TYPE, ID, NUMBER_OF_REPS, STATUS , WEIGHT , WEIGHT_KG) VALUES ('WeightedSet', 70070, 10.0, 0, null, 125);
INSERT INTO EXERCISE_ACTIVITY_ENTITY_SETS (EXERCISE_ACTIVITY_ENTITY_ID, SETS_ID) VALUES (7007, 70070);
INSERT INTO EXERCISE_SET_ENTITY (SET_TYPE, ID, NUMBER_OF_REPS, STATUS , WEIGHT , WEIGHT_KG) VALUES ('WeightedSet', 70071, 10.0, 0, null, 125);
INSERT INTO EXERCISE_ACTIVITY_ENTITY_SETS (EXERCISE_ACTIVITY_ENTITY_ID, SETS_ID) VALUES (7007, 70071);
INSERT INTO WORKOUT_ENTITY_EXERCISE_ACTIVITIES (WORKOUT_ENTITY_ID, EXERCISE_ACTIVITIES_ID)  VALUES (70, 7007);
INSERT INTO WORKOUT_ENTITY (ID, NAME, NOTES, PERFORMED_AT_TIMESTAMP_UTC, WORKOUT_TYPE) VALUES (71, '2019-12-12 15:40:00', 'Notes', '2019-12-12 15:40:00', 'PULL');
INSERT INTO EXERCISE_ACTIVITY_ENTITY (ID, NOTES, EXERCISE_ID) VALUES (7100, '', SELECT ID FROM EXERCISE_ENTITY WHERE NAME = 'Bent Over Row');
INSERT INTO EXERCISE_SET_ENTITY (SET_TYPE, ID, NUMBER_OF_REPS, STATUS , WEIGHT , WEIGHT_KG) VALUES ('WeightedSet', 71000, 8.0, 0, null, 20);
INSERT INTO EXERCISE_ACTIVITY_ENTITY_SETS (EXERCISE_ACTIVITY_ENTITY_ID, SETS_ID) VALUES (7100, 71000);
INSERT INTO EXERCISE_SET_ENTITY (SET_TYPE, ID, NUMBER_OF_REPS, STATUS , WEIGHT , WEIGHT_KG) VALUES ('WeightedSet', 71001, 10.0, 0, null, 30);
INSERT INTO EXERCISE_ACTIVITY_ENTITY_SETS (EXERCISE_ACTIVITY_ENTITY_ID, SETS_ID) VALUES (7100, 71001);
INSERT INTO EXERCISE_SET_ENTITY (SET_TYPE, ID, NUMBER_OF_REPS, STATUS , WEIGHT , WEIGHT_KG) VALUES ('WeightedSet', 71002, 8.0, 0, null, 40);
INSERT INTO EXERCISE_ACTIVITY_ENTITY_SETS (EXERCISE_ACTIVITY_ENTITY_ID, SETS_ID) VALUES (7100, 71002);
INSERT INTO EXERCISE_SET_ENTITY (SET_TYPE, ID, NUMBER_OF_REPS, STATUS , WEIGHT , WEIGHT_KG) VALUES ('WeightedSet', 71003, 9.0, 0, null, 40);
INSERT INTO EXERCISE_ACTIVITY_ENTITY_SETS (EXERCISE_ACTIVITY_ENTITY_ID, SETS_ID) VALUES (7100, 71003);
INSERT INTO EXERCISE_SET_ENTITY (SET_TYPE, ID, NUMBER_OF_REPS, STATUS , WEIGHT , WEIGHT_KG) VALUES ('WeightedSet', 71004, 10.0, 0, null, 40);
INSERT INTO EXERCISE_ACTIVITY_ENTITY_SETS (EXERCISE_ACTIVITY_ENTITY_ID, SETS_ID) VALUES (7100, 71004);
INSERT INTO WORKOUT_ENTITY_EXERCISE_ACTIVITIES (WORKOUT_ENTITY_ID, EXERCISE_ACTIVITIES_ID)  VALUES (71, 7100);
INSERT INTO EXERCISE_ACTIVITY_ENTITY (ID, NOTES, EXERCISE_ID) VALUES (7101, '', SELECT ID FROM EXERCISE_ENTITY WHERE NAME = 'Chin Up');
INSERT INTO EXERCISE_SET_ENTITY (SET_TYPE, ID, NUMBER_OF_REPS, STATUS , WEIGHT , WEIGHT_KG) VALUES ('NonWeightedSet', 71010, 6.0, 0, 'body', null);
INSERT INTO EXERCISE_ACTIVITY_ENTITY_SETS (EXERCISE_ACTIVITY_ENTITY_ID, SETS_ID) VALUES (7101, 71010);
INSERT INTO EXERCISE_SET_ENTITY (SET_TYPE, ID, NUMBER_OF_REPS, STATUS , WEIGHT , WEIGHT_KG) VALUES ('NonWeightedSet', 71011, 6.0, 0, 'body', null);
INSERT INTO EXERCISE_ACTIVITY_ENTITY_SETS (EXERCISE_ACTIVITY_ENTITY_ID, SETS_ID) VALUES (7101, 71011);
INSERT INTO EXERCISE_SET_ENTITY (SET_TYPE, ID, NUMBER_OF_REPS, STATUS , WEIGHT , WEIGHT_KG) VALUES ('NonWeightedSet', 71012, 6.0, 0, 'body', null);
INSERT INTO EXERCISE_ACTIVITY_ENTITY_SETS (EXERCISE_ACTIVITY_ENTITY_ID, SETS_ID) VALUES (7101, 71012);
INSERT INTO WORKOUT_ENTITY_EXERCISE_ACTIVITIES (WORKOUT_ENTITY_ID, EXERCISE_ACTIVITIES_ID)  VALUES (71, 7101);
INSERT INTO EXERCISE_ACTIVITY_ENTITY (ID, NOTES, EXERCISE_ID) VALUES (7102, '', SELECT ID FROM EXERCISE_ENTITY WHERE NAME = 'Batwing Row');
INSERT INTO EXERCISE_SET_ENTITY (SET_TYPE, ID, NUMBER_OF_REPS, STATUS , WEIGHT , WEIGHT_KG) VALUES ('WeightedSet', 71020, 12.0, 0, null, 5);
INSERT INTO EXERCISE_ACTIVITY_ENTITY_SETS (EXERCISE_ACTIVITY_ENTITY_ID, SETS_ID) VALUES (7102, 71020);
INSERT INTO EXERCISE_SET_ENTITY (SET_TYPE, ID, NUMBER_OF_REPS, STATUS , WEIGHT , WEIGHT_KG) VALUES ('WeightedSet', 71021, 12.0, 0, null, 7.5);
INSERT INTO EXERCISE_ACTIVITY_ENTITY_SETS (EXERCISE_ACTIVITY_ENTITY_ID, SETS_ID) VALUES (7102, 71021);
INSERT INTO EXERCISE_SET_ENTITY (SET_TYPE, ID, NUMBER_OF_REPS, STATUS , WEIGHT , WEIGHT_KG) VALUES ('WeightedSet', 71022, 12.0, 0, null, 7.5);
INSERT INTO EXERCISE_ACTIVITY_ENTITY_SETS (EXERCISE_ACTIVITY_ENTITY_ID, SETS_ID) VALUES (7102, 71022);
INSERT INTO WORKOUT_ENTITY_EXERCISE_ACTIVITIES (WORKOUT_ENTITY_ID, EXERCISE_ACTIVITIES_ID)  VALUES (71, 7102);
INSERT INTO EXERCISE_ACTIVITY_ENTITY (ID, NOTES, EXERCISE_ID) VALUES (7103, '', SELECT ID FROM EXERCISE_ENTITY WHERE NAME = 'Barbell Curl');
INSERT INTO EXERCISE_SET_ENTITY (SET_TYPE, ID, NUMBER_OF_REPS, STATUS , WEIGHT , WEIGHT_KG) VALUES ('WeightedSet', 71030, 10.0, 0, null, 22.5);
INSERT INTO EXERCISE_ACTIVITY_ENTITY_SETS (EXERCISE_ACTIVITY_ENTITY_ID, SETS_ID) VALUES (7103, 71030);
INSERT INTO EXERCISE_SET_ENTITY (SET_TYPE, ID, NUMBER_OF_REPS, STATUS , WEIGHT , WEIGHT_KG) VALUES ('WeightedSet', 71031, 10.0, 0, null, 22.5);
INSERT INTO EXERCISE_ACTIVITY_ENTITY_SETS (EXERCISE_ACTIVITY_ENTITY_ID, SETS_ID) VALUES (7103, 71031);
INSERT INTO EXERCISE_SET_ENTITY (SET_TYPE, ID, NUMBER_OF_REPS, STATUS , WEIGHT , WEIGHT_KG) VALUES ('WeightedSet', 71032, 10.0, 0, null, 22.5);
INSERT INTO EXERCISE_ACTIVITY_ENTITY_SETS (EXERCISE_ACTIVITY_ENTITY_ID, SETS_ID) VALUES (7103, 71032);
INSERT INTO WORKOUT_ENTITY_EXERCISE_ACTIVITIES (WORKOUT_ENTITY_ID, EXERCISE_ACTIVITIES_ID)  VALUES (71, 7103);
INSERT INTO EXERCISE_ACTIVITY_ENTITY (ID, NOTES, EXERCISE_ID) VALUES (7104, '', SELECT ID FROM EXERCISE_ENTITY WHERE NAME = 'Facepull');
INSERT INTO EXERCISE_SET_ENTITY (SET_TYPE, ID, NUMBER_OF_REPS, STATUS , WEIGHT , WEIGHT_KG) VALUES ('NonWeightedSet', 71040, 17.0, 0, 'yellow band', null);
INSERT INTO EXERCISE_ACTIVITY_ENTITY_SETS (EXERCISE_ACTIVITY_ENTITY_ID, SETS_ID) VALUES (7104, 71040);
INSERT INTO EXERCISE_SET_ENTITY (SET_TYPE, ID, NUMBER_OF_REPS, STATUS , WEIGHT , WEIGHT_KG) VALUES ('NonWeightedSet', 71041, 15.0, 0, 'yellow band', null);
INSERT INTO EXERCISE_ACTIVITY_ENTITY_SETS (EXERCISE_ACTIVITY_ENTITY_ID, SETS_ID) VALUES (7104, 71041);
INSERT INTO WORKOUT_ENTITY_EXERCISE_ACTIVITIES (WORKOUT_ENTITY_ID, EXERCISE_ACTIVITIES_ID)  VALUES (71, 7104);
INSERT INTO EXERCISE_ACTIVITY_ENTITY (ID, NOTES, EXERCISE_ID) VALUES (7105, '', SELECT ID FROM EXERCISE_ENTITY WHERE NAME = 'Dumbbell Curl');
INSERT INTO EXERCISE_SET_ENTITY (SET_TYPE, ID, NUMBER_OF_REPS, STATUS , WEIGHT , WEIGHT_KG) VALUES ('WeightedSet', 71050, 10.0, 0, null, 7.5);
INSERT INTO EXERCISE_ACTIVITY_ENTITY_SETS (EXERCISE_ACTIVITY_ENTITY_ID, SETS_ID) VALUES (7105, 71050);
INSERT INTO EXERCISE_SET_ENTITY (SET_TYPE, ID, NUMBER_OF_REPS, STATUS , WEIGHT , WEIGHT_KG) VALUES ('WeightedSet', 71051, 10.0, 0, null, 7.5);
INSERT INTO EXERCISE_ACTIVITY_ENTITY_SETS (EXERCISE_ACTIVITY_ENTITY_ID, SETS_ID) VALUES (7105, 71051);
INSERT INTO WORKOUT_ENTITY_EXERCISE_ACTIVITIES (WORKOUT_ENTITY_ID, EXERCISE_ACTIVITIES_ID)  VALUES (71, 7105);
INSERT INTO WORKOUT_ENTITY (ID, NAME, NOTES, PERFORMED_AT_TIMESTAMP_UTC, WORKOUT_TYPE) VALUES (72, '2019-12-13 12:20:00', 'Notes', '2019-12-13 12:20:00', 'PUSH');
INSERT INTO EXERCISE_ACTIVITY_ENTITY (ID, NOTES, EXERCISE_ID) VALUES (7200, '', SELECT ID FROM EXERCISE_ENTITY WHERE NAME = 'Dumbbell Floor Fly');
INSERT INTO EXERCISE_SET_ENTITY (SET_TYPE, ID, NUMBER_OF_REPS, STATUS , WEIGHT , WEIGHT_KG) VALUES ('WeightedSet', 72000, 10.0, 0, null, 5);
INSERT INTO EXERCISE_ACTIVITY_ENTITY_SETS (EXERCISE_ACTIVITY_ENTITY_ID, SETS_ID) VALUES (7200, 72000);
INSERT INTO WORKOUT_ENTITY_EXERCISE_ACTIVITIES (WORKOUT_ENTITY_ID, EXERCISE_ACTIVITIES_ID)  VALUES (72, 7200);
INSERT INTO EXERCISE_ACTIVITY_ENTITY (ID, NOTES, EXERCISE_ID) VALUES (7201, '', SELECT ID FROM EXERCISE_ENTITY WHERE NAME = 'Dumbbell Floor Press');
INSERT INTO EXERCISE_SET_ENTITY (SET_TYPE, ID, NUMBER_OF_REPS, STATUS , WEIGHT , WEIGHT_KG) VALUES ('WeightedSet', 72010, 10.0, 0, null, 10);
INSERT INTO EXERCISE_ACTIVITY_ENTITY_SETS (EXERCISE_ACTIVITY_ENTITY_ID, SETS_ID) VALUES (7201, 72010);
INSERT INTO EXERCISE_SET_ENTITY (SET_TYPE, ID, NUMBER_OF_REPS, STATUS , WEIGHT , WEIGHT_KG) VALUES ('WeightedSet', 72011, 10.0, 0, null, 15);
INSERT INTO EXERCISE_ACTIVITY_ENTITY_SETS (EXERCISE_ACTIVITY_ENTITY_ID, SETS_ID) VALUES (7201, 72011);
INSERT INTO EXERCISE_SET_ENTITY (SET_TYPE, ID, NUMBER_OF_REPS, STATUS , WEIGHT , WEIGHT_KG) VALUES ('WeightedSet', 72012, 10.0, 0, null, 20);
INSERT INTO EXERCISE_ACTIVITY_ENTITY_SETS (EXERCISE_ACTIVITY_ENTITY_ID, SETS_ID) VALUES (7201, 72012);
INSERT INTO EXERCISE_SET_ENTITY (SET_TYPE, ID, NUMBER_OF_REPS, STATUS , WEIGHT , WEIGHT_KG) VALUES ('WeightedSet', 72013, 8.0, 1, null, 20);
INSERT INTO EXERCISE_ACTIVITY_ENTITY_SETS (EXERCISE_ACTIVITY_ENTITY_ID, SETS_ID) VALUES (7201, 72013);
INSERT INTO WORKOUT_ENTITY_EXERCISE_ACTIVITIES (WORKOUT_ENTITY_ID, EXERCISE_ACTIVITIES_ID)  VALUES (72, 7201);
INSERT INTO EXERCISE_ACTIVITY_ENTITY (ID, NOTES, EXERCISE_ID) VALUES (7202, '', SELECT ID FROM EXERCISE_ENTITY WHERE NAME = 'Overhead Press');
INSERT INTO EXERCISE_SET_ENTITY (SET_TYPE, ID, NUMBER_OF_REPS, STATUS , WEIGHT , WEIGHT_KG) VALUES ('WeightedSet', 72020, 5.0, 0, null, 20);
INSERT INTO EXERCISE_ACTIVITY_ENTITY_SETS (EXERCISE_ACTIVITY_ENTITY_ID, SETS_ID) VALUES (7202, 72020);
INSERT INTO EXERCISE_SET_ENTITY (SET_TYPE, ID, NUMBER_OF_REPS, STATUS , WEIGHT , WEIGHT_KG) VALUES ('WeightedSet', 72021, 3.0, 0, null, 30);
INSERT INTO EXERCISE_ACTIVITY_ENTITY_SETS (EXERCISE_ACTIVITY_ENTITY_ID, SETS_ID) VALUES (7202, 72021);
INSERT INTO EXERCISE_SET_ENTITY (SET_TYPE, ID, NUMBER_OF_REPS, STATUS , WEIGHT , WEIGHT_KG) VALUES ('WeightedSet', 72022, 5.0, 0, null, 42.5);
INSERT INTO EXERCISE_ACTIVITY_ENTITY_SETS (EXERCISE_ACTIVITY_ENTITY_ID, SETS_ID) VALUES (7202, 72022);
INSERT INTO EXERCISE_SET_ENTITY (SET_TYPE, ID, NUMBER_OF_REPS, STATUS , WEIGHT , WEIGHT_KG) VALUES ('WeightedSet', 72023, 5.0, 0, null, 40);
INSERT INTO EXERCISE_ACTIVITY_ENTITY_SETS (EXERCISE_ACTIVITY_ENTITY_ID, SETS_ID) VALUES (7202, 72023);
INSERT INTO EXERCISE_SET_ENTITY (SET_TYPE, ID, NUMBER_OF_REPS, STATUS , WEIGHT , WEIGHT_KG) VALUES ('WeightedSet', 72024, 5.0, 0, null, 40);
INSERT INTO EXERCISE_ACTIVITY_ENTITY_SETS (EXERCISE_ACTIVITY_ENTITY_ID, SETS_ID) VALUES (7202, 72024);
INSERT INTO EXERCISE_SET_ENTITY (SET_TYPE, ID, NUMBER_OF_REPS, STATUS , WEIGHT , WEIGHT_KG) VALUES ('WeightedSet', 72025, 5.0, 0, null, 40);
INSERT INTO EXERCISE_ACTIVITY_ENTITY_SETS (EXERCISE_ACTIVITY_ENTITY_ID, SETS_ID) VALUES (7202, 72025);
INSERT INTO EXERCISE_SET_ENTITY (SET_TYPE, ID, NUMBER_OF_REPS, STATUS , WEIGHT , WEIGHT_KG) VALUES ('WeightedSet', 72026, 5.0, 0, null, 40);
INSERT INTO EXERCISE_ACTIVITY_ENTITY_SETS (EXERCISE_ACTIVITY_ENTITY_ID, SETS_ID) VALUES (7202, 72026);
INSERT INTO WORKOUT_ENTITY_EXERCISE_ACTIVITIES (WORKOUT_ENTITY_ID, EXERCISE_ACTIVITIES_ID)  VALUES (72, 7202);
INSERT INTO EXERCISE_ACTIVITY_ENTITY (ID, NOTES, EXERCISE_ID) VALUES (7203, '', SELECT ID FROM EXERCISE_ENTITY WHERE NAME = 'Lateral Raise');
INSERT INTO EXERCISE_SET_ENTITY (SET_TYPE, ID, NUMBER_OF_REPS, STATUS , WEIGHT , WEIGHT_KG) VALUES ('WeightedSet', 72030, 18.0, 0, null, 2.5);
INSERT INTO EXERCISE_ACTIVITY_ENTITY_SETS (EXERCISE_ACTIVITY_ENTITY_ID, SETS_ID) VALUES (7203, 72030);
INSERT INTO EXERCISE_SET_ENTITY (SET_TYPE, ID, NUMBER_OF_REPS, STATUS , WEIGHT , WEIGHT_KG) VALUES ('WeightedSet', 72031, 18.0, 0, null, 2.5);
INSERT INTO EXERCISE_ACTIVITY_ENTITY_SETS (EXERCISE_ACTIVITY_ENTITY_ID, SETS_ID) VALUES (7203, 72031);
INSERT INTO EXERCISE_SET_ENTITY (SET_TYPE, ID, NUMBER_OF_REPS, STATUS , WEIGHT , WEIGHT_KG) VALUES ('WeightedSet', 72032, 16.0, 0, null, 2.5);
INSERT INTO EXERCISE_ACTIVITY_ENTITY_SETS (EXERCISE_ACTIVITY_ENTITY_ID, SETS_ID) VALUES (7203, 72032);
INSERT INTO WORKOUT_ENTITY_EXERCISE_ACTIVITIES (WORKOUT_ENTITY_ID, EXERCISE_ACTIVITIES_ID)  VALUES (72, 7203);
INSERT INTO EXERCISE_ACTIVITY_ENTITY (ID, NOTES, EXERCISE_ID) VALUES (7204, '', SELECT ID FROM EXERCISE_ENTITY WHERE NAME = 'Dip');
INSERT INTO EXERCISE_SET_ENTITY (SET_TYPE, ID, NUMBER_OF_REPS, STATUS , WEIGHT , WEIGHT_KG) VALUES ('NonWeightedSet', 72040, 8.0, 0, 'body', null);
INSERT INTO EXERCISE_ACTIVITY_ENTITY_SETS (EXERCISE_ACTIVITY_ENTITY_ID, SETS_ID) VALUES (7204, 72040);
INSERT INTO EXERCISE_SET_ENTITY (SET_TYPE, ID, NUMBER_OF_REPS, STATUS , WEIGHT , WEIGHT_KG) VALUES ('NonWeightedSet', 72041, 8.0, 0, 'body', null);
INSERT INTO EXERCISE_ACTIVITY_ENTITY_SETS (EXERCISE_ACTIVITY_ENTITY_ID, SETS_ID) VALUES (7204, 72041);
INSERT INTO EXERCISE_SET_ENTITY (SET_TYPE, ID, NUMBER_OF_REPS, STATUS , WEIGHT , WEIGHT_KG) VALUES ('NonWeightedSet', 72042, 8.0, 0, 'body', null);
INSERT INTO EXERCISE_ACTIVITY_ENTITY_SETS (EXERCISE_ACTIVITY_ENTITY_ID, SETS_ID) VALUES (7204, 72042);
INSERT INTO WORKOUT_ENTITY_EXERCISE_ACTIVITIES (WORKOUT_ENTITY_ID, EXERCISE_ACTIVITIES_ID)  VALUES (72, 7204);
INSERT INTO EXERCISE_ACTIVITY_ENTITY (ID, NOTES, EXERCISE_ID) VALUES (7205, '', SELECT ID FROM EXERCISE_ENTITY WHERE NAME = 'Floor Plate Press');
INSERT INTO EXERCISE_SET_ENTITY (SET_TYPE, ID, NUMBER_OF_REPS, STATUS , WEIGHT , WEIGHT_KG) VALUES ('WeightedSet', 72050, 20.0, 0, null, 20);
INSERT INTO EXERCISE_ACTIVITY_ENTITY_SETS (EXERCISE_ACTIVITY_ENTITY_ID, SETS_ID) VALUES (7205, 72050);
INSERT INTO WORKOUT_ENTITY_EXERCISE_ACTIVITIES (WORKOUT_ENTITY_ID, EXERCISE_ACTIVITIES_ID)  VALUES (72, 7205);
