INSERT INTO WORKOUT_ENTITY (ID, NOTES, PERFORMED_AT_TIMESTAMP_UTC, WORKOUT_TYPE) VALUES (0, 'Notes', '2019-07-24 17:00:00', 'PULL');
INSERT INTO EXERCISE_ACTIVITY_ENTITY (ID, NOTES, EXERCISE_ID, WORKOUT_ID) VALUES (0, '', SELECT ID FROM EXERCISE_ENTITY WHERE NAME = 'Deadlift', 0);
INSERT INTO EXERCISE_SET_ENTITY (SET_TYPE, ID, NUMBER_OF_REPS, STATUS , WEIGHT , WEIGHT_KG, EXERCISE_ACTIVITY_ID) VALUES ('WeightedSet', 0, 5.0, 0, null, 20, 0);
INSERT INTO EXERCISE_SET_ENTITY (SET_TYPE, ID, NUMBER_OF_REPS, STATUS , WEIGHT , WEIGHT_KG, EXERCISE_ACTIVITY_ID) VALUES ('WeightedSet', 1, 5.0, 0, null, 60, 0);
INSERT INTO EXERCISE_SET_ENTITY (SET_TYPE, ID, NUMBER_OF_REPS, STATUS , WEIGHT , WEIGHT_KG, EXERCISE_ACTIVITY_ID) VALUES ('WeightedSet', 2, 3.0, 0, null, 80, 0);
INSERT INTO EXERCISE_SET_ENTITY (SET_TYPE, ID, NUMBER_OF_REPS, STATUS , WEIGHT , WEIGHT_KG, EXERCISE_ACTIVITY_ID) VALUES ('WeightedSet', 3, 3.0, 0, null, 90, 0);
INSERT INTO EXERCISE_SET_ENTITY (SET_TYPE, ID, NUMBER_OF_REPS, STATUS , WEIGHT , WEIGHT_KG, EXERCISE_ACTIVITY_ID) VALUES ('WeightedSet', 4, 5.0, 0, null, 100, 0);
INSERT INTO EXERCISE_ACTIVITY_ENTITY (ID, NOTES, EXERCISE_ID, WORKOUT_ID) VALUES (1, '', SELECT ID FROM EXERCISE_ENTITY WHERE NAME = 'Pull Up', 0);
INSERT INTO EXERCISE_SET_ENTITY (SET_TYPE, ID, NUMBER_OF_REPS, STATUS , WEIGHT , WEIGHT_KG, EXERCISE_ACTIVITY_ID) VALUES ('NonWeightedSet', 10, 6.0, 0, 'body', null, 1);
INSERT INTO EXERCISE_SET_ENTITY (SET_TYPE, ID, NUMBER_OF_REPS, STATUS , WEIGHT , WEIGHT_KG, EXERCISE_ACTIVITY_ID) VALUES ('NonWeightedSet', 11, 6.0, 0, 'body', null, 1);
INSERT INTO EXERCISE_SET_ENTITY (SET_TYPE, ID, NUMBER_OF_REPS, STATUS , WEIGHT , WEIGHT_KG, EXERCISE_ACTIVITY_ID) VALUES ('NonWeightedSet', 12, 6.0, 0, 'body', null, 1);
INSERT INTO EXERCISE_ACTIVITY_ENTITY (ID, NOTES, EXERCISE_ID, WORKOUT_ID) VALUES (2, '', SELECT ID FROM EXERCISE_ENTITY WHERE NAME = 'Barbell Curl', 0);
INSERT INTO EXERCISE_SET_ENTITY (SET_TYPE, ID, NUMBER_OF_REPS, STATUS , WEIGHT , WEIGHT_KG, EXERCISE_ACTIVITY_ID) VALUES ('WeightedSet', 20, 10.0, 0, null, 20, 2);
INSERT INTO EXERCISE_SET_ENTITY (SET_TYPE, ID, NUMBER_OF_REPS, STATUS , WEIGHT , WEIGHT_KG, EXERCISE_ACTIVITY_ID) VALUES ('WeightedSet', 21, 10.0, 0, null, 20, 2);
INSERT INTO WORKOUT_ENTITY (ID, NOTES, PERFORMED_AT_TIMESTAMP_UTC, WORKOUT_TYPE) VALUES (1, 'Notes', '2019-07-25 17:00:00', 'PUSH');
INSERT INTO EXERCISE_ACTIVITY_ENTITY (ID, NOTES, EXERCISE_ID, WORKOUT_ID) VALUES (100, '', SELECT ID FROM EXERCISE_ENTITY WHERE NAME = 'Bench Press', 1);
INSERT INTO EXERCISE_SET_ENTITY (SET_TYPE, ID, NUMBER_OF_REPS, STATUS , WEIGHT , WEIGHT_KG, EXERCISE_ACTIVITY_ID) VALUES ('WeightedSet', 1000, 5.0, 0, null, 20, 100);
INSERT INTO EXERCISE_SET_ENTITY (SET_TYPE, ID, NUMBER_OF_REPS, STATUS , WEIGHT , WEIGHT_KG, EXERCISE_ACTIVITY_ID) VALUES ('WeightedSet', 1001, 5.0, 0, null, 30, 100);
INSERT INTO EXERCISE_SET_ENTITY (SET_TYPE, ID, NUMBER_OF_REPS, STATUS , WEIGHT , WEIGHT_KG, EXERCISE_ACTIVITY_ID) VALUES ('WeightedSet', 1002, 5.0, 0, null, 40, 100);
INSERT INTO EXERCISE_SET_ENTITY (SET_TYPE, ID, NUMBER_OF_REPS, STATUS , WEIGHT , WEIGHT_KG, EXERCISE_ACTIVITY_ID) VALUES ('WeightedSet', 1003, 5.0, 0, null, 50, 100);
INSERT INTO EXERCISE_SET_ENTITY (SET_TYPE, ID, NUMBER_OF_REPS, STATUS , WEIGHT , WEIGHT_KG, EXERCISE_ACTIVITY_ID) VALUES ('WeightedSet', 1004, 5.0, 0, null, 50, 100);
INSERT INTO EXERCISE_SET_ENTITY (SET_TYPE, ID, NUMBER_OF_REPS, STATUS , WEIGHT , WEIGHT_KG, EXERCISE_ACTIVITY_ID) VALUES ('WeightedSet', 1005, 5.0, 0, null, 50, 100);
INSERT INTO EXERCISE_SET_ENTITY (SET_TYPE, ID, NUMBER_OF_REPS, STATUS , WEIGHT , WEIGHT_KG, EXERCISE_ACTIVITY_ID) VALUES ('WeightedSet', 1006, 5.0, 0, null, 50, 100);
INSERT INTO EXERCISE_SET_ENTITY (SET_TYPE, ID, NUMBER_OF_REPS, STATUS , WEIGHT , WEIGHT_KG, EXERCISE_ACTIVITY_ID) VALUES ('WeightedSet', 1007, 5.0, 0, null, 50, 100);
INSERT INTO EXERCISE_ACTIVITY_ENTITY (ID, NOTES, EXERCISE_ID, WORKOUT_ID) VALUES (101, '', SELECT ID FROM EXERCISE_ENTITY WHERE NAME = 'Overhead Press', 1);
INSERT INTO EXERCISE_SET_ENTITY (SET_TYPE, ID, NUMBER_OF_REPS, STATUS , WEIGHT , WEIGHT_KG, EXERCISE_ACTIVITY_ID) VALUES ('WeightedSet', 1010, 8.0, 0, null, 20, 101);
INSERT INTO EXERCISE_SET_ENTITY (SET_TYPE, ID, NUMBER_OF_REPS, STATUS , WEIGHT , WEIGHT_KG, EXERCISE_ACTIVITY_ID) VALUES ('WeightedSet', 1011, 8.0, 0, null, 30, 101);
INSERT INTO EXERCISE_SET_ENTITY (SET_TYPE, ID, NUMBER_OF_REPS, STATUS , WEIGHT , WEIGHT_KG, EXERCISE_ACTIVITY_ID) VALUES ('WeightedSet', 1012, 6.0, 0, null, 30, 101);
INSERT INTO EXERCISE_SET_ENTITY (SET_TYPE, ID, NUMBER_OF_REPS, STATUS , WEIGHT , WEIGHT_KG, EXERCISE_ACTIVITY_ID) VALUES ('WeightedSet', 1013, 6.0, 0, null, 30, 101);
INSERT INTO EXERCISE_ACTIVITY_ENTITY (ID, NOTES, EXERCISE_ID, WORKOUT_ID) VALUES (102, '', SELECT ID FROM EXERCISE_ENTITY WHERE NAME = 'Close Grip Bench Press', 1);
INSERT INTO EXERCISE_SET_ENTITY (SET_TYPE, ID, NUMBER_OF_REPS, STATUS , WEIGHT , WEIGHT_KG, EXERCISE_ACTIVITY_ID) VALUES ('WeightedSet', 1020, 6.0, 0, null, 30, 102);
INSERT INTO EXERCISE_SET_ENTITY (SET_TYPE, ID, NUMBER_OF_REPS, STATUS , WEIGHT , WEIGHT_KG, EXERCISE_ACTIVITY_ID) VALUES ('WeightedSet', 1021, 10.0, 0, null, 20, 102);
INSERT INTO EXERCISE_SET_ENTITY (SET_TYPE, ID, NUMBER_OF_REPS, STATUS , WEIGHT , WEIGHT_KG, EXERCISE_ACTIVITY_ID) VALUES ('WeightedSet', 1022, 10.0, 0, null, 20, 102);
INSERT INTO WORKOUT_ENTITY (ID, NOTES, PERFORMED_AT_TIMESTAMP_UTC, WORKOUT_TYPE) VALUES (2, 'Notes', '2019-07-26 15:00:00', 'LEGS');
INSERT INTO EXERCISE_ACTIVITY_ENTITY (ID, NOTES, EXERCISE_ID, WORKOUT_ID) VALUES (200, '', SELECT ID FROM EXERCISE_ENTITY WHERE NAME = 'Squat', 2);
INSERT INTO EXERCISE_SET_ENTITY (SET_TYPE, ID, NUMBER_OF_REPS, STATUS , WEIGHT , WEIGHT_KG, EXERCISE_ACTIVITY_ID) VALUES ('WeightedSet', 2000, 8.0, 0, null, 20, 200);
INSERT INTO EXERCISE_SET_ENTITY (SET_TYPE, ID, NUMBER_OF_REPS, STATUS , WEIGHT , WEIGHT_KG, EXERCISE_ACTIVITY_ID) VALUES ('WeightedSet', 2001, 5.0, 0, null, 40, 200);
INSERT INTO EXERCISE_SET_ENTITY (SET_TYPE, ID, NUMBER_OF_REPS, STATUS , WEIGHT , WEIGHT_KG, EXERCISE_ACTIVITY_ID) VALUES ('WeightedSet', 2002, 5.0, 0, null, 50, 200);
INSERT INTO EXERCISE_SET_ENTITY (SET_TYPE, ID, NUMBER_OF_REPS, STATUS , WEIGHT , WEIGHT_KG, EXERCISE_ACTIVITY_ID) VALUES ('WeightedSet', 2003, 5.0, 0, null, 60, 200);
INSERT INTO EXERCISE_SET_ENTITY (SET_TYPE, ID, NUMBER_OF_REPS, STATUS , WEIGHT , WEIGHT_KG, EXERCISE_ACTIVITY_ID) VALUES ('WeightedSet', 2004, 5.0, 0, null, 60, 200);
INSERT INTO EXERCISE_SET_ENTITY (SET_TYPE, ID, NUMBER_OF_REPS, STATUS , WEIGHT , WEIGHT_KG, EXERCISE_ACTIVITY_ID) VALUES ('WeightedSet', 2005, 5.0, 0, null, 60, 200);
INSERT INTO EXERCISE_SET_ENTITY (SET_TYPE, ID, NUMBER_OF_REPS, STATUS , WEIGHT , WEIGHT_KG, EXERCISE_ACTIVITY_ID) VALUES ('WeightedSet', 2006, 5.0, 0, null, 60, 200);
INSERT INTO EXERCISE_SET_ENTITY (SET_TYPE, ID, NUMBER_OF_REPS, STATUS , WEIGHT , WEIGHT_KG, EXERCISE_ACTIVITY_ID) VALUES ('WeightedSet', 2007, 5.0, 0, null, 60, 200);
INSERT INTO EXERCISE_ACTIVITY_ENTITY (ID, NOTES, EXERCISE_ID, WORKOUT_ID) VALUES (201, '', SELECT ID FROM EXERCISE_ENTITY WHERE NAME = 'Romanian Deadlift', 2);
INSERT INTO EXERCISE_SET_ENTITY (SET_TYPE, ID, NUMBER_OF_REPS, STATUS , WEIGHT , WEIGHT_KG, EXERCISE_ACTIVITY_ID) VALUES ('WeightedSet', 2010, 8.0, 0, null, 40, 201);
INSERT INTO EXERCISE_SET_ENTITY (SET_TYPE, ID, NUMBER_OF_REPS, STATUS , WEIGHT , WEIGHT_KG, EXERCISE_ACTIVITY_ID) VALUES ('WeightedSet', 2011, 8.0, 0, null, 40, 201);
INSERT INTO EXERCISE_SET_ENTITY (SET_TYPE, ID, NUMBER_OF_REPS, STATUS , WEIGHT , WEIGHT_KG, EXERCISE_ACTIVITY_ID) VALUES ('WeightedSet', 2012, 8.0, 0, null, 40, 201);
INSERT INTO WORKOUT_ENTITY (ID, NOTES, PERFORMED_AT_TIMESTAMP_UTC, WORKOUT_TYPE) VALUES (3, 'Notes', '2019-07-29 16:10:00', 'PULL');
INSERT INTO EXERCISE_ACTIVITY_ENTITY (ID, NOTES, EXERCISE_ID, WORKOUT_ID) VALUES (300, '', SELECT ID FROM EXERCISE_ENTITY WHERE NAME = 'Deadlift', 3);
INSERT INTO EXERCISE_SET_ENTITY (SET_TYPE, ID, NUMBER_OF_REPS, STATUS , WEIGHT , WEIGHT_KG, EXERCISE_ACTIVITY_ID) VALUES ('WeightedSet', 3000, 5.0, 0, null, 40, 300);
INSERT INTO EXERCISE_SET_ENTITY (SET_TYPE, ID, NUMBER_OF_REPS, STATUS , WEIGHT , WEIGHT_KG, EXERCISE_ACTIVITY_ID) VALUES ('WeightedSet', 3001, 5.0, 0, null, 60, 300);
INSERT INTO EXERCISE_SET_ENTITY (SET_TYPE, ID, NUMBER_OF_REPS, STATUS , WEIGHT , WEIGHT_KG, EXERCISE_ACTIVITY_ID) VALUES ('WeightedSet', 3002, 5.0, 0, null, 80, 300);
INSERT INTO EXERCISE_SET_ENTITY (SET_TYPE, ID, NUMBER_OF_REPS, STATUS , WEIGHT , WEIGHT_KG, EXERCISE_ACTIVITY_ID) VALUES ('WeightedSet', 3003, 3.0, 0, null, 90, 300);
INSERT INTO EXERCISE_SET_ENTITY (SET_TYPE, ID, NUMBER_OF_REPS, STATUS , WEIGHT , WEIGHT_KG, EXERCISE_ACTIVITY_ID) VALUES ('WeightedSet', 3004, 3.0, 0, null, 100, 300);
INSERT INTO EXERCISE_SET_ENTITY (SET_TYPE, ID, NUMBER_OF_REPS, STATUS , WEIGHT , WEIGHT_KG, EXERCISE_ACTIVITY_ID) VALUES ('WeightedSet', 3005, 2.0, 0, null, 105, 300);
INSERT INTO EXERCISE_SET_ENTITY (SET_TYPE, ID, NUMBER_OF_REPS, STATUS , WEIGHT , WEIGHT_KG, EXERCISE_ACTIVITY_ID) VALUES ('WeightedSet', 3006, 5.0, 0, null, 110, 300);
INSERT INTO EXERCISE_ACTIVITY_ENTITY (ID, NOTES, EXERCISE_ID, WORKOUT_ID) VALUES (301, '', SELECT ID FROM EXERCISE_ENTITY WHERE NAME = 'Pull Up', 3);
INSERT INTO EXERCISE_SET_ENTITY (SET_TYPE, ID, NUMBER_OF_REPS, STATUS , WEIGHT , WEIGHT_KG, EXERCISE_ACTIVITY_ID) VALUES ('NonWeightedSet', 3010, 6.0, 0, 'body', null, 301);
INSERT INTO EXERCISE_SET_ENTITY (SET_TYPE, ID, NUMBER_OF_REPS, STATUS , WEIGHT , WEIGHT_KG, EXERCISE_ACTIVITY_ID) VALUES ('NonWeightedSet', 3011, 6.0, 0, 'body', null, 301);
INSERT INTO EXERCISE_SET_ENTITY (SET_TYPE, ID, NUMBER_OF_REPS, STATUS , WEIGHT , WEIGHT_KG, EXERCISE_ACTIVITY_ID) VALUES ('NonWeightedSet', 3012, 6.0, 0, 'body', null, 301);
INSERT INTO EXERCISE_ACTIVITY_ENTITY (ID, NOTES, EXERCISE_ID, WORKOUT_ID) VALUES (302, '', SELECT ID FROM EXERCISE_ENTITY WHERE NAME = 'Barbell Curl', 3);
INSERT INTO EXERCISE_SET_ENTITY (SET_TYPE, ID, NUMBER_OF_REPS, STATUS , WEIGHT , WEIGHT_KG, EXERCISE_ACTIVITY_ID) VALUES ('WeightedSet', 3020, 10.0, 0, null, 20, 302);
INSERT INTO EXERCISE_SET_ENTITY (SET_TYPE, ID, NUMBER_OF_REPS, STATUS , WEIGHT , WEIGHT_KG, EXERCISE_ACTIVITY_ID) VALUES ('WeightedSet', 3021, 10.0, 0, null, 20, 302);
INSERT INTO EXERCISE_SET_ENTITY (SET_TYPE, ID, NUMBER_OF_REPS, STATUS , WEIGHT , WEIGHT_KG, EXERCISE_ACTIVITY_ID) VALUES ('WeightedSet', 3022, 10.0, 0, null, 20, 302);
INSERT INTO EXERCISE_ACTIVITY_ENTITY (ID, NOTES, EXERCISE_ID, WORKOUT_ID) VALUES (303, '', SELECT ID FROM EXERCISE_ENTITY WHERE NAME = 'Lying Leg Raise', 3);
INSERT INTO EXERCISE_SET_ENTITY (SET_TYPE, ID, NUMBER_OF_REPS, STATUS , WEIGHT , WEIGHT_KG, EXERCISE_ACTIVITY_ID) VALUES ('NonWeightedSet', 3030, 15.0, 0, 'body', null, 303);
INSERT INTO EXERCISE_SET_ENTITY (SET_TYPE, ID, NUMBER_OF_REPS, STATUS , WEIGHT , WEIGHT_KG, EXERCISE_ACTIVITY_ID) VALUES ('NonWeightedSet', 3031, 15.0, 0, 'body', null, 303);
INSERT INTO EXERCISE_ACTIVITY_ENTITY (ID, NOTES, EXERCISE_ID, WORKOUT_ID) VALUES (304, '', SELECT ID FROM EXERCISE_ENTITY WHERE NAME = 'Dumbbell Hammer Curl', 3);
INSERT INTO EXERCISE_SET_ENTITY (SET_TYPE, ID, NUMBER_OF_REPS, STATUS , WEIGHT , WEIGHT_KG, EXERCISE_ACTIVITY_ID) VALUES ('WeightedSet', 3040, 10.0, 0, null, 7.5, 304);
INSERT INTO EXERCISE_ACTIVITY_ENTITY (ID, NOTES, EXERCISE_ID, WORKOUT_ID) VALUES (305, '', SELECT ID FROM EXERCISE_ENTITY WHERE NAME = 'Cable Crunch', 3);
INSERT INTO EXERCISE_SET_ENTITY (SET_TYPE, ID, NUMBER_OF_REPS, STATUS , WEIGHT , WEIGHT_KG, EXERCISE_ACTIVITY_ID) VALUES ('NonWeightedSet', 3050, 10.0, 0, 'red band', null, 305);
INSERT INTO EXERCISE_ACTIVITY_ENTITY (ID, NOTES, EXERCISE_ID, WORKOUT_ID) VALUES (306, '', SELECT ID FROM EXERCISE_ENTITY WHERE NAME = 'Facepull', 3);
INSERT INTO EXERCISE_SET_ENTITY (SET_TYPE, ID, NUMBER_OF_REPS, STATUS , WEIGHT , WEIGHT_KG, EXERCISE_ACTIVITY_ID) VALUES ('NonWeightedSet', 3060, 15.0, 0, 'yellow band', null, 306);
INSERT INTO EXERCISE_SET_ENTITY (SET_TYPE, ID, NUMBER_OF_REPS, STATUS , WEIGHT , WEIGHT_KG, EXERCISE_ACTIVITY_ID) VALUES ('NonWeightedSet', 3061, 10.0, 0, 'yellow band', null, 306);
INSERT INTO EXERCISE_SET_ENTITY (SET_TYPE, ID, NUMBER_OF_REPS, STATUS , WEIGHT , WEIGHT_KG, EXERCISE_ACTIVITY_ID) VALUES ('NonWeightedSet', 3062, 10.0, 0, 'yellow band', null, 306);
INSERT INTO WORKOUT_ENTITY (ID, NOTES, PERFORMED_AT_TIMESTAMP_UTC, WORKOUT_TYPE) VALUES (4, 'Notes', '2019-07-30 15:30:00', 'PUSH');
INSERT INTO EXERCISE_ACTIVITY_ENTITY (ID, NOTES, EXERCISE_ID, WORKOUT_ID) VALUES (400, '', SELECT ID FROM EXERCISE_ENTITY WHERE NAME = 'Bench Press', 4);
INSERT INTO EXERCISE_SET_ENTITY (SET_TYPE, ID, NUMBER_OF_REPS, STATUS , WEIGHT , WEIGHT_KG, EXERCISE_ACTIVITY_ID) VALUES ('WeightedSet', 4000, 5.0, 0, null, 20, 400);
INSERT INTO EXERCISE_SET_ENTITY (SET_TYPE, ID, NUMBER_OF_REPS, STATUS , WEIGHT , WEIGHT_KG, EXERCISE_ACTIVITY_ID) VALUES ('WeightedSet', 4001, 5.0, 0, null, 40, 400);
INSERT INTO EXERCISE_SET_ENTITY (SET_TYPE, ID, NUMBER_OF_REPS, STATUS , WEIGHT , WEIGHT_KG, EXERCISE_ACTIVITY_ID) VALUES ('WeightedSet', 4002, 5.0, 0, null, 52.5, 400);
INSERT INTO EXERCISE_SET_ENTITY (SET_TYPE, ID, NUMBER_OF_REPS, STATUS , WEIGHT , WEIGHT_KG, EXERCISE_ACTIVITY_ID) VALUES ('WeightedSet', 4003, 5.0, 0, null, 52.5, 400);
INSERT INTO EXERCISE_SET_ENTITY (SET_TYPE, ID, NUMBER_OF_REPS, STATUS , WEIGHT , WEIGHT_KG, EXERCISE_ACTIVITY_ID) VALUES ('WeightedSet', 4004, 5.0, 0, null, 52.5, 400);
INSERT INTO EXERCISE_SET_ENTITY (SET_TYPE, ID, NUMBER_OF_REPS, STATUS , WEIGHT , WEIGHT_KG, EXERCISE_ACTIVITY_ID) VALUES ('WeightedSet', 4005, 4.0, 1, null, 52.5, 400);
INSERT INTO EXERCISE_SET_ENTITY (SET_TYPE, ID, NUMBER_OF_REPS, STATUS , WEIGHT , WEIGHT_KG, EXERCISE_ACTIVITY_ID) VALUES ('WeightedSet', 4006, 4.0, 1, null, 52.5, 400);
INSERT INTO EXERCISE_ACTIVITY_ENTITY (ID, NOTES, EXERCISE_ID, WORKOUT_ID) VALUES (401, '', SELECT ID FROM EXERCISE_ENTITY WHERE NAME = 'Overhead Press', 4);
INSERT INTO EXERCISE_SET_ENTITY (SET_TYPE, ID, NUMBER_OF_REPS, STATUS , WEIGHT , WEIGHT_KG, EXERCISE_ACTIVITY_ID) VALUES ('WeightedSet', 4010, 8.0, 0, null, 20, 401);
INSERT INTO EXERCISE_SET_ENTITY (SET_TYPE, ID, NUMBER_OF_REPS, STATUS , WEIGHT , WEIGHT_KG, EXERCISE_ACTIVITY_ID) VALUES ('WeightedSet', 4011, 8.0, 0, null, 30, 401);
INSERT INTO EXERCISE_SET_ENTITY (SET_TYPE, ID, NUMBER_OF_REPS, STATUS , WEIGHT , WEIGHT_KG, EXERCISE_ACTIVITY_ID) VALUES ('WeightedSet', 4012, 8.0, 0, null, 30, 401);
INSERT INTO EXERCISE_SET_ENTITY (SET_TYPE, ID, NUMBER_OF_REPS, STATUS , WEIGHT , WEIGHT_KG, EXERCISE_ACTIVITY_ID) VALUES ('WeightedSet', 4013, 6.0, 1, null, 30, 401);
INSERT INTO EXERCISE_ACTIVITY_ENTITY (ID, NOTES, EXERCISE_ID, WORKOUT_ID) VALUES (402, '', SELECT ID FROM EXERCISE_ENTITY WHERE NAME = 'Calf Raise', 4);
INSERT INTO EXERCISE_SET_ENTITY (SET_TYPE, ID, NUMBER_OF_REPS, STATUS , WEIGHT , WEIGHT_KG, EXERCISE_ACTIVITY_ID) VALUES ('WeightedSet', 4020, 8.0, 0, null, 30, 402);
INSERT INTO EXERCISE_SET_ENTITY (SET_TYPE, ID, NUMBER_OF_REPS, STATUS , WEIGHT , WEIGHT_KG, EXERCISE_ACTIVITY_ID) VALUES ('WeightedSet', 4021, 8.0, 0, null, 30, 402);
INSERT INTO EXERCISE_SET_ENTITY (SET_TYPE, ID, NUMBER_OF_REPS, STATUS , WEIGHT , WEIGHT_KG, EXERCISE_ACTIVITY_ID) VALUES ('WeightedSet', 4022, 8.0, 0, null, 30, 402);
INSERT INTO EXERCISE_ACTIVITY_ENTITY (ID, NOTES, EXERCISE_ID, WORKOUT_ID) VALUES (403, '', SELECT ID FROM EXERCISE_ENTITY WHERE NAME = 'Skullcrusher', 4);
INSERT INTO EXERCISE_SET_ENTITY (SET_TYPE, ID, NUMBER_OF_REPS, STATUS , WEIGHT , WEIGHT_KG, EXERCISE_ACTIVITY_ID) VALUES ('WeightedSet', 4030, 10.0, 0, null, 10, 403);
INSERT INTO EXERCISE_SET_ENTITY (SET_TYPE, ID, NUMBER_OF_REPS, STATUS , WEIGHT , WEIGHT_KG, EXERCISE_ACTIVITY_ID) VALUES ('WeightedSet', 4031, 10.0, 0, null, 10, 403);
INSERT INTO WORKOUT_ENTITY (ID, NOTES, PERFORMED_AT_TIMESTAMP_UTC, WORKOUT_TYPE) VALUES (5, 'Notes', '2019-07-31 17:50:00', 'LEGS');
INSERT INTO EXERCISE_ACTIVITY_ENTITY (ID, NOTES, EXERCISE_ID, WORKOUT_ID) VALUES (500, '', SELECT ID FROM EXERCISE_ENTITY WHERE NAME = 'Squat', 5);
INSERT INTO EXERCISE_SET_ENTITY (SET_TYPE, ID, NUMBER_OF_REPS, STATUS , WEIGHT , WEIGHT_KG, EXERCISE_ACTIVITY_ID) VALUES ('WeightedSet', 5000, 8.0, 0, null, 20, 500);
INSERT INTO EXERCISE_SET_ENTITY (SET_TYPE, ID, NUMBER_OF_REPS, STATUS , WEIGHT , WEIGHT_KG, EXERCISE_ACTIVITY_ID) VALUES ('WeightedSet', 5001, 5.0, 0, null, 40, 500);
INSERT INTO EXERCISE_SET_ENTITY (SET_TYPE, ID, NUMBER_OF_REPS, STATUS , WEIGHT , WEIGHT_KG, EXERCISE_ACTIVITY_ID) VALUES ('WeightedSet', 5002, 5.0, 0, null, 50, 500);
INSERT INTO EXERCISE_SET_ENTITY (SET_TYPE, ID, NUMBER_OF_REPS, STATUS , WEIGHT , WEIGHT_KG, EXERCISE_ACTIVITY_ID) VALUES ('WeightedSet', 5003, 5.0, 0, null, 62.5, 500);
INSERT INTO EXERCISE_SET_ENTITY (SET_TYPE, ID, NUMBER_OF_REPS, STATUS , WEIGHT , WEIGHT_KG, EXERCISE_ACTIVITY_ID) VALUES ('WeightedSet', 5004, 5.0, 0, null, 62.5, 500);
INSERT INTO EXERCISE_SET_ENTITY (SET_TYPE, ID, NUMBER_OF_REPS, STATUS , WEIGHT , WEIGHT_KG, EXERCISE_ACTIVITY_ID) VALUES ('WeightedSet', 5005, 5.0, 0, null, 62.5, 500);
INSERT INTO EXERCISE_SET_ENTITY (SET_TYPE, ID, NUMBER_OF_REPS, STATUS , WEIGHT , WEIGHT_KG, EXERCISE_ACTIVITY_ID) VALUES ('WeightedSet', 5006, 5.0, 0, null, 62.5, 500);
INSERT INTO EXERCISE_SET_ENTITY (SET_TYPE, ID, NUMBER_OF_REPS, STATUS , WEIGHT , WEIGHT_KG, EXERCISE_ACTIVITY_ID) VALUES ('WeightedSet', 5007, 5.0, 0, null, 62.5, 500);
INSERT INTO EXERCISE_ACTIVITY_ENTITY (ID, NOTES, EXERCISE_ID, WORKOUT_ID) VALUES (501, '', SELECT ID FROM EXERCISE_ENTITY WHERE NAME = 'Romanian Deadlift', 5);
INSERT INTO EXERCISE_SET_ENTITY (SET_TYPE, ID, NUMBER_OF_REPS, STATUS , WEIGHT , WEIGHT_KG, EXERCISE_ACTIVITY_ID) VALUES ('WeightedSet', 5010, 8.0, 0, null, 40, 501);
INSERT INTO EXERCISE_SET_ENTITY (SET_TYPE, ID, NUMBER_OF_REPS, STATUS , WEIGHT , WEIGHT_KG, EXERCISE_ACTIVITY_ID) VALUES ('WeightedSet', 5011, 8.0, 0, null, 50, 501);
INSERT INTO EXERCISE_SET_ENTITY (SET_TYPE, ID, NUMBER_OF_REPS, STATUS , WEIGHT , WEIGHT_KG, EXERCISE_ACTIVITY_ID) VALUES ('WeightedSet', 5012, 8.0, 0, null, 50, 501);
INSERT INTO EXERCISE_SET_ENTITY (SET_TYPE, ID, NUMBER_OF_REPS, STATUS , WEIGHT , WEIGHT_KG, EXERCISE_ACTIVITY_ID) VALUES ('WeightedSet', 5013, 8.0, 0, null, 50, 501);
INSERT INTO EXERCISE_ACTIVITY_ENTITY (ID, NOTES, EXERCISE_ID, WORKOUT_ID) VALUES (502, '', SELECT ID FROM EXERCISE_ENTITY WHERE NAME = 'Calf Raise', 5);
INSERT INTO EXERCISE_SET_ENTITY (SET_TYPE, ID, NUMBER_OF_REPS, STATUS , WEIGHT , WEIGHT_KG, EXERCISE_ACTIVITY_ID) VALUES ('NonWeightedSet', 5020, 8.0, 0, 'body', null, 502);
INSERT INTO EXERCISE_SET_ENTITY (SET_TYPE, ID, NUMBER_OF_REPS, STATUS , WEIGHT , WEIGHT_KG, EXERCISE_ACTIVITY_ID) VALUES ('WeightedSet', 5021, 8.0, 0, null, 50, 502);
INSERT INTO EXERCISE_SET_ENTITY (SET_TYPE, ID, NUMBER_OF_REPS, STATUS , WEIGHT , WEIGHT_KG, EXERCISE_ACTIVITY_ID) VALUES ('WeightedSet', 5022, 10.0, 0, null, 50, 502);
INSERT INTO EXERCISE_SET_ENTITY (SET_TYPE, ID, NUMBER_OF_REPS, STATUS , WEIGHT , WEIGHT_KG, EXERCISE_ACTIVITY_ID) VALUES ('WeightedSet', 5023, 10.0, 0, null, 50, 502);
INSERT INTO WORKOUT_ENTITY (ID, NOTES, PERFORMED_AT_TIMESTAMP_UTC, WORKOUT_TYPE) VALUES (6, 'Notes', '2019-08-12 16:10:00', 'PULL');
INSERT INTO EXERCISE_ACTIVITY_ENTITY (ID, NOTES, EXERCISE_ID, WORKOUT_ID) VALUES (600, '', SELECT ID FROM EXERCISE_ENTITY WHERE NAME = 'Deadlift', 6);
INSERT INTO EXERCISE_SET_ENTITY (SET_TYPE, ID, NUMBER_OF_REPS, STATUS , WEIGHT , WEIGHT_KG, EXERCISE_ACTIVITY_ID) VALUES ('WeightedSet', 6000, 5.0, 0, null, 60, 600);
INSERT INTO EXERCISE_SET_ENTITY (SET_TYPE, ID, NUMBER_OF_REPS, STATUS , WEIGHT , WEIGHT_KG, EXERCISE_ACTIVITY_ID) VALUES ('WeightedSet', 6001, 3.0, 0, null, 90, 600);
INSERT INTO EXERCISE_SET_ENTITY (SET_TYPE, ID, NUMBER_OF_REPS, STATUS , WEIGHT , WEIGHT_KG, EXERCISE_ACTIVITY_ID) VALUES ('WeightedSet', 6002, 3.0, 0, null, 100, 600);
INSERT INTO EXERCISE_SET_ENTITY (SET_TYPE, ID, NUMBER_OF_REPS, STATUS , WEIGHT , WEIGHT_KG, EXERCISE_ACTIVITY_ID) VALUES ('WeightedSet', 6003, 1.0, 0, null, 110, 600);
INSERT INTO EXERCISE_SET_ENTITY (SET_TYPE, ID, NUMBER_OF_REPS, STATUS , WEIGHT , WEIGHT_KG, EXERCISE_ACTIVITY_ID) VALUES ('WeightedSet', 6004, 5.0, 0, null, 115, 600);
INSERT INTO EXERCISE_ACTIVITY_ENTITY (ID, NOTES, EXERCISE_ID, WORKOUT_ID) VALUES (601, '', SELECT ID FROM EXERCISE_ENTITY WHERE NAME = 'Pull Up', 6);
INSERT INTO EXERCISE_SET_ENTITY (SET_TYPE, ID, NUMBER_OF_REPS, STATUS , WEIGHT , WEIGHT_KG, EXERCISE_ACTIVITY_ID) VALUES ('NonWeightedSet', 6010, 6.0, 0, 'body', null, 601);
INSERT INTO EXERCISE_SET_ENTITY (SET_TYPE, ID, NUMBER_OF_REPS, STATUS , WEIGHT , WEIGHT_KG, EXERCISE_ACTIVITY_ID) VALUES ('NonWeightedSet', 6011, 6.0, 0, 'body', null, 601);
INSERT INTO EXERCISE_SET_ENTITY (SET_TYPE, ID, NUMBER_OF_REPS, STATUS , WEIGHT , WEIGHT_KG, EXERCISE_ACTIVITY_ID) VALUES ('NonWeightedSet', 6012, 6.0, 0, 'body', null, 601);
INSERT INTO EXERCISE_ACTIVITY_ENTITY (ID, NOTES, EXERCISE_ID, WORKOUT_ID) VALUES (602, '', SELECT ID FROM EXERCISE_ENTITY WHERE NAME = 'Barbell Curl', 6);
INSERT INTO EXERCISE_SET_ENTITY (SET_TYPE, ID, NUMBER_OF_REPS, STATUS , WEIGHT , WEIGHT_KG, EXERCISE_ACTIVITY_ID) VALUES ('WeightedSet', 6020, 12.0, 0, null, 20, 602);
INSERT INTO EXERCISE_SET_ENTITY (SET_TYPE, ID, NUMBER_OF_REPS, STATUS , WEIGHT , WEIGHT_KG, EXERCISE_ACTIVITY_ID) VALUES ('WeightedSet', 6021, 12.0, 0, null, 20, 602);
INSERT INTO EXERCISE_SET_ENTITY (SET_TYPE, ID, NUMBER_OF_REPS, STATUS , WEIGHT , WEIGHT_KG, EXERCISE_ACTIVITY_ID) VALUES ('WeightedSet', 6022, 10.0, 0, null, 20, 602);
INSERT INTO EXERCISE_ACTIVITY_ENTITY (ID, NOTES, EXERCISE_ID, WORKOUT_ID) VALUES (603, '', SELECT ID FROM EXERCISE_ENTITY WHERE NAME = 'Facepull', 6);
INSERT INTO EXERCISE_SET_ENTITY (SET_TYPE, ID, NUMBER_OF_REPS, STATUS , WEIGHT , WEIGHT_KG, EXERCISE_ACTIVITY_ID) VALUES ('NonWeightedSet', 6030, 20.0, 0, 'yellow band', null, 603);
INSERT INTO EXERCISE_SET_ENTITY (SET_TYPE, ID, NUMBER_OF_REPS, STATUS , WEIGHT , WEIGHT_KG, EXERCISE_ACTIVITY_ID) VALUES ('NonWeightedSet', 6031, 20.0, 0, 'yellow band', null, 603);
INSERT INTO EXERCISE_ACTIVITY_ENTITY (ID, NOTES, EXERCISE_ID, WORKOUT_ID) VALUES (604, '', SELECT ID FROM EXERCISE_ENTITY WHERE NAME = 'Ab Wheel', 6);
INSERT INTO EXERCISE_SET_ENTITY (SET_TYPE, ID, NUMBER_OF_REPS, STATUS , WEIGHT , WEIGHT_KG, EXERCISE_ACTIVITY_ID) VALUES ('NonWeightedSet', 6040, 10.0, 0, 'body', null, 604);
INSERT INTO EXERCISE_SET_ENTITY (SET_TYPE, ID, NUMBER_OF_REPS, STATUS , WEIGHT , WEIGHT_KG, EXERCISE_ACTIVITY_ID) VALUES ('NonWeightedSet', 6041, 10.0, 0, 'body', null, 604);
INSERT INTO EXERCISE_ACTIVITY_ENTITY (ID, NOTES, EXERCISE_ID, WORKOUT_ID) VALUES (605, '', SELECT ID FROM EXERCISE_ENTITY WHERE NAME = 'Lying Leg Raise', 6);
INSERT INTO EXERCISE_SET_ENTITY (SET_TYPE, ID, NUMBER_OF_REPS, STATUS , WEIGHT , WEIGHT_KG, EXERCISE_ACTIVITY_ID) VALUES ('NonWeightedSet', 6050, 10.0, 0, 'body', null, 605);
INSERT INTO EXERCISE_SET_ENTITY (SET_TYPE, ID, NUMBER_OF_REPS, STATUS , WEIGHT , WEIGHT_KG, EXERCISE_ACTIVITY_ID) VALUES ('NonWeightedSet', 6051, 10.0, 0, 'body', null, 605);
INSERT INTO WORKOUT_ENTITY (ID, NOTES, PERFORMED_AT_TIMESTAMP_UTC, WORKOUT_TYPE) VALUES (7, 'Notes', '2019-08-13 15:30:00', 'PUSH');
INSERT INTO EXERCISE_ACTIVITY_ENTITY (ID, NOTES, EXERCISE_ID, WORKOUT_ID) VALUES (700, '', SELECT ID FROM EXERCISE_ENTITY WHERE NAME = 'Bench Press', 7);
INSERT INTO EXERCISE_SET_ENTITY (SET_TYPE, ID, NUMBER_OF_REPS, STATUS , WEIGHT , WEIGHT_KG, EXERCISE_ACTIVITY_ID) VALUES ('WeightedSet', 7000, 8.0, 0, null, 20, 700);
INSERT INTO EXERCISE_SET_ENTITY (SET_TYPE, ID, NUMBER_OF_REPS, STATUS , WEIGHT , WEIGHT_KG, EXERCISE_ACTIVITY_ID) VALUES ('WeightedSet', 7001, 5.0, 0, null, 40, 700);
INSERT INTO EXERCISE_SET_ENTITY (SET_TYPE, ID, NUMBER_OF_REPS, STATUS , WEIGHT , WEIGHT_KG, EXERCISE_ACTIVITY_ID) VALUES ('WeightedSet', 7002, 5.0, 0, null, 52.5, 700);
INSERT INTO EXERCISE_SET_ENTITY (SET_TYPE, ID, NUMBER_OF_REPS, STATUS , WEIGHT , WEIGHT_KG, EXERCISE_ACTIVITY_ID) VALUES ('WeightedSet', 7003, 5.0, 0, null, 52.5, 700);
INSERT INTO EXERCISE_SET_ENTITY (SET_TYPE, ID, NUMBER_OF_REPS, STATUS , WEIGHT , WEIGHT_KG, EXERCISE_ACTIVITY_ID) VALUES ('WeightedSet', 7004, 5.0, 0, null, 52.5, 700);
INSERT INTO EXERCISE_SET_ENTITY (SET_TYPE, ID, NUMBER_OF_REPS, STATUS , WEIGHT , WEIGHT_KG, EXERCISE_ACTIVITY_ID) VALUES ('WeightedSet', 7005, 5.0, 0, null, 52.5, 700);
INSERT INTO EXERCISE_SET_ENTITY (SET_TYPE, ID, NUMBER_OF_REPS, STATUS , WEIGHT , WEIGHT_KG, EXERCISE_ACTIVITY_ID) VALUES ('WeightedSet', 7006, 5.0, 0, null, 52.5, 700);
INSERT INTO EXERCISE_ACTIVITY_ENTITY (ID, NOTES, EXERCISE_ID, WORKOUT_ID) VALUES (701, '', SELECT ID FROM EXERCISE_ENTITY WHERE NAME = 'Overhead Press', 7);
INSERT INTO EXERCISE_SET_ENTITY (SET_TYPE, ID, NUMBER_OF_REPS, STATUS , WEIGHT , WEIGHT_KG, EXERCISE_ACTIVITY_ID) VALUES ('WeightedSet', 7010, 8.0, 0, null, 20, 701);
INSERT INTO EXERCISE_SET_ENTITY (SET_TYPE, ID, NUMBER_OF_REPS, STATUS , WEIGHT , WEIGHT_KG, EXERCISE_ACTIVITY_ID) VALUES ('WeightedSet', 7011, 8.0, 0, null, 30, 701);
INSERT INTO EXERCISE_SET_ENTITY (SET_TYPE, ID, NUMBER_OF_REPS, STATUS , WEIGHT , WEIGHT_KG, EXERCISE_ACTIVITY_ID) VALUES ('WeightedSet', 7012, 8.0, 0, null, 30, 701);
INSERT INTO EXERCISE_SET_ENTITY (SET_TYPE, ID, NUMBER_OF_REPS, STATUS , WEIGHT , WEIGHT_KG, EXERCISE_ACTIVITY_ID) VALUES ('WeightedSet', 7013, 7.0, 1, null, 30, 701);
INSERT INTO EXERCISE_ACTIVITY_ENTITY (ID, NOTES, EXERCISE_ID, WORKOUT_ID) VALUES (702, '', SELECT ID FROM EXERCISE_ENTITY WHERE NAME = 'Calf Raise', 7);
INSERT INTO EXERCISE_SET_ENTITY (SET_TYPE, ID, NUMBER_OF_REPS, STATUS , WEIGHT , WEIGHT_KG, EXERCISE_ACTIVITY_ID) VALUES ('WeightedSet', 7020, 8.0, 0, null, 30, 702);
INSERT INTO EXERCISE_SET_ENTITY (SET_TYPE, ID, NUMBER_OF_REPS, STATUS , WEIGHT , WEIGHT_KG, EXERCISE_ACTIVITY_ID) VALUES ('WeightedSet', 7021, 6.0, 0, null, 30, 702);
INSERT INTO EXERCISE_SET_ENTITY (SET_TYPE, ID, NUMBER_OF_REPS, STATUS , WEIGHT , WEIGHT_KG, EXERCISE_ACTIVITY_ID) VALUES ('WeightedSet', 7022, 8.0, 0, null, 30, 702);
INSERT INTO EXERCISE_ACTIVITY_ENTITY (ID, NOTES, EXERCISE_ID, WORKOUT_ID) VALUES (703, '', SELECT ID FROM EXERCISE_ENTITY WHERE NAME = 'Skullcrusher', 7);
INSERT INTO EXERCISE_SET_ENTITY (SET_TYPE, ID, NUMBER_OF_REPS, STATUS , WEIGHT , WEIGHT_KG, EXERCISE_ACTIVITY_ID) VALUES ('WeightedSet', 7030, 10.0, 0, null, 7.5, 703);
INSERT INTO EXERCISE_SET_ENTITY (SET_TYPE, ID, NUMBER_OF_REPS, STATUS , WEIGHT , WEIGHT_KG, EXERCISE_ACTIVITY_ID) VALUES ('WeightedSet', 7031, 10.0, 0, null, 7.5, 703);
INSERT INTO EXERCISE_SET_ENTITY (SET_TYPE, ID, NUMBER_OF_REPS, STATUS , WEIGHT , WEIGHT_KG, EXERCISE_ACTIVITY_ID) VALUES ('WeightedSet', 7032, 8.0, 0, null, 5, 703);
INSERT INTO WORKOUT_ENTITY (ID, NOTES, PERFORMED_AT_TIMESTAMP_UTC, WORKOUT_TYPE) VALUES (8, 'Notes', '2019-08-14 16:30:00', 'LEGS');
INSERT INTO EXERCISE_ACTIVITY_ENTITY (ID, NOTES, EXERCISE_ID, WORKOUT_ID) VALUES (800, '', SELECT ID FROM EXERCISE_ENTITY WHERE NAME = 'Squat', 8);
INSERT INTO EXERCISE_SET_ENTITY (SET_TYPE, ID, NUMBER_OF_REPS, STATUS , WEIGHT , WEIGHT_KG, EXERCISE_ACTIVITY_ID) VALUES ('WeightedSet', 8000, 8.0, 0, null, 20, 800);
INSERT INTO EXERCISE_SET_ENTITY (SET_TYPE, ID, NUMBER_OF_REPS, STATUS , WEIGHT , WEIGHT_KG, EXERCISE_ACTIVITY_ID) VALUES ('WeightedSet', 8001, 5.0, 0, null, 40, 800);
INSERT INTO EXERCISE_SET_ENTITY (SET_TYPE, ID, NUMBER_OF_REPS, STATUS , WEIGHT , WEIGHT_KG, EXERCISE_ACTIVITY_ID) VALUES ('WeightedSet', 8002, 3.0, 0, null, 55, 800);
INSERT INTO EXERCISE_SET_ENTITY (SET_TYPE, ID, NUMBER_OF_REPS, STATUS , WEIGHT , WEIGHT_KG, EXERCISE_ACTIVITY_ID) VALUES ('WeightedSet', 8003, 5.0, 0, null, 65, 800);
INSERT INTO EXERCISE_SET_ENTITY (SET_TYPE, ID, NUMBER_OF_REPS, STATUS , WEIGHT , WEIGHT_KG, EXERCISE_ACTIVITY_ID) VALUES ('WeightedSet', 8004, 5.0, 0, null, 65, 800);
INSERT INTO EXERCISE_SET_ENTITY (SET_TYPE, ID, NUMBER_OF_REPS, STATUS , WEIGHT , WEIGHT_KG, EXERCISE_ACTIVITY_ID) VALUES ('WeightedSet', 8005, 5.0, 0, null, 65, 800);
INSERT INTO EXERCISE_SET_ENTITY (SET_TYPE, ID, NUMBER_OF_REPS, STATUS , WEIGHT , WEIGHT_KG, EXERCISE_ACTIVITY_ID) VALUES ('WeightedSet', 8006, 5.0, 0, null, 65, 800);
INSERT INTO EXERCISE_SET_ENTITY (SET_TYPE, ID, NUMBER_OF_REPS, STATUS , WEIGHT , WEIGHT_KG, EXERCISE_ACTIVITY_ID) VALUES ('WeightedSet', 8007, 5.0, 0, null, 65, 800);
INSERT INTO EXERCISE_ACTIVITY_ENTITY (ID, NOTES, EXERCISE_ID, WORKOUT_ID) VALUES (801, '', SELECT ID FROM EXERCISE_ENTITY WHERE NAME = 'Romanian Deadlift', 8);
INSERT INTO EXERCISE_SET_ENTITY (SET_TYPE, ID, NUMBER_OF_REPS, STATUS , WEIGHT , WEIGHT_KG, EXERCISE_ACTIVITY_ID) VALUES ('WeightedSet', 8010, 8.0, 0, null, 40, 801);
INSERT INTO EXERCISE_SET_ENTITY (SET_TYPE, ID, NUMBER_OF_REPS, STATUS , WEIGHT , WEIGHT_KG, EXERCISE_ACTIVITY_ID) VALUES ('WeightedSet', 8011, 8.0, 0, null, 52.5, 801);
INSERT INTO EXERCISE_SET_ENTITY (SET_TYPE, ID, NUMBER_OF_REPS, STATUS , WEIGHT , WEIGHT_KG, EXERCISE_ACTIVITY_ID) VALUES ('WeightedSet', 8012, 8.0, 0, null, 52.5, 801);
INSERT INTO EXERCISE_SET_ENTITY (SET_TYPE, ID, NUMBER_OF_REPS, STATUS , WEIGHT , WEIGHT_KG, EXERCISE_ACTIVITY_ID) VALUES ('WeightedSet', 8013, 8.0, 0, null, 52.5, 801);
INSERT INTO EXERCISE_ACTIVITY_ENTITY (ID, NOTES, EXERCISE_ID, WORKOUT_ID) VALUES (802, '', SELECT ID FROM EXERCISE_ENTITY WHERE NAME = 'Calf Raise', 8);
INSERT INTO EXERCISE_SET_ENTITY (SET_TYPE, ID, NUMBER_OF_REPS, STATUS , WEIGHT , WEIGHT_KG, EXERCISE_ACTIVITY_ID) VALUES ('NonWeightedSet', 8020, 10.0, 0, 'body', null, 802);
INSERT INTO EXERCISE_SET_ENTITY (SET_TYPE, ID, NUMBER_OF_REPS, STATUS , WEIGHT , WEIGHT_KG, EXERCISE_ACTIVITY_ID) VALUES ('NonWeightedSet', 8021, 10.0, 0, 'body', null, 802);
INSERT INTO WORKOUT_ENTITY (ID, NOTES, PERFORMED_AT_TIMESTAMP_UTC, WORKOUT_TYPE) VALUES (9, 'Notes', '2019-08-15 16:50:00', 'PULL');
INSERT INTO EXERCISE_ACTIVITY_ENTITY (ID, NOTES, EXERCISE_ID, WORKOUT_ID) VALUES (900, '', SELECT ID FROM EXERCISE_ENTITY WHERE NAME = 'Bent Over Row', 9);
INSERT INTO EXERCISE_SET_ENTITY (SET_TYPE, ID, NUMBER_OF_REPS, STATUS , WEIGHT , WEIGHT_KG, EXERCISE_ACTIVITY_ID) VALUES ('WeightedSet', 9000, 8.0, 0, null, 20, 900);
INSERT INTO EXERCISE_SET_ENTITY (SET_TYPE, ID, NUMBER_OF_REPS, STATUS , WEIGHT , WEIGHT_KG, EXERCISE_ACTIVITY_ID) VALUES ('WeightedSet', 9001, 12.0, 0, null, 40, 900);
INSERT INTO EXERCISE_SET_ENTITY (SET_TYPE, ID, NUMBER_OF_REPS, STATUS , WEIGHT , WEIGHT_KG, EXERCISE_ACTIVITY_ID) VALUES ('WeightedSet', 9002, 12.0, 0, null, 40, 900);
INSERT INTO EXERCISE_SET_ENTITY (SET_TYPE, ID, NUMBER_OF_REPS, STATUS , WEIGHT , WEIGHT_KG, EXERCISE_ACTIVITY_ID) VALUES ('WeightedSet', 9003, 12.0, 0, null, 40, 900);
INSERT INTO EXERCISE_ACTIVITY_ENTITY (ID, NOTES, EXERCISE_ID, WORKOUT_ID) VALUES (901, '', SELECT ID FROM EXERCISE_ENTITY WHERE NAME = 'Pull Up', 9);
INSERT INTO EXERCISE_SET_ENTITY (SET_TYPE, ID, NUMBER_OF_REPS, STATUS , WEIGHT , WEIGHT_KG, EXERCISE_ACTIVITY_ID) VALUES ('NonWeightedSet', 9010, 6.0, 0, 'body', null, 901);
INSERT INTO EXERCISE_SET_ENTITY (SET_TYPE, ID, NUMBER_OF_REPS, STATUS , WEIGHT , WEIGHT_KG, EXERCISE_ACTIVITY_ID) VALUES ('NonWeightedSet', 9011, 5.0, 1, 'body', null, 901);
INSERT INTO EXERCISE_SET_ENTITY (SET_TYPE, ID, NUMBER_OF_REPS, STATUS , WEIGHT , WEIGHT_KG, EXERCISE_ACTIVITY_ID) VALUES ('NonWeightedSet', 9012, 4.0, 1, 'body', null, 901);
INSERT INTO EXERCISE_ACTIVITY_ENTITY (ID, NOTES, EXERCISE_ID, WORKOUT_ID) VALUES (902, '', SELECT ID FROM EXERCISE_ENTITY WHERE NAME = 'Barbell Curl', 9);
INSERT INTO EXERCISE_SET_ENTITY (SET_TYPE, ID, NUMBER_OF_REPS, STATUS , WEIGHT , WEIGHT_KG, EXERCISE_ACTIVITY_ID) VALUES ('WeightedSet', 9020, 10.0, 0, null, 20, 902);
INSERT INTO EXERCISE_SET_ENTITY (SET_TYPE, ID, NUMBER_OF_REPS, STATUS , WEIGHT , WEIGHT_KG, EXERCISE_ACTIVITY_ID) VALUES ('WeightedSet', 9021, 10.0, 0, null, 20, 902);
INSERT INTO EXERCISE_SET_ENTITY (SET_TYPE, ID, NUMBER_OF_REPS, STATUS , WEIGHT , WEIGHT_KG, EXERCISE_ACTIVITY_ID) VALUES ('WeightedSet', 9022, 10.0, 0, null, 20, 902);
INSERT INTO EXERCISE_ACTIVITY_ENTITY (ID, NOTES, EXERCISE_ID, WORKOUT_ID) VALUES (903, '', SELECT ID FROM EXERCISE_ENTITY WHERE NAME = 'Weight Plate Curl', 9);
INSERT INTO EXERCISE_SET_ENTITY (SET_TYPE, ID, NUMBER_OF_REPS, STATUS , WEIGHT , WEIGHT_KG, EXERCISE_ACTIVITY_ID) VALUES ('WeightedSet', 9030, 10.0, 0, null, 5, 903);
INSERT INTO EXERCISE_ACTIVITY_ENTITY (ID, NOTES, EXERCISE_ID, WORKOUT_ID) VALUES (904, '', SELECT ID FROM EXERCISE_ENTITY WHERE NAME = 'Hanging Leg Raise', 9);
INSERT INTO EXERCISE_SET_ENTITY (SET_TYPE, ID, NUMBER_OF_REPS, STATUS , WEIGHT , WEIGHT_KG, EXERCISE_ACTIVITY_ID) VALUES ('NonWeightedSet', 9040, 4.0, 0, 'body', null, 904);
INSERT INTO EXERCISE_ACTIVITY_ENTITY (ID, NOTES, EXERCISE_ID, WORKOUT_ID) VALUES (905, '', SELECT ID FROM EXERCISE_ENTITY WHERE NAME = 'Hanging Leg Raise With Bench', 9);
INSERT INTO EXERCISE_SET_ENTITY (SET_TYPE, ID, NUMBER_OF_REPS, STATUS , WEIGHT , WEIGHT_KG, EXERCISE_ACTIVITY_ID) VALUES ('NonWeightedSet', 9050, 4.0, 0, 'body', null, 905);
INSERT INTO WORKOUT_ENTITY (ID, NOTES, PERFORMED_AT_TIMESTAMP_UTC, WORKOUT_TYPE) VALUES (10, 'Notes', '2019-08-19 16:00:00', 'PULL');
INSERT INTO EXERCISE_ACTIVITY_ENTITY (ID, NOTES, EXERCISE_ID, WORKOUT_ID) VALUES (1000, '', SELECT ID FROM EXERCISE_ENTITY WHERE NAME = 'Deadlift', 10);
INSERT INTO EXERCISE_SET_ENTITY (SET_TYPE, ID, NUMBER_OF_REPS, STATUS , WEIGHT , WEIGHT_KG, EXERCISE_ACTIVITY_ID) VALUES ('WeightedSet', 10000, 8.0, 0, null, 20, 1000);
INSERT INTO EXERCISE_SET_ENTITY (SET_TYPE, ID, NUMBER_OF_REPS, STATUS , WEIGHT , WEIGHT_KG, EXERCISE_ACTIVITY_ID) VALUES ('WeightedSet', 10001, 5.0, 0, null, 60, 1000);
INSERT INTO EXERCISE_SET_ENTITY (SET_TYPE, ID, NUMBER_OF_REPS, STATUS , WEIGHT , WEIGHT_KG, EXERCISE_ACTIVITY_ID) VALUES ('WeightedSet', 10002, 3.0, 0, null, 90, 1000);
INSERT INTO EXERCISE_SET_ENTITY (SET_TYPE, ID, NUMBER_OF_REPS, STATUS , WEIGHT , WEIGHT_KG, EXERCISE_ACTIVITY_ID) VALUES ('WeightedSet', 10003, 2.0, 0, null, 100, 1000);
INSERT INTO EXERCISE_SET_ENTITY (SET_TYPE, ID, NUMBER_OF_REPS, STATUS , WEIGHT , WEIGHT_KG, EXERCISE_ACTIVITY_ID) VALUES ('WeightedSet', 10004, 1.0, 0, null, 110, 1000);
INSERT INTO EXERCISE_SET_ENTITY (SET_TYPE, ID, NUMBER_OF_REPS, STATUS , WEIGHT , WEIGHT_KG, EXERCISE_ACTIVITY_ID) VALUES ('WeightedSet', 10005, 5.0, 0, null, 117.5, 1000);
INSERT INTO EXERCISE_ACTIVITY_ENTITY (ID, NOTES, EXERCISE_ID, WORKOUT_ID) VALUES (1001, '', SELECT ID FROM EXERCISE_ENTITY WHERE NAME = 'Pull Up', 10);
INSERT INTO EXERCISE_SET_ENTITY (SET_TYPE, ID, NUMBER_OF_REPS, STATUS , WEIGHT , WEIGHT_KG, EXERCISE_ACTIVITY_ID) VALUES ('NonWeightedSet', 10010, 5.0, 0, 'body', null, 1001);
INSERT INTO EXERCISE_SET_ENTITY (SET_TYPE, ID, NUMBER_OF_REPS, STATUS , WEIGHT , WEIGHT_KG, EXERCISE_ACTIVITY_ID) VALUES ('NonWeightedSet', 10011, 5.0, 0, 'body', null, 1001);
INSERT INTO EXERCISE_SET_ENTITY (SET_TYPE, ID, NUMBER_OF_REPS, STATUS , WEIGHT , WEIGHT_KG, EXERCISE_ACTIVITY_ID) VALUES ('NonWeightedSet', 10012, 5.0, 0, 'body', null, 1001);
INSERT INTO EXERCISE_SET_ENTITY (SET_TYPE, ID, NUMBER_OF_REPS, STATUS , WEIGHT , WEIGHT_KG, EXERCISE_ACTIVITY_ID) VALUES ('NonWeightedSet', 10013, 5.0, 0, 'body', null, 1001);
INSERT INTO EXERCISE_ACTIVITY_ENTITY (ID, NOTES, EXERCISE_ID, WORKOUT_ID) VALUES (1002, '', SELECT ID FROM EXERCISE_ENTITY WHERE NAME = 'Barbell Curl', 10);
INSERT INTO EXERCISE_SET_ENTITY (SET_TYPE, ID, NUMBER_OF_REPS, STATUS , WEIGHT , WEIGHT_KG, EXERCISE_ACTIVITY_ID) VALUES ('WeightedSet', 10020, 10.0, 0, null, 20, 1002);
INSERT INTO EXERCISE_SET_ENTITY (SET_TYPE, ID, NUMBER_OF_REPS, STATUS , WEIGHT , WEIGHT_KG, EXERCISE_ACTIVITY_ID) VALUES ('WeightedSet', 10021, 10.0, 0, null, 20, 1002);
INSERT INTO EXERCISE_SET_ENTITY (SET_TYPE, ID, NUMBER_OF_REPS, STATUS , WEIGHT , WEIGHT_KG, EXERCISE_ACTIVITY_ID) VALUES ('WeightedSet', 10022, 10.0, 0, null, 20, 1002);
INSERT INTO EXERCISE_ACTIVITY_ENTITY (ID, NOTES, EXERCISE_ID, WORKOUT_ID) VALUES (1003, '', SELECT ID FROM EXERCISE_ENTITY WHERE NAME = 'Hanging Leg Raise', 10);
INSERT INTO EXERCISE_SET_ENTITY (SET_TYPE, ID, NUMBER_OF_REPS, STATUS , WEIGHT , WEIGHT_KG, EXERCISE_ACTIVITY_ID) VALUES ('NonWeightedSet', 10030, 5.0, 0, 'body', null, 1003);
INSERT INTO EXERCISE_SET_ENTITY (SET_TYPE, ID, NUMBER_OF_REPS, STATUS , WEIGHT , WEIGHT_KG, EXERCISE_ACTIVITY_ID) VALUES ('NonWeightedSet', 10031, 5.0, 0, 'body', null, 1003);
INSERT INTO EXERCISE_SET_ENTITY (SET_TYPE, ID, NUMBER_OF_REPS, STATUS , WEIGHT , WEIGHT_KG, EXERCISE_ACTIVITY_ID) VALUES ('NonWeightedSet', 10032, 5.0, 0, 'body', null, 1003);
INSERT INTO EXERCISE_ACTIVITY_ENTITY (ID, NOTES, EXERCISE_ID, WORKOUT_ID) VALUES (1004, '', SELECT ID FROM EXERCISE_ENTITY WHERE NAME = 'Cable Crunch', 10);
INSERT INTO EXERCISE_SET_ENTITY (SET_TYPE, ID, NUMBER_OF_REPS, STATUS , WEIGHT , WEIGHT_KG, EXERCISE_ACTIVITY_ID) VALUES ('NonWeightedSet', 10040, 10.0, 0, 'red band', null, 1004);
INSERT INTO EXERCISE_SET_ENTITY (SET_TYPE, ID, NUMBER_OF_REPS, STATUS , WEIGHT , WEIGHT_KG, EXERCISE_ACTIVITY_ID) VALUES ('NonWeightedSet', 10041, 10.0, 0, 'red band', null, 1004);
INSERT INTO WORKOUT_ENTITY (ID, NOTES, PERFORMED_AT_TIMESTAMP_UTC, WORKOUT_TYPE) VALUES (11, 'Notes', '2019-08-20 15:00:00', 'PUSH');
INSERT INTO EXERCISE_ACTIVITY_ENTITY (ID, NOTES, EXERCISE_ID, WORKOUT_ID) VALUES (1100, '', SELECT ID FROM EXERCISE_ENTITY WHERE NAME = 'Bench Press', 11);
INSERT INTO EXERCISE_SET_ENTITY (SET_TYPE, ID, NUMBER_OF_REPS, STATUS , WEIGHT , WEIGHT_KG, EXERCISE_ACTIVITY_ID) VALUES ('WeightedSet', 11000, 5.0, 0, null, 20, 1100);
INSERT INTO EXERCISE_SET_ENTITY (SET_TYPE, ID, NUMBER_OF_REPS, STATUS , WEIGHT , WEIGHT_KG, EXERCISE_ACTIVITY_ID) VALUES ('WeightedSet', 11001, 5.0, 0, null, 40, 1100);
INSERT INTO EXERCISE_SET_ENTITY (SET_TYPE, ID, NUMBER_OF_REPS, STATUS , WEIGHT , WEIGHT_KG, EXERCISE_ACTIVITY_ID) VALUES ('WeightedSet', 11002, 5.0, 0, null, 55, 1100);
INSERT INTO EXERCISE_SET_ENTITY (SET_TYPE, ID, NUMBER_OF_REPS, STATUS , WEIGHT , WEIGHT_KG, EXERCISE_ACTIVITY_ID) VALUES ('WeightedSet', 11003, 5.0, 0, null, 55, 1100);
INSERT INTO EXERCISE_SET_ENTITY (SET_TYPE, ID, NUMBER_OF_REPS, STATUS , WEIGHT , WEIGHT_KG, EXERCISE_ACTIVITY_ID) VALUES ('WeightedSet', 11004, 5.0, 0, null, 55, 1100);
INSERT INTO EXERCISE_SET_ENTITY (SET_TYPE, ID, NUMBER_OF_REPS, STATUS , WEIGHT , WEIGHT_KG, EXERCISE_ACTIVITY_ID) VALUES ('WeightedSet', 11005, 5.0, 0, null, 55, 1100);
INSERT INTO EXERCISE_SET_ENTITY (SET_TYPE, ID, NUMBER_OF_REPS, STATUS , WEIGHT , WEIGHT_KG, EXERCISE_ACTIVITY_ID) VALUES ('WeightedSet', 11006, 3.0, 1, null, 55, 1100);
INSERT INTO EXERCISE_ACTIVITY_ENTITY (ID, NOTES, EXERCISE_ID, WORKOUT_ID) VALUES (1101, '', SELECT ID FROM EXERCISE_ENTITY WHERE NAME = 'Overhead Press', 11);
INSERT INTO EXERCISE_SET_ENTITY (SET_TYPE, ID, NUMBER_OF_REPS, STATUS , WEIGHT , WEIGHT_KG, EXERCISE_ACTIVITY_ID) VALUES ('WeightedSet', 11010, 8.0, 0, null, 20, 1101);
INSERT INTO EXERCISE_SET_ENTITY (SET_TYPE, ID, NUMBER_OF_REPS, STATUS , WEIGHT , WEIGHT_KG, EXERCISE_ACTIVITY_ID) VALUES ('WeightedSet', 11011, 8.0, 0, null, 30, 1101);
INSERT INTO EXERCISE_SET_ENTITY (SET_TYPE, ID, NUMBER_OF_REPS, STATUS , WEIGHT , WEIGHT_KG, EXERCISE_ACTIVITY_ID) VALUES ('WeightedSet', 11012, 8.0, 0, null, 30, 1101);
INSERT INTO EXERCISE_SET_ENTITY (SET_TYPE, ID, NUMBER_OF_REPS, STATUS , WEIGHT , WEIGHT_KG, EXERCISE_ACTIVITY_ID) VALUES ('WeightedSet', 11013, 8.0, 0, null, 30, 1101);
INSERT INTO EXERCISE_ACTIVITY_ENTITY (ID, NOTES, EXERCISE_ID, WORKOUT_ID) VALUES (1102, '', SELECT ID FROM EXERCISE_ENTITY WHERE NAME = 'Close Dip', 11);
INSERT INTO EXERCISE_SET_ENTITY (SET_TYPE, ID, NUMBER_OF_REPS, STATUS , WEIGHT , WEIGHT_KG, EXERCISE_ACTIVITY_ID) VALUES ('NonWeightedSet', 11020, 6.0, 0, 'body', null, 1102);
INSERT INTO EXERCISE_SET_ENTITY (SET_TYPE, ID, NUMBER_OF_REPS, STATUS , WEIGHT , WEIGHT_KG, EXERCISE_ACTIVITY_ID) VALUES ('NonWeightedSet', 11021, 6.0, 0, 'body', null, 1102);
INSERT INTO EXERCISE_SET_ENTITY (SET_TYPE, ID, NUMBER_OF_REPS, STATUS , WEIGHT , WEIGHT_KG, EXERCISE_ACTIVITY_ID) VALUES ('NonWeightedSet', 11022, 6.0, 0, 'body', null, 1102);
INSERT INTO EXERCISE_ACTIVITY_ENTITY (ID, NOTES, EXERCISE_ID, WORKOUT_ID) VALUES (1103, '', SELECT ID FROM EXERCISE_ENTITY WHERE NAME = 'Close Grip Bench Press', 11);
INSERT INTO EXERCISE_SET_ENTITY (SET_TYPE, ID, NUMBER_OF_REPS, STATUS , WEIGHT , WEIGHT_KG, EXERCISE_ACTIVITY_ID) VALUES ('WeightedSet', 11030, 10.0, 0, null, 30, 1103);
INSERT INTO EXERCISE_SET_ENTITY (SET_TYPE, ID, NUMBER_OF_REPS, STATUS , WEIGHT , WEIGHT_KG, EXERCISE_ACTIVITY_ID) VALUES ('WeightedSet', 11031, 8.0, 0, null, 30, 1103);
INSERT INTO WORKOUT_ENTITY (ID, NOTES, PERFORMED_AT_TIMESTAMP_UTC, WORKOUT_TYPE) VALUES (12, 'Notes', '2019-08-22 15:00:00', 'LEGS');
INSERT INTO EXERCISE_ACTIVITY_ENTITY (ID, NOTES, EXERCISE_ID, WORKOUT_ID) VALUES (1200, '', SELECT ID FROM EXERCISE_ENTITY WHERE NAME = 'Squat', 12);
INSERT INTO EXERCISE_SET_ENTITY (SET_TYPE, ID, NUMBER_OF_REPS, STATUS , WEIGHT , WEIGHT_KG, EXERCISE_ACTIVITY_ID) VALUES ('WeightedSet', 12000, 5.0, 0, null, 20, 1200);
INSERT INTO EXERCISE_SET_ENTITY (SET_TYPE, ID, NUMBER_OF_REPS, STATUS , WEIGHT , WEIGHT_KG, EXERCISE_ACTIVITY_ID) VALUES ('WeightedSet', 12001, 2.0, 0, null, 40, 1200);
INSERT INTO EXERCISE_SET_ENTITY (SET_TYPE, ID, NUMBER_OF_REPS, STATUS , WEIGHT , WEIGHT_KG, EXERCISE_ACTIVITY_ID) VALUES ('WeightedSet', 12002, 2.0, 0, null, 55, 1200);
INSERT INTO EXERCISE_SET_ENTITY (SET_TYPE, ID, NUMBER_OF_REPS, STATUS , WEIGHT , WEIGHT_KG, EXERCISE_ACTIVITY_ID) VALUES ('WeightedSet', 12003, 5.0, 0, null, 67.5, 1200);
INSERT INTO EXERCISE_SET_ENTITY (SET_TYPE, ID, NUMBER_OF_REPS, STATUS , WEIGHT , WEIGHT_KG, EXERCISE_ACTIVITY_ID) VALUES ('WeightedSet', 12004, 5.0, 0, null, 67.5, 1200);
INSERT INTO EXERCISE_SET_ENTITY (SET_TYPE, ID, NUMBER_OF_REPS, STATUS , WEIGHT , WEIGHT_KG, EXERCISE_ACTIVITY_ID) VALUES ('WeightedSet', 12005, 5.0, 0, null, 67.5, 1200);
INSERT INTO EXERCISE_SET_ENTITY (SET_TYPE, ID, NUMBER_OF_REPS, STATUS , WEIGHT , WEIGHT_KG, EXERCISE_ACTIVITY_ID) VALUES ('WeightedSet', 12006, 5.0, 0, null, 67.5, 1200);
INSERT INTO EXERCISE_SET_ENTITY (SET_TYPE, ID, NUMBER_OF_REPS, STATUS , WEIGHT , WEIGHT_KG, EXERCISE_ACTIVITY_ID) VALUES ('WeightedSet', 12007, 5.0, 0, null, 67.5, 1200);
INSERT INTO EXERCISE_ACTIVITY_ENTITY (ID, NOTES, EXERCISE_ID, WORKOUT_ID) VALUES (1201, '', SELECT ID FROM EXERCISE_ENTITY WHERE NAME = 'Romanian Deadlift', 12);
INSERT INTO EXERCISE_SET_ENTITY (SET_TYPE, ID, NUMBER_OF_REPS, STATUS , WEIGHT , WEIGHT_KG, EXERCISE_ACTIVITY_ID) VALUES ('WeightedSet', 12010, 6.0, 0, null, 40, 1201);
INSERT INTO EXERCISE_SET_ENTITY (SET_TYPE, ID, NUMBER_OF_REPS, STATUS , WEIGHT , WEIGHT_KG, EXERCISE_ACTIVITY_ID) VALUES ('WeightedSet', 12011, 8.0, 0, null, 55, 1201);
INSERT INTO EXERCISE_SET_ENTITY (SET_TYPE, ID, NUMBER_OF_REPS, STATUS , WEIGHT , WEIGHT_KG, EXERCISE_ACTIVITY_ID) VALUES ('WeightedSet', 12012, 8.0, 0, null, 55, 1201);
INSERT INTO EXERCISE_SET_ENTITY (SET_TYPE, ID, NUMBER_OF_REPS, STATUS , WEIGHT , WEIGHT_KG, EXERCISE_ACTIVITY_ID) VALUES ('WeightedSet', 12013, 8.0, 0, null, 55, 1201);
INSERT INTO EXERCISE_ACTIVITY_ENTITY (ID, NOTES, EXERCISE_ID, WORKOUT_ID) VALUES (1202, '', SELECT ID FROM EXERCISE_ENTITY WHERE NAME = 'Lunge', 12);
INSERT INTO EXERCISE_SET_ENTITY (SET_TYPE, ID, NUMBER_OF_REPS, STATUS , WEIGHT , WEIGHT_KG, EXERCISE_ACTIVITY_ID) VALUES ('NonWeightedSet', 12020, 8.0, 0, 'body', null, 1202);
INSERT INTO EXERCISE_SET_ENTITY (SET_TYPE, ID, NUMBER_OF_REPS, STATUS , WEIGHT , WEIGHT_KG, EXERCISE_ACTIVITY_ID) VALUES ('WeightedSet', 12021, 8.0, 0, null, 5, 1202);
INSERT INTO EXERCISE_SET_ENTITY (SET_TYPE, ID, NUMBER_OF_REPS, STATUS , WEIGHT , WEIGHT_KG, EXERCISE_ACTIVITY_ID) VALUES ('WeightedSet', 12022, 8.0, 0, null, 10, 1202);
INSERT INTO EXERCISE_ACTIVITY_ENTITY (ID, NOTES, EXERCISE_ID, WORKOUT_ID) VALUES (1203, '', SELECT ID FROM EXERCISE_ENTITY WHERE NAME = 'Glute Raise', 12);
INSERT INTO EXERCISE_SET_ENTITY (SET_TYPE, ID, NUMBER_OF_REPS, STATUS , WEIGHT , WEIGHT_KG, EXERCISE_ACTIVITY_ID) VALUES ('WeightedSet', 12030, 10.0, 0, null, 20, 1203);
INSERT INTO EXERCISE_SET_ENTITY (SET_TYPE, ID, NUMBER_OF_REPS, STATUS , WEIGHT , WEIGHT_KG, EXERCISE_ACTIVITY_ID) VALUES ('WeightedSet', 12031, 8.0, 0, null, 20, 1203);
INSERT INTO EXERCISE_ACTIVITY_ENTITY (ID, NOTES, EXERCISE_ID, WORKOUT_ID) VALUES (1204, '', SELECT ID FROM EXERCISE_ENTITY WHERE NAME = 'Barbell Floor Press', 12);
INSERT INTO EXERCISE_SET_ENTITY (SET_TYPE, ID, NUMBER_OF_REPS, STATUS , WEIGHT , WEIGHT_KG, EXERCISE_ACTIVITY_ID) VALUES ('WeightedSet', 12040, 10.0, 0, null, 20, 1204);
INSERT INTO EXERCISE_SET_ENTITY (SET_TYPE, ID, NUMBER_OF_REPS, STATUS , WEIGHT , WEIGHT_KG, EXERCISE_ACTIVITY_ID) VALUES ('WeightedSet', 12041, 10.0, 0, null, 20, 1204);
INSERT INTO EXERCISE_ACTIVITY_ENTITY (ID, NOTES, EXERCISE_ID, WORKOUT_ID) VALUES (1205, '', SELECT ID FROM EXERCISE_ENTITY WHERE NAME = 'Cable Fly', 12);
INSERT INTO EXERCISE_SET_ENTITY (SET_TYPE, ID, NUMBER_OF_REPS, STATUS , WEIGHT , WEIGHT_KG, EXERCISE_ACTIVITY_ID) VALUES ('NonWeightedSet', 12050, 10.0, 0, 'yellow band', null, 1205);
INSERT INTO EXERCISE_ACTIVITY_ENTITY (ID, NOTES, EXERCISE_ID, WORKOUT_ID) VALUES (1206, '', SELECT ID FROM EXERCISE_ENTITY WHERE NAME = 'Cable Fly (Upper)', 12);
INSERT INTO EXERCISE_SET_ENTITY (SET_TYPE, ID, NUMBER_OF_REPS, STATUS , WEIGHT , WEIGHT_KG, EXERCISE_ACTIVITY_ID) VALUES ('NonWeightedSet', 12060, 10.0, 0, 'yellow band', null, 1206);
INSERT INTO EXERCISE_SET_ENTITY (SET_TYPE, ID, NUMBER_OF_REPS, STATUS , WEIGHT , WEIGHT_KG, EXERCISE_ACTIVITY_ID) VALUES ('NonWeightedSet', 12061, 10.0, 0, 'red + yellow', null, 1206);
INSERT INTO EXERCISE_ACTIVITY_ENTITY (ID, NOTES, EXERCISE_ID, WORKOUT_ID) VALUES (1207, '', SELECT ID FROM EXERCISE_ENTITY WHERE NAME = 'Incline Bench Press', 12);
INSERT INTO EXERCISE_SET_ENTITY (SET_TYPE, ID, NUMBER_OF_REPS, STATUS , WEIGHT , WEIGHT_KG, EXERCISE_ACTIVITY_ID) VALUES ('WeightedSet', 12070, 10.0, 0, null, 20, 1207);
INSERT INTO WORKOUT_ENTITY (ID, NOTES, PERFORMED_AT_TIMESTAMP_UTC, WORKOUT_TYPE) VALUES (13, 'Notes', '2019-08-27 16:30:00', 'PULL');
INSERT INTO EXERCISE_ACTIVITY_ENTITY (ID, NOTES, EXERCISE_ID, WORKOUT_ID) VALUES (1300, '', SELECT ID FROM EXERCISE_ENTITY WHERE NAME = 'Deadlift', 13);
INSERT INTO EXERCISE_SET_ENTITY (SET_TYPE, ID, NUMBER_OF_REPS, STATUS , WEIGHT , WEIGHT_KG, EXERCISE_ACTIVITY_ID) VALUES ('WeightedSet', 13000, 5.0, 0, null, 20, 1300);
INSERT INTO EXERCISE_SET_ENTITY (SET_TYPE, ID, NUMBER_OF_REPS, STATUS , WEIGHT , WEIGHT_KG, EXERCISE_ACTIVITY_ID) VALUES ('WeightedSet', 13001, 3.0, 0, null, 60, 1300);
INSERT INTO EXERCISE_SET_ENTITY (SET_TYPE, ID, NUMBER_OF_REPS, STATUS , WEIGHT , WEIGHT_KG, EXERCISE_ACTIVITY_ID) VALUES ('WeightedSet', 13002, 3.0, 0, null, 90, 1300);
INSERT INTO EXERCISE_SET_ENTITY (SET_TYPE, ID, NUMBER_OF_REPS, STATUS , WEIGHT , WEIGHT_KG, EXERCISE_ACTIVITY_ID) VALUES ('WeightedSet', 13003, 2.0, 0, null, 110, 1300);
INSERT INTO EXERCISE_SET_ENTITY (SET_TYPE, ID, NUMBER_OF_REPS, STATUS , WEIGHT , WEIGHT_KG, EXERCISE_ACTIVITY_ID) VALUES ('WeightedSet', 13004, 5.0, 0, null, 120, 1300);
INSERT INTO EXERCISE_ACTIVITY_ENTITY (ID, NOTES, EXERCISE_ID, WORKOUT_ID) VALUES (1301, '', SELECT ID FROM EXERCISE_ENTITY WHERE NAME = 'Pull Up', 13);
INSERT INTO EXERCISE_SET_ENTITY (SET_TYPE, ID, NUMBER_OF_REPS, STATUS , WEIGHT , WEIGHT_KG, EXERCISE_ACTIVITY_ID) VALUES ('NonWeightedSet', 13010, 5.0, 0, 'body', null, 1301);
INSERT INTO EXERCISE_SET_ENTITY (SET_TYPE, ID, NUMBER_OF_REPS, STATUS , WEIGHT , WEIGHT_KG, EXERCISE_ACTIVITY_ID) VALUES ('NonWeightedSet', 13011, 5.0, 0, 'body', null, 1301);
INSERT INTO EXERCISE_SET_ENTITY (SET_TYPE, ID, NUMBER_OF_REPS, STATUS , WEIGHT , WEIGHT_KG, EXERCISE_ACTIVITY_ID) VALUES ('NonWeightedSet', 13012, 5.0, 0, 'body', null, 1301);
INSERT INTO EXERCISE_SET_ENTITY (SET_TYPE, ID, NUMBER_OF_REPS, STATUS , WEIGHT , WEIGHT_KG, EXERCISE_ACTIVITY_ID) VALUES ('NonWeightedSet', 13013, 5.0, 0, 'body', null, 1301);
INSERT INTO EXERCISE_ACTIVITY_ENTITY (ID, NOTES, EXERCISE_ID, WORKOUT_ID) VALUES (1302, '', SELECT ID FROM EXERCISE_ENTITY WHERE NAME = 'Bent Over Row', 13);
INSERT INTO EXERCISE_SET_ENTITY (SET_TYPE, ID, NUMBER_OF_REPS, STATUS , WEIGHT , WEIGHT_KG, EXERCISE_ACTIVITY_ID) VALUES ('WeightedSet', 13020, 12.0, 0, null, 20, 1302);
INSERT INTO EXERCISE_SET_ENTITY (SET_TYPE, ID, NUMBER_OF_REPS, STATUS , WEIGHT , WEIGHT_KG, EXERCISE_ACTIVITY_ID) VALUES ('WeightedSet', 13021, 8.0, 0, null, 42.5, 1302);
INSERT INTO EXERCISE_SET_ENTITY (SET_TYPE, ID, NUMBER_OF_REPS, STATUS , WEIGHT , WEIGHT_KG, EXERCISE_ACTIVITY_ID) VALUES ('WeightedSet', 13022, 8.0, 0, null, 42.5, 1302);
INSERT INTO EXERCISE_SET_ENTITY (SET_TYPE, ID, NUMBER_OF_REPS, STATUS , WEIGHT , WEIGHT_KG, EXERCISE_ACTIVITY_ID) VALUES ('WeightedSet', 13023, 9.0, 0, null, 42.5, 1302);
INSERT INTO EXERCISE_ACTIVITY_ENTITY (ID, NOTES, EXERCISE_ID, WORKOUT_ID) VALUES (1303, '', SELECT ID FROM EXERCISE_ENTITY WHERE NAME = 'Barbell Curl', 13);
INSERT INTO EXERCISE_SET_ENTITY (SET_TYPE, ID, NUMBER_OF_REPS, STATUS , WEIGHT , WEIGHT_KG, EXERCISE_ACTIVITY_ID) VALUES ('WeightedSet', 13030, 10.0, 0, null, 20, 1303);
INSERT INTO EXERCISE_SET_ENTITY (SET_TYPE, ID, NUMBER_OF_REPS, STATUS , WEIGHT , WEIGHT_KG, EXERCISE_ACTIVITY_ID) VALUES ('WeightedSet', 13031, 10.0, 0, null, 20, 1303);
INSERT INTO EXERCISE_SET_ENTITY (SET_TYPE, ID, NUMBER_OF_REPS, STATUS , WEIGHT , WEIGHT_KG, EXERCISE_ACTIVITY_ID) VALUES ('WeightedSet', 13032, 11.0, 0, null, 20, 1303);
INSERT INTO EXERCISE_ACTIVITY_ENTITY (ID, NOTES, EXERCISE_ID, WORKOUT_ID) VALUES (1304, '', SELECT ID FROM EXERCISE_ENTITY WHERE NAME = 'Facepull', 13);
INSERT INTO EXERCISE_SET_ENTITY (SET_TYPE, ID, NUMBER_OF_REPS, STATUS , WEIGHT , WEIGHT_KG, EXERCISE_ACTIVITY_ID) VALUES ('NonWeightedSet', 13040, 20.0, 0, 'yellow band', null, 1304);
INSERT INTO EXERCISE_SET_ENTITY (SET_TYPE, ID, NUMBER_OF_REPS, STATUS , WEIGHT , WEIGHT_KG, EXERCISE_ACTIVITY_ID) VALUES ('NonWeightedSet', 13041, 15.0, 0, 'yellow band', null, 1304);
INSERT INTO EXERCISE_ACTIVITY_ENTITY (ID, NOTES, EXERCISE_ID, WORKOUT_ID) VALUES (1305, '', SELECT ID FROM EXERCISE_ENTITY WHERE NAME = 'Hanging Leg Raise', 13);
INSERT INTO EXERCISE_SET_ENTITY (SET_TYPE, ID, NUMBER_OF_REPS, STATUS , WEIGHT , WEIGHT_KG, EXERCISE_ACTIVITY_ID) VALUES ('NonWeightedSet', 13050, 5.0, 0, 'body', null, 1305);
INSERT INTO EXERCISE_SET_ENTITY (SET_TYPE, ID, NUMBER_OF_REPS, STATUS , WEIGHT , WEIGHT_KG, EXERCISE_ACTIVITY_ID) VALUES ('NonWeightedSet', 13051, 5.0, 0, 'body', null, 1305);
INSERT INTO EXERCISE_ACTIVITY_ENTITY (ID, NOTES, EXERCISE_ID, WORKOUT_ID) VALUES (1306, '', SELECT ID FROM EXERCISE_ENTITY WHERE NAME = 'Lying Leg Raise', 13);
INSERT INTO EXERCISE_SET_ENTITY (SET_TYPE, ID, NUMBER_OF_REPS, STATUS , WEIGHT , WEIGHT_KG, EXERCISE_ACTIVITY_ID) VALUES ('NonWeightedSet', 13060, 10.0, 0, 'body', null, 1306);
INSERT INTO EXERCISE_SET_ENTITY (SET_TYPE, ID, NUMBER_OF_REPS, STATUS , WEIGHT , WEIGHT_KG, EXERCISE_ACTIVITY_ID) VALUES ('NonWeightedSet', 13061, 10.0, 0, 'body', null, 1306);
INSERT INTO WORKOUT_ENTITY (ID, NOTES, PERFORMED_AT_TIMESTAMP_UTC, WORKOUT_TYPE) VALUES (14, 'Notes', '2019-08-28 16:30:00', 'PUSH');
INSERT INTO EXERCISE_ACTIVITY_ENTITY (ID, NOTES, EXERCISE_ID, WORKOUT_ID) VALUES (1400, '', SELECT ID FROM EXERCISE_ENTITY WHERE NAME = 'Bench Press', 14);
INSERT INTO EXERCISE_SET_ENTITY (SET_TYPE, ID, NUMBER_OF_REPS, STATUS , WEIGHT , WEIGHT_KG, EXERCISE_ACTIVITY_ID) VALUES ('WeightedSet', 14000, 6.0, 0, null, 20, 1400);
INSERT INTO EXERCISE_SET_ENTITY (SET_TYPE, ID, NUMBER_OF_REPS, STATUS , WEIGHT , WEIGHT_KG, EXERCISE_ACTIVITY_ID) VALUES ('WeightedSet', 14001, 5.0, 0, null, 40, 1400);
INSERT INTO EXERCISE_SET_ENTITY (SET_TYPE, ID, NUMBER_OF_REPS, STATUS , WEIGHT , WEIGHT_KG, EXERCISE_ACTIVITY_ID) VALUES ('WeightedSet', 14002, 3.0, 0, null, 50, 1400);
INSERT INTO EXERCISE_SET_ENTITY (SET_TYPE, ID, NUMBER_OF_REPS, STATUS , WEIGHT , WEIGHT_KG, EXERCISE_ACTIVITY_ID) VALUES ('WeightedSet', 14003, 5.0, 0, null, 55, 1400);
INSERT INTO EXERCISE_SET_ENTITY (SET_TYPE, ID, NUMBER_OF_REPS, STATUS , WEIGHT , WEIGHT_KG, EXERCISE_ACTIVITY_ID) VALUES ('WeightedSet', 14004, 5.0, 0, null, 55, 1400);
INSERT INTO EXERCISE_SET_ENTITY (SET_TYPE, ID, NUMBER_OF_REPS, STATUS , WEIGHT , WEIGHT_KG, EXERCISE_ACTIVITY_ID) VALUES ('WeightedSet', 14005, 5.0, 0, null, 55, 1400);
INSERT INTO EXERCISE_SET_ENTITY (SET_TYPE, ID, NUMBER_OF_REPS, STATUS , WEIGHT , WEIGHT_KG, EXERCISE_ACTIVITY_ID) VALUES ('WeightedSet', 14006, 5.0, 0, null, 55, 1400);
INSERT INTO EXERCISE_SET_ENTITY (SET_TYPE, ID, NUMBER_OF_REPS, STATUS , WEIGHT , WEIGHT_KG, EXERCISE_ACTIVITY_ID) VALUES ('WeightedSet', 14007, 4.0, 1, null, 55, 1400);
INSERT INTO EXERCISE_ACTIVITY_ENTITY (ID, NOTES, EXERCISE_ID, WORKOUT_ID) VALUES (1401, '', SELECT ID FROM EXERCISE_ENTITY WHERE NAME = 'Overhead Press', 14);
INSERT INTO EXERCISE_SET_ENTITY (SET_TYPE, ID, NUMBER_OF_REPS, STATUS , WEIGHT , WEIGHT_KG, EXERCISE_ACTIVITY_ID) VALUES ('WeightedSet', 14010, 5.0, 0, null, 20, 1401);
INSERT INTO EXERCISE_SET_ENTITY (SET_TYPE, ID, NUMBER_OF_REPS, STATUS , WEIGHT , WEIGHT_KG, EXERCISE_ACTIVITY_ID) VALUES ('WeightedSet', 14011, 8.0, 0, null, 30, 1401);
INSERT INTO EXERCISE_SET_ENTITY (SET_TYPE, ID, NUMBER_OF_REPS, STATUS , WEIGHT , WEIGHT_KG, EXERCISE_ACTIVITY_ID) VALUES ('WeightedSet', 14012, 8.0, 0, null, 30, 1401);
INSERT INTO EXERCISE_SET_ENTITY (SET_TYPE, ID, NUMBER_OF_REPS, STATUS , WEIGHT , WEIGHT_KG, EXERCISE_ACTIVITY_ID) VALUES ('WeightedSet', 14013, 8.0, 0, null, 30, 1401);
INSERT INTO EXERCISE_ACTIVITY_ENTITY (ID, NOTES, EXERCISE_ID, WORKOUT_ID) VALUES (1402, '', SELECT ID FROM EXERCISE_ENTITY WHERE NAME = 'Dip', 14);
INSERT INTO EXERCISE_SET_ENTITY (SET_TYPE, ID, NUMBER_OF_REPS, STATUS , WEIGHT , WEIGHT_KG, EXERCISE_ACTIVITY_ID) VALUES ('NonWeightedSet', 14020, 6.0, 0, 'body', null, 1402);
INSERT INTO EXERCISE_SET_ENTITY (SET_TYPE, ID, NUMBER_OF_REPS, STATUS , WEIGHT , WEIGHT_KG, EXERCISE_ACTIVITY_ID) VALUES ('NonWeightedSet', 14021, 6.0, 0, 'body', null, 1402);
INSERT INTO EXERCISE_SET_ENTITY (SET_TYPE, ID, NUMBER_OF_REPS, STATUS , WEIGHT , WEIGHT_KG, EXERCISE_ACTIVITY_ID) VALUES ('NonWeightedSet', 14022, 6.0, 0, 'body', null, 1402);
INSERT INTO EXERCISE_ACTIVITY_ENTITY (ID, NOTES, EXERCISE_ID, WORKOUT_ID) VALUES (1403, '', SELECT ID FROM EXERCISE_ENTITY WHERE NAME = 'Cable Fly', 14);
INSERT INTO EXERCISE_SET_ENTITY (SET_TYPE, ID, NUMBER_OF_REPS, STATUS , WEIGHT , WEIGHT_KG, EXERCISE_ACTIVITY_ID) VALUES ('NonWeightedSet', 14030, 10.0, 0, 'yellow band', null, 1403);
INSERT INTO EXERCISE_SET_ENTITY (SET_TYPE, ID, NUMBER_OF_REPS, STATUS , WEIGHT , WEIGHT_KG, EXERCISE_ACTIVITY_ID) VALUES ('NonWeightedSet', 14031, 10.0, 0, 'red & yellow', null, 1403);
INSERT INTO EXERCISE_SET_ENTITY (SET_TYPE, ID, NUMBER_OF_REPS, STATUS , WEIGHT , WEIGHT_KG, EXERCISE_ACTIVITY_ID) VALUES ('NonWeightedSet', 14032, 10.0, 0, 'red & yellow', null, 1403);
INSERT INTO WORKOUT_ENTITY (ID, NOTES, PERFORMED_AT_TIMESTAMP_UTC, WORKOUT_TYPE) VALUES (15, 'Notes', '2019-08-29 15:30:00', 'LEGS');
INSERT INTO EXERCISE_ACTIVITY_ENTITY (ID, NOTES, EXERCISE_ID, WORKOUT_ID) VALUES (1500, '', SELECT ID FROM EXERCISE_ENTITY WHERE NAME = 'Squat', 15);
INSERT INTO EXERCISE_SET_ENTITY (SET_TYPE, ID, NUMBER_OF_REPS, STATUS , WEIGHT , WEIGHT_KG, EXERCISE_ACTIVITY_ID) VALUES ('NonWeightedSet', 15000, 5.0, 0, 'body', null, 1500);
INSERT INTO EXERCISE_SET_ENTITY (SET_TYPE, ID, NUMBER_OF_REPS, STATUS , WEIGHT , WEIGHT_KG, EXERCISE_ACTIVITY_ID) VALUES ('WeightedSet', 15001, 5.0, 0, null, 20, 1500);
INSERT INTO EXERCISE_SET_ENTITY (SET_TYPE, ID, NUMBER_OF_REPS, STATUS , WEIGHT , WEIGHT_KG, EXERCISE_ACTIVITY_ID) VALUES ('WeightedSet', 15002, 5.0, 0, null, 40, 1500);
INSERT INTO EXERCISE_SET_ENTITY (SET_TYPE, ID, NUMBER_OF_REPS, STATUS , WEIGHT , WEIGHT_KG, EXERCISE_ACTIVITY_ID) VALUES ('WeightedSet', 15003, 3.0, 0, null, 60, 1500);
INSERT INTO EXERCISE_SET_ENTITY (SET_TYPE, ID, NUMBER_OF_REPS, STATUS , WEIGHT , WEIGHT_KG, EXERCISE_ACTIVITY_ID) VALUES ('WeightedSet', 15004, 5.0, 0, null, 70, 1500);
INSERT INTO EXERCISE_SET_ENTITY (SET_TYPE, ID, NUMBER_OF_REPS, STATUS , WEIGHT , WEIGHT_KG, EXERCISE_ACTIVITY_ID) VALUES ('WeightedSet', 15005, 5.0, 0, null, 70, 1500);
INSERT INTO EXERCISE_SET_ENTITY (SET_TYPE, ID, NUMBER_OF_REPS, STATUS , WEIGHT , WEIGHT_KG, EXERCISE_ACTIVITY_ID) VALUES ('WeightedSet', 15006, 5.0, 0, null, 70, 1500);
INSERT INTO EXERCISE_SET_ENTITY (SET_TYPE, ID, NUMBER_OF_REPS, STATUS , WEIGHT , WEIGHT_KG, EXERCISE_ACTIVITY_ID) VALUES ('WeightedSet', 15007, 5.0, 0, null, 70, 1500);
INSERT INTO EXERCISE_SET_ENTITY (SET_TYPE, ID, NUMBER_OF_REPS, STATUS , WEIGHT , WEIGHT_KG, EXERCISE_ACTIVITY_ID) VALUES ('WeightedSet', 15008, 5.0, 0, null, 70, 1500);
INSERT INTO EXERCISE_ACTIVITY_ENTITY (ID, NOTES, EXERCISE_ID, WORKOUT_ID) VALUES (1501, '', SELECT ID FROM EXERCISE_ENTITY WHERE NAME = 'Romanian Deadlift', 15);
INSERT INTO EXERCISE_SET_ENTITY (SET_TYPE, ID, NUMBER_OF_REPS, STATUS , WEIGHT , WEIGHT_KG, EXERCISE_ACTIVITY_ID) VALUES ('WeightedSet', 15010, 5.0, 0, null, 50, 1501);
INSERT INTO EXERCISE_SET_ENTITY (SET_TYPE, ID, NUMBER_OF_REPS, STATUS , WEIGHT , WEIGHT_KG, EXERCISE_ACTIVITY_ID) VALUES ('WeightedSet', 15011, 6.0, 1, null, 57.5, 1501);
INSERT INTO EXERCISE_SET_ENTITY (SET_TYPE, ID, NUMBER_OF_REPS, STATUS , WEIGHT , WEIGHT_KG, EXERCISE_ACTIVITY_ID) VALUES ('WeightedSet', 15012, 8.0, 0, null, 57.5, 1501);
INSERT INTO EXERCISE_SET_ENTITY (SET_TYPE, ID, NUMBER_OF_REPS, STATUS , WEIGHT , WEIGHT_KG, EXERCISE_ACTIVITY_ID) VALUES ('WeightedSet', 15013, 8.0, 0, null, 57.5, 1501);
INSERT INTO EXERCISE_ACTIVITY_ENTITY (ID, NOTES, EXERCISE_ID, WORKOUT_ID) VALUES (1502, '', SELECT ID FROM EXERCISE_ENTITY WHERE NAME = 'Lunge', 15);
INSERT INTO EXERCISE_SET_ENTITY (SET_TYPE, ID, NUMBER_OF_REPS, STATUS , WEIGHT , WEIGHT_KG, EXERCISE_ACTIVITY_ID) VALUES ('NonWeightedSet', 15020, 8.0, 0, 'body', null, 1502);
INSERT INTO EXERCISE_SET_ENTITY (SET_TYPE, ID, NUMBER_OF_REPS, STATUS , WEIGHT , WEIGHT_KG, EXERCISE_ACTIVITY_ID) VALUES ('WeightedSet', 15021, 8.0, 0, null, 5, 1502);
INSERT INTO EXERCISE_ACTIVITY_ENTITY (ID, NOTES, EXERCISE_ID, WORKOUT_ID) VALUES (1503, '', SELECT ID FROM EXERCISE_ENTITY WHERE NAME = 'Calf Raise', 15);
INSERT INTO EXERCISE_SET_ENTITY (SET_TYPE, ID, NUMBER_OF_REPS, STATUS , WEIGHT , WEIGHT_KG, EXERCISE_ACTIVITY_ID) VALUES ('NonWeightedSet', 15030, 12.0, 0, 'body', null, 1503);
INSERT INTO EXERCISE_SET_ENTITY (SET_TYPE, ID, NUMBER_OF_REPS, STATUS , WEIGHT , WEIGHT_KG, EXERCISE_ACTIVITY_ID) VALUES ('NonWeightedSet', 15031, 10.0, 0, 'lifting rack', null, 1503);
INSERT INTO WORKOUT_ENTITY (ID, NOTES, PERFORMED_AT_TIMESTAMP_UTC, WORKOUT_TYPE) VALUES (16, 'Notes', '2019-09-02 15:30:00', 'PULL');
INSERT INTO EXERCISE_ACTIVITY_ENTITY (ID, NOTES, EXERCISE_ID, WORKOUT_ID) VALUES (1600, '', SELECT ID FROM EXERCISE_ENTITY WHERE NAME = 'Deadlift', 16);
INSERT INTO EXERCISE_SET_ENTITY (SET_TYPE, ID, NUMBER_OF_REPS, STATUS , WEIGHT , WEIGHT_KG, EXERCISE_ACTIVITY_ID) VALUES ('WeightedSet', 16000, 5.0, 0, null, 20, 1600);
INSERT INTO EXERCISE_SET_ENTITY (SET_TYPE, ID, NUMBER_OF_REPS, STATUS , WEIGHT , WEIGHT_KG, EXERCISE_ACTIVITY_ID) VALUES ('WeightedSet', 16001, 7.0, 0, null, 60, 1600);
INSERT INTO EXERCISE_SET_ENTITY (SET_TYPE, ID, NUMBER_OF_REPS, STATUS , WEIGHT , WEIGHT_KG, EXERCISE_ACTIVITY_ID) VALUES ('WeightedSet', 16002, 2.0, 0, null, 90, 1600);
INSERT INTO EXERCISE_SET_ENTITY (SET_TYPE, ID, NUMBER_OF_REPS, STATUS , WEIGHT , WEIGHT_KG, EXERCISE_ACTIVITY_ID) VALUES ('WeightedSet', 16003, 2.0, 0, null, 100, 1600);
INSERT INTO EXERCISE_SET_ENTITY (SET_TYPE, ID, NUMBER_OF_REPS, STATUS , WEIGHT , WEIGHT_KG, EXERCISE_ACTIVITY_ID) VALUES ('WeightedSet', 16004, 2.0, 0, null, 110, 1600);
INSERT INTO EXERCISE_SET_ENTITY (SET_TYPE, ID, NUMBER_OF_REPS, STATUS , WEIGHT , WEIGHT_KG, EXERCISE_ACTIVITY_ID) VALUES ('WeightedSet', 16005, 5.0, 0, null, 122.5, 1600);
INSERT INTO EXERCISE_ACTIVITY_ENTITY (ID, NOTES, EXERCISE_ID, WORKOUT_ID) VALUES (1601, '', SELECT ID FROM EXERCISE_ENTITY WHERE NAME = 'Pull Up', 16);
INSERT INTO EXERCISE_SET_ENTITY (SET_TYPE, ID, NUMBER_OF_REPS, STATUS , WEIGHT , WEIGHT_KG, EXERCISE_ACTIVITY_ID) VALUES ('NonWeightedSet', 16010, 5.0, 0, 'body', null, 1601);
INSERT INTO EXERCISE_SET_ENTITY (SET_TYPE, ID, NUMBER_OF_REPS, STATUS , WEIGHT , WEIGHT_KG, EXERCISE_ACTIVITY_ID) VALUES ('NonWeightedSet', 16011, 5.0, 0, 'body', null, 1601);
INSERT INTO EXERCISE_SET_ENTITY (SET_TYPE, ID, NUMBER_OF_REPS, STATUS , WEIGHT , WEIGHT_KG, EXERCISE_ACTIVITY_ID) VALUES ('NonWeightedSet', 16012, 5.0, 0, 'body', null, 1601);
INSERT INTO EXERCISE_SET_ENTITY (SET_TYPE, ID, NUMBER_OF_REPS, STATUS , WEIGHT , WEIGHT_KG, EXERCISE_ACTIVITY_ID) VALUES ('NonWeightedSet', 16013, 5.0, 0, 'body', null, 1601);
INSERT INTO EXERCISE_ACTIVITY_ENTITY (ID, NOTES, EXERCISE_ID, WORKOUT_ID) VALUES (1602, '', SELECT ID FROM EXERCISE_ENTITY WHERE NAME = 'Dumbbell Row', 16);
INSERT INTO EXERCISE_SET_ENTITY (SET_TYPE, ID, NUMBER_OF_REPS, STATUS , WEIGHT , WEIGHT_KG, EXERCISE_ACTIVITY_ID) VALUES ('WeightedSet', 16020, 10.0, 0, null, 10, 1602);
INSERT INTO EXERCISE_SET_ENTITY (SET_TYPE, ID, NUMBER_OF_REPS, STATUS , WEIGHT , WEIGHT_KG, EXERCISE_ACTIVITY_ID) VALUES ('WeightedSet', 16021, 10.0, 0, null, 15, 1602);
INSERT INTO EXERCISE_SET_ENTITY (SET_TYPE, ID, NUMBER_OF_REPS, STATUS , WEIGHT , WEIGHT_KG, EXERCISE_ACTIVITY_ID) VALUES ('WeightedSet', 16022, 10.0, 0, null, 15, 1602);
INSERT INTO EXERCISE_SET_ENTITY (SET_TYPE, ID, NUMBER_OF_REPS, STATUS , WEIGHT , WEIGHT_KG, EXERCISE_ACTIVITY_ID) VALUES ('WeightedSet', 16023, 10.0, 0, null, 10, 1602);
INSERT INTO EXERCISE_ACTIVITY_ENTITY (ID, NOTES, EXERCISE_ID, WORKOUT_ID) VALUES (1603, '', SELECT ID FROM EXERCISE_ENTITY WHERE NAME = 'Incline Bicep Curl', 16);
INSERT INTO EXERCISE_SET_ENTITY (SET_TYPE, ID, NUMBER_OF_REPS, STATUS , WEIGHT , WEIGHT_KG, EXERCISE_ACTIVITY_ID) VALUES ('WeightedSet', 16030, 8.0, 0, null, 10, 1603);
INSERT INTO EXERCISE_SET_ENTITY (SET_TYPE, ID, NUMBER_OF_REPS, STATUS , WEIGHT , WEIGHT_KG, EXERCISE_ACTIVITY_ID) VALUES ('WeightedSet', 16031, 8.0, 0, null, 10, 1603);
INSERT INTO EXERCISE_SET_ENTITY (SET_TYPE, ID, NUMBER_OF_REPS, STATUS , WEIGHT , WEIGHT_KG, EXERCISE_ACTIVITY_ID) VALUES ('WeightedSet', 16032, 7.0, 1, null, 10, 1603);
INSERT INTO EXERCISE_ACTIVITY_ENTITY (ID, NOTES, EXERCISE_ID, WORKOUT_ID) VALUES (1604, '', SELECT ID FROM EXERCISE_ENTITY WHERE NAME = 'Hanging Leg Raise', 16);
INSERT INTO EXERCISE_SET_ENTITY (SET_TYPE, ID, NUMBER_OF_REPS, STATUS , WEIGHT , WEIGHT_KG, EXERCISE_ACTIVITY_ID) VALUES ('NonWeightedSet', 16040, 5.0, 0, 'body', null, 1604);
INSERT INTO EXERCISE_SET_ENTITY (SET_TYPE, ID, NUMBER_OF_REPS, STATUS , WEIGHT , WEIGHT_KG, EXERCISE_ACTIVITY_ID) VALUES ('NonWeightedSet', 16041, 3.0, 1, 'body', null, 1604);
INSERT INTO EXERCISE_ACTIVITY_ENTITY (ID, NOTES, EXERCISE_ID, WORKOUT_ID) VALUES (1605, '', SELECT ID FROM EXERCISE_ENTITY WHERE NAME = 'Lying Leg Raise', 16);
INSERT INTO EXERCISE_SET_ENTITY (SET_TYPE, ID, NUMBER_OF_REPS, STATUS , WEIGHT , WEIGHT_KG, EXERCISE_ACTIVITY_ID) VALUES ('NonWeightedSet', 16050, 10.0, 0, 'body', null, 1605);
INSERT INTO EXERCISE_SET_ENTITY (SET_TYPE, ID, NUMBER_OF_REPS, STATUS , WEIGHT , WEIGHT_KG, EXERCISE_ACTIVITY_ID) VALUES ('NonWeightedSet', 16051, 10.0, 0, 'body', null, 1605);
INSERT INTO EXERCISE_ACTIVITY_ENTITY (ID, NOTES, EXERCISE_ID, WORKOUT_ID) VALUES (1606, '', SELECT ID FROM EXERCISE_ENTITY WHERE NAME = 'Facepull', 16);
INSERT INTO EXERCISE_SET_ENTITY (SET_TYPE, ID, NUMBER_OF_REPS, STATUS , WEIGHT , WEIGHT_KG, EXERCISE_ACTIVITY_ID) VALUES ('NonWeightedSet', 16060, 10.0, 0, 'red & yellow', null, 1606);
INSERT INTO EXERCISE_SET_ENTITY (SET_TYPE, ID, NUMBER_OF_REPS, STATUS , WEIGHT , WEIGHT_KG, EXERCISE_ACTIVITY_ID) VALUES ('NonWeightedSet', 16061, 15.0, 0, 'yellow band', null, 1606);
INSERT INTO WORKOUT_ENTITY (ID, NOTES, PERFORMED_AT_TIMESTAMP_UTC, WORKOUT_TYPE) VALUES (17, 'Notes', '2019-09-03 15:35:00', 'PUSH');
INSERT INTO EXERCISE_ACTIVITY_ENTITY (ID, NOTES, EXERCISE_ID, WORKOUT_ID) VALUES (1700, '', SELECT ID FROM EXERCISE_ENTITY WHERE NAME = 'Bench Press', 17);
INSERT INTO EXERCISE_SET_ENTITY (SET_TYPE, ID, NUMBER_OF_REPS, STATUS , WEIGHT , WEIGHT_KG, EXERCISE_ACTIVITY_ID) VALUES ('WeightedSet', 17000, 5.0, 0, null, 20, 1700);
INSERT INTO EXERCISE_SET_ENTITY (SET_TYPE, ID, NUMBER_OF_REPS, STATUS , WEIGHT , WEIGHT_KG, EXERCISE_ACTIVITY_ID) VALUES ('WeightedSet', 17001, 5.0, 0, null, 40, 1700);
INSERT INTO EXERCISE_SET_ENTITY (SET_TYPE, ID, NUMBER_OF_REPS, STATUS , WEIGHT , WEIGHT_KG, EXERCISE_ACTIVITY_ID) VALUES ('WeightedSet', 17002, 5.0, 0, null, 55, 1700);
INSERT INTO EXERCISE_SET_ENTITY (SET_TYPE, ID, NUMBER_OF_REPS, STATUS , WEIGHT , WEIGHT_KG, EXERCISE_ACTIVITY_ID) VALUES ('WeightedSet', 17003, 5.0, 0, null, 55, 1700);
INSERT INTO EXERCISE_SET_ENTITY (SET_TYPE, ID, NUMBER_OF_REPS, STATUS , WEIGHT , WEIGHT_KG, EXERCISE_ACTIVITY_ID) VALUES ('WeightedSet', 17004, 5.0, 0, null, 55, 1700);
INSERT INTO EXERCISE_SET_ENTITY (SET_TYPE, ID, NUMBER_OF_REPS, STATUS , WEIGHT , WEIGHT_KG, EXERCISE_ACTIVITY_ID) VALUES ('WeightedSet', 17005, 5.0, 0, null, 50, 1700);
INSERT INTO EXERCISE_SET_ENTITY (SET_TYPE, ID, NUMBER_OF_REPS, STATUS , WEIGHT , WEIGHT_KG, EXERCISE_ACTIVITY_ID) VALUES ('WeightedSet', 17006, 5.0, 0, null, 50, 1700);
INSERT INTO EXERCISE_ACTIVITY_ENTITY (ID, NOTES, EXERCISE_ID, WORKOUT_ID) VALUES (1701, '', SELECT ID FROM EXERCISE_ENTITY WHERE NAME = 'Overhead Press', 17);
INSERT INTO EXERCISE_SET_ENTITY (SET_TYPE, ID, NUMBER_OF_REPS, STATUS , WEIGHT , WEIGHT_KG, EXERCISE_ACTIVITY_ID) VALUES ('WeightedSet', 17010, 8.0, 0, null, 20, 1701);
INSERT INTO EXERCISE_SET_ENTITY (SET_TYPE, ID, NUMBER_OF_REPS, STATUS , WEIGHT , WEIGHT_KG, EXERCISE_ACTIVITY_ID) VALUES ('WeightedSet', 17011, 8.0, 0, null, 30, 1701);
INSERT INTO EXERCISE_SET_ENTITY (SET_TYPE, ID, NUMBER_OF_REPS, STATUS , WEIGHT , WEIGHT_KG, EXERCISE_ACTIVITY_ID) VALUES ('WeightedSet', 17012, 8.0, 0, null, 30, 1701);
INSERT INTO EXERCISE_SET_ENTITY (SET_TYPE, ID, NUMBER_OF_REPS, STATUS , WEIGHT , WEIGHT_KG, EXERCISE_ACTIVITY_ID) VALUES ('WeightedSet', 17013, 8.0, 0, null, 30, 1701);
INSERT INTO EXERCISE_ACTIVITY_ENTITY (ID, NOTES, EXERCISE_ID, WORKOUT_ID) VALUES (1702, '', SELECT ID FROM EXERCISE_ENTITY WHERE NAME = 'Skullcrusher', 17);
INSERT INTO EXERCISE_SET_ENTITY (SET_TYPE, ID, NUMBER_OF_REPS, STATUS , WEIGHT , WEIGHT_KG, EXERCISE_ACTIVITY_ID) VALUES ('WeightedSet', 17020, 8.0, 0, null, 7.5, 1702);
INSERT INTO EXERCISE_SET_ENTITY (SET_TYPE, ID, NUMBER_OF_REPS, STATUS , WEIGHT , WEIGHT_KG, EXERCISE_ACTIVITY_ID) VALUES ('WeightedSet', 17021, 8.0, 0, null, 7.5, 1702);
INSERT INTO EXERCISE_SET_ENTITY (SET_TYPE, ID, NUMBER_OF_REPS, STATUS , WEIGHT , WEIGHT_KG, EXERCISE_ACTIVITY_ID) VALUES ('WeightedSet', 17022, 8.0, 0, null, 7.5, 1702);
INSERT INTO EXERCISE_ACTIVITY_ENTITY (ID, NOTES, EXERCISE_ID, WORKOUT_ID) VALUES (1703, '', SELECT ID FROM EXERCISE_ENTITY WHERE NAME = 'Cable Fly (Low)', 17);
INSERT INTO EXERCISE_SET_ENTITY (SET_TYPE, ID, NUMBER_OF_REPS, STATUS , WEIGHT , WEIGHT_KG, EXERCISE_ACTIVITY_ID) VALUES ('NonWeightedSet', 17030, 10.0, 0, 'yellow & red', null, 1703);
INSERT INTO EXERCISE_SET_ENTITY (SET_TYPE, ID, NUMBER_OF_REPS, STATUS , WEIGHT , WEIGHT_KG, EXERCISE_ACTIVITY_ID) VALUES ('NonWeightedSet', 17031, 10.0, 0, 'yellow & red', null, 1703);
INSERT INTO EXERCISE_SET_ENTITY (SET_TYPE, ID, NUMBER_OF_REPS, STATUS , WEIGHT , WEIGHT_KG, EXERCISE_ACTIVITY_ID) VALUES ('NonWeightedSet', 17032, 10.0, 0, 'yellow & red', null, 1703);
INSERT INTO EXERCISE_ACTIVITY_ENTITY (ID, NOTES, EXERCISE_ID, WORKOUT_ID) VALUES (1704, '', SELECT ID FROM EXERCISE_ENTITY WHERE NAME = 'Press Up', 17);
INSERT INTO EXERCISE_SET_ENTITY (SET_TYPE, ID, NUMBER_OF_REPS, STATUS , WEIGHT , WEIGHT_KG, EXERCISE_ACTIVITY_ID) VALUES ('NonWeightedSet', 17040, 10.0, 0, 'body', null, 1704);
INSERT INTO WORKOUT_ENTITY (ID, NOTES, PERFORMED_AT_TIMESTAMP_UTC, WORKOUT_TYPE) VALUES (18, 'Notes', '2019-09-04 15:35:00', 'LEGS');
INSERT INTO EXERCISE_ACTIVITY_ENTITY (ID, NOTES, EXERCISE_ID, WORKOUT_ID) VALUES (1800, '', SELECT ID FROM EXERCISE_ENTITY WHERE NAME = 'Squat', 18);
INSERT INTO EXERCISE_SET_ENTITY (SET_TYPE, ID, NUMBER_OF_REPS, STATUS , WEIGHT , WEIGHT_KG, EXERCISE_ACTIVITY_ID) VALUES ('NonWeightedSet', 18000, 5.0, 0, 'body', null, 1800);
INSERT INTO EXERCISE_SET_ENTITY (SET_TYPE, ID, NUMBER_OF_REPS, STATUS , WEIGHT , WEIGHT_KG, EXERCISE_ACTIVITY_ID) VALUES ('WeightedSet', 18001, 5.0, 0, null, 20, 1800);
INSERT INTO EXERCISE_SET_ENTITY (SET_TYPE, ID, NUMBER_OF_REPS, STATUS , WEIGHT , WEIGHT_KG, EXERCISE_ACTIVITY_ID) VALUES ('WeightedSet', 18002, 3.0, 0, null, 40, 1800);
INSERT INTO EXERCISE_SET_ENTITY (SET_TYPE, ID, NUMBER_OF_REPS, STATUS , WEIGHT , WEIGHT_KG, EXERCISE_ACTIVITY_ID) VALUES ('WeightedSet', 18003, 3.0, 0, null, 60, 1800);
INSERT INTO EXERCISE_SET_ENTITY (SET_TYPE, ID, NUMBER_OF_REPS, STATUS , WEIGHT , WEIGHT_KG, EXERCISE_ACTIVITY_ID) VALUES ('WeightedSet', 18004, 5.0, 0, null, 72.5, 1800);
INSERT INTO EXERCISE_SET_ENTITY (SET_TYPE, ID, NUMBER_OF_REPS, STATUS , WEIGHT , WEIGHT_KG, EXERCISE_ACTIVITY_ID) VALUES ('WeightedSet', 18005, 5.0, 0, null, 72.5, 1800);
INSERT INTO EXERCISE_SET_ENTITY (SET_TYPE, ID, NUMBER_OF_REPS, STATUS , WEIGHT , WEIGHT_KG, EXERCISE_ACTIVITY_ID) VALUES ('WeightedSet', 18006, 5.0, 0, null, 72.5, 1800);
INSERT INTO EXERCISE_SET_ENTITY (SET_TYPE, ID, NUMBER_OF_REPS, STATUS , WEIGHT , WEIGHT_KG, EXERCISE_ACTIVITY_ID) VALUES ('WeightedSet', 18007, 5.0, 0, null, 72.5, 1800);
INSERT INTO EXERCISE_SET_ENTITY (SET_TYPE, ID, NUMBER_OF_REPS, STATUS , WEIGHT , WEIGHT_KG, EXERCISE_ACTIVITY_ID) VALUES ('WeightedSet', 18008, 5.0, 0, null, 72.5, 1800);
INSERT INTO EXERCISE_ACTIVITY_ENTITY (ID, NOTES, EXERCISE_ID, WORKOUT_ID) VALUES (1801, '', SELECT ID FROM EXERCISE_ENTITY WHERE NAME = 'Romanian Deadlift', 18);
INSERT INTO EXERCISE_SET_ENTITY (SET_TYPE, ID, NUMBER_OF_REPS, STATUS , WEIGHT , WEIGHT_KG, EXERCISE_ACTIVITY_ID) VALUES ('WeightedSet', 18010, 8.0, 0, null, 20, 1801);
INSERT INTO EXERCISE_SET_ENTITY (SET_TYPE, ID, NUMBER_OF_REPS, STATUS , WEIGHT , WEIGHT_KG, EXERCISE_ACTIVITY_ID) VALUES ('WeightedSet', 18011, 8.0, 0, null, 40, 1801);
INSERT INTO EXERCISE_SET_ENTITY (SET_TYPE, ID, NUMBER_OF_REPS, STATUS , WEIGHT , WEIGHT_KG, EXERCISE_ACTIVITY_ID) VALUES ('WeightedSet', 18012, 8.0, 0, null, 40, 1801);
INSERT INTO EXERCISE_SET_ENTITY (SET_TYPE, ID, NUMBER_OF_REPS, STATUS , WEIGHT , WEIGHT_KG, EXERCISE_ACTIVITY_ID) VALUES ('WeightedSet', 18013, 8.0, 0, null, 40, 1801);
INSERT INTO EXERCISE_ACTIVITY_ENTITY (ID, NOTES, EXERCISE_ID, WORKOUT_ID) VALUES (1802, '', SELECT ID FROM EXERCISE_ENTITY WHERE NAME = 'Lunge', 18);
INSERT INTO EXERCISE_SET_ENTITY (SET_TYPE, ID, NUMBER_OF_REPS, STATUS , WEIGHT , WEIGHT_KG, EXERCISE_ACTIVITY_ID) VALUES ('WeightedSet', 18020, 8.0, 0, null, 5, 1802);
INSERT INTO EXERCISE_SET_ENTITY (SET_TYPE, ID, NUMBER_OF_REPS, STATUS , WEIGHT , WEIGHT_KG, EXERCISE_ACTIVITY_ID) VALUES ('WeightedSet', 18021, 8.0, 0, null, 5, 1802);
INSERT INTO EXERCISE_SET_ENTITY (SET_TYPE, ID, NUMBER_OF_REPS, STATUS , WEIGHT , WEIGHT_KG, EXERCISE_ACTIVITY_ID) VALUES ('WeightedSet', 18022, 8.0, 0, null, 5, 1802);
INSERT INTO EXERCISE_ACTIVITY_ENTITY (ID, NOTES, EXERCISE_ID, WORKOUT_ID) VALUES (1803, '', SELECT ID FROM EXERCISE_ENTITY WHERE NAME = 'Calf Raise', 18);
INSERT INTO EXERCISE_SET_ENTITY (SET_TYPE, ID, NUMBER_OF_REPS, STATUS , WEIGHT , WEIGHT_KG, EXERCISE_ACTIVITY_ID) VALUES ('NonWeightedSet', 18030, 10.0, 0, 'bodyweight', null, 1803);
INSERT INTO EXERCISE_SET_ENTITY (SET_TYPE, ID, NUMBER_OF_REPS, STATUS , WEIGHT , WEIGHT_KG, EXERCISE_ACTIVITY_ID) VALUES ('WeightedSet', 18031, 10.0, 0, null, 125, 1803);
INSERT INTO EXERCISE_SET_ENTITY (SET_TYPE, ID, NUMBER_OF_REPS, STATUS , WEIGHT , WEIGHT_KG, EXERCISE_ACTIVITY_ID) VALUES ('WeightedSet', 18032, 10.0, 0, null, 125, 1803);
INSERT INTO WORKOUT_ENTITY (ID, NOTES, PERFORMED_AT_TIMESTAMP_UTC, WORKOUT_TYPE) VALUES (19, 'Notes', '2019-09-09 15:30:00', 'PULL');
INSERT INTO EXERCISE_ACTIVITY_ENTITY (ID, NOTES, EXERCISE_ID, WORKOUT_ID) VALUES (1900, '', SELECT ID FROM EXERCISE_ENTITY WHERE NAME = 'Deadlift', 19);
INSERT INTO EXERCISE_SET_ENTITY (SET_TYPE, ID, NUMBER_OF_REPS, STATUS , WEIGHT , WEIGHT_KG, EXERCISE_ACTIVITY_ID) VALUES ('WeightedSet', 19000, 5.0, 0, null, 20, 1900);
INSERT INTO EXERCISE_SET_ENTITY (SET_TYPE, ID, NUMBER_OF_REPS, STATUS , WEIGHT , WEIGHT_KG, EXERCISE_ACTIVITY_ID) VALUES ('WeightedSet', 19001, 3.0, 0, null, 60, 1900);
INSERT INTO EXERCISE_SET_ENTITY (SET_TYPE, ID, NUMBER_OF_REPS, STATUS , WEIGHT , WEIGHT_KG, EXERCISE_ACTIVITY_ID) VALUES ('WeightedSet', 19002, 2.0, 0, null, 90, 1900);
INSERT INTO EXERCISE_SET_ENTITY (SET_TYPE, ID, NUMBER_OF_REPS, STATUS , WEIGHT , WEIGHT_KG, EXERCISE_ACTIVITY_ID) VALUES ('WeightedSet', 19003, 2.0, 0, null, 110, 1900);
INSERT INTO EXERCISE_SET_ENTITY (SET_TYPE, ID, NUMBER_OF_REPS, STATUS , WEIGHT , WEIGHT_KG, EXERCISE_ACTIVITY_ID) VALUES ('WeightedSet', 19004, 1.0, 0, null, 120, 1900);
INSERT INTO EXERCISE_SET_ENTITY (SET_TYPE, ID, NUMBER_OF_REPS, STATUS , WEIGHT , WEIGHT_KG, EXERCISE_ACTIVITY_ID) VALUES ('WeightedSet', 19005, 5.0, 0, null, 125, 1900);
INSERT INTO EXERCISE_ACTIVITY_ENTITY (ID, NOTES, EXERCISE_ID, WORKOUT_ID) VALUES (1901, '', SELECT ID FROM EXERCISE_ENTITY WHERE NAME = 'Pull Up', 19);
INSERT INTO EXERCISE_SET_ENTITY (SET_TYPE, ID, NUMBER_OF_REPS, STATUS , WEIGHT , WEIGHT_KG, EXERCISE_ACTIVITY_ID) VALUES ('NonWeightedSet', 19010, 5.0, 0, 'body', null, 1901);
INSERT INTO EXERCISE_SET_ENTITY (SET_TYPE, ID, NUMBER_OF_REPS, STATUS , WEIGHT , WEIGHT_KG, EXERCISE_ACTIVITY_ID) VALUES ('NonWeightedSet', 19011, 5.0, 0, 'body', null, 1901);
INSERT INTO EXERCISE_SET_ENTITY (SET_TYPE, ID, NUMBER_OF_REPS, STATUS , WEIGHT , WEIGHT_KG, EXERCISE_ACTIVITY_ID) VALUES ('NonWeightedSet', 19012, 5.0, 0, 'body', null, 1901);
INSERT INTO EXERCISE_SET_ENTITY (SET_TYPE, ID, NUMBER_OF_REPS, STATUS , WEIGHT , WEIGHT_KG, EXERCISE_ACTIVITY_ID) VALUES ('NonWeightedSet', 19013, 6.0, 0, 'body', null, 1901);
INSERT INTO EXERCISE_ACTIVITY_ENTITY (ID, NOTES, EXERCISE_ID, WORKOUT_ID) VALUES (1902, '', SELECT ID FROM EXERCISE_ENTITY WHERE NAME = 'Dumbbell Row', 19);
INSERT INTO EXERCISE_SET_ENTITY (SET_TYPE, ID, NUMBER_OF_REPS, STATUS , WEIGHT , WEIGHT_KG, EXERCISE_ACTIVITY_ID) VALUES ('WeightedSet', 19020, 10.0, 0, null, 10, 1902);
INSERT INTO EXERCISE_SET_ENTITY (SET_TYPE, ID, NUMBER_OF_REPS, STATUS , WEIGHT , WEIGHT_KG, EXERCISE_ACTIVITY_ID) VALUES ('WeightedSet', 19021, 10.0, 0, null, 10, 1902);
INSERT INTO EXERCISE_SET_ENTITY (SET_TYPE, ID, NUMBER_OF_REPS, STATUS , WEIGHT , WEIGHT_KG, EXERCISE_ACTIVITY_ID) VALUES ('WeightedSet', 19022, 10.0, 0, null, 10, 1902);
INSERT INTO EXERCISE_ACTIVITY_ENTITY (ID, NOTES, EXERCISE_ID, WORKOUT_ID) VALUES (1903, '', SELECT ID FROM EXERCISE_ENTITY WHERE NAME = 'Barbell Curl', 19);
INSERT INTO EXERCISE_SET_ENTITY (SET_TYPE, ID, NUMBER_OF_REPS, STATUS , WEIGHT , WEIGHT_KG, EXERCISE_ACTIVITY_ID) VALUES ('WeightedSet', 19030, 10.0, 0, null, 20, 1903);
INSERT INTO EXERCISE_SET_ENTITY (SET_TYPE, ID, NUMBER_OF_REPS, STATUS , WEIGHT , WEIGHT_KG, EXERCISE_ACTIVITY_ID) VALUES ('WeightedSet', 19031, 10.0, 0, null, 20, 1903);
INSERT INTO EXERCISE_SET_ENTITY (SET_TYPE, ID, NUMBER_OF_REPS, STATUS , WEIGHT , WEIGHT_KG, EXERCISE_ACTIVITY_ID) VALUES ('WeightedSet', 19032, 10.0, 0, null, 20, 1903);
INSERT INTO EXERCISE_ACTIVITY_ENTITY (ID, NOTES, EXERCISE_ID, WORKOUT_ID) VALUES (1904, '', SELECT ID FROM EXERCISE_ENTITY WHERE NAME = 'Incline Dumbbell Curl', 19);
INSERT INTO EXERCISE_SET_ENTITY (SET_TYPE, ID, NUMBER_OF_REPS, STATUS , WEIGHT , WEIGHT_KG, EXERCISE_ACTIVITY_ID) VALUES ('WeightedSet', 19040, 7.0, 1, null, 7.5, 1904);
INSERT INTO EXERCISE_SET_ENTITY (SET_TYPE, ID, NUMBER_OF_REPS, STATUS , WEIGHT , WEIGHT_KG, EXERCISE_ACTIVITY_ID) VALUES ('WeightedSet', 19041, 7.0, 1, null, 7.5, 1904);
INSERT INTO EXERCISE_SET_ENTITY (SET_TYPE, ID, NUMBER_OF_REPS, STATUS , WEIGHT , WEIGHT_KG, EXERCISE_ACTIVITY_ID) VALUES ('WeightedSet', 19042, 7.0, 1, null, 7.5, 1904);
INSERT INTO EXERCISE_ACTIVITY_ENTITY (ID, NOTES, EXERCISE_ID, WORKOUT_ID) VALUES (1905, '', SELECT ID FROM EXERCISE_ENTITY WHERE NAME = 'Dumbbell Curl', 19);
INSERT INTO EXERCISE_SET_ENTITY (SET_TYPE, ID, NUMBER_OF_REPS, STATUS , WEIGHT , WEIGHT_KG, EXERCISE_ACTIVITY_ID) VALUES ('WeightedSet', 19050, 7.0, 1, null, 7.5, 1905);
INSERT INTO EXERCISE_ACTIVITY_ENTITY (ID, NOTES, EXERCISE_ID, WORKOUT_ID) VALUES (1906, '', SELECT ID FROM EXERCISE_ENTITY WHERE NAME = 'Hanging Leg Raise', 19);
INSERT INTO EXERCISE_SET_ENTITY (SET_TYPE, ID, NUMBER_OF_REPS, STATUS , WEIGHT , WEIGHT_KG, EXERCISE_ACTIVITY_ID) VALUES ('NonWeightedSet', 19060, 5.0, 0, 'body', null, 1906);
INSERT INTO EXERCISE_SET_ENTITY (SET_TYPE, ID, NUMBER_OF_REPS, STATUS , WEIGHT , WEIGHT_KG, EXERCISE_ACTIVITY_ID) VALUES ('NonWeightedSet', 19061, 2.0, 1, 'body', null, 1906);
INSERT INTO EXERCISE_ACTIVITY_ENTITY (ID, NOTES, EXERCISE_ID, WORKOUT_ID) VALUES (1907, '', SELECT ID FROM EXERCISE_ENTITY WHERE NAME = 'Lying Leg Raise', 19);
INSERT INTO EXERCISE_SET_ENTITY (SET_TYPE, ID, NUMBER_OF_REPS, STATUS , WEIGHT , WEIGHT_KG, EXERCISE_ACTIVITY_ID) VALUES ('NonWeightedSet', 19070, 10.0, 0, 'body', null, 1907);
INSERT INTO EXERCISE_SET_ENTITY (SET_TYPE, ID, NUMBER_OF_REPS, STATUS , WEIGHT , WEIGHT_KG, EXERCISE_ACTIVITY_ID) VALUES ('NonWeightedSet', 19071, 10.0, 0, 'body', null, 1907);
INSERT INTO EXERCISE_ACTIVITY_ENTITY (ID, NOTES, EXERCISE_ID, WORKOUT_ID) VALUES (1908, '', SELECT ID FROM EXERCISE_ENTITY WHERE NAME = 'Cable Crunch', 19);
INSERT INTO EXERCISE_SET_ENTITY (SET_TYPE, ID, NUMBER_OF_REPS, STATUS , WEIGHT , WEIGHT_KG, EXERCISE_ACTIVITY_ID) VALUES ('NonWeightedSet', 19080, 10.0, 0, 'red band', null, 1908);
INSERT INTO WORKOUT_ENTITY (ID, NOTES, PERFORMED_AT_TIMESTAMP_UTC, WORKOUT_TYPE) VALUES (20, 'Notes', '2019-09-10 15:30:00', 'PUSH');
INSERT INTO EXERCISE_ACTIVITY_ENTITY (ID, NOTES, EXERCISE_ID, WORKOUT_ID) VALUES (2000, '', SELECT ID FROM EXERCISE_ENTITY WHERE NAME = 'Bench Press', 20);
INSERT INTO EXERCISE_SET_ENTITY (SET_TYPE, ID, NUMBER_OF_REPS, STATUS , WEIGHT , WEIGHT_KG, EXERCISE_ACTIVITY_ID) VALUES ('WeightedSet', 20000, 5.0, 0, null, 20, 2000);
INSERT INTO EXERCISE_SET_ENTITY (SET_TYPE, ID, NUMBER_OF_REPS, STATUS , WEIGHT , WEIGHT_KG, EXERCISE_ACTIVITY_ID) VALUES ('WeightedSet', 20001, 5.0, 0, null, 40, 2000);
INSERT INTO EXERCISE_SET_ENTITY (SET_TYPE, ID, NUMBER_OF_REPS, STATUS , WEIGHT , WEIGHT_KG, EXERCISE_ACTIVITY_ID) VALUES ('WeightedSet', 20002, 2.0, 0, null, 50, 2000);
INSERT INTO EXERCISE_SET_ENTITY (SET_TYPE, ID, NUMBER_OF_REPS, STATUS , WEIGHT , WEIGHT_KG, EXERCISE_ACTIVITY_ID) VALUES ('WeightedSet', 20003, 5.0, 0, null, 55, 2000);
INSERT INTO EXERCISE_SET_ENTITY (SET_TYPE, ID, NUMBER_OF_REPS, STATUS , WEIGHT , WEIGHT_KG, EXERCISE_ACTIVITY_ID) VALUES ('WeightedSet', 20004, 5.0, 0, null, 55, 2000);
INSERT INTO EXERCISE_SET_ENTITY (SET_TYPE, ID, NUMBER_OF_REPS, STATUS , WEIGHT , WEIGHT_KG, EXERCISE_ACTIVITY_ID) VALUES ('WeightedSet', 20005, 5.0, 0, null, 55, 2000);
INSERT INTO EXERCISE_SET_ENTITY (SET_TYPE, ID, NUMBER_OF_REPS, STATUS , WEIGHT , WEIGHT_KG, EXERCISE_ACTIVITY_ID) VALUES ('WeightedSet', 20006, 5.0, 0, null, 55, 2000);
INSERT INTO EXERCISE_SET_ENTITY (SET_TYPE, ID, NUMBER_OF_REPS, STATUS , WEIGHT , WEIGHT_KG, EXERCISE_ACTIVITY_ID) VALUES ('WeightedSet', 20007, 3.0, 1, null, 55, 2000);
INSERT INTO EXERCISE_ACTIVITY_ENTITY (ID, NOTES, EXERCISE_ID, WORKOUT_ID) VALUES (2001, '', SELECT ID FROM EXERCISE_ENTITY WHERE NAME = 'Overhead Press', 20);
INSERT INTO EXERCISE_SET_ENTITY (SET_TYPE, ID, NUMBER_OF_REPS, STATUS , WEIGHT , WEIGHT_KG, EXERCISE_ACTIVITY_ID) VALUES ('WeightedSet', 20010, 8.0, 0, null, 20, 2001);
INSERT INTO EXERCISE_SET_ENTITY (SET_TYPE, ID, NUMBER_OF_REPS, STATUS , WEIGHT , WEIGHT_KG, EXERCISE_ACTIVITY_ID) VALUES ('WeightedSet', 20011, 8.0, 0, null, 32.5, 2001);
INSERT INTO EXERCISE_SET_ENTITY (SET_TYPE, ID, NUMBER_OF_REPS, STATUS , WEIGHT , WEIGHT_KG, EXERCISE_ACTIVITY_ID) VALUES ('WeightedSet', 20012, 8.0, 0, null, 32.5, 2001);
INSERT INTO EXERCISE_SET_ENTITY (SET_TYPE, ID, NUMBER_OF_REPS, STATUS , WEIGHT , WEIGHT_KG, EXERCISE_ACTIVITY_ID) VALUES ('WeightedSet', 20013, 6.0, 1, null, 32.5, 2001);
INSERT INTO EXERCISE_ACTIVITY_ENTITY (ID, NOTES, EXERCISE_ID, WORKOUT_ID) VALUES (2002, '', SELECT ID FROM EXERCISE_ENTITY WHERE NAME = 'Incline Bench Press', 20);
INSERT INTO EXERCISE_SET_ENTITY (SET_TYPE, ID, NUMBER_OF_REPS, STATUS , WEIGHT , WEIGHT_KG, EXERCISE_ACTIVITY_ID) VALUES ('WeightedSet', 20020, 10.0, 0, null, 32.5, 2002);
INSERT INTO EXERCISE_ACTIVITY_ENTITY (ID, NOTES, EXERCISE_ID, WORKOUT_ID) VALUES (2003, '', SELECT ID FROM EXERCISE_ENTITY WHERE NAME = 'Close Grip Bench Press', 20);
INSERT INTO EXERCISE_SET_ENTITY (SET_TYPE, ID, NUMBER_OF_REPS, STATUS , WEIGHT , WEIGHT_KG, EXERCISE_ACTIVITY_ID) VALUES ('WeightedSet', 20030, 12.0, 0, null, 20, 2003);
INSERT INTO EXERCISE_SET_ENTITY (SET_TYPE, ID, NUMBER_OF_REPS, STATUS , WEIGHT , WEIGHT_KG, EXERCISE_ACTIVITY_ID) VALUES ('WeightedSet', 20031, 12.0, 0, null, 20, 2003);
INSERT INTO EXERCISE_SET_ENTITY (SET_TYPE, ID, NUMBER_OF_REPS, STATUS , WEIGHT , WEIGHT_KG, EXERCISE_ACTIVITY_ID) VALUES ('WeightedSet', 20032, 12.0, 0, null, 20, 2003);
INSERT INTO EXERCISE_ACTIVITY_ENTITY (ID, NOTES, EXERCISE_ID, WORKOUT_ID) VALUES (2004, '', SELECT ID FROM EXERCISE_ENTITY WHERE NAME = 'Cable Fly (Low)', 20);
INSERT INTO EXERCISE_SET_ENTITY (SET_TYPE, ID, NUMBER_OF_REPS, STATUS , WEIGHT , WEIGHT_KG, EXERCISE_ACTIVITY_ID) VALUES ('NonWeightedSet', 20040, 10.0, 0, 'yellow', null, 2004);
INSERT INTO EXERCISE_SET_ENTITY (SET_TYPE, ID, NUMBER_OF_REPS, STATUS , WEIGHT , WEIGHT_KG, EXERCISE_ACTIVITY_ID) VALUES ('NonWeightedSet', 20041, 10.0, 0, 'black', null, 2004);
INSERT INTO EXERCISE_SET_ENTITY (SET_TYPE, ID, NUMBER_OF_REPS, STATUS , WEIGHT , WEIGHT_KG, EXERCISE_ACTIVITY_ID) VALUES ('NonWeightedSet', 20042, 10.0, 0, 'red', null, 2004);
INSERT INTO EXERCISE_ACTIVITY_ENTITY (ID, NOTES, EXERCISE_ID, WORKOUT_ID) VALUES (2005, '', SELECT ID FROM EXERCISE_ENTITY WHERE NAME = 'Skullcrusher', 20);
INSERT INTO EXERCISE_SET_ENTITY (SET_TYPE, ID, NUMBER_OF_REPS, STATUS , WEIGHT , WEIGHT_KG, EXERCISE_ACTIVITY_ID) VALUES ('WeightedSet', 20050, 8.0, 0, null, 7.5, 2005);
INSERT INTO EXERCISE_SET_ENTITY (SET_TYPE, ID, NUMBER_OF_REPS, STATUS , WEIGHT , WEIGHT_KG, EXERCISE_ACTIVITY_ID) VALUES ('WeightedSet', 20051, 8.0, 0, null, 7.5, 2005);
INSERT INTO EXERCISE_SET_ENTITY (SET_TYPE, ID, NUMBER_OF_REPS, STATUS , WEIGHT , WEIGHT_KG, EXERCISE_ACTIVITY_ID) VALUES ('WeightedSet', 20052, 8.0, 0, null, 7.5, 2005);
INSERT INTO WORKOUT_ENTITY (ID, NOTES, PERFORMED_AT_TIMESTAMP_UTC, WORKOUT_TYPE) VALUES (21, 'Notes', '2019-09-11 15:30:00', 'LEGS');
INSERT INTO EXERCISE_ACTIVITY_ENTITY (ID, NOTES, EXERCISE_ID, WORKOUT_ID) VALUES (2100, '', SELECT ID FROM EXERCISE_ENTITY WHERE NAME = 'Squat', 21);
INSERT INTO EXERCISE_SET_ENTITY (SET_TYPE, ID, NUMBER_OF_REPS, STATUS , WEIGHT , WEIGHT_KG, EXERCISE_ACTIVITY_ID) VALUES ('NonWeightedSet', 21000, 5.0, 0, 'body', null, 2100);
INSERT INTO EXERCISE_SET_ENTITY (SET_TYPE, ID, NUMBER_OF_REPS, STATUS , WEIGHT , WEIGHT_KG, EXERCISE_ACTIVITY_ID) VALUES ('WeightedSet', 21001, 5.0, 0, null, 20, 2100);
INSERT INTO EXERCISE_SET_ENTITY (SET_TYPE, ID, NUMBER_OF_REPS, STATUS , WEIGHT , WEIGHT_KG, EXERCISE_ACTIVITY_ID) VALUES ('WeightedSet', 21002, 5.0, 0, null, 40, 2100);
INSERT INTO EXERCISE_SET_ENTITY (SET_TYPE, ID, NUMBER_OF_REPS, STATUS , WEIGHT , WEIGHT_KG, EXERCISE_ACTIVITY_ID) VALUES ('WeightedSet', 21003, 2.0, 0, null, 60, 2100);
INSERT INTO EXERCISE_SET_ENTITY (SET_TYPE, ID, NUMBER_OF_REPS, STATUS , WEIGHT , WEIGHT_KG, EXERCISE_ACTIVITY_ID) VALUES ('WeightedSet', 21004, 5.0, 0, null, 75, 2100);
INSERT INTO EXERCISE_SET_ENTITY (SET_TYPE, ID, NUMBER_OF_REPS, STATUS , WEIGHT , WEIGHT_KG, EXERCISE_ACTIVITY_ID) VALUES ('WeightedSet', 21005, 5.0, 0, null, 75, 2100);
INSERT INTO EXERCISE_SET_ENTITY (SET_TYPE, ID, NUMBER_OF_REPS, STATUS , WEIGHT , WEIGHT_KG, EXERCISE_ACTIVITY_ID) VALUES ('WeightedSet', 21006, 5.0, 0, null, 75, 2100);
INSERT INTO EXERCISE_SET_ENTITY (SET_TYPE, ID, NUMBER_OF_REPS, STATUS , WEIGHT , WEIGHT_KG, EXERCISE_ACTIVITY_ID) VALUES ('WeightedSet', 21007, 5.0, 0, null, 75, 2100);
INSERT INTO EXERCISE_SET_ENTITY (SET_TYPE, ID, NUMBER_OF_REPS, STATUS , WEIGHT , WEIGHT_KG, EXERCISE_ACTIVITY_ID) VALUES ('WeightedSet', 21008, 5.0, 0, null, 75, 2100);
INSERT INTO EXERCISE_ACTIVITY_ENTITY (ID, NOTES, EXERCISE_ID, WORKOUT_ID) VALUES (2101, '', SELECT ID FROM EXERCISE_ENTITY WHERE NAME = 'Romanian Deadlift', 21);
INSERT INTO EXERCISE_SET_ENTITY (SET_TYPE, ID, NUMBER_OF_REPS, STATUS , WEIGHT , WEIGHT_KG, EXERCISE_ACTIVITY_ID) VALUES ('WeightedSet', 21010, 8.0, 0, null, 40, 2101);
INSERT INTO EXERCISE_SET_ENTITY (SET_TYPE, ID, NUMBER_OF_REPS, STATUS , WEIGHT , WEIGHT_KG, EXERCISE_ACTIVITY_ID) VALUES ('WeightedSet', 21011, 8.0, 0, null, 50, 2101);
INSERT INTO EXERCISE_SET_ENTITY (SET_TYPE, ID, NUMBER_OF_REPS, STATUS , WEIGHT , WEIGHT_KG, EXERCISE_ACTIVITY_ID) VALUES ('WeightedSet', 21012, 8.0, 0, null, 50, 2101);
INSERT INTO EXERCISE_SET_ENTITY (SET_TYPE, ID, NUMBER_OF_REPS, STATUS , WEIGHT , WEIGHT_KG, EXERCISE_ACTIVITY_ID) VALUES ('WeightedSet', 21013, 8.0, 0, null, 50, 2101);
INSERT INTO EXERCISE_ACTIVITY_ENTITY (ID, NOTES, EXERCISE_ID, WORKOUT_ID) VALUES (2102, '', SELECT ID FROM EXERCISE_ENTITY WHERE NAME = 'Lunge', 21);
INSERT INTO EXERCISE_SET_ENTITY (SET_TYPE, ID, NUMBER_OF_REPS, STATUS , WEIGHT , WEIGHT_KG, EXERCISE_ACTIVITY_ID) VALUES ('WeightedSet', 21020, 8.0, 0, null, 7.5, 2102);
INSERT INTO EXERCISE_SET_ENTITY (SET_TYPE, ID, NUMBER_OF_REPS, STATUS , WEIGHT , WEIGHT_KG, EXERCISE_ACTIVITY_ID) VALUES ('WeightedSet', 21021, 8.0, 0, null, 7.5, 2102);
INSERT INTO EXERCISE_SET_ENTITY (SET_TYPE, ID, NUMBER_OF_REPS, STATUS , WEIGHT , WEIGHT_KG, EXERCISE_ACTIVITY_ID) VALUES ('WeightedSet', 21022, 8.0, 0, null, 7.5, 2102);
INSERT INTO EXERCISE_ACTIVITY_ENTITY (ID, NOTES, EXERCISE_ID, WORKOUT_ID) VALUES (2103, '', SELECT ID FROM EXERCISE_ENTITY WHERE NAME = 'Calf Raise', 21);
INSERT INTO EXERCISE_SET_ENTITY (SET_TYPE, ID, NUMBER_OF_REPS, STATUS , WEIGHT , WEIGHT_KG, EXERCISE_ACTIVITY_ID) VALUES ('NonWeightedSet', 21030, 10.0, 0, 'body', null, 2103);
INSERT INTO EXERCISE_SET_ENTITY (SET_TYPE, ID, NUMBER_OF_REPS, STATUS , WEIGHT , WEIGHT_KG, EXERCISE_ACTIVITY_ID) VALUES ('WeightedSet', 21031, 10.0, 0, null, 125, 2103);
INSERT INTO EXERCISE_SET_ENTITY (SET_TYPE, ID, NUMBER_OF_REPS, STATUS , WEIGHT , WEIGHT_KG, EXERCISE_ACTIVITY_ID) VALUES ('WeightedSet', 21032, 10.0, 0, null, 125, 2103);
INSERT INTO EXERCISE_ACTIVITY_ENTITY (ID, NOTES, EXERCISE_ID, WORKOUT_ID) VALUES (2104, '', SELECT ID FROM EXERCISE_ENTITY WHERE NAME = 'Glute Raise', 21);
INSERT INTO EXERCISE_SET_ENTITY (SET_TYPE, ID, NUMBER_OF_REPS, STATUS , WEIGHT , WEIGHT_KG, EXERCISE_ACTIVITY_ID) VALUES ('NonWeightedSet', 21040, 10.0, 0, 'red band', null, 2104);
INSERT INTO EXERCISE_ACTIVITY_ENTITY (ID, NOTES, EXERCISE_ID, WORKOUT_ID) VALUES (2105, '', SELECT ID FROM EXERCISE_ENTITY WHERE NAME = 'Leg Curl', 21);
INSERT INTO EXERCISE_SET_ENTITY (SET_TYPE, ID, NUMBER_OF_REPS, STATUS , WEIGHT , WEIGHT_KG, EXERCISE_ACTIVITY_ID) VALUES ('NonWeightedSet', 21050, 5.0, 0, 'red band', null, 2105);
INSERT INTO EXERCISE_ACTIVITY_ENTITY (ID, NOTES, EXERCISE_ID, WORKOUT_ID) VALUES (2106, '', SELECT ID FROM EXERCISE_ENTITY WHERE NAME = 'Hip Thrust', 21);
INSERT INTO EXERCISE_SET_ENTITY (SET_TYPE, ID, NUMBER_OF_REPS, STATUS , WEIGHT , WEIGHT_KG, EXERCISE_ACTIVITY_ID) VALUES ('NonWeightedSet', 21060, 10.0, 0, 'red band', null, 2106);
INSERT INTO WORKOUT_ENTITY (ID, NOTES, PERFORMED_AT_TIMESTAMP_UTC, WORKOUT_TYPE) VALUES (22, 'Notes', '2019-09-12 15:40:00', 'PULL');
INSERT INTO EXERCISE_ACTIVITY_ENTITY (ID, NOTES, EXERCISE_ID, WORKOUT_ID) VALUES (2200, '', SELECT ID FROM EXERCISE_ENTITY WHERE NAME = 'Barbell Row', 22);
INSERT INTO EXERCISE_SET_ENTITY (SET_TYPE, ID, NUMBER_OF_REPS, STATUS , WEIGHT , WEIGHT_KG, EXERCISE_ACTIVITY_ID) VALUES ('WeightedSet', 22000, 10.0, 0, null, 20, 2200);
INSERT INTO EXERCISE_SET_ENTITY (SET_TYPE, ID, NUMBER_OF_REPS, STATUS , WEIGHT , WEIGHT_KG, EXERCISE_ACTIVITY_ID) VALUES ('WeightedSet', 22001, 10.0, 0, null, 30, 2200);
INSERT INTO EXERCISE_SET_ENTITY (SET_TYPE, ID, NUMBER_OF_REPS, STATUS , WEIGHT , WEIGHT_KG, EXERCISE_ACTIVITY_ID) VALUES ('WeightedSet', 22002, 10.0, 0, null, 40, 2200);
INSERT INTO EXERCISE_SET_ENTITY (SET_TYPE, ID, NUMBER_OF_REPS, STATUS , WEIGHT , WEIGHT_KG, EXERCISE_ACTIVITY_ID) VALUES ('WeightedSet', 22003, 10.0, 0, null, 40, 2200);
INSERT INTO EXERCISE_SET_ENTITY (SET_TYPE, ID, NUMBER_OF_REPS, STATUS , WEIGHT , WEIGHT_KG, EXERCISE_ACTIVITY_ID) VALUES ('WeightedSet', 22004, 10.0, 0, null, 40, 2200);
INSERT INTO EXERCISE_ACTIVITY_ENTITY (ID, NOTES, EXERCISE_ID, WORKOUT_ID) VALUES (2201, '', SELECT ID FROM EXERCISE_ENTITY WHERE NAME = 'Pull Up', 22);
INSERT INTO EXERCISE_SET_ENTITY (SET_TYPE, ID, NUMBER_OF_REPS, STATUS , WEIGHT , WEIGHT_KG, EXERCISE_ACTIVITY_ID) VALUES ('NonWeightedSet', 22010, 5.0, 0, 'body', null, 2201);
INSERT INTO EXERCISE_SET_ENTITY (SET_TYPE, ID, NUMBER_OF_REPS, STATUS , WEIGHT , WEIGHT_KG, EXERCISE_ACTIVITY_ID) VALUES ('NonWeightedSet', 22011, 6.0, 0, 'body', null, 2201);
INSERT INTO EXERCISE_SET_ENTITY (SET_TYPE, ID, NUMBER_OF_REPS, STATUS , WEIGHT , WEIGHT_KG, EXERCISE_ACTIVITY_ID) VALUES ('NonWeightedSet', 22012, 6.0, 0, 'body', null, 2201);
INSERT INTO EXERCISE_SET_ENTITY (SET_TYPE, ID, NUMBER_OF_REPS, STATUS , WEIGHT , WEIGHT_KG, EXERCISE_ACTIVITY_ID) VALUES ('NonWeightedSet', 22013, 5.0, 0, 'body', null, 2201);
INSERT INTO EXERCISE_ACTIVITY_ENTITY (ID, NOTES, EXERCISE_ID, WORKOUT_ID) VALUES (2202, '', SELECT ID FROM EXERCISE_ENTITY WHERE NAME = 'Scapula Pulldowns', 22);
INSERT INTO EXERCISE_SET_ENTITY (SET_TYPE, ID, NUMBER_OF_REPS, STATUS , WEIGHT , WEIGHT_KG, EXERCISE_ACTIVITY_ID) VALUES ('NonWeightedSet', 22020, 10.0, 0, 'red band', null, 2202);
INSERT INTO EXERCISE_ACTIVITY_ENTITY (ID, NOTES, EXERCISE_ID, WORKOUT_ID) VALUES (2203, '', SELECT ID FROM EXERCISE_ENTITY WHERE NAME = 'Facepull', 22);
INSERT INTO EXERCISE_SET_ENTITY (SET_TYPE, ID, NUMBER_OF_REPS, STATUS , WEIGHT , WEIGHT_KG, EXERCISE_ACTIVITY_ID) VALUES ('NonWeightedSet', 22030, 10.0, 0, 'red band', null, 2203);
INSERT INTO EXERCISE_SET_ENTITY (SET_TYPE, ID, NUMBER_OF_REPS, STATUS , WEIGHT , WEIGHT_KG, EXERCISE_ACTIVITY_ID) VALUES ('NonWeightedSet', 22031, 10.0, 0, 'yellow band', null, 2203);
INSERT INTO EXERCISE_ACTIVITY_ENTITY (ID, NOTES, EXERCISE_ID, WORKOUT_ID) VALUES (2204, '', SELECT ID FROM EXERCISE_ENTITY WHERE NAME = 'Band Row', 22);
INSERT INTO EXERCISE_SET_ENTITY (SET_TYPE, ID, NUMBER_OF_REPS, STATUS , WEIGHT , WEIGHT_KG, EXERCISE_ACTIVITY_ID) VALUES ('NonWeightedSet', 22040, 10.0, 0, 'red band', null, 2204);
INSERT INTO EXERCISE_ACTIVITY_ENTITY (ID, NOTES, EXERCISE_ID, WORKOUT_ID) VALUES (2205, '', SELECT ID FROM EXERCISE_ENTITY WHERE NAME = 'Seated Row', 22);
INSERT INTO EXERCISE_SET_ENTITY (SET_TYPE, ID, NUMBER_OF_REPS, STATUS , WEIGHT , WEIGHT_KG, EXERCISE_ACTIVITY_ID) VALUES ('NonWeightedSet', 22050, 10.0, 0, 'red and yellow', null, 2205);
INSERT INTO EXERCISE_ACTIVITY_ENTITY (ID, NOTES, EXERCISE_ID, WORKOUT_ID) VALUES (2206, '', SELECT ID FROM EXERCISE_ENTITY WHERE NAME = 'Barbell Curl', 22);
INSERT INTO EXERCISE_SET_ENTITY (SET_TYPE, ID, NUMBER_OF_REPS, STATUS , WEIGHT , WEIGHT_KG, EXERCISE_ACTIVITY_ID) VALUES ('WeightedSet', 22060, 10.0, 0, null, 20, 2206);
INSERT INTO EXERCISE_SET_ENTITY (SET_TYPE, ID, NUMBER_OF_REPS, STATUS , WEIGHT , WEIGHT_KG, EXERCISE_ACTIVITY_ID) VALUES ('WeightedSet', 22061, 10.0, 0, null, 20, 2206);
INSERT INTO EXERCISE_SET_ENTITY (SET_TYPE, ID, NUMBER_OF_REPS, STATUS , WEIGHT , WEIGHT_KG, EXERCISE_ACTIVITY_ID) VALUES ('WeightedSet', 22062, 10.0, 0, null, 20, 2206);
INSERT INTO EXERCISE_ACTIVITY_ENTITY (ID, NOTES, EXERCISE_ID, WORKOUT_ID) VALUES (2207, '', SELECT ID FROM EXERCISE_ENTITY WHERE NAME = 'Dumbbell Curl', 22);
INSERT INTO EXERCISE_SET_ENTITY (SET_TYPE, ID, NUMBER_OF_REPS, STATUS , WEIGHT , WEIGHT_KG, EXERCISE_ACTIVITY_ID) VALUES ('WeightedSet', 22070, 10.0, 0, null, 7.5, 2207);
INSERT INTO EXERCISE_SET_ENTITY (SET_TYPE, ID, NUMBER_OF_REPS, STATUS , WEIGHT , WEIGHT_KG, EXERCISE_ACTIVITY_ID) VALUES ('WeightedSet', 22071, 10.0, 0, null, 7.5, 2207);
INSERT INTO EXERCISE_SET_ENTITY (SET_TYPE, ID, NUMBER_OF_REPS, STATUS , WEIGHT , WEIGHT_KG, EXERCISE_ACTIVITY_ID) VALUES ('WeightedSet', 22072, 10.0, 0, null, 7.5, 2207);
INSERT INTO EXERCISE_ACTIVITY_ENTITY (ID, NOTES, EXERCISE_ID, WORKOUT_ID) VALUES (2208, '', SELECT ID FROM EXERCISE_ENTITY WHERE NAME = 'Hanging Leg Raise', 22);
INSERT INTO EXERCISE_SET_ENTITY (SET_TYPE, ID, NUMBER_OF_REPS, STATUS , WEIGHT , WEIGHT_KG, EXERCISE_ACTIVITY_ID) VALUES ('NonWeightedSet', 22080, 5.0, 0, 'body', null, 2208);
INSERT INTO EXERCISE_SET_ENTITY (SET_TYPE, ID, NUMBER_OF_REPS, STATUS , WEIGHT , WEIGHT_KG, EXERCISE_ACTIVITY_ID) VALUES ('NonWeightedSet', 22081, 5.0, 0, 'body', null, 2208);
INSERT INTO EXERCISE_ACTIVITY_ENTITY (ID, NOTES, EXERCISE_ID, WORKOUT_ID) VALUES (2209, '', SELECT ID FROM EXERCISE_ENTITY WHERE NAME = 'Lying Leg Raise', 22);
INSERT INTO EXERCISE_SET_ENTITY (SET_TYPE, ID, NUMBER_OF_REPS, STATUS , WEIGHT , WEIGHT_KG, EXERCISE_ACTIVITY_ID) VALUES ('NonWeightedSet', 22090, 10.0, 0, 'body', null, 2209);
INSERT INTO EXERCISE_SET_ENTITY (SET_TYPE, ID, NUMBER_OF_REPS, STATUS , WEIGHT , WEIGHT_KG, EXERCISE_ACTIVITY_ID) VALUES ('NonWeightedSet', 22091, 10.0, 0, 'body', null, 2209);
INSERT INTO WORKOUT_ENTITY (ID, NOTES, PERFORMED_AT_TIMESTAMP_UTC, WORKOUT_TYPE) VALUES (23, 'Notes', '2019-09-13 15:45:00', 'PUSH');
INSERT INTO EXERCISE_ACTIVITY_ENTITY (ID, NOTES, EXERCISE_ID, WORKOUT_ID) VALUES (2300, '', SELECT ID FROM EXERCISE_ENTITY WHERE NAME = 'Bench Press', 23);
INSERT INTO EXERCISE_SET_ENTITY (SET_TYPE, ID, NUMBER_OF_REPS, STATUS , WEIGHT , WEIGHT_KG, EXERCISE_ACTIVITY_ID) VALUES ('WeightedSet', 23000, 9.0, 0, null, 20, 2300);
INSERT INTO EXERCISE_SET_ENTITY (SET_TYPE, ID, NUMBER_OF_REPS, STATUS , WEIGHT , WEIGHT_KG, EXERCISE_ACTIVITY_ID) VALUES ('WeightedSet', 23001, 8.0, 0, null, 40, 2300);
INSERT INTO EXERCISE_SET_ENTITY (SET_TYPE, ID, NUMBER_OF_REPS, STATUS , WEIGHT , WEIGHT_KG, EXERCISE_ACTIVITY_ID) VALUES ('WeightedSet', 23002, 8.0, 0, null, 50, 2300);
INSERT INTO EXERCISE_SET_ENTITY (SET_TYPE, ID, NUMBER_OF_REPS, STATUS , WEIGHT , WEIGHT_KG, EXERCISE_ACTIVITY_ID) VALUES ('WeightedSet', 23003, 8.0, 0, null, 50, 2300);
INSERT INTO EXERCISE_SET_ENTITY (SET_TYPE, ID, NUMBER_OF_REPS, STATUS , WEIGHT , WEIGHT_KG, EXERCISE_ACTIVITY_ID) VALUES ('WeightedSet', 23004, 6.0, 1, null, 50, 2300);
INSERT INTO EXERCISE_ACTIVITY_ENTITY (ID, NOTES, EXERCISE_ID, WORKOUT_ID) VALUES (2301, '', SELECT ID FROM EXERCISE_ENTITY WHERE NAME = 'Overhead Press', 23);
INSERT INTO EXERCISE_SET_ENTITY (SET_TYPE, ID, NUMBER_OF_REPS, STATUS , WEIGHT , WEIGHT_KG, EXERCISE_ACTIVITY_ID) VALUES ('WeightedSet', 23010, 5.0, 0, null, 20, 2301);
INSERT INTO EXERCISE_SET_ENTITY (SET_TYPE, ID, NUMBER_OF_REPS, STATUS , WEIGHT , WEIGHT_KG, EXERCISE_ACTIVITY_ID) VALUES ('WeightedSet', 23011, 5.0, 0, null, 35, 2301);
INSERT INTO EXERCISE_SET_ENTITY (SET_TYPE, ID, NUMBER_OF_REPS, STATUS , WEIGHT , WEIGHT_KG, EXERCISE_ACTIVITY_ID) VALUES ('WeightedSet', 23012, 5.0, 0, null, 35, 2301);
INSERT INTO EXERCISE_SET_ENTITY (SET_TYPE, ID, NUMBER_OF_REPS, STATUS , WEIGHT , WEIGHT_KG, EXERCISE_ACTIVITY_ID) VALUES ('WeightedSet', 23013, 5.0, 0, null, 35, 2301);
INSERT INTO EXERCISE_SET_ENTITY (SET_TYPE, ID, NUMBER_OF_REPS, STATUS , WEIGHT , WEIGHT_KG, EXERCISE_ACTIVITY_ID) VALUES ('WeightedSet', 23014, 5.0, 0, null, 35, 2301);
INSERT INTO EXERCISE_SET_ENTITY (SET_TYPE, ID, NUMBER_OF_REPS, STATUS , WEIGHT , WEIGHT_KG, EXERCISE_ACTIVITY_ID) VALUES ('WeightedSet', 23015, 4.0, 1, null, 35, 2301);
INSERT INTO EXERCISE_ACTIVITY_ENTITY (ID, NOTES, EXERCISE_ID, WORKOUT_ID) VALUES (2302, '', SELECT ID FROM EXERCISE_ENTITY WHERE NAME = 'Close Grip Bench Press', 23);
INSERT INTO EXERCISE_SET_ENTITY (SET_TYPE, ID, NUMBER_OF_REPS, STATUS , WEIGHT , WEIGHT_KG, EXERCISE_ACTIVITY_ID) VALUES ('WeightedSet', 23020, 8.0, 0, null, 20, 2302);
INSERT INTO EXERCISE_SET_ENTITY (SET_TYPE, ID, NUMBER_OF_REPS, STATUS , WEIGHT , WEIGHT_KG, EXERCISE_ACTIVITY_ID) VALUES ('WeightedSet', 23021, 8.0, 0, null, 20, 2302);
INSERT INTO EXERCISE_SET_ENTITY (SET_TYPE, ID, NUMBER_OF_REPS, STATUS , WEIGHT , WEIGHT_KG, EXERCISE_ACTIVITY_ID) VALUES ('WeightedSet', 23022, 8.0, 0, null, 20, 2302);
INSERT INTO EXERCISE_ACTIVITY_ENTITY (ID, NOTES, EXERCISE_ID, WORKOUT_ID) VALUES (2303, '', SELECT ID FROM EXERCISE_ENTITY WHERE NAME = 'Tricep Kickback', 23);
INSERT INTO EXERCISE_SET_ENTITY (SET_TYPE, ID, NUMBER_OF_REPS, STATUS , WEIGHT , WEIGHT_KG, EXERCISE_ACTIVITY_ID) VALUES ('WeightedSet', 23030, 10.0, 0, null, 5, 2303);
INSERT INTO EXERCISE_SET_ENTITY (SET_TYPE, ID, NUMBER_OF_REPS, STATUS , WEIGHT , WEIGHT_KG, EXERCISE_ACTIVITY_ID) VALUES ('WeightedSet', 23031, 10.0, 0, null, 5, 2303);
INSERT INTO EXERCISE_ACTIVITY_ENTITY (ID, NOTES, EXERCISE_ID, WORKOUT_ID) VALUES (2304, '', SELECT ID FROM EXERCISE_ENTITY WHERE NAME = 'Cable Fly (Low)', 23);
INSERT INTO EXERCISE_SET_ENTITY (SET_TYPE, ID, NUMBER_OF_REPS, STATUS , WEIGHT , WEIGHT_KG, EXERCISE_ACTIVITY_ID) VALUES ('NonWeightedSet', 23040, 10.0, 0, 'yellow', null, 2304);
INSERT INTO EXERCISE_SET_ENTITY (SET_TYPE, ID, NUMBER_OF_REPS, STATUS , WEIGHT , WEIGHT_KG, EXERCISE_ACTIVITY_ID) VALUES ('NonWeightedSet', 23041, 10.0, 0, 'yellow', null, 2304);
INSERT INTO EXERCISE_SET_ENTITY (SET_TYPE, ID, NUMBER_OF_REPS, STATUS , WEIGHT , WEIGHT_KG, EXERCISE_ACTIVITY_ID) VALUES ('NonWeightedSet', 23042, 10.0, 0, 'yellow', null, 2304);
INSERT INTO EXERCISE_ACTIVITY_ENTITY (ID, NOTES, EXERCISE_ID, WORKOUT_ID) VALUES (2305, '', SELECT ID FROM EXERCISE_ENTITY WHERE NAME = 'Skullcrusher', 23);
INSERT INTO EXERCISE_SET_ENTITY (SET_TYPE, ID, NUMBER_OF_REPS, STATUS , WEIGHT , WEIGHT_KG, EXERCISE_ACTIVITY_ID) VALUES ('WeightedSet', 23050, 10.0, 0, null, 7.5, 2305);
INSERT INTO WORKOUT_ENTITY (ID, NOTES, PERFORMED_AT_TIMESTAMP_UTC, WORKOUT_TYPE) VALUES (24, 'Notes', '2019-09-17 15:40:00', 'PULL');
INSERT INTO EXERCISE_ACTIVITY_ENTITY (ID, NOTES, EXERCISE_ID, WORKOUT_ID) VALUES (2400, '', SELECT ID FROM EXERCISE_ENTITY WHERE NAME = 'Deadlift', 24);
INSERT INTO EXERCISE_SET_ENTITY (SET_TYPE, ID, NUMBER_OF_REPS, STATUS , WEIGHT , WEIGHT_KG, EXERCISE_ACTIVITY_ID) VALUES ('WeightedSet', 24000, 5.0, 0, null, 20, 2400);
INSERT INTO EXERCISE_SET_ENTITY (SET_TYPE, ID, NUMBER_OF_REPS, STATUS , WEIGHT , WEIGHT_KG, EXERCISE_ACTIVITY_ID) VALUES ('WeightedSet', 24001, 5.0, 0, null, 60, 2400);
INSERT INTO EXERCISE_SET_ENTITY (SET_TYPE, ID, NUMBER_OF_REPS, STATUS , WEIGHT , WEIGHT_KG, EXERCISE_ACTIVITY_ID) VALUES ('WeightedSet', 24002, 2.0, 0, null, 90, 2400);
INSERT INTO EXERCISE_SET_ENTITY (SET_TYPE, ID, NUMBER_OF_REPS, STATUS , WEIGHT , WEIGHT_KG, EXERCISE_ACTIVITY_ID) VALUES ('WeightedSet', 24003, 2.0, 0, null, 110, 2400);
INSERT INTO EXERCISE_SET_ENTITY (SET_TYPE, ID, NUMBER_OF_REPS, STATUS , WEIGHT , WEIGHT_KG, EXERCISE_ACTIVITY_ID) VALUES ('WeightedSet', 24004, 1.0, 0, null, 120, 2400);
INSERT INTO EXERCISE_SET_ENTITY (SET_TYPE, ID, NUMBER_OF_REPS, STATUS , WEIGHT , WEIGHT_KG, EXERCISE_ACTIVITY_ID) VALUES ('WeightedSet', 24005, 5.0, 0, null, 127.5, 2400);
INSERT INTO EXERCISE_ACTIVITY_ENTITY (ID, NOTES, EXERCISE_ID, WORKOUT_ID) VALUES (2401, '', SELECT ID FROM EXERCISE_ENTITY WHERE NAME = 'Pull Up', 24);
INSERT INTO EXERCISE_SET_ENTITY (SET_TYPE, ID, NUMBER_OF_REPS, STATUS , WEIGHT , WEIGHT_KG, EXERCISE_ACTIVITY_ID) VALUES ('NonWeightedSet', 24010, 5.0, 0, 'body', null, 2401);
INSERT INTO EXERCISE_SET_ENTITY (SET_TYPE, ID, NUMBER_OF_REPS, STATUS , WEIGHT , WEIGHT_KG, EXERCISE_ACTIVITY_ID) VALUES ('NonWeightedSet', 24011, 5.0, 0, 'body', null, 2401);
INSERT INTO EXERCISE_SET_ENTITY (SET_TYPE, ID, NUMBER_OF_REPS, STATUS , WEIGHT , WEIGHT_KG, EXERCISE_ACTIVITY_ID) VALUES ('NonWeightedSet', 24012, 5.0, 0, 'body', null, 2401);
INSERT INTO EXERCISE_SET_ENTITY (SET_TYPE, ID, NUMBER_OF_REPS, STATUS , WEIGHT , WEIGHT_KG, EXERCISE_ACTIVITY_ID) VALUES ('NonWeightedSet', 24013, 5.0, 0, 'body', null, 2401);
INSERT INTO EXERCISE_ACTIVITY_ENTITY (ID, NOTES, EXERCISE_ID, WORKOUT_ID) VALUES (2402, '', SELECT ID FROM EXERCISE_ENTITY WHERE NAME = 'Inverted Row', 24);
INSERT INTO EXERCISE_SET_ENTITY (SET_TYPE, ID, NUMBER_OF_REPS, STATUS , WEIGHT , WEIGHT_KG, EXERCISE_ACTIVITY_ID) VALUES ('NonWeightedSet', 24020, 10.0, 0, 'body', null, 2402);
INSERT INTO EXERCISE_SET_ENTITY (SET_TYPE, ID, NUMBER_OF_REPS, STATUS , WEIGHT , WEIGHT_KG, EXERCISE_ACTIVITY_ID) VALUES ('NonWeightedSet', 24021, 10.0, 0, 'body', null, 2402);
INSERT INTO EXERCISE_SET_ENTITY (SET_TYPE, ID, NUMBER_OF_REPS, STATUS , WEIGHT , WEIGHT_KG, EXERCISE_ACTIVITY_ID) VALUES ('NonWeightedSet', 24022, 10.0, 0, 'body', null, 2402);
INSERT INTO EXERCISE_SET_ENTITY (SET_TYPE, ID, NUMBER_OF_REPS, STATUS , WEIGHT , WEIGHT_KG, EXERCISE_ACTIVITY_ID) VALUES ('NonWeightedSet', 24023, 5.0, 0, 'body', null, 2402);
INSERT INTO EXERCISE_ACTIVITY_ENTITY (ID, NOTES, EXERCISE_ID, WORKOUT_ID) VALUES (2403, '', SELECT ID FROM EXERCISE_ENTITY WHERE NAME = 'Barbell Curl', 24);
INSERT INTO EXERCISE_SET_ENTITY (SET_TYPE, ID, NUMBER_OF_REPS, STATUS , WEIGHT , WEIGHT_KG, EXERCISE_ACTIVITY_ID) VALUES ('WeightedSet', 24030, 10.0, 0, null, 20, 2403);
INSERT INTO EXERCISE_SET_ENTITY (SET_TYPE, ID, NUMBER_OF_REPS, STATUS , WEIGHT , WEIGHT_KG, EXERCISE_ACTIVITY_ID) VALUES ('WeightedSet', 24031, 10.0, 0, null, 20, 2403);
INSERT INTO EXERCISE_SET_ENTITY (SET_TYPE, ID, NUMBER_OF_REPS, STATUS , WEIGHT , WEIGHT_KG, EXERCISE_ACTIVITY_ID) VALUES ('WeightedSet', 24032, 10.0, 0, null, 20, 2403);
INSERT INTO EXERCISE_ACTIVITY_ENTITY (ID, NOTES, EXERCISE_ID, WORKOUT_ID) VALUES (2404, '', SELECT ID FROM EXERCISE_ENTITY WHERE NAME = 'Incline Dumbbell Curl', 24);
INSERT INTO EXERCISE_SET_ENTITY (SET_TYPE, ID, NUMBER_OF_REPS, STATUS , WEIGHT , WEIGHT_KG, EXERCISE_ACTIVITY_ID) VALUES ('WeightedSet', 24040, 7.0, 1, null, 7.5, 2404);
INSERT INTO EXERCISE_SET_ENTITY (SET_TYPE, ID, NUMBER_OF_REPS, STATUS , WEIGHT , WEIGHT_KG, EXERCISE_ACTIVITY_ID) VALUES ('WeightedSet', 24041, 8.0, 0, null, 7.5, 2404);
INSERT INTO EXERCISE_ACTIVITY_ENTITY (ID, NOTES, EXERCISE_ID, WORKOUT_ID) VALUES (2405, '', SELECT ID FROM EXERCISE_ENTITY WHERE NAME = 'Hanging Leg Raise', 24);
INSERT INTO EXERCISE_SET_ENTITY (SET_TYPE, ID, NUMBER_OF_REPS, STATUS , WEIGHT , WEIGHT_KG, EXERCISE_ACTIVITY_ID) VALUES ('NonWeightedSet', 24050, 10.0, 0, 'body', null, 2405);
INSERT INTO EXERCISE_SET_ENTITY (SET_TYPE, ID, NUMBER_OF_REPS, STATUS , WEIGHT , WEIGHT_KG, EXERCISE_ACTIVITY_ID) VALUES ('NonWeightedSet', 24051, 10.0, 0, 'body', null, 2405);
INSERT INTO EXERCISE_ACTIVITY_ENTITY (ID, NOTES, EXERCISE_ID, WORKOUT_ID) VALUES (2406, '', SELECT ID FROM EXERCISE_ENTITY WHERE NAME = 'Lying Leg Raise', 24);
INSERT INTO EXERCISE_SET_ENTITY (SET_TYPE, ID, NUMBER_OF_REPS, STATUS , WEIGHT , WEIGHT_KG, EXERCISE_ACTIVITY_ID) VALUES ('NonWeightedSet', 24060, 10.0, 0, 'body', null, 2406);
INSERT INTO EXERCISE_SET_ENTITY (SET_TYPE, ID, NUMBER_OF_REPS, STATUS , WEIGHT , WEIGHT_KG, EXERCISE_ACTIVITY_ID) VALUES ('NonWeightedSet', 24061, 10.0, 0, 'body', null, 2406);
INSERT INTO EXERCISE_ACTIVITY_ENTITY (ID, NOTES, EXERCISE_ID, WORKOUT_ID) VALUES (2407, '', SELECT ID FROM EXERCISE_ENTITY WHERE NAME = 'Plank', 24);
INSERT INTO EXERCISE_SET_ENTITY (SET_TYPE, ID, NUMBER_OF_REPS, STATUS , WEIGHT , WEIGHT_KG, EXERCISE_ACTIVITY_ID) VALUES ('NonWeightedSet', 24070, 1, 0, '50 seconds', null, 2407);
INSERT INTO EXERCISE_SET_ENTITY (SET_TYPE, ID, NUMBER_OF_REPS, STATUS , WEIGHT , WEIGHT_KG, EXERCISE_ACTIVITY_ID) VALUES ('NonWeightedSet', 24071, 1, 0, '50 seconds', null, 2407);
INSERT INTO EXERCISE_ACTIVITY_ENTITY (ID, NOTES, EXERCISE_ID, WORKOUT_ID) VALUES (2408, '', SELECT ID FROM EXERCISE_ENTITY WHERE NAME = 'Cable Crunch', 24);
INSERT INTO EXERCISE_SET_ENTITY (SET_TYPE, ID, NUMBER_OF_REPS, STATUS , WEIGHT , WEIGHT_KG, EXERCISE_ACTIVITY_ID) VALUES ('NonWeightedSet', 24080, 10.0, 0, 'red band', null, 2408);
INSERT INTO EXERCISE_SET_ENTITY (SET_TYPE, ID, NUMBER_OF_REPS, STATUS , WEIGHT , WEIGHT_KG, EXERCISE_ACTIVITY_ID) VALUES ('NonWeightedSet', 24081, 5.0, 0, 'red band', null, 2408);
INSERT INTO EXERCISE_ACTIVITY_ENTITY (ID, NOTES, EXERCISE_ID, WORKOUT_ID) VALUES (2409, '', SELECT ID FROM EXERCISE_ENTITY WHERE NAME = 'Facepull', 24);
INSERT INTO EXERCISE_SET_ENTITY (SET_TYPE, ID, NUMBER_OF_REPS, STATUS , WEIGHT , WEIGHT_KG, EXERCISE_ACTIVITY_ID) VALUES ('NonWeightedSet', 24090, 20.0, 0, 'yellow band', null, 2409);
INSERT INTO EXERCISE_ACTIVITY_ENTITY (ID, NOTES, EXERCISE_ID, WORKOUT_ID) VALUES (2410, '', SELECT ID FROM EXERCISE_ENTITY WHERE NAME = 'Trap Raise', 24);
INSERT INTO EXERCISE_SET_ENTITY (SET_TYPE, ID, NUMBER_OF_REPS, STATUS , WEIGHT , WEIGHT_KG, EXERCISE_ACTIVITY_ID) VALUES ('NonWeightedSet', 24100, 10.0, 0, 'yellow band', null, 2410);
INSERT INTO EXERCISE_SET_ENTITY (SET_TYPE, ID, NUMBER_OF_REPS, STATUS , WEIGHT , WEIGHT_KG, EXERCISE_ACTIVITY_ID) VALUES ('NonWeightedSet', 24101, 10.0, 0, 'yellow band', null, 2410);
INSERT INTO WORKOUT_ENTITY (ID, NOTES, PERFORMED_AT_TIMESTAMP_UTC, WORKOUT_TYPE) VALUES (25, 'Notes', '2019-09-18 15:45:00', 'PUSH');
INSERT INTO EXERCISE_ACTIVITY_ENTITY (ID, NOTES, EXERCISE_ID, WORKOUT_ID) VALUES (2500, '', SELECT ID FROM EXERCISE_ENTITY WHERE NAME = 'Bench Press', 25);
INSERT INTO EXERCISE_SET_ENTITY (SET_TYPE, ID, NUMBER_OF_REPS, STATUS , WEIGHT , WEIGHT_KG, EXERCISE_ACTIVITY_ID) VALUES ('WeightedSet', 25000, 8.0, 0, null, 20, 2500);
INSERT INTO EXERCISE_SET_ENTITY (SET_TYPE, ID, NUMBER_OF_REPS, STATUS , WEIGHT , WEIGHT_KG, EXERCISE_ACTIVITY_ID) VALUES ('WeightedSet', 25001, 5.0, 0, null, 40, 2500);
INSERT INTO EXERCISE_SET_ENTITY (SET_TYPE, ID, NUMBER_OF_REPS, STATUS , WEIGHT , WEIGHT_KG, EXERCISE_ACTIVITY_ID) VALUES ('WeightedSet', 25002, 2.0, 0, null, 50, 2500);
INSERT INTO EXERCISE_SET_ENTITY (SET_TYPE, ID, NUMBER_OF_REPS, STATUS , WEIGHT , WEIGHT_KG, EXERCISE_ACTIVITY_ID) VALUES ('WeightedSet', 25003, 5.0, 0, null, 55, 2500);
INSERT INTO EXERCISE_SET_ENTITY (SET_TYPE, ID, NUMBER_OF_REPS, STATUS , WEIGHT , WEIGHT_KG, EXERCISE_ACTIVITY_ID) VALUES ('WeightedSet', 25004, 5.0, 0, null, 55, 2500);
INSERT INTO EXERCISE_SET_ENTITY (SET_TYPE, ID, NUMBER_OF_REPS, STATUS , WEIGHT , WEIGHT_KG, EXERCISE_ACTIVITY_ID) VALUES ('WeightedSet', 25005, 5.0, 0, null, 55, 2500);
INSERT INTO EXERCISE_SET_ENTITY (SET_TYPE, ID, NUMBER_OF_REPS, STATUS , WEIGHT , WEIGHT_KG, EXERCISE_ACTIVITY_ID) VALUES ('WeightedSet', 25006, 5.0, 0, null, 55, 2500);
INSERT INTO EXERCISE_SET_ENTITY (SET_TYPE, ID, NUMBER_OF_REPS, STATUS , WEIGHT , WEIGHT_KG, EXERCISE_ACTIVITY_ID) VALUES ('WeightedSet', 25007, 7.0, 0, null, 55, 2500);
INSERT INTO EXERCISE_ACTIVITY_ENTITY (ID, NOTES, EXERCISE_ID, WORKOUT_ID) VALUES (2501, '', SELECT ID FROM EXERCISE_ENTITY WHERE NAME = 'Overhead Press', 25);
INSERT INTO EXERCISE_SET_ENTITY (SET_TYPE, ID, NUMBER_OF_REPS, STATUS , WEIGHT , WEIGHT_KG, EXERCISE_ACTIVITY_ID) VALUES ('WeightedSet', 25010, 8.0, 0, null, 20, 2501);
INSERT INTO EXERCISE_SET_ENTITY (SET_TYPE, ID, NUMBER_OF_REPS, STATUS , WEIGHT , WEIGHT_KG, EXERCISE_ACTIVITY_ID) VALUES ('WeightedSet', 25011, 8.0, 0, null, 32.5, 2501);
INSERT INTO EXERCISE_SET_ENTITY (SET_TYPE, ID, NUMBER_OF_REPS, STATUS , WEIGHT , WEIGHT_KG, EXERCISE_ACTIVITY_ID) VALUES ('WeightedSet', 25012, 8.0, 0, null, 32.5, 2501);
INSERT INTO EXERCISE_SET_ENTITY (SET_TYPE, ID, NUMBER_OF_REPS, STATUS , WEIGHT , WEIGHT_KG, EXERCISE_ACTIVITY_ID) VALUES ('WeightedSet', 25013, 7.0, 1, null, 32.5, 2501);
INSERT INTO EXERCISE_ACTIVITY_ENTITY (ID, NOTES, EXERCISE_ID, WORKOUT_ID) VALUES (2502, '', SELECT ID FROM EXERCISE_ENTITY WHERE NAME = 'Incline Bench Press', 25);
INSERT INTO EXERCISE_SET_ENTITY (SET_TYPE, ID, NUMBER_OF_REPS, STATUS , WEIGHT , WEIGHT_KG, EXERCISE_ACTIVITY_ID) VALUES ('WeightedSet', 25020, 8.0, 0, null, 32.5, 2502);
INSERT INTO EXERCISE_SET_ENTITY (SET_TYPE, ID, NUMBER_OF_REPS, STATUS , WEIGHT , WEIGHT_KG, EXERCISE_ACTIVITY_ID) VALUES ('WeightedSet', 25021, 8.0, 0, null, 32.5, 2502);
INSERT INTO EXERCISE_SET_ENTITY (SET_TYPE, ID, NUMBER_OF_REPS, STATUS , WEIGHT , WEIGHT_KG, EXERCISE_ACTIVITY_ID) VALUES ('WeightedSet', 25022, 8.0, 0, null, 32.5, 2502);
INSERT INTO EXERCISE_ACTIVITY_ENTITY (ID, NOTES, EXERCISE_ID, WORKOUT_ID) VALUES (2503, '', SELECT ID FROM EXERCISE_ENTITY WHERE NAME = 'Reverse Bench Press', 25);
INSERT INTO EXERCISE_SET_ENTITY (SET_TYPE, ID, NUMBER_OF_REPS, STATUS , WEIGHT , WEIGHT_KG, EXERCISE_ACTIVITY_ID) VALUES ('WeightedSet', 25030, 8.0, 0, null, 32.5, 2503);
INSERT INTO EXERCISE_SET_ENTITY (SET_TYPE, ID, NUMBER_OF_REPS, STATUS , WEIGHT , WEIGHT_KG, EXERCISE_ACTIVITY_ID) VALUES ('WeightedSet', 25031, 8.0, 0, null, 32.5, 2503);
INSERT INTO EXERCISE_SET_ENTITY (SET_TYPE, ID, NUMBER_OF_REPS, STATUS , WEIGHT , WEIGHT_KG, EXERCISE_ACTIVITY_ID) VALUES ('WeightedSet', 25032, 8.0, 0, null, 32.5, 2503);
INSERT INTO EXERCISE_ACTIVITY_ENTITY (ID, NOTES, EXERCISE_ID, WORKOUT_ID) VALUES (2504, '', SELECT ID FROM EXERCISE_ENTITY WHERE NAME = 'Lateral Raise', 25);
INSERT INTO EXERCISE_SET_ENTITY (SET_TYPE, ID, NUMBER_OF_REPS, STATUS , WEIGHT , WEIGHT_KG, EXERCISE_ACTIVITY_ID) VALUES ('WeightedSet', 25040, 15.0, 0, null, 2.5, 2504);
INSERT INTO EXERCISE_SET_ENTITY (SET_TYPE, ID, NUMBER_OF_REPS, STATUS , WEIGHT , WEIGHT_KG, EXERCISE_ACTIVITY_ID) VALUES ('WeightedSet', 25041, 15.0, 0, null, 2.5, 2504);
INSERT INTO EXERCISE_SET_ENTITY (SET_TYPE, ID, NUMBER_OF_REPS, STATUS , WEIGHT , WEIGHT_KG, EXERCISE_ACTIVITY_ID) VALUES ('WeightedSet', 25042, 8.0, 1, null, 2.5, 2504);
INSERT INTO EXERCISE_SET_ENTITY (SET_TYPE, ID, NUMBER_OF_REPS, STATUS , WEIGHT , WEIGHT_KG, EXERCISE_ACTIVITY_ID) VALUES ('WeightedSet', 25043, 15.0, 0, null, 2.5, 2504);
INSERT INTO EXERCISE_ACTIVITY_ENTITY (ID, NOTES, EXERCISE_ID, WORKOUT_ID) VALUES (2505, '', SELECT ID FROM EXERCISE_ENTITY WHERE NAME = 'Close Grip Bench Press', 25);
INSERT INTO EXERCISE_SET_ENTITY (SET_TYPE, ID, NUMBER_OF_REPS, STATUS , WEIGHT , WEIGHT_KG, EXERCISE_ACTIVITY_ID) VALUES ('WeightedSet', 25050, 8.0, 0, null, 32.5, 2505);
INSERT INTO EXERCISE_SET_ENTITY (SET_TYPE, ID, NUMBER_OF_REPS, STATUS , WEIGHT , WEIGHT_KG, EXERCISE_ACTIVITY_ID) VALUES ('WeightedSet', 25051, 3.0, 1, null, 30, 2505);
INSERT INTO EXERCISE_SET_ENTITY (SET_TYPE, ID, NUMBER_OF_REPS, STATUS , WEIGHT , WEIGHT_KG, EXERCISE_ACTIVITY_ID) VALUES ('WeightedSet', 25052, 4.0, 1, null, 20, 2505);
INSERT INTO EXERCISE_ACTIVITY_ENTITY (ID, NOTES, EXERCISE_ID, WORKOUT_ID) VALUES (2506, '', SELECT ID FROM EXERCISE_ENTITY WHERE NAME = 'Tricep Pushdown', 25);
INSERT INTO EXERCISE_SET_ENTITY (SET_TYPE, ID, NUMBER_OF_REPS, STATUS , WEIGHT , WEIGHT_KG, EXERCISE_ACTIVITY_ID) VALUES ('NonWeightedSet', 25060, 10.0, 0, 'red band', null, 2506);
INSERT INTO EXERCISE_ACTIVITY_ENTITY (ID, NOTES, EXERCISE_ID, WORKOUT_ID) VALUES (2507, '', SELECT ID FROM EXERCISE_ENTITY WHERE NAME = 'Tricep Kickback', 25);
INSERT INTO EXERCISE_SET_ENTITY (SET_TYPE, ID, NUMBER_OF_REPS, STATUS , WEIGHT , WEIGHT_KG, EXERCISE_ACTIVITY_ID) VALUES ('WeightedSet', 25070, 10.0, 0, null, 5, 2507);
INSERT INTO WORKOUT_ENTITY (ID, NOTES, PERFORMED_AT_TIMESTAMP_UTC, WORKOUT_TYPE) VALUES (26, 'Notes', '2019-09-19 15:40:00', 'LEGS');
INSERT INTO EXERCISE_ACTIVITY_ENTITY (ID, NOTES, EXERCISE_ID, WORKOUT_ID) VALUES (2600, '', SELECT ID FROM EXERCISE_ENTITY WHERE NAME = 'Squat', 26);
INSERT INTO EXERCISE_SET_ENTITY (SET_TYPE, ID, NUMBER_OF_REPS, STATUS , WEIGHT , WEIGHT_KG, EXERCISE_ACTIVITY_ID) VALUES ('NonWeightedSet', 26000, 10.0, 0, 'body', null, 2600);
INSERT INTO EXERCISE_SET_ENTITY (SET_TYPE, ID, NUMBER_OF_REPS, STATUS , WEIGHT , WEIGHT_KG, EXERCISE_ACTIVITY_ID) VALUES ('WeightedSet', 26001, 6.0, 0, null, 20, 2600);
INSERT INTO EXERCISE_SET_ENTITY (SET_TYPE, ID, NUMBER_OF_REPS, STATUS , WEIGHT , WEIGHT_KG, EXERCISE_ACTIVITY_ID) VALUES ('WeightedSet', 26002, 5.0, 0, null, 40, 2600);
INSERT INTO EXERCISE_SET_ENTITY (SET_TYPE, ID, NUMBER_OF_REPS, STATUS , WEIGHT , WEIGHT_KG, EXERCISE_ACTIVITY_ID) VALUES ('WeightedSet', 26003, 2.0, 0, null, 60, 2600);
INSERT INTO EXERCISE_SET_ENTITY (SET_TYPE, ID, NUMBER_OF_REPS, STATUS , WEIGHT , WEIGHT_KG, EXERCISE_ACTIVITY_ID) VALUES ('WeightedSet', 26004, 2.0, 0, null, 70, 2600);
INSERT INTO EXERCISE_SET_ENTITY (SET_TYPE, ID, NUMBER_OF_REPS, STATUS , WEIGHT , WEIGHT_KG, EXERCISE_ACTIVITY_ID) VALUES ('WeightedSet', 26005, 5.0, 0, null, 77.5, 2600);
INSERT INTO EXERCISE_SET_ENTITY (SET_TYPE, ID, NUMBER_OF_REPS, STATUS , WEIGHT , WEIGHT_KG, EXERCISE_ACTIVITY_ID) VALUES ('WeightedSet', 26006, 5.0, 0, null, 77.5, 2600);
INSERT INTO EXERCISE_SET_ENTITY (SET_TYPE, ID, NUMBER_OF_REPS, STATUS , WEIGHT , WEIGHT_KG, EXERCISE_ACTIVITY_ID) VALUES ('WeightedSet', 26007, 5.0, 0, null, 77.5, 2600);
INSERT INTO EXERCISE_SET_ENTITY (SET_TYPE, ID, NUMBER_OF_REPS, STATUS , WEIGHT , WEIGHT_KG, EXERCISE_ACTIVITY_ID) VALUES ('WeightedSet', 26008, 5.0, 0, null, 77.5, 2600);
INSERT INTO EXERCISE_SET_ENTITY (SET_TYPE, ID, NUMBER_OF_REPS, STATUS , WEIGHT , WEIGHT_KG, EXERCISE_ACTIVITY_ID) VALUES ('WeightedSet', 26009, 5.0, 0, null, 77.5, 2600);
INSERT INTO EXERCISE_ACTIVITY_ENTITY (ID, NOTES, EXERCISE_ID, WORKOUT_ID) VALUES (2601, '', SELECT ID FROM EXERCISE_ENTITY WHERE NAME = 'Romanian Deadlift', 26);
INSERT INTO EXERCISE_SET_ENTITY (SET_TYPE, ID, NUMBER_OF_REPS, STATUS , WEIGHT , WEIGHT_KG, EXERCISE_ACTIVITY_ID) VALUES ('WeightedSet', 26010, 8.0, 0, null, 20, 2601);
INSERT INTO EXERCISE_SET_ENTITY (SET_TYPE, ID, NUMBER_OF_REPS, STATUS , WEIGHT , WEIGHT_KG, EXERCISE_ACTIVITY_ID) VALUES ('WeightedSet', 26011, 8.0, 0, null, 40, 2601);
INSERT INTO EXERCISE_SET_ENTITY (SET_TYPE, ID, NUMBER_OF_REPS, STATUS , WEIGHT , WEIGHT_KG, EXERCISE_ACTIVITY_ID) VALUES ('WeightedSet', 26012, 8.0, 0, null, 40, 2601);
INSERT INTO EXERCISE_SET_ENTITY (SET_TYPE, ID, NUMBER_OF_REPS, STATUS , WEIGHT , WEIGHT_KG, EXERCISE_ACTIVITY_ID) VALUES ('WeightedSet', 26013, 8.0, 0, null, 40, 2601);
INSERT INTO EXERCISE_ACTIVITY_ENTITY (ID, NOTES, EXERCISE_ID, WORKOUT_ID) VALUES (2602, '', SELECT ID FROM EXERCISE_ENTITY WHERE NAME = 'Kettlebell Swing', 26);
INSERT INTO EXERCISE_SET_ENTITY (SET_TYPE, ID, NUMBER_OF_REPS, STATUS , WEIGHT , WEIGHT_KG, EXERCISE_ACTIVITY_ID) VALUES ('WeightedSet', 26020, 20.0, 0, null, 10, 2602);
INSERT INTO EXERCISE_SET_ENTITY (SET_TYPE, ID, NUMBER_OF_REPS, STATUS , WEIGHT , WEIGHT_KG, EXERCISE_ACTIVITY_ID) VALUES ('WeightedSet', 26021, 20.0, 0, null, 15, 2602);
INSERT INTO EXERCISE_SET_ENTITY (SET_TYPE, ID, NUMBER_OF_REPS, STATUS , WEIGHT , WEIGHT_KG, EXERCISE_ACTIVITY_ID) VALUES ('WeightedSet', 26022, 20.0, 0, null, 10, 2602);
INSERT INTO EXERCISE_SET_ENTITY (SET_TYPE, ID, NUMBER_OF_REPS, STATUS , WEIGHT , WEIGHT_KG, EXERCISE_ACTIVITY_ID) VALUES ('WeightedSet', 26023, 20.0, 0, null, 10, 2602);
INSERT INTO EXERCISE_ACTIVITY_ENTITY (ID, NOTES, EXERCISE_ID, WORKOUT_ID) VALUES (2603, '', SELECT ID FROM EXERCISE_ENTITY WHERE NAME = 'Calf Raise', 26);
INSERT INTO EXERCISE_SET_ENTITY (SET_TYPE, ID, NUMBER_OF_REPS, STATUS , WEIGHT , WEIGHT_KG, EXERCISE_ACTIVITY_ID) VALUES ('NonWeightedSet', 26030, 15.0, 0, 'body', null, 2603);
INSERT INTO EXERCISE_SET_ENTITY (SET_TYPE, ID, NUMBER_OF_REPS, STATUS , WEIGHT , WEIGHT_KG, EXERCISE_ACTIVITY_ID) VALUES ('WeightedSet', 26031, 10.0, 0, null, 125, 2603);
INSERT INTO EXERCISE_SET_ENTITY (SET_TYPE, ID, NUMBER_OF_REPS, STATUS , WEIGHT , WEIGHT_KG, EXERCISE_ACTIVITY_ID) VALUES ('WeightedSet', 26032, 10.0, 0, null, 125, 2603);
INSERT INTO EXERCISE_SET_ENTITY (SET_TYPE, ID, NUMBER_OF_REPS, STATUS , WEIGHT , WEIGHT_KG, EXERCISE_ACTIVITY_ID) VALUES ('WeightedSet', 26033, 10.0, 0, null, 125, 2603);
INSERT INTO WORKOUT_ENTITY (ID, NOTES, PERFORMED_AT_TIMESTAMP_UTC, WORKOUT_TYPE) VALUES (27, 'Notes', '2019-09-23 15:45:00', 'PULL');
INSERT INTO EXERCISE_ACTIVITY_ENTITY (ID, NOTES, EXERCISE_ID, WORKOUT_ID) VALUES (2700, '', SELECT ID FROM EXERCISE_ENTITY WHERE NAME = 'Deadlift', 27);
INSERT INTO EXERCISE_SET_ENTITY (SET_TYPE, ID, NUMBER_OF_REPS, STATUS , WEIGHT , WEIGHT_KG, EXERCISE_ACTIVITY_ID) VALUES ('WeightedSet', 27000, 5.0, 0, null, 20, 2700);
INSERT INTO EXERCISE_SET_ENTITY (SET_TYPE, ID, NUMBER_OF_REPS, STATUS , WEIGHT , WEIGHT_KG, EXERCISE_ACTIVITY_ID) VALUES ('WeightedSet', 27001, 5.0, 0, null, 60, 2700);
INSERT INTO EXERCISE_SET_ENTITY (SET_TYPE, ID, NUMBER_OF_REPS, STATUS , WEIGHT , WEIGHT_KG, EXERCISE_ACTIVITY_ID) VALUES ('WeightedSet', 27002, 2.0, 0, null, 90, 2700);
INSERT INTO EXERCISE_SET_ENTITY (SET_TYPE, ID, NUMBER_OF_REPS, STATUS , WEIGHT , WEIGHT_KG, EXERCISE_ACTIVITY_ID) VALUES ('WeightedSet', 27003, 2.0, 0, null, 110, 2700);
INSERT INTO EXERCISE_SET_ENTITY (SET_TYPE, ID, NUMBER_OF_REPS, STATUS , WEIGHT , WEIGHT_KG, EXERCISE_ACTIVITY_ID) VALUES ('WeightedSet', 27004, 1.0, 0, null, 120, 2700);
INSERT INTO EXERCISE_SET_ENTITY (SET_TYPE, ID, NUMBER_OF_REPS, STATUS , WEIGHT , WEIGHT_KG, EXERCISE_ACTIVITY_ID) VALUES ('WeightedSet', 27005, 5.0, 0, null, 130, 2700);
INSERT INTO EXERCISE_ACTIVITY_ENTITY (ID, NOTES, EXERCISE_ID, WORKOUT_ID) VALUES (2701, '', SELECT ID FROM EXERCISE_ENTITY WHERE NAME = 'Pull Up', 27);
INSERT INTO EXERCISE_SET_ENTITY (SET_TYPE, ID, NUMBER_OF_REPS, STATUS , WEIGHT , WEIGHT_KG, EXERCISE_ACTIVITY_ID) VALUES ('NonWeightedSet', 27010, 5.0, 0, 'body', null, 2701);
INSERT INTO EXERCISE_SET_ENTITY (SET_TYPE, ID, NUMBER_OF_REPS, STATUS , WEIGHT , WEIGHT_KG, EXERCISE_ACTIVITY_ID) VALUES ('NonWeightedSet', 27011, 5.0, 0, 'body', null, 2701);
INSERT INTO EXERCISE_SET_ENTITY (SET_TYPE, ID, NUMBER_OF_REPS, STATUS , WEIGHT , WEIGHT_KG, EXERCISE_ACTIVITY_ID) VALUES ('NonWeightedSet', 27012, 5.0, 0, 'body', null, 2701);
INSERT INTO EXERCISE_SET_ENTITY (SET_TYPE, ID, NUMBER_OF_REPS, STATUS , WEIGHT , WEIGHT_KG, EXERCISE_ACTIVITY_ID) VALUES ('NonWeightedSet', 27013, 5.0, 0, 'body', null, 2701);
INSERT INTO EXERCISE_ACTIVITY_ENTITY (ID, NOTES, EXERCISE_ID, WORKOUT_ID) VALUES (2702, '', SELECT ID FROM EXERCISE_ENTITY WHERE NAME = 'Inverted Row', 27);
INSERT INTO EXERCISE_SET_ENTITY (SET_TYPE, ID, NUMBER_OF_REPS, STATUS , WEIGHT , WEIGHT_KG, EXERCISE_ACTIVITY_ID) VALUES ('NonWeightedSet', 27020, 10.0, 0, 'body', null, 2702);
INSERT INTO EXERCISE_SET_ENTITY (SET_TYPE, ID, NUMBER_OF_REPS, STATUS , WEIGHT , WEIGHT_KG, EXERCISE_ACTIVITY_ID) VALUES ('NonWeightedSet', 27021, 10.0, 0, 'body', null, 2702);
INSERT INTO EXERCISE_SET_ENTITY (SET_TYPE, ID, NUMBER_OF_REPS, STATUS , WEIGHT , WEIGHT_KG, EXERCISE_ACTIVITY_ID) VALUES ('NonWeightedSet', 27022, 10.0, 0, 'body', null, 2702);
INSERT INTO EXERCISE_ACTIVITY_ENTITY (ID, NOTES, EXERCISE_ID, WORKOUT_ID) VALUES (2703, '', SELECT ID FROM EXERCISE_ENTITY WHERE NAME = 'Inverted Row (Bench)', 27);
INSERT INTO EXERCISE_SET_ENTITY (SET_TYPE, ID, NUMBER_OF_REPS, STATUS , WEIGHT , WEIGHT_KG, EXERCISE_ACTIVITY_ID) VALUES ('WeightedSet', 27030, 10.0, 0, null, 5, 2703);
INSERT INTO EXERCISE_SET_ENTITY (SET_TYPE, ID, NUMBER_OF_REPS, STATUS , WEIGHT , WEIGHT_KG, EXERCISE_ACTIVITY_ID) VALUES ('WeightedSet', 27031, 10.0, 0, null, 5, 2703);
INSERT INTO EXERCISE_SET_ENTITY (SET_TYPE, ID, NUMBER_OF_REPS, STATUS , WEIGHT , WEIGHT_KG, EXERCISE_ACTIVITY_ID) VALUES ('WeightedSet', 27032, 10.0, 0, null, 5, 2703);
INSERT INTO EXERCISE_ACTIVITY_ENTITY (ID, NOTES, EXERCISE_ID, WORKOUT_ID) VALUES (2704, '', SELECT ID FROM EXERCISE_ENTITY WHERE NAME = 'Barbell Curl', 27);
INSERT INTO EXERCISE_SET_ENTITY (SET_TYPE, ID, NUMBER_OF_REPS, STATUS , WEIGHT , WEIGHT_KG, EXERCISE_ACTIVITY_ID) VALUES ('WeightedSet', 27040, 10.0, 0, null, 20, 2704);
INSERT INTO EXERCISE_SET_ENTITY (SET_TYPE, ID, NUMBER_OF_REPS, STATUS , WEIGHT , WEIGHT_KG, EXERCISE_ACTIVITY_ID) VALUES ('WeightedSet', 27041, 10.0, 0, null, 20, 2704);
INSERT INTO EXERCISE_SET_ENTITY (SET_TYPE, ID, NUMBER_OF_REPS, STATUS , WEIGHT , WEIGHT_KG, EXERCISE_ACTIVITY_ID) VALUES ('WeightedSet', 27042, 10.0, 0, null, 20, 2704);
INSERT INTO EXERCISE_ACTIVITY_ENTITY (ID, NOTES, EXERCISE_ID, WORKOUT_ID) VALUES (2705, '', SELECT ID FROM EXERCISE_ENTITY WHERE NAME = 'Incline Dumbbell Curl', 27);
INSERT INTO EXERCISE_SET_ENTITY (SET_TYPE, ID, NUMBER_OF_REPS, STATUS , WEIGHT , WEIGHT_KG, EXERCISE_ACTIVITY_ID) VALUES ('WeightedSet', 27050, 8.0, 0, null, 7.5, 2705);
INSERT INTO EXERCISE_SET_ENTITY (SET_TYPE, ID, NUMBER_OF_REPS, STATUS , WEIGHT , WEIGHT_KG, EXERCISE_ACTIVITY_ID) VALUES ('WeightedSet', 27051, 8.0, 0, null, 7.5, 2705);
INSERT INTO EXERCISE_SET_ENTITY (SET_TYPE, ID, NUMBER_OF_REPS, STATUS , WEIGHT , WEIGHT_KG, EXERCISE_ACTIVITY_ID) VALUES ('WeightedSet', 27052, 8.0, 0, null, 7.5, 2705);
INSERT INTO EXERCISE_ACTIVITY_ENTITY (ID, NOTES, EXERCISE_ID, WORKOUT_ID) VALUES (2706, '', SELECT ID FROM EXERCISE_ENTITY WHERE NAME = 'Lying Leg Raise', 27);
INSERT INTO EXERCISE_SET_ENTITY (SET_TYPE, ID, NUMBER_OF_REPS, STATUS , WEIGHT , WEIGHT_KG, EXERCISE_ACTIVITY_ID) VALUES ('NonWeightedSet', 27060, 10.0, 0, 'body', null, 2706);
INSERT INTO EXERCISE_SET_ENTITY (SET_TYPE, ID, NUMBER_OF_REPS, STATUS , WEIGHT , WEIGHT_KG, EXERCISE_ACTIVITY_ID) VALUES ('NonWeightedSet', 27061, 10.0, 0, 'body', null, 2706);
INSERT INTO EXERCISE_ACTIVITY_ENTITY (ID, NOTES, EXERCISE_ID, WORKOUT_ID) VALUES (2707, '', SELECT ID FROM EXERCISE_ENTITY WHERE NAME = 'Plank', 27);
INSERT INTO EXERCISE_SET_ENTITY (SET_TYPE, ID, NUMBER_OF_REPS, STATUS , WEIGHT , WEIGHT_KG, EXERCISE_ACTIVITY_ID) VALUES ('NonWeightedSet', 27070, 1, 0, '50 seconds', null, 2707);
INSERT INTO EXERCISE_SET_ENTITY (SET_TYPE, ID, NUMBER_OF_REPS, STATUS , WEIGHT , WEIGHT_KG, EXERCISE_ACTIVITY_ID) VALUES ('NonWeightedSet', 27071, 1, 0, '40 seconds', null, 2707);
INSERT INTO EXERCISE_ACTIVITY_ENTITY (ID, NOTES, EXERCISE_ID, WORKOUT_ID) VALUES (2708, '', SELECT ID FROM EXERCISE_ENTITY WHERE NAME = 'Cable Crunch', 27);
INSERT INTO EXERCISE_SET_ENTITY (SET_TYPE, ID, NUMBER_OF_REPS, STATUS , WEIGHT , WEIGHT_KG, EXERCISE_ACTIVITY_ID) VALUES ('NonWeightedSet', 27080, 10.0, 0, 'red band', null, 2708);
INSERT INTO EXERCISE_SET_ENTITY (SET_TYPE, ID, NUMBER_OF_REPS, STATUS , WEIGHT , WEIGHT_KG, EXERCISE_ACTIVITY_ID) VALUES ('NonWeightedSet', 27081, 10.0, 0, 'red band', null, 2708);
INSERT INTO EXERCISE_ACTIVITY_ENTITY (ID, NOTES, EXERCISE_ID, WORKOUT_ID) VALUES (2709, '', SELECT ID FROM EXERCISE_ENTITY WHERE NAME = 'Facepull', 27);
INSERT INTO EXERCISE_SET_ENTITY (SET_TYPE, ID, NUMBER_OF_REPS, STATUS , WEIGHT , WEIGHT_KG, EXERCISE_ACTIVITY_ID) VALUES ('NonWeightedSet', 27090, 20.0, 0, 'yellow band', null, 2709);
INSERT INTO EXERCISE_SET_ENTITY (SET_TYPE, ID, NUMBER_OF_REPS, STATUS , WEIGHT , WEIGHT_KG, EXERCISE_ACTIVITY_ID) VALUES ('NonWeightedSet', 27091, 15.0, 0, 'yellow band', null, 2709);
INSERT INTO EXERCISE_ACTIVITY_ENTITY (ID, NOTES, EXERCISE_ID, WORKOUT_ID) VALUES (2710, '', SELECT ID FROM EXERCISE_ENTITY WHERE NAME = 'Trap Raise', 27);
INSERT INTO EXERCISE_SET_ENTITY (SET_TYPE, ID, NUMBER_OF_REPS, STATUS , WEIGHT , WEIGHT_KG, EXERCISE_ACTIVITY_ID) VALUES ('NonWeightedSet', 27100, 10.0, 0, 'yellow band', null, 2710);
INSERT INTO EXERCISE_SET_ENTITY (SET_TYPE, ID, NUMBER_OF_REPS, STATUS , WEIGHT , WEIGHT_KG, EXERCISE_ACTIVITY_ID) VALUES ('NonWeightedSet', 27101, 10.0, 0, 'yellow band', null, 2710);
INSERT INTO WORKOUT_ENTITY (ID, NOTES, PERFORMED_AT_TIMESTAMP_UTC, WORKOUT_TYPE) VALUES (28, 'Notes', '2019-09-24 15:35:00', 'PUSH');
INSERT INTO EXERCISE_ACTIVITY_ENTITY (ID, NOTES, EXERCISE_ID, WORKOUT_ID) VALUES (2800, '', SELECT ID FROM EXERCISE_ENTITY WHERE NAME = 'Bench Press', 28);
INSERT INTO EXERCISE_SET_ENTITY (SET_TYPE, ID, NUMBER_OF_REPS, STATUS , WEIGHT , WEIGHT_KG, EXERCISE_ACTIVITY_ID) VALUES ('WeightedSet', 28000, 7.0, 0, null, 20, 2800);
INSERT INTO EXERCISE_SET_ENTITY (SET_TYPE, ID, NUMBER_OF_REPS, STATUS , WEIGHT , WEIGHT_KG, EXERCISE_ACTIVITY_ID) VALUES ('WeightedSet', 28001, 5.0, 0, null, 40, 2800);
INSERT INTO EXERCISE_SET_ENTITY (SET_TYPE, ID, NUMBER_OF_REPS, STATUS , WEIGHT , WEIGHT_KG, EXERCISE_ACTIVITY_ID) VALUES ('WeightedSet', 28002, 4.0, 0, null, 50, 2800);
INSERT INTO EXERCISE_SET_ENTITY (SET_TYPE, ID, NUMBER_OF_REPS, STATUS , WEIGHT , WEIGHT_KG, EXERCISE_ACTIVITY_ID) VALUES ('WeightedSet', 28003, 5.0, 0, null, 57.5, 2800);
INSERT INTO EXERCISE_SET_ENTITY (SET_TYPE, ID, NUMBER_OF_REPS, STATUS , WEIGHT , WEIGHT_KG, EXERCISE_ACTIVITY_ID) VALUES ('WeightedSet', 28004, 5.0, 0, null, 57.5, 2800);
INSERT INTO EXERCISE_SET_ENTITY (SET_TYPE, ID, NUMBER_OF_REPS, STATUS , WEIGHT , WEIGHT_KG, EXERCISE_ACTIVITY_ID) VALUES ('WeightedSet', 28005, 5.0, 0, null, 57.5, 2800);
INSERT INTO EXERCISE_SET_ENTITY (SET_TYPE, ID, NUMBER_OF_REPS, STATUS , WEIGHT , WEIGHT_KG, EXERCISE_ACTIVITY_ID) VALUES ('WeightedSet', 28006, 5.0, 0, null, 57.5, 2800);
INSERT INTO EXERCISE_SET_ENTITY (SET_TYPE, ID, NUMBER_OF_REPS, STATUS , WEIGHT , WEIGHT_KG, EXERCISE_ACTIVITY_ID) VALUES ('WeightedSet', 28007, 5.0, 0, null, 57.5, 2800);
INSERT INTO EXERCISE_ACTIVITY_ENTITY (ID, NOTES, EXERCISE_ID, WORKOUT_ID) VALUES (2801, '', SELECT ID FROM EXERCISE_ENTITY WHERE NAME = 'Overhead Press', 28);
INSERT INTO EXERCISE_SET_ENTITY (SET_TYPE, ID, NUMBER_OF_REPS, STATUS , WEIGHT , WEIGHT_KG, EXERCISE_ACTIVITY_ID) VALUES ('WeightedSet', 28010, 8.0, 0, null, 20, 2801);
INSERT INTO EXERCISE_SET_ENTITY (SET_TYPE, ID, NUMBER_OF_REPS, STATUS , WEIGHT , WEIGHT_KG, EXERCISE_ACTIVITY_ID) VALUES ('WeightedSet', 28011, 8.0, 0, null, 32.5, 2801);
INSERT INTO EXERCISE_SET_ENTITY (SET_TYPE, ID, NUMBER_OF_REPS, STATUS , WEIGHT , WEIGHT_KG, EXERCISE_ACTIVITY_ID) VALUES ('WeightedSet', 28012, 8.0, 0, null, 32.5, 2801);
INSERT INTO EXERCISE_SET_ENTITY (SET_TYPE, ID, NUMBER_OF_REPS, STATUS , WEIGHT , WEIGHT_KG, EXERCISE_ACTIVITY_ID) VALUES ('WeightedSet', 28013, 7.0, 1, null, 32.5, 2801);
INSERT INTO EXERCISE_ACTIVITY_ENTITY (ID, NOTES, EXERCISE_ID, WORKOUT_ID) VALUES (2802, '', SELECT ID FROM EXERCISE_ENTITY WHERE NAME = 'Reverse Bench Press', 28);
INSERT INTO EXERCISE_SET_ENTITY (SET_TYPE, ID, NUMBER_OF_REPS, STATUS , WEIGHT , WEIGHT_KG, EXERCISE_ACTIVITY_ID) VALUES ('WeightedSet', 28020, 8.0, 0, null, 32.5, 2802);
INSERT INTO EXERCISE_SET_ENTITY (SET_TYPE, ID, NUMBER_OF_REPS, STATUS , WEIGHT , WEIGHT_KG, EXERCISE_ACTIVITY_ID) VALUES ('WeightedSet', 28021, 10.0, 0, null, 32.5, 2802);
INSERT INTO EXERCISE_SET_ENTITY (SET_TYPE, ID, NUMBER_OF_REPS, STATUS , WEIGHT , WEIGHT_KG, EXERCISE_ACTIVITY_ID) VALUES ('WeightedSet', 28022, 8.0, 0, null, 32.5, 2802);
INSERT INTO EXERCISE_ACTIVITY_ENTITY (ID, NOTES, EXERCISE_ID, WORKOUT_ID) VALUES (2803, '', SELECT ID FROM EXERCISE_ENTITY WHERE NAME = 'Lateral Raise', 28);
INSERT INTO EXERCISE_SET_ENTITY (SET_TYPE, ID, NUMBER_OF_REPS, STATUS , WEIGHT , WEIGHT_KG, EXERCISE_ACTIVITY_ID) VALUES ('WeightedSet', 28030, 15.0, 0, null, 5, 2803);
INSERT INTO EXERCISE_SET_ENTITY (SET_TYPE, ID, NUMBER_OF_REPS, STATUS , WEIGHT , WEIGHT_KG, EXERCISE_ACTIVITY_ID) VALUES ('WeightedSet', 28031, 15.0, 0, null, 2.5, 2803);
INSERT INTO EXERCISE_SET_ENTITY (SET_TYPE, ID, NUMBER_OF_REPS, STATUS , WEIGHT , WEIGHT_KG, EXERCISE_ACTIVITY_ID) VALUES ('WeightedSet', 28032, 15.0, 0, null, 2.5, 2803);
INSERT INTO EXERCISE_SET_ENTITY (SET_TYPE, ID, NUMBER_OF_REPS, STATUS , WEIGHT , WEIGHT_KG, EXERCISE_ACTIVITY_ID) VALUES ('WeightedSet', 28033, 14.0, 1, null, 2.5, 2803);
INSERT INTO EXERCISE_ACTIVITY_ENTITY (ID, NOTES, EXERCISE_ID, WORKOUT_ID) VALUES (2804, '', SELECT ID FROM EXERCISE_ENTITY WHERE NAME = 'Close Grip Bench Press', 28);
INSERT INTO EXERCISE_SET_ENTITY (SET_TYPE, ID, NUMBER_OF_REPS, STATUS , WEIGHT , WEIGHT_KG, EXERCISE_ACTIVITY_ID) VALUES ('WeightedSet', 28040, 8.0, 0, null, 32.5, 2804);
INSERT INTO EXERCISE_SET_ENTITY (SET_TYPE, ID, NUMBER_OF_REPS, STATUS , WEIGHT , WEIGHT_KG, EXERCISE_ACTIVITY_ID) VALUES ('WeightedSet', 28041, 6.0, 1, null, 32.5, 2804);
INSERT INTO EXERCISE_SET_ENTITY (SET_TYPE, ID, NUMBER_OF_REPS, STATUS , WEIGHT , WEIGHT_KG, EXERCISE_ACTIVITY_ID) VALUES ('WeightedSet', 28042, 8.0, 0, null, 20, 2804);
INSERT INTO EXERCISE_ACTIVITY_ENTITY (ID, NOTES, EXERCISE_ID, WORKOUT_ID) VALUES (2805, '', SELECT ID FROM EXERCISE_ENTITY WHERE NAME = 'Tricep Kickback', 28);
INSERT INTO EXERCISE_SET_ENTITY (SET_TYPE, ID, NUMBER_OF_REPS, STATUS , WEIGHT , WEIGHT_KG, EXERCISE_ACTIVITY_ID) VALUES ('WeightedSet', 28050, 10.0, 0, null, 5, 2805);
INSERT INTO EXERCISE_SET_ENTITY (SET_TYPE, ID, NUMBER_OF_REPS, STATUS , WEIGHT , WEIGHT_KG, EXERCISE_ACTIVITY_ID) VALUES ('WeightedSet', 28051, 10.0, 0, null, 5, 2805);
INSERT INTO WORKOUT_ENTITY (ID, NOTES, PERFORMED_AT_TIMESTAMP_UTC, WORKOUT_TYPE) VALUES (29, 'Notes', '2019-09-27 11:10:00', 'LEGS');
INSERT INTO EXERCISE_ACTIVITY_ENTITY (ID, NOTES, EXERCISE_ID, WORKOUT_ID) VALUES (2900, '', SELECT ID FROM EXERCISE_ENTITY WHERE NAME = 'Squat', 29);
INSERT INTO EXERCISE_SET_ENTITY (SET_TYPE, ID, NUMBER_OF_REPS, STATUS , WEIGHT , WEIGHT_KG, EXERCISE_ACTIVITY_ID) VALUES ('NonWeightedSet', 29000, 8.0, 0, 'body', null, 2900);
INSERT INTO EXERCISE_SET_ENTITY (SET_TYPE, ID, NUMBER_OF_REPS, STATUS , WEIGHT , WEIGHT_KG, EXERCISE_ACTIVITY_ID) VALUES ('WeightedSet', 29001, 5.0, 0, null, 20, 2900);
INSERT INTO EXERCISE_SET_ENTITY (SET_TYPE, ID, NUMBER_OF_REPS, STATUS , WEIGHT , WEIGHT_KG, EXERCISE_ACTIVITY_ID) VALUES ('WeightedSet', 29002, 3.0, 0, null, 40, 2900);
INSERT INTO EXERCISE_SET_ENTITY (SET_TYPE, ID, NUMBER_OF_REPS, STATUS , WEIGHT , WEIGHT_KG, EXERCISE_ACTIVITY_ID) VALUES ('WeightedSet', 29003, 2.0, 0, null, 60, 2900);
INSERT INTO EXERCISE_SET_ENTITY (SET_TYPE, ID, NUMBER_OF_REPS, STATUS , WEIGHT , WEIGHT_KG, EXERCISE_ACTIVITY_ID) VALUES ('WeightedSet', 29004, 1.0, 0, null, 70, 2900);
INSERT INTO EXERCISE_SET_ENTITY (SET_TYPE, ID, NUMBER_OF_REPS, STATUS , WEIGHT , WEIGHT_KG, EXERCISE_ACTIVITY_ID) VALUES ('WeightedSet', 29005, 5.0, 0, null, 80, 2900);
INSERT INTO EXERCISE_SET_ENTITY (SET_TYPE, ID, NUMBER_OF_REPS, STATUS , WEIGHT , WEIGHT_KG, EXERCISE_ACTIVITY_ID) VALUES ('WeightedSet', 29006, 5.0, 0, null, 80, 2900);
INSERT INTO EXERCISE_SET_ENTITY (SET_TYPE, ID, NUMBER_OF_REPS, STATUS , WEIGHT , WEIGHT_KG, EXERCISE_ACTIVITY_ID) VALUES ('WeightedSet', 29007, 5.0, 0, null, 80, 2900);
INSERT INTO EXERCISE_SET_ENTITY (SET_TYPE, ID, NUMBER_OF_REPS, STATUS , WEIGHT , WEIGHT_KG, EXERCISE_ACTIVITY_ID) VALUES ('WeightedSet', 29008, 5.0, 0, null, 80, 2900);
INSERT INTO EXERCISE_SET_ENTITY (SET_TYPE, ID, NUMBER_OF_REPS, STATUS , WEIGHT , WEIGHT_KG, EXERCISE_ACTIVITY_ID) VALUES ('WeightedSet', 29009, 5.0, 0, null, 80, 2900);
INSERT INTO EXERCISE_ACTIVITY_ENTITY (ID, NOTES, EXERCISE_ID, WORKOUT_ID) VALUES (2901, '', SELECT ID FROM EXERCISE_ENTITY WHERE NAME = 'Romanian Deadlift', 29);
INSERT INTO EXERCISE_SET_ENTITY (SET_TYPE, ID, NUMBER_OF_REPS, STATUS , WEIGHT , WEIGHT_KG, EXERCISE_ACTIVITY_ID) VALUES ('WeightedSet', 29010, 8.0, 0, null, 20, 2901);
INSERT INTO EXERCISE_SET_ENTITY (SET_TYPE, ID, NUMBER_OF_REPS, STATUS , WEIGHT , WEIGHT_KG, EXERCISE_ACTIVITY_ID) VALUES ('WeightedSet', 29011, 5.0, 0, null, 40, 2901);
INSERT INTO EXERCISE_SET_ENTITY (SET_TYPE, ID, NUMBER_OF_REPS, STATUS , WEIGHT , WEIGHT_KG, EXERCISE_ACTIVITY_ID) VALUES ('WeightedSet', 29012, 8.0, 0, null, 50, 2901);
INSERT INTO EXERCISE_SET_ENTITY (SET_TYPE, ID, NUMBER_OF_REPS, STATUS , WEIGHT , WEIGHT_KG, EXERCISE_ACTIVITY_ID) VALUES ('WeightedSet', 29013, 8.0, 0, null, 50, 2901);
INSERT INTO EXERCISE_SET_ENTITY (SET_TYPE, ID, NUMBER_OF_REPS, STATUS , WEIGHT , WEIGHT_KG, EXERCISE_ACTIVITY_ID) VALUES ('WeightedSet', 29014, 8.0, 0, null, 50, 2901);
INSERT INTO EXERCISE_ACTIVITY_ENTITY (ID, NOTES, EXERCISE_ID, WORKOUT_ID) VALUES (2902, '', SELECT ID FROM EXERCISE_ENTITY WHERE NAME = 'Frog Pump', 29);
INSERT INTO EXERCISE_SET_ENTITY (SET_TYPE, ID, NUMBER_OF_REPS, STATUS , WEIGHT , WEIGHT_KG, EXERCISE_ACTIVITY_ID) VALUES ('NonWeightedSet', 29020, 20.0, 0, 'body', null, 2902);
INSERT INTO EXERCISE_ACTIVITY_ENTITY (ID, NOTES, EXERCISE_ID, WORKOUT_ID) VALUES (2903, '', SELECT ID FROM EXERCISE_ENTITY WHERE NAME = 'Hip Thrust', 29);
INSERT INTO EXERCISE_SET_ENTITY (SET_TYPE, ID, NUMBER_OF_REPS, STATUS , WEIGHT , WEIGHT_KG, EXERCISE_ACTIVITY_ID) VALUES ('WeightedSet', 29030, 15.0, 0, null, 20, 2903);
INSERT INTO EXERCISE_SET_ENTITY (SET_TYPE, ID, NUMBER_OF_REPS, STATUS , WEIGHT , WEIGHT_KG, EXERCISE_ACTIVITY_ID) VALUES ('WeightedSet', 29031, 15.0, 0, null, 20, 2903);
INSERT INTO EXERCISE_SET_ENTITY (SET_TYPE, ID, NUMBER_OF_REPS, STATUS , WEIGHT , WEIGHT_KG, EXERCISE_ACTIVITY_ID) VALUES ('WeightedSet', 29032, 15.0, 0, null, 20, 2903);
INSERT INTO EXERCISE_ACTIVITY_ENTITY (ID, NOTES, EXERCISE_ID, WORKOUT_ID) VALUES (2904, '', SELECT ID FROM EXERCISE_ENTITY WHERE NAME = 'Calf Raise', 29);
INSERT INTO EXERCISE_SET_ENTITY (SET_TYPE, ID, NUMBER_OF_REPS, STATUS , WEIGHT , WEIGHT_KG, EXERCISE_ACTIVITY_ID) VALUES ('NonWeightedSet', 29040, 10.0, 0, 'body', null, 2904);
INSERT INTO EXERCISE_SET_ENTITY (SET_TYPE, ID, NUMBER_OF_REPS, STATUS , WEIGHT , WEIGHT_KG, EXERCISE_ACTIVITY_ID) VALUES ('WeightedSet', 29041, 10.0, 0, null, 125, 2904);
INSERT INTO EXERCISE_SET_ENTITY (SET_TYPE, ID, NUMBER_OF_REPS, STATUS , WEIGHT , WEIGHT_KG, EXERCISE_ACTIVITY_ID) VALUES ('WeightedSet', 29042, 10.0, 0, null, 125, 2904);
INSERT INTO EXERCISE_ACTIVITY_ENTITY (ID, NOTES, EXERCISE_ID, WORKOUT_ID) VALUES (2905, '', SELECT ID FROM EXERCISE_ENTITY WHERE NAME = 'Seated Calf Raise', 29);
INSERT INTO EXERCISE_SET_ENTITY (SET_TYPE, ID, NUMBER_OF_REPS, STATUS , WEIGHT , WEIGHT_KG, EXERCISE_ACTIVITY_ID) VALUES ('WeightedSet', 29050, 10.0, 0, null, 20, 2905);
INSERT INTO EXERCISE_SET_ENTITY (SET_TYPE, ID, NUMBER_OF_REPS, STATUS , WEIGHT , WEIGHT_KG, EXERCISE_ACTIVITY_ID) VALUES ('WeightedSet', 29051, 10.0, 0, null, 20, 2905);
INSERT INTO WORKOUT_ENTITY (ID, NOTES, PERFORMED_AT_TIMESTAMP_UTC, WORKOUT_TYPE) VALUES (30, 'Notes', '2019-10-01 17:00:00', 'LEGS');
INSERT INTO EXERCISE_ACTIVITY_ENTITY (ID, NOTES, EXERCISE_ID, WORKOUT_ID) VALUES (3000, '', SELECT ID FROM EXERCISE_ENTITY WHERE NAME = 'Hip Thrust', 30);
INSERT INTO EXERCISE_SET_ENTITY (SET_TYPE, ID, NUMBER_OF_REPS, STATUS , WEIGHT , WEIGHT_KG, EXERCISE_ACTIVITY_ID) VALUES ('WeightedSet', 30000, 10.0, 0, null, 20, 3000);
INSERT INTO EXERCISE_SET_ENTITY (SET_TYPE, ID, NUMBER_OF_REPS, STATUS , WEIGHT , WEIGHT_KG, EXERCISE_ACTIVITY_ID) VALUES ('WeightedSet', 30001, 10.0, 0, null, 30, 3000);
INSERT INTO EXERCISE_SET_ENTITY (SET_TYPE, ID, NUMBER_OF_REPS, STATUS , WEIGHT , WEIGHT_KG, EXERCISE_ACTIVITY_ID) VALUES ('WeightedSet', 30002, 10.0, 0, null, 30, 3000);
INSERT INTO EXERCISE_ACTIVITY_ENTITY (ID, NOTES, EXERCISE_ID, WORKOUT_ID) VALUES (3001, '', SELECT ID FROM EXERCISE_ENTITY WHERE NAME = 'Band Pull Through', 30);
INSERT INTO EXERCISE_SET_ENTITY (SET_TYPE, ID, NUMBER_OF_REPS, STATUS , WEIGHT , WEIGHT_KG, EXERCISE_ACTIVITY_ID) VALUES ('NonWeightedSet', 30010, 10.0, 0, 'red band', null, 3001);
INSERT INTO EXERCISE_SET_ENTITY (SET_TYPE, ID, NUMBER_OF_REPS, STATUS , WEIGHT , WEIGHT_KG, EXERCISE_ACTIVITY_ID) VALUES ('NonWeightedSet', 30011, 10.0, 0, 'red band', null, 3001);
INSERT INTO EXERCISE_SET_ENTITY (SET_TYPE, ID, NUMBER_OF_REPS, STATUS , WEIGHT , WEIGHT_KG, EXERCISE_ACTIVITY_ID) VALUES ('NonWeightedSet', 30012, 10.0, 0, 'red band', null, 3001);
INSERT INTO WORKOUT_ENTITY (ID, NOTES, PERFORMED_AT_TIMESTAMP_UTC, WORKOUT_TYPE) VALUES (31, 'Notes', '2019-10-02 14:40:00', 'PULL');
INSERT INTO EXERCISE_ACTIVITY_ENTITY (ID, NOTES, EXERCISE_ID, WORKOUT_ID) VALUES (3100, '', SELECT ID FROM EXERCISE_ENTITY WHERE NAME = 'Bent Over Row', 31);
INSERT INTO EXERCISE_SET_ENTITY (SET_TYPE, ID, NUMBER_OF_REPS, STATUS , WEIGHT , WEIGHT_KG, EXERCISE_ACTIVITY_ID) VALUES ('WeightedSet', 31000, 10.0, 0, null, 30, 3100);
INSERT INTO EXERCISE_SET_ENTITY (SET_TYPE, ID, NUMBER_OF_REPS, STATUS , WEIGHT , WEIGHT_KG, EXERCISE_ACTIVITY_ID) VALUES ('WeightedSet', 31001, 10.0, 0, null, 30, 3100);
INSERT INTO EXERCISE_SET_ENTITY (SET_TYPE, ID, NUMBER_OF_REPS, STATUS , WEIGHT , WEIGHT_KG, EXERCISE_ACTIVITY_ID) VALUES ('WeightedSet', 31002, 10.0, 0, null, 30, 3100);
INSERT INTO EXERCISE_ACTIVITY_ENTITY (ID, NOTES, EXERCISE_ID, WORKOUT_ID) VALUES (3101, '', SELECT ID FROM EXERCISE_ENTITY WHERE NAME = 'Chin Up', 31);
INSERT INTO EXERCISE_SET_ENTITY (SET_TYPE, ID, NUMBER_OF_REPS, STATUS , WEIGHT , WEIGHT_KG, EXERCISE_ACTIVITY_ID) VALUES ('NonWeightedSet', 31010, 6.0, 0, 'body', null, 3101);
INSERT INTO EXERCISE_SET_ENTITY (SET_TYPE, ID, NUMBER_OF_REPS, STATUS , WEIGHT , WEIGHT_KG, EXERCISE_ACTIVITY_ID) VALUES ('NonWeightedSet', 31011, 6.0, 0, 'body', null, 3101);
INSERT INTO EXERCISE_SET_ENTITY (SET_TYPE, ID, NUMBER_OF_REPS, STATUS , WEIGHT , WEIGHT_KG, EXERCISE_ACTIVITY_ID) VALUES ('NonWeightedSet', 31012, 6.0, 0, 'body', null, 3101);
INSERT INTO EXERCISE_ACTIVITY_ENTITY (ID, NOTES, EXERCISE_ID, WORKOUT_ID) VALUES (3102, '', SELECT ID FROM EXERCISE_ENTITY WHERE NAME = 'Inverted Row (Bench)', 31);
INSERT INTO EXERCISE_SET_ENTITY (SET_TYPE, ID, NUMBER_OF_REPS, STATUS , WEIGHT , WEIGHT_KG, EXERCISE_ACTIVITY_ID) VALUES ('WeightedSet', 31020, 10.0, 0, null, 5, 3102);
INSERT INTO EXERCISE_SET_ENTITY (SET_TYPE, ID, NUMBER_OF_REPS, STATUS , WEIGHT , WEIGHT_KG, EXERCISE_ACTIVITY_ID) VALUES ('WeightedSet', 31021, 10.0, 0, null, 5, 3102);
INSERT INTO EXERCISE_SET_ENTITY (SET_TYPE, ID, NUMBER_OF_REPS, STATUS , WEIGHT , WEIGHT_KG, EXERCISE_ACTIVITY_ID) VALUES ('WeightedSet', 31022, 10.0, 0, null, 5, 3102);
INSERT INTO EXERCISE_ACTIVITY_ENTITY (ID, NOTES, EXERCISE_ID, WORKOUT_ID) VALUES (3103, '', SELECT ID FROM EXERCISE_ENTITY WHERE NAME = 'Inverted Row', 31);
INSERT INTO EXERCISE_SET_ENTITY (SET_TYPE, ID, NUMBER_OF_REPS, STATUS , WEIGHT , WEIGHT_KG, EXERCISE_ACTIVITY_ID) VALUES ('NonWeightedSet', 31030, 10.0, 0, 'body', null, 3103);
INSERT INTO EXERCISE_SET_ENTITY (SET_TYPE, ID, NUMBER_OF_REPS, STATUS , WEIGHT , WEIGHT_KG, EXERCISE_ACTIVITY_ID) VALUES ('NonWeightedSet', 31031, 10.0, 0, 'body', null, 3103);
INSERT INTO EXERCISE_SET_ENTITY (SET_TYPE, ID, NUMBER_OF_REPS, STATUS , WEIGHT , WEIGHT_KG, EXERCISE_ACTIVITY_ID) VALUES ('NonWeightedSet', 31032, 10.0, 0, 'body', null, 3103);
INSERT INTO EXERCISE_ACTIVITY_ENTITY (ID, NOTES, EXERCISE_ID, WORKOUT_ID) VALUES (3104, '', SELECT ID FROM EXERCISE_ENTITY WHERE NAME = 'One Arm Band Row', 31);
INSERT INTO EXERCISE_SET_ENTITY (SET_TYPE, ID, NUMBER_OF_REPS, STATUS , WEIGHT , WEIGHT_KG, EXERCISE_ACTIVITY_ID) VALUES ('NonWeightedSet', 31040, 10.0, 0, 'red band', null, 3104);
INSERT INTO EXERCISE_SET_ENTITY (SET_TYPE, ID, NUMBER_OF_REPS, STATUS , WEIGHT , WEIGHT_KG, EXERCISE_ACTIVITY_ID) VALUES ('NonWeightedSet', 31041, 10.0, 0, 'red band', null, 3104);
INSERT INTO EXERCISE_ACTIVITY_ENTITY (ID, NOTES, EXERCISE_ID, WORKOUT_ID) VALUES (3105, '', SELECT ID FROM EXERCISE_ENTITY WHERE NAME = 'Barbell Curl', 31);
INSERT INTO EXERCISE_SET_ENTITY (SET_TYPE, ID, NUMBER_OF_REPS, STATUS , WEIGHT , WEIGHT_KG, EXERCISE_ACTIVITY_ID) VALUES ('WeightedSet', 31050, 10.0, 0, null, 20, 3105);
INSERT INTO EXERCISE_SET_ENTITY (SET_TYPE, ID, NUMBER_OF_REPS, STATUS , WEIGHT , WEIGHT_KG, EXERCISE_ACTIVITY_ID) VALUES ('WeightedSet', 31051, 10.0, 0, null, 20, 3105);
INSERT INTO EXERCISE_SET_ENTITY (SET_TYPE, ID, NUMBER_OF_REPS, STATUS , WEIGHT , WEIGHT_KG, EXERCISE_ACTIVITY_ID) VALUES ('WeightedSet', 31052, 10.0, 0, null, 20, 3105);
INSERT INTO EXERCISE_ACTIVITY_ENTITY (ID, NOTES, EXERCISE_ID, WORKOUT_ID) VALUES (3106, '', SELECT ID FROM EXERCISE_ENTITY WHERE NAME = 'Incline Dumbbell Curl', 31);
INSERT INTO EXERCISE_SET_ENTITY (SET_TYPE, ID, NUMBER_OF_REPS, STATUS , WEIGHT , WEIGHT_KG, EXERCISE_ACTIVITY_ID) VALUES ('WeightedSet', 31060, 8.0, 0, null, 5, 3106);
INSERT INTO EXERCISE_SET_ENTITY (SET_TYPE, ID, NUMBER_OF_REPS, STATUS , WEIGHT , WEIGHT_KG, EXERCISE_ACTIVITY_ID) VALUES ('WeightedSet', 31061, 8.0, 0, null, 7.5, 3106);
INSERT INTO EXERCISE_SET_ENTITY (SET_TYPE, ID, NUMBER_OF_REPS, STATUS , WEIGHT , WEIGHT_KG, EXERCISE_ACTIVITY_ID) VALUES ('WeightedSet', 31062, 8.0, 0, null, 7.5, 3106);
INSERT INTO EXERCISE_ACTIVITY_ENTITY (ID, NOTES, EXERCISE_ID, WORKOUT_ID) VALUES (3107, '', SELECT ID FROM EXERCISE_ENTITY WHERE NAME = 'Towel Hang', 31);
INSERT INTO EXERCISE_SET_ENTITY (SET_TYPE, ID, NUMBER_OF_REPS, STATUS , WEIGHT , WEIGHT_KG, EXERCISE_ACTIVITY_ID) VALUES ('NonWeightedSet', 31070, 1, 0, '15 seconds', null, 3107);
INSERT INTO EXERCISE_SET_ENTITY (SET_TYPE, ID, NUMBER_OF_REPS, STATUS , WEIGHT , WEIGHT_KG, EXERCISE_ACTIVITY_ID) VALUES ('NonWeightedSet', 31071, 1, 0, '15 seconds', null, 3107);
INSERT INTO EXERCISE_SET_ENTITY (SET_TYPE, ID, NUMBER_OF_REPS, STATUS , WEIGHT , WEIGHT_KG, EXERCISE_ACTIVITY_ID) VALUES ('NonWeightedSet', 31072, 1, 0, '10 seconds', null, 3107);
INSERT INTO WORKOUT_ENTITY (ID, NOTES, PERFORMED_AT_TIMESTAMP_UTC, WORKOUT_TYPE) VALUES (32, 'Notes', '2019-10-03 15:45:00', 'PUSH');
INSERT INTO EXERCISE_ACTIVITY_ENTITY (ID, NOTES, EXERCISE_ID, WORKOUT_ID) VALUES (3200, '', SELECT ID FROM EXERCISE_ENTITY WHERE NAME = 'Bench Press', 32);
INSERT INTO EXERCISE_SET_ENTITY (SET_TYPE, ID, NUMBER_OF_REPS, STATUS , WEIGHT , WEIGHT_KG, EXERCISE_ACTIVITY_ID) VALUES ('WeightedSet', 32000, 8.0, 0, null, 20, 3200);
INSERT INTO EXERCISE_SET_ENTITY (SET_TYPE, ID, NUMBER_OF_REPS, STATUS , WEIGHT , WEIGHT_KG, EXERCISE_ACTIVITY_ID) VALUES ('WeightedSet', 32001, 5.0, 0, null, 40, 3200);
INSERT INTO EXERCISE_SET_ENTITY (SET_TYPE, ID, NUMBER_OF_REPS, STATUS , WEIGHT , WEIGHT_KG, EXERCISE_ACTIVITY_ID) VALUES ('WeightedSet', 32002, 8.0, 0, null, 50, 3200);
INSERT INTO EXERCISE_SET_ENTITY (SET_TYPE, ID, NUMBER_OF_REPS, STATUS , WEIGHT , WEIGHT_KG, EXERCISE_ACTIVITY_ID) VALUES ('WeightedSet', 32003, 8.0, 0, null, 50, 3200);
INSERT INTO EXERCISE_SET_ENTITY (SET_TYPE, ID, NUMBER_OF_REPS, STATUS , WEIGHT , WEIGHT_KG, EXERCISE_ACTIVITY_ID) VALUES ('WeightedSet', 32004, 7.0, 1, null, 50, 3200);
INSERT INTO EXERCISE_ACTIVITY_ENTITY (ID, NOTES, EXERCISE_ID, WORKOUT_ID) VALUES (3201, '', SELECT ID FROM EXERCISE_ENTITY WHERE NAME = 'Overhead Press', 32);
INSERT INTO EXERCISE_SET_ENTITY (SET_TYPE, ID, NUMBER_OF_REPS, STATUS , WEIGHT , WEIGHT_KG, EXERCISE_ACTIVITY_ID) VALUES ('WeightedSet', 32010, 5.0, 0, null, 20, 3201);
INSERT INTO EXERCISE_SET_ENTITY (SET_TYPE, ID, NUMBER_OF_REPS, STATUS , WEIGHT , WEIGHT_KG, EXERCISE_ACTIVITY_ID) VALUES ('WeightedSet', 32011, 5.0, 0, null, 35, 3201);
INSERT INTO EXERCISE_SET_ENTITY (SET_TYPE, ID, NUMBER_OF_REPS, STATUS , WEIGHT , WEIGHT_KG, EXERCISE_ACTIVITY_ID) VALUES ('WeightedSet', 32012, 5.0, 0, null, 35, 3201);
INSERT INTO EXERCISE_SET_ENTITY (SET_TYPE, ID, NUMBER_OF_REPS, STATUS , WEIGHT , WEIGHT_KG, EXERCISE_ACTIVITY_ID) VALUES ('WeightedSet', 32013, 5.0, 0, null, 35, 3201);
INSERT INTO EXERCISE_SET_ENTITY (SET_TYPE, ID, NUMBER_OF_REPS, STATUS , WEIGHT , WEIGHT_KG, EXERCISE_ACTIVITY_ID) VALUES ('WeightedSet', 32014, 5.0, 0, null, 35, 3201);
INSERT INTO EXERCISE_SET_ENTITY (SET_TYPE, ID, NUMBER_OF_REPS, STATUS , WEIGHT , WEIGHT_KG, EXERCISE_ACTIVITY_ID) VALUES ('WeightedSet', 32015, 5.0, 0, null, 35, 3201);
INSERT INTO EXERCISE_ACTIVITY_ENTITY (ID, NOTES, EXERCISE_ID, WORKOUT_ID) VALUES (3202, '', SELECT ID FROM EXERCISE_ENTITY WHERE NAME = 'Reverse Bench Press', 32);
INSERT INTO EXERCISE_SET_ENTITY (SET_TYPE, ID, NUMBER_OF_REPS, STATUS , WEIGHT , WEIGHT_KG, EXERCISE_ACTIVITY_ID) VALUES ('WeightedSet', 32020, 8.0, 0, null, 20, 3202);
INSERT INTO EXERCISE_SET_ENTITY (SET_TYPE, ID, NUMBER_OF_REPS, STATUS , WEIGHT , WEIGHT_KG, EXERCISE_ACTIVITY_ID) VALUES ('WeightedSet', 32021, 10.0, 0, null, 30, 3202);
INSERT INTO EXERCISE_SET_ENTITY (SET_TYPE, ID, NUMBER_OF_REPS, STATUS , WEIGHT , WEIGHT_KG, EXERCISE_ACTIVITY_ID) VALUES ('WeightedSet', 32022, 10.0, 0, null, 30, 3202);
INSERT INTO EXERCISE_SET_ENTITY (SET_TYPE, ID, NUMBER_OF_REPS, STATUS , WEIGHT , WEIGHT_KG, EXERCISE_ACTIVITY_ID) VALUES ('WeightedSet', 32023, 10.0, 0, null, 30, 3202);
INSERT INTO EXERCISE_ACTIVITY_ENTITY (ID, NOTES, EXERCISE_ID, WORKOUT_ID) VALUES (3203, '', SELECT ID FROM EXERCISE_ENTITY WHERE NAME = 'Lateral Raise', 32);
INSERT INTO EXERCISE_SET_ENTITY (SET_TYPE, ID, NUMBER_OF_REPS, STATUS , WEIGHT , WEIGHT_KG, EXERCISE_ACTIVITY_ID) VALUES ('WeightedSet', 32030, 15.0, 0, null, 2.5, 3203);
INSERT INTO EXERCISE_SET_ENTITY (SET_TYPE, ID, NUMBER_OF_REPS, STATUS , WEIGHT , WEIGHT_KG, EXERCISE_ACTIVITY_ID) VALUES ('WeightedSet', 32031, 15.0, 0, null, 2.5, 3203);
INSERT INTO EXERCISE_SET_ENTITY (SET_TYPE, ID, NUMBER_OF_REPS, STATUS , WEIGHT , WEIGHT_KG, EXERCISE_ACTIVITY_ID) VALUES ('WeightedSet', 32032, 15.0, 0, null, 2.5, 3203);
INSERT INTO EXERCISE_ACTIVITY_ENTITY (ID, NOTES, EXERCISE_ID, WORKOUT_ID) VALUES (3204, '', SELECT ID FROM EXERCISE_ENTITY WHERE NAME = 'Tricep Kickback', 32);
INSERT INTO EXERCISE_SET_ENTITY (SET_TYPE, ID, NUMBER_OF_REPS, STATUS , WEIGHT , WEIGHT_KG, EXERCISE_ACTIVITY_ID) VALUES ('WeightedSet', 32040, 10.0, 0, null, 2.5, 3204);
INSERT INTO EXERCISE_SET_ENTITY (SET_TYPE, ID, NUMBER_OF_REPS, STATUS , WEIGHT , WEIGHT_KG, EXERCISE_ACTIVITY_ID) VALUES ('WeightedSet', 32041, 10.0, 0, null, 5, 3204);
INSERT INTO EXERCISE_ACTIVITY_ENTITY (ID, NOTES, EXERCISE_ID, WORKOUT_ID) VALUES (3205, '', SELECT ID FROM EXERCISE_ENTITY WHERE NAME = 'Press Up', 32);
INSERT INTO EXERCISE_SET_ENTITY (SET_TYPE, ID, NUMBER_OF_REPS, STATUS , WEIGHT , WEIGHT_KG, EXERCISE_ACTIVITY_ID) VALUES ('NonWeightedSet', 32050, 10.0, 0, 'body', null, 3205);
INSERT INTO EXERCISE_SET_ENTITY (SET_TYPE, ID, NUMBER_OF_REPS, STATUS , WEIGHT , WEIGHT_KG, EXERCISE_ACTIVITY_ID) VALUES ('NonWeightedSet', 32051, 10.0, 0, 'body', null, 3205);
INSERT INTO WORKOUT_ENTITY (ID, NOTES, PERFORMED_AT_TIMESTAMP_UTC, WORKOUT_TYPE) VALUES (33, 'Notes', '2019-10-04 15:50:00', 'LEGS');
INSERT INTO EXERCISE_ACTIVITY_ENTITY (ID, NOTES, EXERCISE_ID, WORKOUT_ID) VALUES (3300, '', SELECT ID FROM EXERCISE_ENTITY WHERE NAME = 'Squat', 33);
INSERT INTO EXERCISE_SET_ENTITY (SET_TYPE, ID, NUMBER_OF_REPS, STATUS , WEIGHT , WEIGHT_KG, EXERCISE_ACTIVITY_ID) VALUES ('NonWeightedSet', 33000, 8.0, 0, 'body', null, 3300);
INSERT INTO EXERCISE_SET_ENTITY (SET_TYPE, ID, NUMBER_OF_REPS, STATUS , WEIGHT , WEIGHT_KG, EXERCISE_ACTIVITY_ID) VALUES ('WeightedSet', 33001, 8.0, 0, null, 20, 3300);
INSERT INTO EXERCISE_SET_ENTITY (SET_TYPE, ID, NUMBER_OF_REPS, STATUS , WEIGHT , WEIGHT_KG, EXERCISE_ACTIVITY_ID) VALUES ('WeightedSet', 33002, 3.0, 0, null, 40, 3300);
INSERT INTO EXERCISE_SET_ENTITY (SET_TYPE, ID, NUMBER_OF_REPS, STATUS , WEIGHT , WEIGHT_KG, EXERCISE_ACTIVITY_ID) VALUES ('WeightedSet', 33003, 3.0, 0, null, 50, 3300);
INSERT INTO EXERCISE_SET_ENTITY (SET_TYPE, ID, NUMBER_OF_REPS, STATUS , WEIGHT , WEIGHT_KG, EXERCISE_ACTIVITY_ID) VALUES ('WeightedSet', 33004, 8.0, 0, null, 60, 3300);
INSERT INTO EXERCISE_SET_ENTITY (SET_TYPE, ID, NUMBER_OF_REPS, STATUS , WEIGHT , WEIGHT_KG, EXERCISE_ACTIVITY_ID) VALUES ('WeightedSet', 33005, 8.0, 0, null, 60, 3300);
INSERT INTO EXERCISE_SET_ENTITY (SET_TYPE, ID, NUMBER_OF_REPS, STATUS , WEIGHT , WEIGHT_KG, EXERCISE_ACTIVITY_ID) VALUES ('WeightedSet', 33006, 8.0, 0, null, 60, 3300);
INSERT INTO EXERCISE_ACTIVITY_ENTITY (ID, NOTES, EXERCISE_ID, WORKOUT_ID) VALUES (3301, '', SELECT ID FROM EXERCISE_ENTITY WHERE NAME = 'Romanian Deadlift', 33);
INSERT INTO EXERCISE_SET_ENTITY (SET_TYPE, ID, NUMBER_OF_REPS, STATUS , WEIGHT , WEIGHT_KG, EXERCISE_ACTIVITY_ID) VALUES ('WeightedSet', 33010, 8.0, 0, null, 20, 3301);
INSERT INTO EXERCISE_SET_ENTITY (SET_TYPE, ID, NUMBER_OF_REPS, STATUS , WEIGHT , WEIGHT_KG, EXERCISE_ACTIVITY_ID) VALUES ('WeightedSet', 33011, 8.0, 0, null, 40, 3301);
INSERT INTO EXERCISE_SET_ENTITY (SET_TYPE, ID, NUMBER_OF_REPS, STATUS , WEIGHT , WEIGHT_KG, EXERCISE_ACTIVITY_ID) VALUES ('WeightedSet', 33012, 8.0, 0, null, 40, 3301);
INSERT INTO EXERCISE_SET_ENTITY (SET_TYPE, ID, NUMBER_OF_REPS, STATUS , WEIGHT , WEIGHT_KG, EXERCISE_ACTIVITY_ID) VALUES ('WeightedSet', 33013, 8.0, 0, null, 40, 3301);
INSERT INTO EXERCISE_ACTIVITY_ENTITY (ID, NOTES, EXERCISE_ID, WORKOUT_ID) VALUES (3302, '', SELECT ID FROM EXERCISE_ENTITY WHERE NAME = 'Bulgarian Split Squat', 33);
INSERT INTO EXERCISE_SET_ENTITY (SET_TYPE, ID, NUMBER_OF_REPS, STATUS , WEIGHT , WEIGHT_KG, EXERCISE_ACTIVITY_ID) VALUES ('NonWeightedSet', 33020, 8.0, 0, 'body', null, 3302);
INSERT INTO EXERCISE_SET_ENTITY (SET_TYPE, ID, NUMBER_OF_REPS, STATUS , WEIGHT , WEIGHT_KG, EXERCISE_ACTIVITY_ID) VALUES ('NonWeightedSet', 33021, 8.0, 0, 'body', null, 3302);
INSERT INTO EXERCISE_SET_ENTITY (SET_TYPE, ID, NUMBER_OF_REPS, STATUS , WEIGHT , WEIGHT_KG, EXERCISE_ACTIVITY_ID) VALUES ('NonWeightedSet', 33022, 8.0, 0, 'body', null, 3302);
INSERT INTO EXERCISE_ACTIVITY_ENTITY (ID, NOTES, EXERCISE_ID, WORKOUT_ID) VALUES (3303, '', SELECT ID FROM EXERCISE_ENTITY WHERE NAME = 'Hip Thrust', 33);
INSERT INTO EXERCISE_SET_ENTITY (SET_TYPE, ID, NUMBER_OF_REPS, STATUS , WEIGHT , WEIGHT_KG, EXERCISE_ACTIVITY_ID) VALUES ('WeightedSet', 33030, 8.0, 0, null, 20, 3303);
INSERT INTO EXERCISE_SET_ENTITY (SET_TYPE, ID, NUMBER_OF_REPS, STATUS , WEIGHT , WEIGHT_KG, EXERCISE_ACTIVITY_ID) VALUES ('WeightedSet', 33031, 8.0, 0, null, 20, 3303);
INSERT INTO EXERCISE_SET_ENTITY (SET_TYPE, ID, NUMBER_OF_REPS, STATUS , WEIGHT , WEIGHT_KG, EXERCISE_ACTIVITY_ID) VALUES ('WeightedSet', 33032, 8.0, 0, null, 20, 3303);
INSERT INTO EXERCISE_ACTIVITY_ENTITY (ID, NOTES, EXERCISE_ID, WORKOUT_ID) VALUES (3304, '', SELECT ID FROM EXERCISE_ENTITY WHERE NAME = 'Lunge', 33);
INSERT INTO EXERCISE_SET_ENTITY (SET_TYPE, ID, NUMBER_OF_REPS, STATUS , WEIGHT , WEIGHT_KG, EXERCISE_ACTIVITY_ID) VALUES ('NonWeightedSet', 33040, 8.0, 0, 'body', null, 3304);
INSERT INTO EXERCISE_ACTIVITY_ENTITY (ID, NOTES, EXERCISE_ID, WORKOUT_ID) VALUES (3305, '', SELECT ID FROM EXERCISE_ENTITY WHERE NAME = 'Calf Raise', 33);
INSERT INTO EXERCISE_SET_ENTITY (SET_TYPE, ID, NUMBER_OF_REPS, STATUS , WEIGHT , WEIGHT_KG, EXERCISE_ACTIVITY_ID) VALUES ('NonWeightedSet', 33050, 8.0, 0, 'body', null, 3305);
INSERT INTO EXERCISE_SET_ENTITY (SET_TYPE, ID, NUMBER_OF_REPS, STATUS , WEIGHT , WEIGHT_KG, EXERCISE_ACTIVITY_ID) VALUES ('NonWeightedSet', 33051, 8.0, 0, 'rack', null, 3305);
INSERT INTO EXERCISE_SET_ENTITY (SET_TYPE, ID, NUMBER_OF_REPS, STATUS , WEIGHT , WEIGHT_KG, EXERCISE_ACTIVITY_ID) VALUES ('NonWeightedSet', 33052, 8.0, 0, 'rack', null, 3305);
INSERT INTO WORKOUT_ENTITY (ID, NOTES, PERFORMED_AT_TIMESTAMP_UTC, WORKOUT_TYPE) VALUES (34, 'Notes', '2019-10-07 15:40:00', 'PULL');
INSERT INTO EXERCISE_ACTIVITY_ENTITY (ID, NOTES, EXERCISE_ID, WORKOUT_ID) VALUES (3400, '', SELECT ID FROM EXERCISE_ENTITY WHERE NAME = 'Deadlift', 34);
INSERT INTO EXERCISE_SET_ENTITY (SET_TYPE, ID, NUMBER_OF_REPS, STATUS , WEIGHT , WEIGHT_KG, EXERCISE_ACTIVITY_ID) VALUES ('WeightedSet', 34000, 5.0, 0, null, 20, 3400);
INSERT INTO EXERCISE_SET_ENTITY (SET_TYPE, ID, NUMBER_OF_REPS, STATUS , WEIGHT , WEIGHT_KG, EXERCISE_ACTIVITY_ID) VALUES ('WeightedSet', 34001, 5.0, 0, null, 60, 3400);
INSERT INTO EXERCISE_SET_ENTITY (SET_TYPE, ID, NUMBER_OF_REPS, STATUS , WEIGHT , WEIGHT_KG, EXERCISE_ACTIVITY_ID) VALUES ('WeightedSet', 34002, 3.0, 0, null, 90, 3400);
INSERT INTO EXERCISE_SET_ENTITY (SET_TYPE, ID, NUMBER_OF_REPS, STATUS , WEIGHT , WEIGHT_KG, EXERCISE_ACTIVITY_ID) VALUES ('WeightedSet', 34003, 2.0, 0, null, 110, 3400);
INSERT INTO EXERCISE_SET_ENTITY (SET_TYPE, ID, NUMBER_OF_REPS, STATUS , WEIGHT , WEIGHT_KG, EXERCISE_ACTIVITY_ID) VALUES ('WeightedSet', 34004, 1.0, 0, null, 120, 3400);
INSERT INTO EXERCISE_SET_ENTITY (SET_TYPE, ID, NUMBER_OF_REPS, STATUS , WEIGHT , WEIGHT_KG, EXERCISE_ACTIVITY_ID) VALUES ('WeightedSet', 34005, 4.0, 1, null, 132.5, 3400);
INSERT INTO EXERCISE_ACTIVITY_ENTITY (ID, NOTES, EXERCISE_ID, WORKOUT_ID) VALUES (3401, '', SELECT ID FROM EXERCISE_ENTITY WHERE NAME = 'Pull Up', 34);
INSERT INTO EXERCISE_SET_ENTITY (SET_TYPE, ID, NUMBER_OF_REPS, STATUS , WEIGHT , WEIGHT_KG, EXERCISE_ACTIVITY_ID) VALUES ('NonWeightedSet', 34010, 6.0, 0, 'body', null, 3401);
INSERT INTO EXERCISE_SET_ENTITY (SET_TYPE, ID, NUMBER_OF_REPS, STATUS , WEIGHT , WEIGHT_KG, EXERCISE_ACTIVITY_ID) VALUES ('NonWeightedSet', 34011, 6.0, 0, 'body', null, 3401);
INSERT INTO EXERCISE_SET_ENTITY (SET_TYPE, ID, NUMBER_OF_REPS, STATUS , WEIGHT , WEIGHT_KG, EXERCISE_ACTIVITY_ID) VALUES ('NonWeightedSet', 34012, 6.0, 0, 'body', null, 3401);
INSERT INTO EXERCISE_ACTIVITY_ENTITY (ID, NOTES, EXERCISE_ID, WORKOUT_ID) VALUES (3402, '', SELECT ID FROM EXERCISE_ENTITY WHERE NAME = 'Inverted Row', 34);
INSERT INTO EXERCISE_SET_ENTITY (SET_TYPE, ID, NUMBER_OF_REPS, STATUS , WEIGHT , WEIGHT_KG, EXERCISE_ACTIVITY_ID) VALUES ('NonWeightedSet', 34020, 10.0, 0, 'body', null, 3402);
INSERT INTO EXERCISE_SET_ENTITY (SET_TYPE, ID, NUMBER_OF_REPS, STATUS , WEIGHT , WEIGHT_KG, EXERCISE_ACTIVITY_ID) VALUES ('NonWeightedSet', 34021, 10.0, 0, 'body', null, 3402);
INSERT INTO EXERCISE_SET_ENTITY (SET_TYPE, ID, NUMBER_OF_REPS, STATUS , WEIGHT , WEIGHT_KG, EXERCISE_ACTIVITY_ID) VALUES ('NonWeightedSet', 34022, 10.0, 0, 'body', null, 3402);
INSERT INTO EXERCISE_ACTIVITY_ENTITY (ID, NOTES, EXERCISE_ID, WORKOUT_ID) VALUES (3403, '', SELECT ID FROM EXERCISE_ENTITY WHERE NAME = 'Barbell Curl', 34);
INSERT INTO EXERCISE_SET_ENTITY (SET_TYPE, ID, NUMBER_OF_REPS, STATUS , WEIGHT , WEIGHT_KG, EXERCISE_ACTIVITY_ID) VALUES ('WeightedSet', 34030, 10.0, 0, null, 20, 3403);
INSERT INTO EXERCISE_SET_ENTITY (SET_TYPE, ID, NUMBER_OF_REPS, STATUS , WEIGHT , WEIGHT_KG, EXERCISE_ACTIVITY_ID) VALUES ('WeightedSet', 34031, 10.0, 0, null, 20, 3403);
INSERT INTO EXERCISE_SET_ENTITY (SET_TYPE, ID, NUMBER_OF_REPS, STATUS , WEIGHT , WEIGHT_KG, EXERCISE_ACTIVITY_ID) VALUES ('WeightedSet', 34032, 10.0, 0, null, 20, 3403);
INSERT INTO EXERCISE_ACTIVITY_ENTITY (ID, NOTES, EXERCISE_ID, WORKOUT_ID) VALUES (3404, '', SELECT ID FROM EXERCISE_ENTITY WHERE NAME = 'Facepull', 34);
INSERT INTO EXERCISE_SET_ENTITY (SET_TYPE, ID, NUMBER_OF_REPS, STATUS , WEIGHT , WEIGHT_KG, EXERCISE_ACTIVITY_ID) VALUES ('NonWeightedSet', 34040, 20.0, 0, 'yellow band', null, 3404);
INSERT INTO EXERCISE_SET_ENTITY (SET_TYPE, ID, NUMBER_OF_REPS, STATUS , WEIGHT , WEIGHT_KG, EXERCISE_ACTIVITY_ID) VALUES ('NonWeightedSet', 34041, 20.0, 0, 'yellow band', null, 3404);
INSERT INTO EXERCISE_SET_ENTITY (SET_TYPE, ID, NUMBER_OF_REPS, STATUS , WEIGHT , WEIGHT_KG, EXERCISE_ACTIVITY_ID) VALUES ('NonWeightedSet', 34042, 20.0, 0, 'yellow band', null, 3404);
INSERT INTO EXERCISE_ACTIVITY_ENTITY (ID, NOTES, EXERCISE_ID, WORKOUT_ID) VALUES (3405, '', SELECT ID FROM EXERCISE_ENTITY WHERE NAME = 'Concentration Curl', 34);
INSERT INTO EXERCISE_SET_ENTITY (SET_TYPE, ID, NUMBER_OF_REPS, STATUS , WEIGHT , WEIGHT_KG, EXERCISE_ACTIVITY_ID) VALUES ('WeightedSet', 34050, 10.0, 0, null, 7.5, 3405);
INSERT INTO EXERCISE_SET_ENTITY (SET_TYPE, ID, NUMBER_OF_REPS, STATUS , WEIGHT , WEIGHT_KG, EXERCISE_ACTIVITY_ID) VALUES ('WeightedSet', 34051, 10.0, 0, null, 7.5, 3405);
INSERT INTO WORKOUT_ENTITY (ID, NOTES, PERFORMED_AT_TIMESTAMP_UTC, WORKOUT_TYPE) VALUES (35, 'Notes', '2019-10-08 12:00:00', 'PUSH');
INSERT INTO EXERCISE_ACTIVITY_ENTITY (ID, NOTES, EXERCISE_ID, WORKOUT_ID) VALUES (3500, '', SELECT ID FROM EXERCISE_ENTITY WHERE NAME = 'Bench Press', 35);
INSERT INTO EXERCISE_SET_ENTITY (SET_TYPE, ID, NUMBER_OF_REPS, STATUS , WEIGHT , WEIGHT_KG, EXERCISE_ACTIVITY_ID) VALUES ('WeightedSet', 35000, 5.0, 0, null, 20, 3500);
INSERT INTO EXERCISE_SET_ENTITY (SET_TYPE, ID, NUMBER_OF_REPS, STATUS , WEIGHT , WEIGHT_KG, EXERCISE_ACTIVITY_ID) VALUES ('WeightedSet', 35001, 5.0, 0, null, 40, 3500);
INSERT INTO EXERCISE_SET_ENTITY (SET_TYPE, ID, NUMBER_OF_REPS, STATUS , WEIGHT , WEIGHT_KG, EXERCISE_ACTIVITY_ID) VALUES ('WeightedSet', 35002, 5.0, 0, null, 50, 3500);
INSERT INTO EXERCISE_SET_ENTITY (SET_TYPE, ID, NUMBER_OF_REPS, STATUS , WEIGHT , WEIGHT_KG, EXERCISE_ACTIVITY_ID) VALUES ('WeightedSet', 35003, 5.0, 0, null, 57.5, 3500);
INSERT INTO EXERCISE_SET_ENTITY (SET_TYPE, ID, NUMBER_OF_REPS, STATUS , WEIGHT , WEIGHT_KG, EXERCISE_ACTIVITY_ID) VALUES ('WeightedSet', 35004, 5.0, 0, null, 57.5, 3500);
INSERT INTO EXERCISE_SET_ENTITY (SET_TYPE, ID, NUMBER_OF_REPS, STATUS , WEIGHT , WEIGHT_KG, EXERCISE_ACTIVITY_ID) VALUES ('WeightedSet', 35005, 5.0, 0, null, 57.5, 3500);
INSERT INTO EXERCISE_SET_ENTITY (SET_TYPE, ID, NUMBER_OF_REPS, STATUS , WEIGHT , WEIGHT_KG, EXERCISE_ACTIVITY_ID) VALUES ('WeightedSet', 35006, 5.0, 0, null, 57.5, 3500);
INSERT INTO EXERCISE_SET_ENTITY (SET_TYPE, ID, NUMBER_OF_REPS, STATUS , WEIGHT , WEIGHT_KG, EXERCISE_ACTIVITY_ID) VALUES ('WeightedSet', 35007, 5.0, 0, null, 57.5, 3500);
INSERT INTO EXERCISE_ACTIVITY_ENTITY (ID, NOTES, EXERCISE_ID, WORKOUT_ID) VALUES (3501, '', SELECT ID FROM EXERCISE_ENTITY WHERE NAME = 'Overhead Press', 35);
INSERT INTO EXERCISE_SET_ENTITY (SET_TYPE, ID, NUMBER_OF_REPS, STATUS , WEIGHT , WEIGHT_KG, EXERCISE_ACTIVITY_ID) VALUES ('WeightedSet', 35010, 5.0, 0, null, 20, 3501);
INSERT INTO EXERCISE_SET_ENTITY (SET_TYPE, ID, NUMBER_OF_REPS, STATUS , WEIGHT , WEIGHT_KG, EXERCISE_ACTIVITY_ID) VALUES ('WeightedSet', 35011, 8.0, 0, null, 32.5, 3501);
INSERT INTO EXERCISE_SET_ENTITY (SET_TYPE, ID, NUMBER_OF_REPS, STATUS , WEIGHT , WEIGHT_KG, EXERCISE_ACTIVITY_ID) VALUES ('WeightedSet', 35012, 8.0, 0, null, 32.5, 3501);
INSERT INTO EXERCISE_SET_ENTITY (SET_TYPE, ID, NUMBER_OF_REPS, STATUS , WEIGHT , WEIGHT_KG, EXERCISE_ACTIVITY_ID) VALUES ('WeightedSet', 35013, 8.0, 0, null, 32.5, 3501);
INSERT INTO EXERCISE_ACTIVITY_ENTITY (ID, NOTES, EXERCISE_ID, WORKOUT_ID) VALUES (3502, '', SELECT ID FROM EXERCISE_ENTITY WHERE NAME = 'Reverse Bench Press', 35);
INSERT INTO EXERCISE_SET_ENTITY (SET_TYPE, ID, NUMBER_OF_REPS, STATUS , WEIGHT , WEIGHT_KG, EXERCISE_ACTIVITY_ID) VALUES ('WeightedSet', 35020, 8.0, 0, null, 30, 3502);
INSERT INTO EXERCISE_SET_ENTITY (SET_TYPE, ID, NUMBER_OF_REPS, STATUS , WEIGHT , WEIGHT_KG, EXERCISE_ACTIVITY_ID) VALUES ('WeightedSet', 35021, 10.0, 0, null, 32.5, 3502);
INSERT INTO EXERCISE_SET_ENTITY (SET_TYPE, ID, NUMBER_OF_REPS, STATUS , WEIGHT , WEIGHT_KG, EXERCISE_ACTIVITY_ID) VALUES ('WeightedSet', 35022, 10.0, 0, null, 32.5, 3502);
INSERT INTO EXERCISE_SET_ENTITY (SET_TYPE, ID, NUMBER_OF_REPS, STATUS , WEIGHT , WEIGHT_KG, EXERCISE_ACTIVITY_ID) VALUES ('WeightedSet', 35023, 10.0, 0, null, 32.5, 3502);
INSERT INTO EXERCISE_ACTIVITY_ENTITY (ID, NOTES, EXERCISE_ID, WORKOUT_ID) VALUES (3503, '', SELECT ID FROM EXERCISE_ENTITY WHERE NAME = 'Lateral Raise', 35);
INSERT INTO EXERCISE_SET_ENTITY (SET_TYPE, ID, NUMBER_OF_REPS, STATUS , WEIGHT , WEIGHT_KG, EXERCISE_ACTIVITY_ID) VALUES ('WeightedSet', 35030, 15.0, 0, null, 2.5, 3503);
INSERT INTO EXERCISE_SET_ENTITY (SET_TYPE, ID, NUMBER_OF_REPS, STATUS , WEIGHT , WEIGHT_KG, EXERCISE_ACTIVITY_ID) VALUES ('WeightedSet', 35031, 15.0, 0, null, 2.5, 3503);
INSERT INTO EXERCISE_SET_ENTITY (SET_TYPE, ID, NUMBER_OF_REPS, STATUS , WEIGHT , WEIGHT_KG, EXERCISE_ACTIVITY_ID) VALUES ('WeightedSet', 35032, 15.0, 0, null, 2.5, 3503);
INSERT INTO EXERCISE_ACTIVITY_ENTITY (ID, NOTES, EXERCISE_ID, WORKOUT_ID) VALUES (3504, '', SELECT ID FROM EXERCISE_ENTITY WHERE NAME = 'Tricep Kickback', 35);
INSERT INTO EXERCISE_SET_ENTITY (SET_TYPE, ID, NUMBER_OF_REPS, STATUS , WEIGHT , WEIGHT_KG, EXERCISE_ACTIVITY_ID) VALUES ('WeightedSet', 35040, 10.0, 0, null, 2.5, 3504);
INSERT INTO EXERCISE_SET_ENTITY (SET_TYPE, ID, NUMBER_OF_REPS, STATUS , WEIGHT , WEIGHT_KG, EXERCISE_ACTIVITY_ID) VALUES ('WeightedSet', 35041, 10.0, 0, null, 5, 3504);
INSERT INTO EXERCISE_ACTIVITY_ENTITY (ID, NOTES, EXERCISE_ID, WORKOUT_ID) VALUES (3505, '', SELECT ID FROM EXERCISE_ENTITY WHERE NAME = 'Skullcrusher', 35);
INSERT INTO EXERCISE_SET_ENTITY (SET_TYPE, ID, NUMBER_OF_REPS, STATUS , WEIGHT , WEIGHT_KG, EXERCISE_ACTIVITY_ID) VALUES ('WeightedSet', 35050, 10.0, 0, null, 5, 3505);
INSERT INTO WORKOUT_ENTITY (ID, NOTES, PERFORMED_AT_TIMESTAMP_UTC, WORKOUT_TYPE) VALUES (36, 'Notes', '2019-10-09 15:40:00', 'LEGS');
INSERT INTO EXERCISE_ACTIVITY_ENTITY (ID, NOTES, EXERCISE_ID, WORKOUT_ID) VALUES (3600, '', SELECT ID FROM EXERCISE_ENTITY WHERE NAME = 'Squat', 36);
INSERT INTO EXERCISE_SET_ENTITY (SET_TYPE, ID, NUMBER_OF_REPS, STATUS , WEIGHT , WEIGHT_KG, EXERCISE_ACTIVITY_ID) VALUES ('NonWeightedSet', 36000, 10.0, 0, 'body', null, 3600);
INSERT INTO EXERCISE_SET_ENTITY (SET_TYPE, ID, NUMBER_OF_REPS, STATUS , WEIGHT , WEIGHT_KG, EXERCISE_ACTIVITY_ID) VALUES ('WeightedSet', 36001, 5.0, 0, null, 20, 3600);
INSERT INTO EXERCISE_SET_ENTITY (SET_TYPE, ID, NUMBER_OF_REPS, STATUS , WEIGHT , WEIGHT_KG, EXERCISE_ACTIVITY_ID) VALUES ('WeightedSet', 36002, 3.0, 0, null, 40, 3600);
INSERT INTO EXERCISE_SET_ENTITY (SET_TYPE, ID, NUMBER_OF_REPS, STATUS , WEIGHT , WEIGHT_KG, EXERCISE_ACTIVITY_ID) VALUES ('WeightedSet', 36003, 2.0, 0, null, 60, 3600);
INSERT INTO EXERCISE_SET_ENTITY (SET_TYPE, ID, NUMBER_OF_REPS, STATUS , WEIGHT , WEIGHT_KG, EXERCISE_ACTIVITY_ID) VALUES ('WeightedSet', 36004, 1.0, 0, null, 70, 3600);
INSERT INTO EXERCISE_SET_ENTITY (SET_TYPE, ID, NUMBER_OF_REPS, STATUS , WEIGHT , WEIGHT_KG, EXERCISE_ACTIVITY_ID) VALUES ('WeightedSet', 36005, 5.0, 0, null, 82.5, 3600);
INSERT INTO EXERCISE_SET_ENTITY (SET_TYPE, ID, NUMBER_OF_REPS, STATUS , WEIGHT , WEIGHT_KG, EXERCISE_ACTIVITY_ID) VALUES ('WeightedSet', 36006, 5.0, 0, null, 82.5, 3600);
INSERT INTO EXERCISE_SET_ENTITY (SET_TYPE, ID, NUMBER_OF_REPS, STATUS , WEIGHT , WEIGHT_KG, EXERCISE_ACTIVITY_ID) VALUES ('WeightedSet', 36007, 5.0, 1, null, 82.5, 3600);
INSERT INTO EXERCISE_SET_ENTITY (SET_TYPE, ID, NUMBER_OF_REPS, STATUS , WEIGHT , WEIGHT_KG, EXERCISE_ACTIVITY_ID) VALUES ('WeightedSet', 36008, 5.0, 0, null, 70, 3600);
INSERT INTO EXERCISE_SET_ENTITY (SET_TYPE, ID, NUMBER_OF_REPS, STATUS , WEIGHT , WEIGHT_KG, EXERCISE_ACTIVITY_ID) VALUES ('WeightedSet', 36009, 5.0, 0, null, 70, 3600);
INSERT INTO EXERCISE_ACTIVITY_ENTITY (ID, NOTES, EXERCISE_ID, WORKOUT_ID) VALUES (3601, '', SELECT ID FROM EXERCISE_ENTITY WHERE NAME = 'Romanian Deadlift', 36);
INSERT INTO EXERCISE_SET_ENTITY (SET_TYPE, ID, NUMBER_OF_REPS, STATUS , WEIGHT , WEIGHT_KG, EXERCISE_ACTIVITY_ID) VALUES ('WeightedSet', 36010, 8.0, 0, null, 20, 3601);
INSERT INTO EXERCISE_SET_ENTITY (SET_TYPE, ID, NUMBER_OF_REPS, STATUS , WEIGHT , WEIGHT_KG, EXERCISE_ACTIVITY_ID) VALUES ('WeightedSet', 36011, 8.0, 0, null, 40, 3601);
INSERT INTO EXERCISE_SET_ENTITY (SET_TYPE, ID, NUMBER_OF_REPS, STATUS , WEIGHT , WEIGHT_KG, EXERCISE_ACTIVITY_ID) VALUES ('WeightedSet', 36012, 8.0, 0, null, 40, 3601);
INSERT INTO EXERCISE_SET_ENTITY (SET_TYPE, ID, NUMBER_OF_REPS, STATUS , WEIGHT , WEIGHT_KG, EXERCISE_ACTIVITY_ID) VALUES ('WeightedSet', 36013, 8.0, 0, null, 40, 3601);
INSERT INTO EXERCISE_ACTIVITY_ENTITY (ID, NOTES, EXERCISE_ID, WORKOUT_ID) VALUES (3602, '', SELECT ID FROM EXERCISE_ENTITY WHERE NAME = 'Glute Ham Raise', 36);
INSERT INTO EXERCISE_SET_ENTITY (SET_TYPE, ID, NUMBER_OF_REPS, STATUS , WEIGHT , WEIGHT_KG, EXERCISE_ACTIVITY_ID) VALUES ('NonWeightedSet', 36020, 8.0, 0, 'body', null, 3602);
INSERT INTO EXERCISE_ACTIVITY_ENTITY (ID, NOTES, EXERCISE_ID, WORKOUT_ID) VALUES (3603, '', SELECT ID FROM EXERCISE_ENTITY WHERE NAME = 'Bulgarian Split Squat', 36);
INSERT INTO EXERCISE_SET_ENTITY (SET_TYPE, ID, NUMBER_OF_REPS, STATUS , WEIGHT , WEIGHT_KG, EXERCISE_ACTIVITY_ID) VALUES ('NonWeightedSet', 36030, 8.0, 0, 'body', null, 3603);
INSERT INTO EXERCISE_SET_ENTITY (SET_TYPE, ID, NUMBER_OF_REPS, STATUS , WEIGHT , WEIGHT_KG, EXERCISE_ACTIVITY_ID) VALUES ('NonWeightedSet', 36031, 10.0, 0, 'body', null, 3603);
INSERT INTO EXERCISE_SET_ENTITY (SET_TYPE, ID, NUMBER_OF_REPS, STATUS , WEIGHT , WEIGHT_KG, EXERCISE_ACTIVITY_ID) VALUES ('NonWeightedSet', 36032, 10.0, 0, 'body', null, 3603);
INSERT INTO EXERCISE_ACTIVITY_ENTITY (ID, NOTES, EXERCISE_ID, WORKOUT_ID) VALUES (3604, '', SELECT ID FROM EXERCISE_ENTITY WHERE NAME = 'Hip Thrust', 36);
INSERT INTO EXERCISE_SET_ENTITY (SET_TYPE, ID, NUMBER_OF_REPS, STATUS , WEIGHT , WEIGHT_KG, EXERCISE_ACTIVITY_ID) VALUES ('WeightedSet', 36040, 10.0, 0, null, 20, 3604);
INSERT INTO EXERCISE_SET_ENTITY (SET_TYPE, ID, NUMBER_OF_REPS, STATUS , WEIGHT , WEIGHT_KG, EXERCISE_ACTIVITY_ID) VALUES ('WeightedSet', 36041, 10.0, 0, null, 20, 3604);
INSERT INTO EXERCISE_ACTIVITY_ENTITY (ID, NOTES, EXERCISE_ID, WORKOUT_ID) VALUES (3605, '', SELECT ID FROM EXERCISE_ENTITY WHERE NAME = 'Calf Raise', 36);
INSERT INTO EXERCISE_SET_ENTITY (SET_TYPE, ID, NUMBER_OF_REPS, STATUS , WEIGHT , WEIGHT_KG, EXERCISE_ACTIVITY_ID) VALUES ('NonWeightedSet', 36050, 10.0, 0, 'body', null, 3605);
INSERT INTO EXERCISE_SET_ENTITY (SET_TYPE, ID, NUMBER_OF_REPS, STATUS , WEIGHT , WEIGHT_KG, EXERCISE_ACTIVITY_ID) VALUES ('WeightedSet', 36051, 10.0, 0, null, 125, 3605);
INSERT INTO EXERCISE_ACTIVITY_ENTITY (ID, NOTES, EXERCISE_ID, WORKOUT_ID) VALUES (3606, '', SELECT ID FROM EXERCISE_ENTITY WHERE NAME = 'Seated Calf Raise', 36);
INSERT INTO EXERCISE_SET_ENTITY (SET_TYPE, ID, NUMBER_OF_REPS, STATUS , WEIGHT , WEIGHT_KG, EXERCISE_ACTIVITY_ID) VALUES ('WeightedSet', 36060, 10.0, 0, null, 20, 3606);
INSERT INTO EXERCISE_SET_ENTITY (SET_TYPE, ID, NUMBER_OF_REPS, STATUS , WEIGHT , WEIGHT_KG, EXERCISE_ACTIVITY_ID) VALUES ('WeightedSet', 36061, 10.0, 0, null, 20, 3606);
INSERT INTO WORKOUT_ENTITY (ID, NOTES, PERFORMED_AT_TIMESTAMP_UTC, WORKOUT_TYPE) VALUES (37, 'Notes', '2019-10-10 15:40:00', 'PULL');
INSERT INTO EXERCISE_ACTIVITY_ENTITY (ID, NOTES, EXERCISE_ID, WORKOUT_ID) VALUES (3700, '', SELECT ID FROM EXERCISE_ENTITY WHERE NAME = 'Bent Over Row', 37);
INSERT INTO EXERCISE_SET_ENTITY (SET_TYPE, ID, NUMBER_OF_REPS, STATUS , WEIGHT , WEIGHT_KG, EXERCISE_ACTIVITY_ID) VALUES ('WeightedSet', 37000, 10.0, 0, null, 20, 3700);
INSERT INTO EXERCISE_SET_ENTITY (SET_TYPE, ID, NUMBER_OF_REPS, STATUS , WEIGHT , WEIGHT_KG, EXERCISE_ACTIVITY_ID) VALUES ('WeightedSet', 37001, 11.0, 0, null, 30, 3700);
INSERT INTO EXERCISE_SET_ENTITY (SET_TYPE, ID, NUMBER_OF_REPS, STATUS , WEIGHT , WEIGHT_KG, EXERCISE_ACTIVITY_ID) VALUES ('WeightedSet', 37002, 12.0, 0, null, 30, 3700);
INSERT INTO EXERCISE_SET_ENTITY (SET_TYPE, ID, NUMBER_OF_REPS, STATUS , WEIGHT , WEIGHT_KG, EXERCISE_ACTIVITY_ID) VALUES ('WeightedSet', 37003, 13.0, 0, null, 30, 3700);
INSERT INTO EXERCISE_ACTIVITY_ENTITY (ID, NOTES, EXERCISE_ID, WORKOUT_ID) VALUES (3701, '', SELECT ID FROM EXERCISE_ENTITY WHERE NAME = 'Chin Up', 37);
INSERT INTO EXERCISE_SET_ENTITY (SET_TYPE, ID, NUMBER_OF_REPS, STATUS , WEIGHT , WEIGHT_KG, EXERCISE_ACTIVITY_ID) VALUES ('NonWeightedSet', 37010, 6.0, 0, 'body', null, 3701);
INSERT INTO EXERCISE_SET_ENTITY (SET_TYPE, ID, NUMBER_OF_REPS, STATUS , WEIGHT , WEIGHT_KG, EXERCISE_ACTIVITY_ID) VALUES ('NonWeightedSet', 37011, 6.0, 0, 'body', null, 3701);
INSERT INTO EXERCISE_SET_ENTITY (SET_TYPE, ID, NUMBER_OF_REPS, STATUS , WEIGHT , WEIGHT_KG, EXERCISE_ACTIVITY_ID) VALUES ('NonWeightedSet', 37012, 6.0, 0, 'body', null, 3701);
INSERT INTO EXERCISE_ACTIVITY_ENTITY (ID, NOTES, EXERCISE_ID, WORKOUT_ID) VALUES (3702, '', SELECT ID FROM EXERCISE_ENTITY WHERE NAME = 'One Arm Band Row', 37);
INSERT INTO EXERCISE_SET_ENTITY (SET_TYPE, ID, NUMBER_OF_REPS, STATUS , WEIGHT , WEIGHT_KG, EXERCISE_ACTIVITY_ID) VALUES ('NonWeightedSet', 37020, 10.0, 0, 'red and yellow band', null, 3702);
INSERT INTO EXERCISE_SET_ENTITY (SET_TYPE, ID, NUMBER_OF_REPS, STATUS , WEIGHT , WEIGHT_KG, EXERCISE_ACTIVITY_ID) VALUES ('NonWeightedSet', 37021, 10.0, 0, 'red and yellow band', null, 3702);
INSERT INTO EXERCISE_SET_ENTITY (SET_TYPE, ID, NUMBER_OF_REPS, STATUS , WEIGHT , WEIGHT_KG, EXERCISE_ACTIVITY_ID) VALUES ('NonWeightedSet', 37022, 10.0, 0, 'red and yellow band', null, 3702);
INSERT INTO EXERCISE_ACTIVITY_ENTITY (ID, NOTES, EXERCISE_ID, WORKOUT_ID) VALUES (3703, '', SELECT ID FROM EXERCISE_ENTITY WHERE NAME = 'Barbell Curl', 37);
INSERT INTO EXERCISE_SET_ENTITY (SET_TYPE, ID, NUMBER_OF_REPS, STATUS , WEIGHT , WEIGHT_KG, EXERCISE_ACTIVITY_ID) VALUES ('WeightedSet', 37030, 5.0, 0, null, 30, 3703);
INSERT INTO EXERCISE_SET_ENTITY (SET_TYPE, ID, NUMBER_OF_REPS, STATUS , WEIGHT , WEIGHT_KG, EXERCISE_ACTIVITY_ID) VALUES ('WeightedSet', 37031, 10.0, 0, null, 22.5, 3703);
INSERT INTO EXERCISE_SET_ENTITY (SET_TYPE, ID, NUMBER_OF_REPS, STATUS , WEIGHT , WEIGHT_KG, EXERCISE_ACTIVITY_ID) VALUES ('WeightedSet', 37032, 10.0, 0, null, 22.5, 3703);
INSERT INTO EXERCISE_SET_ENTITY (SET_TYPE, ID, NUMBER_OF_REPS, STATUS , WEIGHT , WEIGHT_KG, EXERCISE_ACTIVITY_ID) VALUES ('WeightedSet', 37033, 10.0, 0, null, 22.5, 3703);
INSERT INTO EXERCISE_ACTIVITY_ENTITY (ID, NOTES, EXERCISE_ID, WORKOUT_ID) VALUES (3704, '', SELECT ID FROM EXERCISE_ENTITY WHERE NAME = 'Facepull', 37);
INSERT INTO EXERCISE_SET_ENTITY (SET_TYPE, ID, NUMBER_OF_REPS, STATUS , WEIGHT , WEIGHT_KG, EXERCISE_ACTIVITY_ID) VALUES ('NonWeightedSet', 37040, 10.0, 0, 'yellow band', null, 3704);
INSERT INTO EXERCISE_SET_ENTITY (SET_TYPE, ID, NUMBER_OF_REPS, STATUS , WEIGHT , WEIGHT_KG, EXERCISE_ACTIVITY_ID) VALUES ('NonWeightedSet', 37041, 10.0, 0, 'yellow band', null, 3704);
INSERT INTO EXERCISE_SET_ENTITY (SET_TYPE, ID, NUMBER_OF_REPS, STATUS , WEIGHT , WEIGHT_KG, EXERCISE_ACTIVITY_ID) VALUES ('NonWeightedSet', 37042, 10.0, 0, 'yellow band', null, 3704);
INSERT INTO EXERCISE_ACTIVITY_ENTITY (ID, NOTES, EXERCISE_ID, WORKOUT_ID) VALUES (3705, '', SELECT ID FROM EXERCISE_ENTITY WHERE NAME = 'Dumbbell Curl', 37);
INSERT INTO EXERCISE_SET_ENTITY (SET_TYPE, ID, NUMBER_OF_REPS, STATUS , WEIGHT , WEIGHT_KG, EXERCISE_ACTIVITY_ID) VALUES ('WeightedSet', 37050, 10.0, 0, null, 7.5, 3705);
INSERT INTO EXERCISE_SET_ENTITY (SET_TYPE, ID, NUMBER_OF_REPS, STATUS , WEIGHT , WEIGHT_KG, EXERCISE_ACTIVITY_ID) VALUES ('WeightedSet', 37051, 10.0, 0, null, 7.5, 3705);
INSERT INTO WORKOUT_ENTITY (ID, NOTES, PERFORMED_AT_TIMESTAMP_UTC, WORKOUT_TYPE) VALUES (38, 'Notes', '2019-10-11 14:45:00', 'PUSH');
INSERT INTO EXERCISE_ACTIVITY_ENTITY (ID, NOTES, EXERCISE_ID, WORKOUT_ID) VALUES (3800, '', SELECT ID FROM EXERCISE_ENTITY WHERE NAME = 'Bench Press', 38);
INSERT INTO EXERCISE_SET_ENTITY (SET_TYPE, ID, NUMBER_OF_REPS, STATUS , WEIGHT , WEIGHT_KG, EXERCISE_ACTIVITY_ID) VALUES ('WeightedSet', 38000, 5.0, 0, null, 20, 3800);
INSERT INTO EXERCISE_SET_ENTITY (SET_TYPE, ID, NUMBER_OF_REPS, STATUS , WEIGHT , WEIGHT_KG, EXERCISE_ACTIVITY_ID) VALUES ('WeightedSet', 38001, 8.0, 0, null, 40, 3800);
INSERT INTO EXERCISE_SET_ENTITY (SET_TYPE, ID, NUMBER_OF_REPS, STATUS , WEIGHT , WEIGHT_KG, EXERCISE_ACTIVITY_ID) VALUES ('WeightedSet', 38002, 8.0, 0, null, 50, 3800);
INSERT INTO EXERCISE_SET_ENTITY (SET_TYPE, ID, NUMBER_OF_REPS, STATUS , WEIGHT , WEIGHT_KG, EXERCISE_ACTIVITY_ID) VALUES ('WeightedSet', 38003, 8.0, 0, null, 50, 3800);
INSERT INTO EXERCISE_SET_ENTITY (SET_TYPE, ID, NUMBER_OF_REPS, STATUS , WEIGHT , WEIGHT_KG, EXERCISE_ACTIVITY_ID) VALUES ('WeightedSet', 38004, 8.0, 0, null, 50, 3800);
INSERT INTO EXERCISE_ACTIVITY_ENTITY (ID, NOTES, EXERCISE_ID, WORKOUT_ID) VALUES (3801, '', SELECT ID FROM EXERCISE_ENTITY WHERE NAME = 'Seated Dumbbell Press', 38);
INSERT INTO EXERCISE_SET_ENTITY (SET_TYPE, ID, NUMBER_OF_REPS, STATUS , WEIGHT , WEIGHT_KG, EXERCISE_ACTIVITY_ID) VALUES ('WeightedSet', 38010, 8.0, 0, null, 10, 3801);
INSERT INTO EXERCISE_SET_ENTITY (SET_TYPE, ID, NUMBER_OF_REPS, STATUS , WEIGHT , WEIGHT_KG, EXERCISE_ACTIVITY_ID) VALUES ('WeightedSet', 38011, 8.0, 0, null, 15, 3801);
INSERT INTO EXERCISE_SET_ENTITY (SET_TYPE, ID, NUMBER_OF_REPS, STATUS , WEIGHT , WEIGHT_KG, EXERCISE_ACTIVITY_ID) VALUES ('WeightedSet', 38012, 8.0, 0, null, 15, 3801);
INSERT INTO EXERCISE_SET_ENTITY (SET_TYPE, ID, NUMBER_OF_REPS, STATUS , WEIGHT , WEIGHT_KG, EXERCISE_ACTIVITY_ID) VALUES ('WeightedSet', 38013, 8.0, 0, null, 15, 3801);
INSERT INTO EXERCISE_ACTIVITY_ENTITY (ID, NOTES, EXERCISE_ID, WORKOUT_ID) VALUES (3802, '', SELECT ID FROM EXERCISE_ENTITY WHERE NAME = 'Reverse Bench Press', 38);
INSERT INTO EXERCISE_SET_ENTITY (SET_TYPE, ID, NUMBER_OF_REPS, STATUS , WEIGHT , WEIGHT_KG, EXERCISE_ACTIVITY_ID) VALUES ('WeightedSet', 38020, 10.0, 0, null, 30, 3802);
INSERT INTO EXERCISE_SET_ENTITY (SET_TYPE, ID, NUMBER_OF_REPS, STATUS , WEIGHT , WEIGHT_KG, EXERCISE_ACTIVITY_ID) VALUES ('WeightedSet', 38021, 10.0, 0, null, 35, 3802);
INSERT INTO EXERCISE_SET_ENTITY (SET_TYPE, ID, NUMBER_OF_REPS, STATUS , WEIGHT , WEIGHT_KG, EXERCISE_ACTIVITY_ID) VALUES ('WeightedSet', 38022, 10.0, 0, null, 35, 3802);
INSERT INTO EXERCISE_ACTIVITY_ENTITY (ID, NOTES, EXERCISE_ID, WORKOUT_ID) VALUES (3803, '', SELECT ID FROM EXERCISE_ENTITY WHERE NAME = 'Incline Bench Press', 38);
INSERT INTO EXERCISE_SET_ENTITY (SET_TYPE, ID, NUMBER_OF_REPS, STATUS , WEIGHT , WEIGHT_KG, EXERCISE_ACTIVITY_ID) VALUES ('WeightedSet', 38030, 10.0, 0, null, 35, 3803);
INSERT INTO EXERCISE_SET_ENTITY (SET_TYPE, ID, NUMBER_OF_REPS, STATUS , WEIGHT , WEIGHT_KG, EXERCISE_ACTIVITY_ID) VALUES ('WeightedSet', 38031, 10.0, 0, null, 35, 3803);
INSERT INTO EXERCISE_ACTIVITY_ENTITY (ID, NOTES, EXERCISE_ID, WORKOUT_ID) VALUES (3804, '', SELECT ID FROM EXERCISE_ENTITY WHERE NAME = 'Tricep Kickback', 38);
INSERT INTO EXERCISE_SET_ENTITY (SET_TYPE, ID, NUMBER_OF_REPS, STATUS , WEIGHT , WEIGHT_KG, EXERCISE_ACTIVITY_ID) VALUES ('WeightedSet', 38040, 10.0, 0, null, 5, 3804);
INSERT INTO EXERCISE_SET_ENTITY (SET_TYPE, ID, NUMBER_OF_REPS, STATUS , WEIGHT , WEIGHT_KG, EXERCISE_ACTIVITY_ID) VALUES ('WeightedSet', 38041, 10.0, 0, null, 5, 3804);
INSERT INTO EXERCISE_ACTIVITY_ENTITY (ID, NOTES, EXERCISE_ID, WORKOUT_ID) VALUES (3805, '', SELECT ID FROM EXERCISE_ENTITY WHERE NAME = 'Skullcrusher', 38);
INSERT INTO EXERCISE_SET_ENTITY (SET_TYPE, ID, NUMBER_OF_REPS, STATUS , WEIGHT , WEIGHT_KG, EXERCISE_ACTIVITY_ID) VALUES ('WeightedSet', 38050, 10.0, 0, null, 5, 3805);
INSERT INTO EXERCISE_SET_ENTITY (SET_TYPE, ID, NUMBER_OF_REPS, STATUS , WEIGHT , WEIGHT_KG, EXERCISE_ACTIVITY_ID) VALUES ('WeightedSet', 38051, 10.0, 0, null, 5, 3805);
INSERT INTO WORKOUT_ENTITY (ID, NOTES, PERFORMED_AT_TIMESTAMP_UTC, WORKOUT_TYPE) VALUES (39, 'Notes', '2019-10-12 11:45:00', 'LEGS');
INSERT INTO EXERCISE_ACTIVITY_ENTITY (ID, NOTES, EXERCISE_ID, WORKOUT_ID) VALUES (3900, '', SELECT ID FROM EXERCISE_ENTITY WHERE NAME = 'Goblet Squat', 39);
INSERT INTO EXERCISE_SET_ENTITY (SET_TYPE, ID, NUMBER_OF_REPS, STATUS , WEIGHT , WEIGHT_KG, EXERCISE_ACTIVITY_ID) VALUES ('NonWeightedSet', 39000, 10.0, 0, 'body', null, 3900);
INSERT INTO EXERCISE_SET_ENTITY (SET_TYPE, ID, NUMBER_OF_REPS, STATUS , WEIGHT , WEIGHT_KG, EXERCISE_ACTIVITY_ID) VALUES ('NonWeightedSet', 39001, 20.0, 0, 'body', null, 3900);
INSERT INTO EXERCISE_SET_ENTITY (SET_TYPE, ID, NUMBER_OF_REPS, STATUS , WEIGHT , WEIGHT_KG, EXERCISE_ACTIVITY_ID) VALUES ('WeightedSet', 39002, 15.0, 0, null, 7.5, 3900);
INSERT INTO EXERCISE_SET_ENTITY (SET_TYPE, ID, NUMBER_OF_REPS, STATUS , WEIGHT , WEIGHT_KG, EXERCISE_ACTIVITY_ID) VALUES ('WeightedSet', 39003, 12.0, 0, null, 15, 3900);
INSERT INTO EXERCISE_SET_ENTITY (SET_TYPE, ID, NUMBER_OF_REPS, STATUS , WEIGHT , WEIGHT_KG, EXERCISE_ACTIVITY_ID) VALUES ('WeightedSet', 39004, 12.0, 0, null, 15, 3900);
INSERT INTO EXERCISE_SET_ENTITY (SET_TYPE, ID, NUMBER_OF_REPS, STATUS , WEIGHT , WEIGHT_KG, EXERCISE_ACTIVITY_ID) VALUES ('WeightedSet', 39005, 12.0, 0, null, 15, 3900);
INSERT INTO EXERCISE_ACTIVITY_ENTITY (ID, NOTES, EXERCISE_ID, WORKOUT_ID) VALUES (3901, '', SELECT ID FROM EXERCISE_ENTITY WHERE NAME = 'Dumbbell Romanian Deadlift', 39);
INSERT INTO EXERCISE_SET_ENTITY (SET_TYPE, ID, NUMBER_OF_REPS, STATUS , WEIGHT , WEIGHT_KG, EXERCISE_ACTIVITY_ID) VALUES ('NonWeightedSet', 39010, 10.0, 0, 'body', null, 3901);
INSERT INTO EXERCISE_SET_ENTITY (SET_TYPE, ID, NUMBER_OF_REPS, STATUS , WEIGHT , WEIGHT_KG, EXERCISE_ACTIVITY_ID) VALUES ('WeightedSet', 39011, 10.0, 0, null, 7.5, 3901);
INSERT INTO EXERCISE_SET_ENTITY (SET_TYPE, ID, NUMBER_OF_REPS, STATUS , WEIGHT , WEIGHT_KG, EXERCISE_ACTIVITY_ID) VALUES ('WeightedSet', 39012, 10.0, 0, null, 7.5, 3901);
INSERT INTO EXERCISE_SET_ENTITY (SET_TYPE, ID, NUMBER_OF_REPS, STATUS , WEIGHT , WEIGHT_KG, EXERCISE_ACTIVITY_ID) VALUES ('WeightedSet', 39013, 10.0, 0, null, 7.5, 3901);
INSERT INTO EXERCISE_ACTIVITY_ENTITY (ID, NOTES, EXERCISE_ID, WORKOUT_ID) VALUES (3902, '', SELECT ID FROM EXERCISE_ENTITY WHERE NAME = 'Bulgarian Split Squat', 39);
INSERT INTO EXERCISE_SET_ENTITY (SET_TYPE, ID, NUMBER_OF_REPS, STATUS , WEIGHT , WEIGHT_KG, EXERCISE_ACTIVITY_ID) VALUES ('NonWeightedSet', 39020, 10.0, 0, 'body', null, 3902);
INSERT INTO EXERCISE_SET_ENTITY (SET_TYPE, ID, NUMBER_OF_REPS, STATUS , WEIGHT , WEIGHT_KG, EXERCISE_ACTIVITY_ID) VALUES ('WeightedSet', 39021, 10.0, 0, null, 7.5, 3902);
INSERT INTO EXERCISE_SET_ENTITY (SET_TYPE, ID, NUMBER_OF_REPS, STATUS , WEIGHT , WEIGHT_KG, EXERCISE_ACTIVITY_ID) VALUES ('WeightedSet', 39022, 10.0, 0, null, 7.5, 3902);
INSERT INTO EXERCISE_ACTIVITY_ENTITY (ID, NOTES, EXERCISE_ID, WORKOUT_ID) VALUES (3903, '', SELECT ID FROM EXERCISE_ENTITY WHERE NAME = 'Lunge', 39);
INSERT INTO EXERCISE_SET_ENTITY (SET_TYPE, ID, NUMBER_OF_REPS, STATUS , WEIGHT , WEIGHT_KG, EXERCISE_ACTIVITY_ID) VALUES ('NonWeightedSet', 39030, 10.0, 0, 'body', null, 3903);
INSERT INTO EXERCISE_SET_ENTITY (SET_TYPE, ID, NUMBER_OF_REPS, STATUS , WEIGHT , WEIGHT_KG, EXERCISE_ACTIVITY_ID) VALUES ('WeightedSet', 39031, 10.0, 0, null, 7.5, 3903);
INSERT INTO EXERCISE_SET_ENTITY (SET_TYPE, ID, NUMBER_OF_REPS, STATUS , WEIGHT , WEIGHT_KG, EXERCISE_ACTIVITY_ID) VALUES ('WeightedSet', 39032, 10.0, 0, null, 7.5, 3903);
INSERT INTO EXERCISE_ACTIVITY_ENTITY (ID, NOTES, EXERCISE_ID, WORKOUT_ID) VALUES (3904, '', SELECT ID FROM EXERCISE_ENTITY WHERE NAME = 'Calf Raise', 39);
INSERT INTO EXERCISE_SET_ENTITY (SET_TYPE, ID, NUMBER_OF_REPS, STATUS , WEIGHT , WEIGHT_KG, EXERCISE_ACTIVITY_ID) VALUES ('NonWeightedSet', 39040, 10.0, 0, 'body', null, 3904);
INSERT INTO EXERCISE_SET_ENTITY (SET_TYPE, ID, NUMBER_OF_REPS, STATUS , WEIGHT , WEIGHT_KG, EXERCISE_ACTIVITY_ID) VALUES ('NonWeightedSet', 39041, 10.0, 0, 'body', null, 3904);
INSERT INTO EXERCISE_ACTIVITY_ENTITY (ID, NOTES, EXERCISE_ID, WORKOUT_ID) VALUES (3905, '', SELECT ID FROM EXERCISE_ENTITY WHERE NAME = 'Kettlebell Swing', 39);
INSERT INTO EXERCISE_SET_ENTITY (SET_TYPE, ID, NUMBER_OF_REPS, STATUS , WEIGHT , WEIGHT_KG, EXERCISE_ACTIVITY_ID) VALUES ('WeightedSet', 39050, 15.0, 0, null, 7.5, 3905);
INSERT INTO WORKOUT_ENTITY (ID, NOTES, PERFORMED_AT_TIMESTAMP_UTC, WORKOUT_TYPE) VALUES (40, 'Notes', '2019-10-14 15:40:00', 'PULL');
INSERT INTO EXERCISE_ACTIVITY_ENTITY (ID, NOTES, EXERCISE_ID, WORKOUT_ID) VALUES (4000, '', SELECT ID FROM EXERCISE_ENTITY WHERE NAME = 'Deadlift', 40);
INSERT INTO EXERCISE_SET_ENTITY (SET_TYPE, ID, NUMBER_OF_REPS, STATUS , WEIGHT , WEIGHT_KG, EXERCISE_ACTIVITY_ID) VALUES ('WeightedSet', 40000, 5.0, 0, null, 20, 4000);
INSERT INTO EXERCISE_SET_ENTITY (SET_TYPE, ID, NUMBER_OF_REPS, STATUS , WEIGHT , WEIGHT_KG, EXERCISE_ACTIVITY_ID) VALUES ('WeightedSet', 40001, 5.0, 0, null, 60, 4000);
INSERT INTO EXERCISE_SET_ENTITY (SET_TYPE, ID, NUMBER_OF_REPS, STATUS , WEIGHT , WEIGHT_KG, EXERCISE_ACTIVITY_ID) VALUES ('WeightedSet', 40002, 3.0, 0, null, 90, 4000);
INSERT INTO EXERCISE_SET_ENTITY (SET_TYPE, ID, NUMBER_OF_REPS, STATUS , WEIGHT , WEIGHT_KG, EXERCISE_ACTIVITY_ID) VALUES ('WeightedSet', 40003, 2.0, 0, null, 110, 4000);
INSERT INTO EXERCISE_SET_ENTITY (SET_TYPE, ID, NUMBER_OF_REPS, STATUS , WEIGHT , WEIGHT_KG, EXERCISE_ACTIVITY_ID) VALUES ('WeightedSet', 40004, 1.0, 0, null, 120, 4000);
INSERT INTO EXERCISE_SET_ENTITY (SET_TYPE, ID, NUMBER_OF_REPS, STATUS , WEIGHT , WEIGHT_KG, EXERCISE_ACTIVITY_ID) VALUES ('WeightedSet', 40005, 5.0, 0, null, 132.5, 4000);
INSERT INTO EXERCISE_ACTIVITY_ENTITY (ID, NOTES, EXERCISE_ID, WORKOUT_ID) VALUES (4001, '', SELECT ID FROM EXERCISE_ENTITY WHERE NAME = 'Pull Up', 40);
INSERT INTO EXERCISE_SET_ENTITY (SET_TYPE, ID, NUMBER_OF_REPS, STATUS , WEIGHT , WEIGHT_KG, EXERCISE_ACTIVITY_ID) VALUES ('NonWeightedSet', 40010, 6.0, 0, 'body', null, 4001);
INSERT INTO EXERCISE_SET_ENTITY (SET_TYPE, ID, NUMBER_OF_REPS, STATUS , WEIGHT , WEIGHT_KG, EXERCISE_ACTIVITY_ID) VALUES ('NonWeightedSet', 40011, 6.0, 0, 'body', null, 4001);
INSERT INTO EXERCISE_SET_ENTITY (SET_TYPE, ID, NUMBER_OF_REPS, STATUS , WEIGHT , WEIGHT_KG, EXERCISE_ACTIVITY_ID) VALUES ('NonWeightedSet', 40012, 5.0, 1, 'body', null, 4001);
INSERT INTO EXERCISE_ACTIVITY_ENTITY (ID, NOTES, EXERCISE_ID, WORKOUT_ID) VALUES (4002, '', SELECT ID FROM EXERCISE_ENTITY WHERE NAME = 'Inverted Row', 40);
INSERT INTO EXERCISE_SET_ENTITY (SET_TYPE, ID, NUMBER_OF_REPS, STATUS , WEIGHT , WEIGHT_KG, EXERCISE_ACTIVITY_ID) VALUES ('NonWeightedSet', 40020, 10.0, 0, 'body', null, 4002);
INSERT INTO EXERCISE_SET_ENTITY (SET_TYPE, ID, NUMBER_OF_REPS, STATUS , WEIGHT , WEIGHT_KG, EXERCISE_ACTIVITY_ID) VALUES ('NonWeightedSet', 40021, 10.0, 0, 'body', null, 4002);
INSERT INTO EXERCISE_SET_ENTITY (SET_TYPE, ID, NUMBER_OF_REPS, STATUS , WEIGHT , WEIGHT_KG, EXERCISE_ACTIVITY_ID) VALUES ('NonWeightedSet', 40022, 10.0, 0, 'body', null, 4002);
INSERT INTO EXERCISE_ACTIVITY_ENTITY (ID, NOTES, EXERCISE_ID, WORKOUT_ID) VALUES (4003, '', SELECT ID FROM EXERCISE_ENTITY WHERE NAME = 'Barbell Curl', 40);
INSERT INTO EXERCISE_SET_ENTITY (SET_TYPE, ID, NUMBER_OF_REPS, STATUS , WEIGHT , WEIGHT_KG, EXERCISE_ACTIVITY_ID) VALUES ('WeightedSet', 40030, 10.0, 0, null, 20, 4003);
INSERT INTO EXERCISE_SET_ENTITY (SET_TYPE, ID, NUMBER_OF_REPS, STATUS , WEIGHT , WEIGHT_KG, EXERCISE_ACTIVITY_ID) VALUES ('WeightedSet', 40031, 11.0, 0, null, 20, 4003);
INSERT INTO EXERCISE_SET_ENTITY (SET_TYPE, ID, NUMBER_OF_REPS, STATUS , WEIGHT , WEIGHT_KG, EXERCISE_ACTIVITY_ID) VALUES ('WeightedSet', 40032, 12.0, 0, null, 20, 4003);
INSERT INTO EXERCISE_ACTIVITY_ENTITY (ID, NOTES, EXERCISE_ID, WORKOUT_ID) VALUES (4004, '', SELECT ID FROM EXERCISE_ENTITY WHERE NAME = 'Facepull', 40);
INSERT INTO EXERCISE_SET_ENTITY (SET_TYPE, ID, NUMBER_OF_REPS, STATUS , WEIGHT , WEIGHT_KG, EXERCISE_ACTIVITY_ID) VALUES ('NonWeightedSet', 40040, 20.0, 0, 'yellow band', null, 4004);
INSERT INTO EXERCISE_SET_ENTITY (SET_TYPE, ID, NUMBER_OF_REPS, STATUS , WEIGHT , WEIGHT_KG, EXERCISE_ACTIVITY_ID) VALUES ('NonWeightedSet', 40041, 20.0, 0, 'yellow band', null, 4004);
INSERT INTO WORKOUT_ENTITY (ID, NOTES, PERFORMED_AT_TIMESTAMP_UTC, WORKOUT_TYPE) VALUES (41, 'Notes', '2019-10-15 15:50:00', 'PUSH');
INSERT INTO EXERCISE_ACTIVITY_ENTITY (ID, NOTES, EXERCISE_ID, WORKOUT_ID) VALUES (4100, '', SELECT ID FROM EXERCISE_ENTITY WHERE NAME = 'Bench Press', 41);
INSERT INTO EXERCISE_SET_ENTITY (SET_TYPE, ID, NUMBER_OF_REPS, STATUS , WEIGHT , WEIGHT_KG, EXERCISE_ACTIVITY_ID) VALUES ('WeightedSet', 41000, 5.0, 0, null, 20, 4100);
INSERT INTO EXERCISE_SET_ENTITY (SET_TYPE, ID, NUMBER_OF_REPS, STATUS , WEIGHT , WEIGHT_KG, EXERCISE_ACTIVITY_ID) VALUES ('WeightedSet', 41001, 5.0, 0, null, 40, 4100);
INSERT INTO EXERCISE_SET_ENTITY (SET_TYPE, ID, NUMBER_OF_REPS, STATUS , WEIGHT , WEIGHT_KG, EXERCISE_ACTIVITY_ID) VALUES ('WeightedSet', 41002, 3.0, 0, null, 50, 4100);
INSERT INTO EXERCISE_SET_ENTITY (SET_TYPE, ID, NUMBER_OF_REPS, STATUS , WEIGHT , WEIGHT_KG, EXERCISE_ACTIVITY_ID) VALUES ('WeightedSet', 41003, 5.0, 0, null, 60, 4100);
INSERT INTO EXERCISE_SET_ENTITY (SET_TYPE, ID, NUMBER_OF_REPS, STATUS , WEIGHT , WEIGHT_KG, EXERCISE_ACTIVITY_ID) VALUES ('WeightedSet', 41004, 5.0, 0, null, 60, 4100);
INSERT INTO EXERCISE_SET_ENTITY (SET_TYPE, ID, NUMBER_OF_REPS, STATUS , WEIGHT , WEIGHT_KG, EXERCISE_ACTIVITY_ID) VALUES ('WeightedSet', 41005, 5.0, 0, null, 60, 4100);
INSERT INTO EXERCISE_SET_ENTITY (SET_TYPE, ID, NUMBER_OF_REPS, STATUS , WEIGHT , WEIGHT_KG, EXERCISE_ACTIVITY_ID) VALUES ('WeightedSet', 41006, 5.0, 0, null, 60, 4100);
INSERT INTO EXERCISE_SET_ENTITY (SET_TYPE, ID, NUMBER_OF_REPS, STATUS , WEIGHT , WEIGHT_KG, EXERCISE_ACTIVITY_ID) VALUES ('WeightedSet', 41007, 5.0, 0, null, 60, 4100);
INSERT INTO EXERCISE_ACTIVITY_ENTITY (ID, NOTES, EXERCISE_ID, WORKOUT_ID) VALUES (4101, '', SELECT ID FROM EXERCISE_ENTITY WHERE NAME = 'Overhead Press', 41);
INSERT INTO EXERCISE_SET_ENTITY (SET_TYPE, ID, NUMBER_OF_REPS, STATUS , WEIGHT , WEIGHT_KG, EXERCISE_ACTIVITY_ID) VALUES ('WeightedSet', 41010, 8.0, 0, null, 20, 4101);
INSERT INTO EXERCISE_SET_ENTITY (SET_TYPE, ID, NUMBER_OF_REPS, STATUS , WEIGHT , WEIGHT_KG, EXERCISE_ACTIVITY_ID) VALUES ('WeightedSet', 41011, 8.0, 0, null, 35, 4101);
INSERT INTO EXERCISE_SET_ENTITY (SET_TYPE, ID, NUMBER_OF_REPS, STATUS , WEIGHT , WEIGHT_KG, EXERCISE_ACTIVITY_ID) VALUES ('WeightedSet', 41012, 8.0, 0, null, 35, 4101);
INSERT INTO EXERCISE_SET_ENTITY (SET_TYPE, ID, NUMBER_OF_REPS, STATUS , WEIGHT , WEIGHT_KG, EXERCISE_ACTIVITY_ID) VALUES ('WeightedSet', 41013, 7.0, 1, null, 35, 4101);
INSERT INTO EXERCISE_ACTIVITY_ENTITY (ID, NOTES, EXERCISE_ID, WORKOUT_ID) VALUES (4102, '', SELECT ID FROM EXERCISE_ENTITY WHERE NAME = 'Reverse Bench Press', 41);
INSERT INTO EXERCISE_SET_ENTITY (SET_TYPE, ID, NUMBER_OF_REPS, STATUS , WEIGHT , WEIGHT_KG, EXERCISE_ACTIVITY_ID) VALUES ('WeightedSet', 41020, 10.0, 0, null, 35, 4102);
INSERT INTO EXERCISE_SET_ENTITY (SET_TYPE, ID, NUMBER_OF_REPS, STATUS , WEIGHT , WEIGHT_KG, EXERCISE_ACTIVITY_ID) VALUES ('WeightedSet', 41021, 10.0, 0, null, 35, 4102);
INSERT INTO EXERCISE_SET_ENTITY (SET_TYPE, ID, NUMBER_OF_REPS, STATUS , WEIGHT , WEIGHT_KG, EXERCISE_ACTIVITY_ID) VALUES ('WeightedSet', 41022, 10.0, 0, null, 35, 4102);
INSERT INTO EXERCISE_ACTIVITY_ENTITY (ID, NOTES, EXERCISE_ID, WORKOUT_ID) VALUES (4103, '', SELECT ID FROM EXERCISE_ENTITY WHERE NAME = 'Lateral Raise', 41);
INSERT INTO EXERCISE_SET_ENTITY (SET_TYPE, ID, NUMBER_OF_REPS, STATUS , WEIGHT , WEIGHT_KG, EXERCISE_ACTIVITY_ID) VALUES ('WeightedSet', 41030, 15.0, 0, null, 2.5, 4103);
INSERT INTO EXERCISE_SET_ENTITY (SET_TYPE, ID, NUMBER_OF_REPS, STATUS , WEIGHT , WEIGHT_KG, EXERCISE_ACTIVITY_ID) VALUES ('WeightedSet', 41031, 15.0, 0, null, 2.5, 4103);
INSERT INTO EXERCISE_SET_ENTITY (SET_TYPE, ID, NUMBER_OF_REPS, STATUS , WEIGHT , WEIGHT_KG, EXERCISE_ACTIVITY_ID) VALUES ('WeightedSet', 41032, 15.0, 0, null, 5, 4103);
INSERT INTO EXERCISE_ACTIVITY_ENTITY (ID, NOTES, EXERCISE_ID, WORKOUT_ID) VALUES (4104, '', SELECT ID FROM EXERCISE_ENTITY WHERE NAME = 'Skullcrusher', 41);
INSERT INTO EXERCISE_SET_ENTITY (SET_TYPE, ID, NUMBER_OF_REPS, STATUS , WEIGHT , WEIGHT_KG, EXERCISE_ACTIVITY_ID) VALUES ('WeightedSet', 41040, 10.0, 0, null, 5, 4104);
INSERT INTO EXERCISE_SET_ENTITY (SET_TYPE, ID, NUMBER_OF_REPS, STATUS , WEIGHT , WEIGHT_KG, EXERCISE_ACTIVITY_ID) VALUES ('WeightedSet', 41041, 10.0, 0, null, 7.5, 4104);
INSERT INTO EXERCISE_SET_ENTITY (SET_TYPE, ID, NUMBER_OF_REPS, STATUS , WEIGHT , WEIGHT_KG, EXERCISE_ACTIVITY_ID) VALUES ('WeightedSet', 41042, 10.0, 0, null, 7.5, 4104);
INSERT INTO WORKOUT_ENTITY (ID, NOTES, PERFORMED_AT_TIMESTAMP_UTC, WORKOUT_TYPE) VALUES (42, 'Notes', '2019-10-16 16:00:00', 'LEGS');
INSERT INTO EXERCISE_ACTIVITY_ENTITY (ID, NOTES, EXERCISE_ID, WORKOUT_ID) VALUES (4200, '', SELECT ID FROM EXERCISE_ENTITY WHERE NAME = 'Squat', 42);
INSERT INTO EXERCISE_SET_ENTITY (SET_TYPE, ID, NUMBER_OF_REPS, STATUS , WEIGHT , WEIGHT_KG, EXERCISE_ACTIVITY_ID) VALUES ('NonWeightedSet', 42000, 5.0, 0, 'body', null, 4200);
INSERT INTO EXERCISE_SET_ENTITY (SET_TYPE, ID, NUMBER_OF_REPS, STATUS , WEIGHT , WEIGHT_KG, EXERCISE_ACTIVITY_ID) VALUES ('WeightedSet', 42001, 5.0, 0, null, 20, 4200);
INSERT INTO EXERCISE_SET_ENTITY (SET_TYPE, ID, NUMBER_OF_REPS, STATUS , WEIGHT , WEIGHT_KG, EXERCISE_ACTIVITY_ID) VALUES ('WeightedSet', 42002, 5.0, 0, null, 40, 4200);
INSERT INTO EXERCISE_SET_ENTITY (SET_TYPE, ID, NUMBER_OF_REPS, STATUS , WEIGHT , WEIGHT_KG, EXERCISE_ACTIVITY_ID) VALUES ('WeightedSet', 42003, 3.0, 0, null, 60, 4200);
INSERT INTO EXERCISE_SET_ENTITY (SET_TYPE, ID, NUMBER_OF_REPS, STATUS , WEIGHT , WEIGHT_KG, EXERCISE_ACTIVITY_ID) VALUES ('WeightedSet', 42004, 2.0, 0, null, 70, 4200);
INSERT INTO EXERCISE_SET_ENTITY (SET_TYPE, ID, NUMBER_OF_REPS, STATUS , WEIGHT , WEIGHT_KG, EXERCISE_ACTIVITY_ID) VALUES ('WeightedSet', 42005, 5.0, 0, null, 82.5, 4200);
INSERT INTO EXERCISE_SET_ENTITY (SET_TYPE, ID, NUMBER_OF_REPS, STATUS , WEIGHT , WEIGHT_KG, EXERCISE_ACTIVITY_ID) VALUES ('WeightedSet', 42006, 5.0, 0, null, 82.5, 4200);
INSERT INTO EXERCISE_SET_ENTITY (SET_TYPE, ID, NUMBER_OF_REPS, STATUS , WEIGHT , WEIGHT_KG, EXERCISE_ACTIVITY_ID) VALUES ('WeightedSet', 42007, 5.0, 0, null, 82.5, 4200);
INSERT INTO EXERCISE_ACTIVITY_ENTITY (ID, NOTES, EXERCISE_ID, WORKOUT_ID) VALUES (4201, '', SELECT ID FROM EXERCISE_ENTITY WHERE NAME = 'Romanian Deadlift', 42);
INSERT INTO EXERCISE_SET_ENTITY (SET_TYPE, ID, NUMBER_OF_REPS, STATUS , WEIGHT , WEIGHT_KG, EXERCISE_ACTIVITY_ID) VALUES ('WeightedSet', 42010, 8.0, 0, null, 20, 4201);
INSERT INTO EXERCISE_SET_ENTITY (SET_TYPE, ID, NUMBER_OF_REPS, STATUS , WEIGHT , WEIGHT_KG, EXERCISE_ACTIVITY_ID) VALUES ('WeightedSet', 42011, 8.0, 0, null, 42.5, 4201);
INSERT INTO EXERCISE_SET_ENTITY (SET_TYPE, ID, NUMBER_OF_REPS, STATUS , WEIGHT , WEIGHT_KG, EXERCISE_ACTIVITY_ID) VALUES ('WeightedSet', 42012, 8.0, 0, null, 42.5, 4201);
INSERT INTO EXERCISE_SET_ENTITY (SET_TYPE, ID, NUMBER_OF_REPS, STATUS , WEIGHT , WEIGHT_KG, EXERCISE_ACTIVITY_ID) VALUES ('WeightedSet', 42013, 8.0, 0, null, 42.5, 4201);
INSERT INTO EXERCISE_ACTIVITY_ENTITY (ID, NOTES, EXERCISE_ID, WORKOUT_ID) VALUES (4202, '', SELECT ID FROM EXERCISE_ENTITY WHERE NAME = 'Bulgarian Split Squat', 42);
INSERT INTO EXERCISE_SET_ENTITY (SET_TYPE, ID, NUMBER_OF_REPS, STATUS , WEIGHT , WEIGHT_KG, EXERCISE_ACTIVITY_ID) VALUES ('NonWeightedSet', 42020, 10.0, 0, 'body', null, 4202);
INSERT INTO EXERCISE_SET_ENTITY (SET_TYPE, ID, NUMBER_OF_REPS, STATUS , WEIGHT , WEIGHT_KG, EXERCISE_ACTIVITY_ID) VALUES ('NonWeightedSet', 42021, 10.0, 0, 'body', null, 4202);
INSERT INTO EXERCISE_SET_ENTITY (SET_TYPE, ID, NUMBER_OF_REPS, STATUS , WEIGHT , WEIGHT_KG, EXERCISE_ACTIVITY_ID) VALUES ('NonWeightedSet', 42022, 10.0, 0, 'body', null, 4202);
INSERT INTO EXERCISE_ACTIVITY_ENTITY (ID, NOTES, EXERCISE_ID, WORKOUT_ID) VALUES (4203, '', SELECT ID FROM EXERCISE_ENTITY WHERE NAME = 'Hip Thrust', 42);
INSERT INTO EXERCISE_SET_ENTITY (SET_TYPE, ID, NUMBER_OF_REPS, STATUS , WEIGHT , WEIGHT_KG, EXERCISE_ACTIVITY_ID) VALUES ('WeightedSet', 42030, 10.0, 0, null, 20, 4203);
INSERT INTO EXERCISE_SET_ENTITY (SET_TYPE, ID, NUMBER_OF_REPS, STATUS , WEIGHT , WEIGHT_KG, EXERCISE_ACTIVITY_ID) VALUES ('WeightedSet', 42031, 10.0, 0, null, 30, 4203);
INSERT INTO EXERCISE_ACTIVITY_ENTITY (ID, NOTES, EXERCISE_ID, WORKOUT_ID) VALUES (4204, '', SELECT ID FROM EXERCISE_ENTITY WHERE NAME = 'Seated Calf Raise', 42);
INSERT INTO EXERCISE_SET_ENTITY (SET_TYPE, ID, NUMBER_OF_REPS, STATUS , WEIGHT , WEIGHT_KG, EXERCISE_ACTIVITY_ID) VALUES ('NonWeightedSet', 42040, 10.0, 0, 'body', null, 4204);
INSERT INTO EXERCISE_SET_ENTITY (SET_TYPE, ID, NUMBER_OF_REPS, STATUS , WEIGHT , WEIGHT_KG, EXERCISE_ACTIVITY_ID) VALUES ('WeightedSet', 42041, 10.0, 0, null, 30, 4204);
INSERT INTO WORKOUT_ENTITY (ID, NOTES, PERFORMED_AT_TIMESTAMP_UTC, WORKOUT_TYPE) VALUES (43, 'Notes', '2019-10-17 15:40:00', 'PULL');
INSERT INTO EXERCISE_ACTIVITY_ENTITY (ID, NOTES, EXERCISE_ID, WORKOUT_ID) VALUES (4300, '', SELECT ID FROM EXERCISE_ENTITY WHERE NAME = 'Bent Over Row', 43);
INSERT INTO EXERCISE_SET_ENTITY (SET_TYPE, ID, NUMBER_OF_REPS, STATUS , WEIGHT , WEIGHT_KG, EXERCISE_ACTIVITY_ID) VALUES ('WeightedSet', 43000, 8.0, 0, null, 20, 4300);
INSERT INTO EXERCISE_SET_ENTITY (SET_TYPE, ID, NUMBER_OF_REPS, STATUS , WEIGHT , WEIGHT_KG, EXERCISE_ACTIVITY_ID) VALUES ('WeightedSet', 43001, 9.0, 0, null, 32.5, 4300);
INSERT INTO EXERCISE_SET_ENTITY (SET_TYPE, ID, NUMBER_OF_REPS, STATUS , WEIGHT , WEIGHT_KG, EXERCISE_ACTIVITY_ID) VALUES ('WeightedSet', 43002, 10.0, 0, null, 32.5, 4300);
INSERT INTO EXERCISE_SET_ENTITY (SET_TYPE, ID, NUMBER_OF_REPS, STATUS , WEIGHT , WEIGHT_KG, EXERCISE_ACTIVITY_ID) VALUES ('WeightedSet', 43003, 10.0, 0, null, 32.5, 4300);
INSERT INTO EXERCISE_ACTIVITY_ENTITY (ID, NOTES, EXERCISE_ID, WORKOUT_ID) VALUES (4301, '', SELECT ID FROM EXERCISE_ENTITY WHERE NAME = 'Chin Up', 43);
INSERT INTO EXERCISE_SET_ENTITY (SET_TYPE, ID, NUMBER_OF_REPS, STATUS , WEIGHT , WEIGHT_KG, EXERCISE_ACTIVITY_ID) VALUES ('NonWeightedSet', 43010, 6.0, 0, 'body', null, 4301);
INSERT INTO EXERCISE_SET_ENTITY (SET_TYPE, ID, NUMBER_OF_REPS, STATUS , WEIGHT , WEIGHT_KG, EXERCISE_ACTIVITY_ID) VALUES ('NonWeightedSet', 43011, 6.0, 0, 'body', null, 4301);
INSERT INTO EXERCISE_SET_ENTITY (SET_TYPE, ID, NUMBER_OF_REPS, STATUS , WEIGHT , WEIGHT_KG, EXERCISE_ACTIVITY_ID) VALUES ('NonWeightedSet', 43012, 5.0, 1, 'body', null, 4301);
INSERT INTO EXERCISE_ACTIVITY_ENTITY (ID, NOTES, EXERCISE_ID, WORKOUT_ID) VALUES (4302, '', SELECT ID FROM EXERCISE_ENTITY WHERE NAME = 'One Arm Band Row', 43);
INSERT INTO EXERCISE_SET_ENTITY (SET_TYPE, ID, NUMBER_OF_REPS, STATUS , WEIGHT , WEIGHT_KG, EXERCISE_ACTIVITY_ID) VALUES ('NonWeightedSet', 43020, 10.0, 0, 'red and yellow band', null, 4302);
INSERT INTO EXERCISE_SET_ENTITY (SET_TYPE, ID, NUMBER_OF_REPS, STATUS , WEIGHT , WEIGHT_KG, EXERCISE_ACTIVITY_ID) VALUES ('NonWeightedSet', 43021, 10.0, 0, 'red and yellow band', null, 4302);
INSERT INTO EXERCISE_SET_ENTITY (SET_TYPE, ID, NUMBER_OF_REPS, STATUS , WEIGHT , WEIGHT_KG, EXERCISE_ACTIVITY_ID) VALUES ('NonWeightedSet', 43022, 10.0, 0, 'red and yellow band', null, 4302);
INSERT INTO EXERCISE_ACTIVITY_ENTITY (ID, NOTES, EXERCISE_ID, WORKOUT_ID) VALUES (4303, '', SELECT ID FROM EXERCISE_ENTITY WHERE NAME = 'Barbell Curl', 43);
INSERT INTO EXERCISE_SET_ENTITY (SET_TYPE, ID, NUMBER_OF_REPS, STATUS , WEIGHT , WEIGHT_KG, EXERCISE_ACTIVITY_ID) VALUES ('WeightedSet', 43030, 10.0, 0, null, 22.5, 4303);
INSERT INTO EXERCISE_SET_ENTITY (SET_TYPE, ID, NUMBER_OF_REPS, STATUS , WEIGHT , WEIGHT_KG, EXERCISE_ACTIVITY_ID) VALUES ('WeightedSet', 43031, 10.0, 0, null, 22.5, 4303);
INSERT INTO EXERCISE_SET_ENTITY (SET_TYPE, ID, NUMBER_OF_REPS, STATUS , WEIGHT , WEIGHT_KG, EXERCISE_ACTIVITY_ID) VALUES ('WeightedSet', 43032, 9.0, 1, null, 22.5, 4303);
INSERT INTO EXERCISE_ACTIVITY_ENTITY (ID, NOTES, EXERCISE_ID, WORKOUT_ID) VALUES (4304, '', SELECT ID FROM EXERCISE_ENTITY WHERE NAME = 'Lying Leg Raise', 43);
INSERT INTO EXERCISE_SET_ENTITY (SET_TYPE, ID, NUMBER_OF_REPS, STATUS , WEIGHT , WEIGHT_KG, EXERCISE_ACTIVITY_ID) VALUES ('NonWeightedSet', 43040, 10.0, 0, 'body', null, 4304);
INSERT INTO EXERCISE_SET_ENTITY (SET_TYPE, ID, NUMBER_OF_REPS, STATUS , WEIGHT , WEIGHT_KG, EXERCISE_ACTIVITY_ID) VALUES ('NonWeightedSet', 43041, 10.0, 0, 'body', null, 4304);
INSERT INTO EXERCISE_ACTIVITY_ENTITY (ID, NOTES, EXERCISE_ID, WORKOUT_ID) VALUES (4305, '', SELECT ID FROM EXERCISE_ENTITY WHERE NAME = 'Cable Crunch', 43);
INSERT INTO EXERCISE_SET_ENTITY (SET_TYPE, ID, NUMBER_OF_REPS, STATUS , WEIGHT , WEIGHT_KG, EXERCISE_ACTIVITY_ID) VALUES ('NonWeightedSet', 43050, 10.0, 0, 'red band', null, 4305);
INSERT INTO EXERCISE_SET_ENTITY (SET_TYPE, ID, NUMBER_OF_REPS, STATUS , WEIGHT , WEIGHT_KG, EXERCISE_ACTIVITY_ID) VALUES ('NonWeightedSet', 43051, 10.0, 0, 'red band', null, 4305);
INSERT INTO EXERCISE_ACTIVITY_ENTITY (ID, NOTES, EXERCISE_ID, WORKOUT_ID) VALUES (4306, '', SELECT ID FROM EXERCISE_ENTITY WHERE NAME = 'Plank', 43);
INSERT INTO EXERCISE_SET_ENTITY (SET_TYPE, ID, NUMBER_OF_REPS, STATUS , WEIGHT , WEIGHT_KG, EXERCISE_ACTIVITY_ID) VALUES ('NonWeightedSet', 43060, 1, 0, '45 seconds', null, 4306);
INSERT INTO EXERCISE_SET_ENTITY (SET_TYPE, ID, NUMBER_OF_REPS, STATUS , WEIGHT , WEIGHT_KG, EXERCISE_ACTIVITY_ID) VALUES ('NonWeightedSet', 43061, 1, 0, '40 seconds', null, 4306);
INSERT INTO EXERCISE_ACTIVITY_ENTITY (ID, NOTES, EXERCISE_ID, WORKOUT_ID) VALUES (4307, '', SELECT ID FROM EXERCISE_ENTITY WHERE NAME = 'Facepull', 43);
INSERT INTO EXERCISE_SET_ENTITY (SET_TYPE, ID, NUMBER_OF_REPS, STATUS , WEIGHT , WEIGHT_KG, EXERCISE_ACTIVITY_ID) VALUES ('NonWeightedSet', 43070, 15.0, 0, 'yellow band', null, 4307);
INSERT INTO EXERCISE_SET_ENTITY (SET_TYPE, ID, NUMBER_OF_REPS, STATUS , WEIGHT , WEIGHT_KG, EXERCISE_ACTIVITY_ID) VALUES ('NonWeightedSet', 43071, 15.0, 0, 'yellow band', null, 4307);
INSERT INTO WORKOUT_ENTITY (ID, NOTES, PERFORMED_AT_TIMESTAMP_UTC, WORKOUT_TYPE) VALUES (44, 'Notes', '2019-10-18 15:10:00', 'PUSH');
INSERT INTO EXERCISE_ACTIVITY_ENTITY (ID, NOTES, EXERCISE_ID, WORKOUT_ID) VALUES (4400, '', SELECT ID FROM EXERCISE_ENTITY WHERE NAME = 'Bench Press', 44);
INSERT INTO EXERCISE_SET_ENTITY (SET_TYPE, ID, NUMBER_OF_REPS, STATUS , WEIGHT , WEIGHT_KG, EXERCISE_ACTIVITY_ID) VALUES ('WeightedSet', 44000, 8.0, 0, null, 20, 4400);
INSERT INTO EXERCISE_SET_ENTITY (SET_TYPE, ID, NUMBER_OF_REPS, STATUS , WEIGHT , WEIGHT_KG, EXERCISE_ACTIVITY_ID) VALUES ('WeightedSet', 44001, 8.0, 0, null, 40, 4400);
INSERT INTO EXERCISE_SET_ENTITY (SET_TYPE, ID, NUMBER_OF_REPS, STATUS , WEIGHT , WEIGHT_KG, EXERCISE_ACTIVITY_ID) VALUES ('WeightedSet', 44002, 8.0, 0, null, 52.5, 4400);
INSERT INTO EXERCISE_SET_ENTITY (SET_TYPE, ID, NUMBER_OF_REPS, STATUS , WEIGHT , WEIGHT_KG, EXERCISE_ACTIVITY_ID) VALUES ('WeightedSet', 44003, 8.0, 0, null, 52.5, 4400);
INSERT INTO EXERCISE_SET_ENTITY (SET_TYPE, ID, NUMBER_OF_REPS, STATUS , WEIGHT , WEIGHT_KG, EXERCISE_ACTIVITY_ID) VALUES ('WeightedSet', 44004, 6.0, 1, null, 52.5, 4400);
INSERT INTO EXERCISE_ACTIVITY_ENTITY (ID, NOTES, EXERCISE_ID, WORKOUT_ID) VALUES (4401, '', SELECT ID FROM EXERCISE_ENTITY WHERE NAME = 'Overhead Press', 44);
INSERT INTO EXERCISE_SET_ENTITY (SET_TYPE, ID, NUMBER_OF_REPS, STATUS , WEIGHT , WEIGHT_KG, EXERCISE_ACTIVITY_ID) VALUES ('WeightedSet', 44010, 5.0, 0, null, 20, 4401);
INSERT INTO EXERCISE_SET_ENTITY (SET_TYPE, ID, NUMBER_OF_REPS, STATUS , WEIGHT , WEIGHT_KG, EXERCISE_ACTIVITY_ID) VALUES ('WeightedSet', 44011, 5.0, 0, null, 37.5, 4401);
INSERT INTO EXERCISE_SET_ENTITY (SET_TYPE, ID, NUMBER_OF_REPS, STATUS , WEIGHT , WEIGHT_KG, EXERCISE_ACTIVITY_ID) VALUES ('WeightedSet', 44012, 5.0, 0, null, 37.5, 4401);
INSERT INTO EXERCISE_SET_ENTITY (SET_TYPE, ID, NUMBER_OF_REPS, STATUS , WEIGHT , WEIGHT_KG, EXERCISE_ACTIVITY_ID) VALUES ('WeightedSet', 44013, 5.0, 0, null, 37.5, 4401);
INSERT INTO EXERCISE_SET_ENTITY (SET_TYPE, ID, NUMBER_OF_REPS, STATUS , WEIGHT , WEIGHT_KG, EXERCISE_ACTIVITY_ID) VALUES ('WeightedSet', 44014, 5.0, 0, null, 37.5, 4401);
INSERT INTO EXERCISE_SET_ENTITY (SET_TYPE, ID, NUMBER_OF_REPS, STATUS , WEIGHT , WEIGHT_KG, EXERCISE_ACTIVITY_ID) VALUES ('WeightedSet', 44015, 5.0, 0, null, 37.5, 4401);
INSERT INTO EXERCISE_ACTIVITY_ENTITY (ID, NOTES, EXERCISE_ID, WORKOUT_ID) VALUES (4402, '', SELECT ID FROM EXERCISE_ENTITY WHERE NAME = 'Incline Dumbbell Press', 44);
INSERT INTO EXERCISE_SET_ENTITY (SET_TYPE, ID, NUMBER_OF_REPS, STATUS , WEIGHT , WEIGHT_KG, EXERCISE_ACTIVITY_ID) VALUES ('WeightedSet', 44020, 10.0, 0, null, 15, 4402);
INSERT INTO EXERCISE_SET_ENTITY (SET_TYPE, ID, NUMBER_OF_REPS, STATUS , WEIGHT , WEIGHT_KG, EXERCISE_ACTIVITY_ID) VALUES ('WeightedSet', 44021, 7.0, 1, null, 20, 4402);
INSERT INTO EXERCISE_SET_ENTITY (SET_TYPE, ID, NUMBER_OF_REPS, STATUS , WEIGHT , WEIGHT_KG, EXERCISE_ACTIVITY_ID) VALUES ('WeightedSet', 44022, 7.0, 1, null, 15, 4402);
INSERT INTO EXERCISE_ACTIVITY_ENTITY (ID, NOTES, EXERCISE_ID, WORKOUT_ID) VALUES (4403, '', SELECT ID FROM EXERCISE_ENTITY WHERE NAME = 'Lateral Raise', 44);
INSERT INTO EXERCISE_SET_ENTITY (SET_TYPE, ID, NUMBER_OF_REPS, STATUS , WEIGHT , WEIGHT_KG, EXERCISE_ACTIVITY_ID) VALUES ('WeightedSet', 44030, 15.0, 0, null, 2.5, 4403);
INSERT INTO EXERCISE_SET_ENTITY (SET_TYPE, ID, NUMBER_OF_REPS, STATUS , WEIGHT , WEIGHT_KG, EXERCISE_ACTIVITY_ID) VALUES ('WeightedSet', 44031, 14.0, 1, null, 5, 4403);
INSERT INTO EXERCISE_SET_ENTITY (SET_TYPE, ID, NUMBER_OF_REPS, STATUS , WEIGHT , WEIGHT_KG, EXERCISE_ACTIVITY_ID) VALUES ('WeightedSet', 44032, 10.0, 1, null, 5, 4403);
INSERT INTO EXERCISE_ACTIVITY_ENTITY (ID, NOTES, EXERCISE_ID, WORKOUT_ID) VALUES (4404, '', SELECT ID FROM EXERCISE_ENTITY WHERE NAME = 'Skullcrusher', 44);
INSERT INTO EXERCISE_SET_ENTITY (SET_TYPE, ID, NUMBER_OF_REPS, STATUS , WEIGHT , WEIGHT_KG, EXERCISE_ACTIVITY_ID) VALUES ('WeightedSet', 44040, 10.0, 0, null, 5, 4404);
INSERT INTO EXERCISE_SET_ENTITY (SET_TYPE, ID, NUMBER_OF_REPS, STATUS , WEIGHT , WEIGHT_KG, EXERCISE_ACTIVITY_ID) VALUES ('WeightedSet', 44041, 8.0, 0, null, 7.5, 4404);
INSERT INTO EXERCISE_SET_ENTITY (SET_TYPE, ID, NUMBER_OF_REPS, STATUS , WEIGHT , WEIGHT_KG, EXERCISE_ACTIVITY_ID) VALUES ('WeightedSet', 44042, 8.0, 0, null, 7.5, 4404);
INSERT INTO WORKOUT_ENTITY (ID, NOTES, PERFORMED_AT_TIMESTAMP_UTC, WORKOUT_TYPE) VALUES (45, 'Notes', '2019-10-21 15:50:00', 'PULL');
INSERT INTO EXERCISE_ACTIVITY_ENTITY (ID, NOTES, EXERCISE_ID, WORKOUT_ID) VALUES (4500, '', SELECT ID FROM EXERCISE_ENTITY WHERE NAME = 'Deadlift', 45);
INSERT INTO EXERCISE_SET_ENTITY (SET_TYPE, ID, NUMBER_OF_REPS, STATUS , WEIGHT , WEIGHT_KG, EXERCISE_ACTIVITY_ID) VALUES ('WeightedSet', 45000, 5.0, 0, null, 20, 4500);
INSERT INTO EXERCISE_SET_ENTITY (SET_TYPE, ID, NUMBER_OF_REPS, STATUS , WEIGHT , WEIGHT_KG, EXERCISE_ACTIVITY_ID) VALUES ('WeightedSet', 45001, 3.0, 0, null, 60, 4500);
INSERT INTO EXERCISE_SET_ENTITY (SET_TYPE, ID, NUMBER_OF_REPS, STATUS , WEIGHT , WEIGHT_KG, EXERCISE_ACTIVITY_ID) VALUES ('WeightedSet', 45002, 3.0, 0, null, 90, 4500);
INSERT INTO EXERCISE_SET_ENTITY (SET_TYPE, ID, NUMBER_OF_REPS, STATUS , WEIGHT , WEIGHT_KG, EXERCISE_ACTIVITY_ID) VALUES ('WeightedSet', 45003, 2.0, 0, null, 110, 4500);
INSERT INTO EXERCISE_SET_ENTITY (SET_TYPE, ID, NUMBER_OF_REPS, STATUS , WEIGHT , WEIGHT_KG, EXERCISE_ACTIVITY_ID) VALUES ('WeightedSet', 45004, 1.0, 0, null, 125, 4500);
INSERT INTO EXERCISE_SET_ENTITY (SET_TYPE, ID, NUMBER_OF_REPS, STATUS , WEIGHT , WEIGHT_KG, EXERCISE_ACTIVITY_ID) VALUES ('WeightedSet', 45005, 5.0, 0, null, 135, 4500);
INSERT INTO EXERCISE_SET_ENTITY (SET_TYPE, ID, NUMBER_OF_REPS, STATUS , WEIGHT , WEIGHT_KG, EXERCISE_ACTIVITY_ID) VALUES ('WeightedSet', 45006, 5.0, 0, null, 90, 4500);
INSERT INTO EXERCISE_ACTIVITY_ENTITY (ID, NOTES, EXERCISE_ID, WORKOUT_ID) VALUES (4501, '', SELECT ID FROM EXERCISE_ENTITY WHERE NAME = 'Pull Up', 45);
INSERT INTO EXERCISE_SET_ENTITY (SET_TYPE, ID, NUMBER_OF_REPS, STATUS , WEIGHT , WEIGHT_KG, EXERCISE_ACTIVITY_ID) VALUES ('NonWeightedSet', 45010, 6.0, 0, 'body', null, 4501);
INSERT INTO EXERCISE_SET_ENTITY (SET_TYPE, ID, NUMBER_OF_REPS, STATUS , WEIGHT , WEIGHT_KG, EXERCISE_ACTIVITY_ID) VALUES ('NonWeightedSet', 45011, 6.0, 0, 'body', null, 4501);
INSERT INTO EXERCISE_SET_ENTITY (SET_TYPE, ID, NUMBER_OF_REPS, STATUS , WEIGHT , WEIGHT_KG, EXERCISE_ACTIVITY_ID) VALUES ('NonWeightedSet', 45012, 5.0, 1, 'body', null, 4501);
INSERT INTO EXERCISE_ACTIVITY_ENTITY (ID, NOTES, EXERCISE_ID, WORKOUT_ID) VALUES (4502, '', SELECT ID FROM EXERCISE_ENTITY WHERE NAME = 'Inverted Row', 45);
INSERT INTO EXERCISE_SET_ENTITY (SET_TYPE, ID, NUMBER_OF_REPS, STATUS , WEIGHT , WEIGHT_KG, EXERCISE_ACTIVITY_ID) VALUES ('NonWeightedSet', 45020, 10.0, 0, 'body', null, 4502);
INSERT INTO EXERCISE_SET_ENTITY (SET_TYPE, ID, NUMBER_OF_REPS, STATUS , WEIGHT , WEIGHT_KG, EXERCISE_ACTIVITY_ID) VALUES ('NonWeightedSet', 45021, 10.0, 0, 'body', null, 4502);
INSERT INTO EXERCISE_SET_ENTITY (SET_TYPE, ID, NUMBER_OF_REPS, STATUS , WEIGHT , WEIGHT_KG, EXERCISE_ACTIVITY_ID) VALUES ('NonWeightedSet', 45022, 10.0, 0, 'body', null, 4502);
INSERT INTO EXERCISE_ACTIVITY_ENTITY (ID, NOTES, EXERCISE_ID, WORKOUT_ID) VALUES (4503, '', SELECT ID FROM EXERCISE_ENTITY WHERE NAME = 'Barbell Curl', 45);
INSERT INTO EXERCISE_SET_ENTITY (SET_TYPE, ID, NUMBER_OF_REPS, STATUS , WEIGHT , WEIGHT_KG, EXERCISE_ACTIVITY_ID) VALUES ('WeightedSet', 45030, 10.0, 0, null, 22.5, 4503);
INSERT INTO EXERCISE_SET_ENTITY (SET_TYPE, ID, NUMBER_OF_REPS, STATUS , WEIGHT , WEIGHT_KG, EXERCISE_ACTIVITY_ID) VALUES ('WeightedSet', 45031, 10.0, 0, null, 22.5, 4503);
INSERT INTO EXERCISE_SET_ENTITY (SET_TYPE, ID, NUMBER_OF_REPS, STATUS , WEIGHT , WEIGHT_KG, EXERCISE_ACTIVITY_ID) VALUES ('WeightedSet', 45032, 10.0, 0, null, 22.5, 4503);
INSERT INTO EXERCISE_ACTIVITY_ENTITY (ID, NOTES, EXERCISE_ID, WORKOUT_ID) VALUES (4504, '', SELECT ID FROM EXERCISE_ENTITY WHERE NAME = 'Dumbbell Hammer Curl', 45);
INSERT INTO EXERCISE_SET_ENTITY (SET_TYPE, ID, NUMBER_OF_REPS, STATUS , WEIGHT , WEIGHT_KG, EXERCISE_ACTIVITY_ID) VALUES ('WeightedSet', 45040, 6.0, 0, null, 10, 4504);
INSERT INTO EXERCISE_SET_ENTITY (SET_TYPE, ID, NUMBER_OF_REPS, STATUS , WEIGHT , WEIGHT_KG, EXERCISE_ACTIVITY_ID) VALUES ('WeightedSet', 45041, 8.0, 0, null, 10, 4504);
INSERT INTO EXERCISE_ACTIVITY_ENTITY (ID, NOTES, EXERCISE_ID, WORKOUT_ID) VALUES (4505, '', SELECT ID FROM EXERCISE_ENTITY WHERE NAME = 'Facepull', 45);
INSERT INTO EXERCISE_SET_ENTITY (SET_TYPE, ID, NUMBER_OF_REPS, STATUS , WEIGHT , WEIGHT_KG, EXERCISE_ACTIVITY_ID) VALUES ('NonWeightedSet', 45050, 16.0, 0, 'yellow band', null, 4505);
INSERT INTO EXERCISE_SET_ENTITY (SET_TYPE, ID, NUMBER_OF_REPS, STATUS , WEIGHT , WEIGHT_KG, EXERCISE_ACTIVITY_ID) VALUES ('NonWeightedSet', 45051, 15.0, 0, 'yellow band', null, 4505);
INSERT INTO EXERCISE_ACTIVITY_ENTITY (ID, NOTES, EXERCISE_ID, WORKOUT_ID) VALUES (4506, '', SELECT ID FROM EXERCISE_ENTITY WHERE NAME = 'Dumbbell Carry', 45);
INSERT INTO EXERCISE_SET_ENTITY (SET_TYPE, ID, NUMBER_OF_REPS, STATUS , WEIGHT , WEIGHT_KG, EXERCISE_ACTIVITY_ID) VALUES ('WeightedSet', 45060, 25 seconds, 0, null, 32.5, 4506);
INSERT INTO WORKOUT_ENTITY (ID, NOTES, PERFORMED_AT_TIMESTAMP_UTC, WORKOUT_TYPE) VALUES (46, 'Notes', '2019-10-22 15:35:00', 'PUSH');
INSERT INTO EXERCISE_ACTIVITY_ENTITY (ID, NOTES, EXERCISE_ID, WORKOUT_ID) VALUES (4600, '', SELECT ID FROM EXERCISE_ENTITY WHERE NAME = 'Bench Press', 46);
INSERT INTO EXERCISE_SET_ENTITY (SET_TYPE, ID, NUMBER_OF_REPS, STATUS , WEIGHT , WEIGHT_KG, EXERCISE_ACTIVITY_ID) VALUES ('WeightedSet', 46000, 6.0, 0, null, 22.5, 4600);
INSERT INTO EXERCISE_SET_ENTITY (SET_TYPE, ID, NUMBER_OF_REPS, STATUS , WEIGHT , WEIGHT_KG, EXERCISE_ACTIVITY_ID) VALUES ('WeightedSet', 46001, 5.0, 0, null, 40, 4600);
INSERT INTO EXERCISE_SET_ENTITY (SET_TYPE, ID, NUMBER_OF_REPS, STATUS , WEIGHT , WEIGHT_KG, EXERCISE_ACTIVITY_ID) VALUES ('WeightedSet', 46002, 3.0, 0, null, 50, 4600);
INSERT INTO EXERCISE_SET_ENTITY (SET_TYPE, ID, NUMBER_OF_REPS, STATUS , WEIGHT , WEIGHT_KG, EXERCISE_ACTIVITY_ID) VALUES ('WeightedSet', 46003, 5.0, 0, null, 62.5, 4600);
INSERT INTO EXERCISE_SET_ENTITY (SET_TYPE, ID, NUMBER_OF_REPS, STATUS , WEIGHT , WEIGHT_KG, EXERCISE_ACTIVITY_ID) VALUES ('WeightedSet', 46004, 5.0, 0, null, 62.5, 4600);
INSERT INTO EXERCISE_SET_ENTITY (SET_TYPE, ID, NUMBER_OF_REPS, STATUS , WEIGHT , WEIGHT_KG, EXERCISE_ACTIVITY_ID) VALUES ('WeightedSet', 46005, 4.0, 1, null, 62.5, 4600);
INSERT INTO EXERCISE_SET_ENTITY (SET_TYPE, ID, NUMBER_OF_REPS, STATUS , WEIGHT , WEIGHT_KG, EXERCISE_ACTIVITY_ID) VALUES ('WeightedSet', 46006, 4.0, 1, null, 62.5, 4600);
INSERT INTO EXERCISE_SET_ENTITY (SET_TYPE, ID, NUMBER_OF_REPS, STATUS , WEIGHT , WEIGHT_KG, EXERCISE_ACTIVITY_ID) VALUES ('WeightedSet', 46007, 2.0, 1, null, 62.5, 4600);
INSERT INTO EXERCISE_ACTIVITY_ENTITY (ID, NOTES, EXERCISE_ID, WORKOUT_ID) VALUES (4601, '', SELECT ID FROM EXERCISE_ENTITY WHERE NAME = 'Overhead Press', 46);
INSERT INTO EXERCISE_SET_ENTITY (SET_TYPE, ID, NUMBER_OF_REPS, STATUS , WEIGHT , WEIGHT_KG, EXERCISE_ACTIVITY_ID) VALUES ('WeightedSet', 46010, 8.0, 0, null, 20, 4601);
INSERT INTO EXERCISE_SET_ENTITY (SET_TYPE, ID, NUMBER_OF_REPS, STATUS , WEIGHT , WEIGHT_KG, EXERCISE_ACTIVITY_ID) VALUES ('WeightedSet', 46011, 8.0, 0, null, 35, 4601);
INSERT INTO EXERCISE_SET_ENTITY (SET_TYPE, ID, NUMBER_OF_REPS, STATUS , WEIGHT , WEIGHT_KG, EXERCISE_ACTIVITY_ID) VALUES ('WeightedSet', 46012, 8.0, 0, null, 35, 4601);
INSERT INTO EXERCISE_SET_ENTITY (SET_TYPE, ID, NUMBER_OF_REPS, STATUS , WEIGHT , WEIGHT_KG, EXERCISE_ACTIVITY_ID) VALUES ('WeightedSet', 46013, 7.0, 1, null, 35, 4601);
INSERT INTO EXERCISE_ACTIVITY_ENTITY (ID, NOTES, EXERCISE_ID, WORKOUT_ID) VALUES (4602, '', SELECT ID FROM EXERCISE_ENTITY WHERE NAME = 'Incline Dumbbell Press', 46);
INSERT INTO EXERCISE_SET_ENTITY (SET_TYPE, ID, NUMBER_OF_REPS, STATUS , WEIGHT , WEIGHT_KG, EXERCISE_ACTIVITY_ID) VALUES ('WeightedSet', 46020, 8.0, 0, null, 10, 4602);
INSERT INTO EXERCISE_SET_ENTITY (SET_TYPE, ID, NUMBER_OF_REPS, STATUS , WEIGHT , WEIGHT_KG, EXERCISE_ACTIVITY_ID) VALUES ('WeightedSet', 46021, 8.0, 0, null, 15, 4602);
INSERT INTO EXERCISE_SET_ENTITY (SET_TYPE, ID, NUMBER_OF_REPS, STATUS , WEIGHT , WEIGHT_KG, EXERCISE_ACTIVITY_ID) VALUES ('WeightedSet', 46022, 6.0, 1, null, 15, 4602);
INSERT INTO EXERCISE_ACTIVITY_ENTITY (ID, NOTES, EXERCISE_ID, WORKOUT_ID) VALUES (4603, '', SELECT ID FROM EXERCISE_ENTITY WHERE NAME = 'Lateral Raise', 46);
INSERT INTO EXERCISE_SET_ENTITY (SET_TYPE, ID, NUMBER_OF_REPS, STATUS , WEIGHT , WEIGHT_KG, EXERCISE_ACTIVITY_ID) VALUES ('WeightedSet', 46030, 15.0, 0, null, 2.5, 4603);
INSERT INTO EXERCISE_SET_ENTITY (SET_TYPE, ID, NUMBER_OF_REPS, STATUS , WEIGHT , WEIGHT_KG, EXERCISE_ACTIVITY_ID) VALUES ('WeightedSet', 46031, 15.0, 0, null, 5, 4603);
INSERT INTO EXERCISE_SET_ENTITY (SET_TYPE, ID, NUMBER_OF_REPS, STATUS , WEIGHT , WEIGHT_KG, EXERCISE_ACTIVITY_ID) VALUES ('WeightedSet', 46032, 15.0, 0, null, 5, 4603);
INSERT INTO EXERCISE_ACTIVITY_ENTITY (ID, NOTES, EXERCISE_ID, WORKOUT_ID) VALUES (4604, '', SELECT ID FROM EXERCISE_ENTITY WHERE NAME = 'Skullcrusher', 46);
INSERT INTO EXERCISE_SET_ENTITY (SET_TYPE, ID, NUMBER_OF_REPS, STATUS , WEIGHT , WEIGHT_KG, EXERCISE_ACTIVITY_ID) VALUES ('WeightedSet', 46040, 10.0, 0, null, 5, 4604);
INSERT INTO EXERCISE_SET_ENTITY (SET_TYPE, ID, NUMBER_OF_REPS, STATUS , WEIGHT , WEIGHT_KG, EXERCISE_ACTIVITY_ID) VALUES ('WeightedSet', 46041, 8.0, 0, null, 7.5, 4604);
INSERT INTO EXERCISE_SET_ENTITY (SET_TYPE, ID, NUMBER_OF_REPS, STATUS , WEIGHT , WEIGHT_KG, EXERCISE_ACTIVITY_ID) VALUES ('WeightedSet', 46042, 9.0, 0, null, 7.5, 4604);
INSERT INTO WORKOUT_ENTITY (ID, NOTES, PERFORMED_AT_TIMESTAMP_UTC, WORKOUT_TYPE) VALUES (47, 'Notes', '2019-10-23 15:50:00', 'LEGS');
INSERT INTO EXERCISE_ACTIVITY_ENTITY (ID, NOTES, EXERCISE_ID, WORKOUT_ID) VALUES (4700, '', SELECT ID FROM EXERCISE_ENTITY WHERE NAME = 'Squat', 47);
INSERT INTO EXERCISE_SET_ENTITY (SET_TYPE, ID, NUMBER_OF_REPS, STATUS , WEIGHT , WEIGHT_KG, EXERCISE_ACTIVITY_ID) VALUES ('NonWeightedSet', 47000, 8.0, 0, 'body', null, 4700);
INSERT INTO EXERCISE_SET_ENTITY (SET_TYPE, ID, NUMBER_OF_REPS, STATUS , WEIGHT , WEIGHT_KG, EXERCISE_ACTIVITY_ID) VALUES ('WeightedSet', 47001, 5.0, 0, null, 20, 4700);
INSERT INTO EXERCISE_SET_ENTITY (SET_TYPE, ID, NUMBER_OF_REPS, STATUS , WEIGHT , WEIGHT_KG, EXERCISE_ACTIVITY_ID) VALUES ('WeightedSet', 47002, 5.0, 0, null, 40, 4700);
INSERT INTO EXERCISE_SET_ENTITY (SET_TYPE, ID, NUMBER_OF_REPS, STATUS , WEIGHT , WEIGHT_KG, EXERCISE_ACTIVITY_ID) VALUES ('WeightedSet', 47003, 2.0, 0, null, 60, 4700);
INSERT INTO EXERCISE_SET_ENTITY (SET_TYPE, ID, NUMBER_OF_REPS, STATUS , WEIGHT , WEIGHT_KG, EXERCISE_ACTIVITY_ID) VALUES ('WeightedSet', 47004, 2.0, 0, null, 70, 4700);
INSERT INTO EXERCISE_SET_ENTITY (SET_TYPE, ID, NUMBER_OF_REPS, STATUS , WEIGHT , WEIGHT_KG, EXERCISE_ACTIVITY_ID) VALUES ('WeightedSet', 47005, 5.0, 0, null, 85, 4700);
INSERT INTO EXERCISE_SET_ENTITY (SET_TYPE, ID, NUMBER_OF_REPS, STATUS , WEIGHT , WEIGHT_KG, EXERCISE_ACTIVITY_ID) VALUES ('WeightedSet', 47006, 5.0, 0, null, 85, 4700);
INSERT INTO EXERCISE_SET_ENTITY (SET_TYPE, ID, NUMBER_OF_REPS, STATUS , WEIGHT , WEIGHT_KG, EXERCISE_ACTIVITY_ID) VALUES ('WeightedSet', 47007, 4.0, 1, null, 85, 4700);
INSERT INTO EXERCISE_ACTIVITY_ENTITY (ID, NOTES, EXERCISE_ID, WORKOUT_ID) VALUES (4701, '', SELECT ID FROM EXERCISE_ENTITY WHERE NAME = 'Romanian Deadlift', 47);
INSERT INTO EXERCISE_SET_ENTITY (SET_TYPE, ID, NUMBER_OF_REPS, STATUS , WEIGHT , WEIGHT_KG, EXERCISE_ACTIVITY_ID) VALUES ('WeightedSet', 47010, 8.0, 0, null, 20, 4701);
INSERT INTO EXERCISE_SET_ENTITY (SET_TYPE, ID, NUMBER_OF_REPS, STATUS , WEIGHT , WEIGHT_KG, EXERCISE_ACTIVITY_ID) VALUES ('WeightedSet', 47011, 8.0, 0, null, 45, 4701);
INSERT INTO EXERCISE_SET_ENTITY (SET_TYPE, ID, NUMBER_OF_REPS, STATUS , WEIGHT , WEIGHT_KG, EXERCISE_ACTIVITY_ID) VALUES ('WeightedSet', 47012, 8.0, 0, null, 45, 4701);
INSERT INTO EXERCISE_SET_ENTITY (SET_TYPE, ID, NUMBER_OF_REPS, STATUS , WEIGHT , WEIGHT_KG, EXERCISE_ACTIVITY_ID) VALUES ('WeightedSet', 47013, 8.0, 0, null, 45, 4701);
INSERT INTO EXERCISE_ACTIVITY_ENTITY (ID, NOTES, EXERCISE_ID, WORKOUT_ID) VALUES (4702, '', SELECT ID FROM EXERCISE_ENTITY WHERE NAME = 'Front Squat', 47);
INSERT INTO EXERCISE_SET_ENTITY (SET_TYPE, ID, NUMBER_OF_REPS, STATUS , WEIGHT , WEIGHT_KG, EXERCISE_ACTIVITY_ID) VALUES ('WeightedSet', 47020, 8.0, 0, null, 20, 4702);
INSERT INTO EXERCISE_SET_ENTITY (SET_TYPE, ID, NUMBER_OF_REPS, STATUS , WEIGHT , WEIGHT_KG, EXERCISE_ACTIVITY_ID) VALUES ('WeightedSet', 47021, 8.0, 0, null, 20, 4702);
INSERT INTO EXERCISE_SET_ENTITY (SET_TYPE, ID, NUMBER_OF_REPS, STATUS , WEIGHT , WEIGHT_KG, EXERCISE_ACTIVITY_ID) VALUES ('WeightedSet', 47022, 8.0, 0, null, 20, 4702);
INSERT INTO EXERCISE_ACTIVITY_ENTITY (ID, NOTES, EXERCISE_ID, WORKOUT_ID) VALUES (4703, '', SELECT ID FROM EXERCISE_ENTITY WHERE NAME = 'Frog Pump', 47);
INSERT INTO EXERCISE_SET_ENTITY (SET_TYPE, ID, NUMBER_OF_REPS, STATUS , WEIGHT , WEIGHT_KG, EXERCISE_ACTIVITY_ID) VALUES ('NonWeightedSet', 47030, 8.0, 0, 'body', null, 4703);
INSERT INTO EXERCISE_ACTIVITY_ENTITY (ID, NOTES, EXERCISE_ID, WORKOUT_ID) VALUES (4704, '', SELECT ID FROM EXERCISE_ENTITY WHERE NAME = 'Band Pull Through', 47);
INSERT INTO EXERCISE_SET_ENTITY (SET_TYPE, ID, NUMBER_OF_REPS, STATUS , WEIGHT , WEIGHT_KG, EXERCISE_ACTIVITY_ID) VALUES ('NonWeightedSet', 47040, 20.0, 0, 'red band', null, 4704);
INSERT INTO EXERCISE_SET_ENTITY (SET_TYPE, ID, NUMBER_OF_REPS, STATUS , WEIGHT , WEIGHT_KG, EXERCISE_ACTIVITY_ID) VALUES ('NonWeightedSet', 47041, 20.0, 0, 'red band', null, 4704);
INSERT INTO EXERCISE_ACTIVITY_ENTITY (ID, NOTES, EXERCISE_ID, WORKOUT_ID) VALUES (4705, '', SELECT ID FROM EXERCISE_ENTITY WHERE NAME = 'Glute Bridge', 47);
INSERT INTO EXERCISE_SET_ENTITY (SET_TYPE, ID, NUMBER_OF_REPS, STATUS , WEIGHT , WEIGHT_KG, EXERCISE_ACTIVITY_ID) VALUES ('NonWeightedSet', 47050, 10.0, 0, 'body', null, 4705);
INSERT INTO EXERCISE_ACTIVITY_ENTITY (ID, NOTES, EXERCISE_ID, WORKOUT_ID) VALUES (4706, '', SELECT ID FROM EXERCISE_ENTITY WHERE NAME = 'Leg Curl', 47);
INSERT INTO EXERCISE_SET_ENTITY (SET_TYPE, ID, NUMBER_OF_REPS, STATUS , WEIGHT , WEIGHT_KG, EXERCISE_ACTIVITY_ID) VALUES ('NonWeightedSet', 47060, 10.0, 0, 'red band', null, 4706);
INSERT INTO EXERCISE_SET_ENTITY (SET_TYPE, ID, NUMBER_OF_REPS, STATUS , WEIGHT , WEIGHT_KG, EXERCISE_ACTIVITY_ID) VALUES ('NonWeightedSet', 47061, 10.0, 0, 'red band', null, 4706);
INSERT INTO EXERCISE_ACTIVITY_ENTITY (ID, NOTES, EXERCISE_ID, WORKOUT_ID) VALUES (4707, '', SELECT ID FROM EXERCISE_ENTITY WHERE NAME = 'Seated Calf Raise', 47);
INSERT INTO EXERCISE_SET_ENTITY (SET_TYPE, ID, NUMBER_OF_REPS, STATUS , WEIGHT , WEIGHT_KG, EXERCISE_ACTIVITY_ID) VALUES ('WeightedSet', 47070, 12.0, 0, null, 20, 4707);
INSERT INTO EXERCISE_SET_ENTITY (SET_TYPE, ID, NUMBER_OF_REPS, STATUS , WEIGHT , WEIGHT_KG, EXERCISE_ACTIVITY_ID) VALUES ('WeightedSet', 47071, 12.0, 0, null, 20, 4707);
INSERT INTO EXERCISE_SET_ENTITY (SET_TYPE, ID, NUMBER_OF_REPS, STATUS , WEIGHT , WEIGHT_KG, EXERCISE_ACTIVITY_ID) VALUES ('WeightedSet', 47072, 12.0, 0, null, 20, 4707);
INSERT INTO EXERCISE_ACTIVITY_ENTITY (ID, NOTES, EXERCISE_ID, WORKOUT_ID) VALUES (4708, '', SELECT ID FROM EXERCISE_ENTITY WHERE NAME = 'Step Up', 47);
INSERT INTO EXERCISE_SET_ENTITY (SET_TYPE, ID, NUMBER_OF_REPS, STATUS , WEIGHT , WEIGHT_KG, EXERCISE_ACTIVITY_ID) VALUES ('NonWeightedSet', 47080, 10.0, 0, 'body', null, 4708);
INSERT INTO WORKOUT_ENTITY (ID, NOTES, PERFORMED_AT_TIMESTAMP_UTC, WORKOUT_TYPE) VALUES (48, 'Notes', '2019-10-24 16:05:00', 'PULL');
INSERT INTO EXERCISE_ACTIVITY_ENTITY (ID, NOTES, EXERCISE_ID, WORKOUT_ID) VALUES (4800, '', SELECT ID FROM EXERCISE_ENTITY WHERE NAME = 'Bent Over Row', 48);
INSERT INTO EXERCISE_SET_ENTITY (SET_TYPE, ID, NUMBER_OF_REPS, STATUS , WEIGHT , WEIGHT_KG, EXERCISE_ACTIVITY_ID) VALUES ('WeightedSet', 48000, 10.0, 0, null, 20, 4800);
INSERT INTO EXERCISE_SET_ENTITY (SET_TYPE, ID, NUMBER_OF_REPS, STATUS , WEIGHT , WEIGHT_KG, EXERCISE_ACTIVITY_ID) VALUES ('WeightedSet', 48001, 10.0, 0, null, 35, 4800);
INSERT INTO EXERCISE_SET_ENTITY (SET_TYPE, ID, NUMBER_OF_REPS, STATUS , WEIGHT , WEIGHT_KG, EXERCISE_ACTIVITY_ID) VALUES ('WeightedSet', 48002, 10.0, 0, null, 35, 4800);
INSERT INTO EXERCISE_SET_ENTITY (SET_TYPE, ID, NUMBER_OF_REPS, STATUS , WEIGHT , WEIGHT_KG, EXERCISE_ACTIVITY_ID) VALUES ('WeightedSet', 48003, 10.0, 0, null, 35, 4800);
INSERT INTO EXERCISE_ACTIVITY_ENTITY (ID, NOTES, EXERCISE_ID, WORKOUT_ID) VALUES (4801, '', SELECT ID FROM EXERCISE_ENTITY WHERE NAME = 'Chin Up', 48);
INSERT INTO EXERCISE_SET_ENTITY (SET_TYPE, ID, NUMBER_OF_REPS, STATUS , WEIGHT , WEIGHT_KG, EXERCISE_ACTIVITY_ID) VALUES ('NonWeightedSet', 48010, 6.0, 0, 'body', null, 4801);
INSERT INTO EXERCISE_SET_ENTITY (SET_TYPE, ID, NUMBER_OF_REPS, STATUS , WEIGHT , WEIGHT_KG, EXERCISE_ACTIVITY_ID) VALUES ('NonWeightedSet', 48011, 6.0, 0, 'body', null, 4801);
INSERT INTO EXERCISE_SET_ENTITY (SET_TYPE, ID, NUMBER_OF_REPS, STATUS , WEIGHT , WEIGHT_KG, EXERCISE_ACTIVITY_ID) VALUES ('NonWeightedSet', 48012, 6.0, 0, 'body', null, 4801);
INSERT INTO EXERCISE_ACTIVITY_ENTITY (ID, NOTES, EXERCISE_ID, WORKOUT_ID) VALUES (4802, '', SELECT ID FROM EXERCISE_ENTITY WHERE NAME = 'Inverted Row', 48);
INSERT INTO EXERCISE_SET_ENTITY (SET_TYPE, ID, NUMBER_OF_REPS, STATUS , WEIGHT , WEIGHT_KG, EXERCISE_ACTIVITY_ID) VALUES ('NonWeightedSet', 48020, 10.0, 0, 'body', null, 4802);
INSERT INTO EXERCISE_SET_ENTITY (SET_TYPE, ID, NUMBER_OF_REPS, STATUS , WEIGHT , WEIGHT_KG, EXERCISE_ACTIVITY_ID) VALUES ('NonWeightedSet', 48021, 9.0, 1, 'body', null, 4802);
INSERT INTO EXERCISE_SET_ENTITY (SET_TYPE, ID, NUMBER_OF_REPS, STATUS , WEIGHT , WEIGHT_KG, EXERCISE_ACTIVITY_ID) VALUES ('NonWeightedSet', 48022, 10.0, 0, 'body', null, 4802);
INSERT INTO EXERCISE_SET_ENTITY (SET_TYPE, ID, NUMBER_OF_REPS, STATUS , WEIGHT , WEIGHT_KG, EXERCISE_ACTIVITY_ID) VALUES ('NonWeightedSet', 48023, 10.0, 0, 'body', null, 4802);
INSERT INTO EXERCISE_ACTIVITY_ENTITY (ID, NOTES, EXERCISE_ID, WORKOUT_ID) VALUES (4803, '', SELECT ID FROM EXERCISE_ENTITY WHERE NAME = 'Dumbbell Curl', 48);
INSERT INTO EXERCISE_SET_ENTITY (SET_TYPE, ID, NUMBER_OF_REPS, STATUS , WEIGHT , WEIGHT_KG, EXERCISE_ACTIVITY_ID) VALUES ('WeightedSet', 48030, 10.0, 0, null, 7.5, 4803);
INSERT INTO EXERCISE_SET_ENTITY (SET_TYPE, ID, NUMBER_OF_REPS, STATUS , WEIGHT , WEIGHT_KG, EXERCISE_ACTIVITY_ID) VALUES ('WeightedSet', 48031, 10.0, 0, null, 10, 4803);
INSERT INTO EXERCISE_SET_ENTITY (SET_TYPE, ID, NUMBER_OF_REPS, STATUS , WEIGHT , WEIGHT_KG, EXERCISE_ACTIVITY_ID) VALUES ('WeightedSet', 48032, 10.0, 0, null, 10, 4803);
INSERT INTO EXERCISE_ACTIVITY_ENTITY (ID, NOTES, EXERCISE_ID, WORKOUT_ID) VALUES (4804, '', SELECT ID FROM EXERCISE_ENTITY WHERE NAME = 'Dumbbell Hammer Curl', 48);
INSERT INTO EXERCISE_SET_ENTITY (SET_TYPE, ID, NUMBER_OF_REPS, STATUS , WEIGHT , WEIGHT_KG, EXERCISE_ACTIVITY_ID) VALUES ('WeightedSet', 48040, 10.0, 0, null, 10, 4804);
INSERT INTO EXERCISE_SET_ENTITY (SET_TYPE, ID, NUMBER_OF_REPS, STATUS , WEIGHT , WEIGHT_KG, EXERCISE_ACTIVITY_ID) VALUES ('WeightedSet', 48041, 10.0, 0, null, 10, 4804);
INSERT INTO EXERCISE_SET_ENTITY (SET_TYPE, ID, NUMBER_OF_REPS, STATUS , WEIGHT , WEIGHT_KG, EXERCISE_ACTIVITY_ID) VALUES ('WeightedSet', 48042, 10.0, 0, null, 7.5, 4804);
INSERT INTO EXERCISE_ACTIVITY_ENTITY (ID, NOTES, EXERCISE_ID, WORKOUT_ID) VALUES (4805, '', SELECT ID FROM EXERCISE_ENTITY WHERE NAME = 'Barbell Curl', 48);
INSERT INTO EXERCISE_SET_ENTITY (SET_TYPE, ID, NUMBER_OF_REPS, STATUS , WEIGHT , WEIGHT_KG, EXERCISE_ACTIVITY_ID) VALUES ('WeightedSet', 48050, 10.0, 0, null, 20, 4805);
INSERT INTO EXERCISE_SET_ENTITY (SET_TYPE, ID, NUMBER_OF_REPS, STATUS , WEIGHT , WEIGHT_KG, EXERCISE_ACTIVITY_ID) VALUES ('WeightedSet', 48051, 10.0, 0, null, 20, 4805);
INSERT INTO EXERCISE_ACTIVITY_ENTITY (ID, NOTES, EXERCISE_ID, WORKOUT_ID) VALUES (4806, '', SELECT ID FROM EXERCISE_ENTITY WHERE NAME = 'Facepull', 48);
INSERT INTO EXERCISE_SET_ENTITY (SET_TYPE, ID, NUMBER_OF_REPS, STATUS , WEIGHT , WEIGHT_KG, EXERCISE_ACTIVITY_ID) VALUES ('NonWeightedSet', 48060, 20.0, 0, 'yellow band', null, 4806);
INSERT INTO EXERCISE_SET_ENTITY (SET_TYPE, ID, NUMBER_OF_REPS, STATUS , WEIGHT , WEIGHT_KG, EXERCISE_ACTIVITY_ID) VALUES ('NonWeightedSet', 48061, 20.0, 0, 'yellow band', null, 4806);
INSERT INTO WORKOUT_ENTITY (ID, NOTES, PERFORMED_AT_TIMESTAMP_UTC, WORKOUT_TYPE) VALUES (49, 'Notes', '2019-10-25 15:35:00', 'PUSH');
INSERT INTO EXERCISE_ACTIVITY_ENTITY (ID, NOTES, EXERCISE_ID, WORKOUT_ID) VALUES (4900, '', SELECT ID FROM EXERCISE_ENTITY WHERE NAME = 'Bench Press', 49);
INSERT INTO EXERCISE_SET_ENTITY (SET_TYPE, ID, NUMBER_OF_REPS, STATUS , WEIGHT , WEIGHT_KG, EXERCISE_ACTIVITY_ID) VALUES ('WeightedSet', 49000, 8.0, 0, null, 20, 4900);
INSERT INTO EXERCISE_SET_ENTITY (SET_TYPE, ID, NUMBER_OF_REPS, STATUS , WEIGHT , WEIGHT_KG, EXERCISE_ACTIVITY_ID) VALUES ('WeightedSet', 49001, 8.0, 0, null, 40, 4900);
INSERT INTO EXERCISE_SET_ENTITY (SET_TYPE, ID, NUMBER_OF_REPS, STATUS , WEIGHT , WEIGHT_KG, EXERCISE_ACTIVITY_ID) VALUES ('WeightedSet', 49002, 8.0, 0, null, 52.5, 4900);
INSERT INTO EXERCISE_SET_ENTITY (SET_TYPE, ID, NUMBER_OF_REPS, STATUS , WEIGHT , WEIGHT_KG, EXERCISE_ACTIVITY_ID) VALUES ('WeightedSet', 49003, 8.0, 0, null, 52.5, 4900);
INSERT INTO EXERCISE_SET_ENTITY (SET_TYPE, ID, NUMBER_OF_REPS, STATUS , WEIGHT , WEIGHT_KG, EXERCISE_ACTIVITY_ID) VALUES ('WeightedSet', 49004, 7.0, 1, null, 52.5, 4900);
INSERT INTO EXERCISE_ACTIVITY_ENTITY (ID, NOTES, EXERCISE_ID, WORKOUT_ID) VALUES (4901, '', SELECT ID FROM EXERCISE_ENTITY WHERE NAME = 'Overhead Press', 49);
INSERT INTO EXERCISE_SET_ENTITY (SET_TYPE, ID, NUMBER_OF_REPS, STATUS , WEIGHT , WEIGHT_KG, EXERCISE_ACTIVITY_ID) VALUES ('WeightedSet', 49010, 5.0, 0, null, 20, 4901);
INSERT INTO EXERCISE_SET_ENTITY (SET_TYPE, ID, NUMBER_OF_REPS, STATUS , WEIGHT , WEIGHT_KG, EXERCISE_ACTIVITY_ID) VALUES ('WeightedSet', 49011, 3.0, 0, null, 30, 4901);
INSERT INTO EXERCISE_SET_ENTITY (SET_TYPE, ID, NUMBER_OF_REPS, STATUS , WEIGHT , WEIGHT_KG, EXERCISE_ACTIVITY_ID) VALUES ('WeightedSet', 49012, 4.0, 1, null, 40, 4901);
INSERT INTO EXERCISE_SET_ENTITY (SET_TYPE, ID, NUMBER_OF_REPS, STATUS , WEIGHT , WEIGHT_KG, EXERCISE_ACTIVITY_ID) VALUES ('WeightedSet', 49013, 5.0, 0, null, 37.5, 4901);
INSERT INTO EXERCISE_SET_ENTITY (SET_TYPE, ID, NUMBER_OF_REPS, STATUS , WEIGHT , WEIGHT_KG, EXERCISE_ACTIVITY_ID) VALUES ('WeightedSet', 49014, 5.0, 0, null, 37.5, 4901);
INSERT INTO EXERCISE_SET_ENTITY (SET_TYPE, ID, NUMBER_OF_REPS, STATUS , WEIGHT , WEIGHT_KG, EXERCISE_ACTIVITY_ID) VALUES ('WeightedSet', 49015, 5.0, 0, null, 37.5, 4901);
INSERT INTO EXERCISE_SET_ENTITY (SET_TYPE, ID, NUMBER_OF_REPS, STATUS , WEIGHT , WEIGHT_KG, EXERCISE_ACTIVITY_ID) VALUES ('WeightedSet', 49016, 5.0, 0, null, 37.5, 4901);
INSERT INTO EXERCISE_ACTIVITY_ENTITY (ID, NOTES, EXERCISE_ID, WORKOUT_ID) VALUES (4902, '', SELECT ID FROM EXERCISE_ENTITY WHERE NAME = 'Incline Dumbbell Press', 49);
INSERT INTO EXERCISE_SET_ENTITY (SET_TYPE, ID, NUMBER_OF_REPS, STATUS , WEIGHT , WEIGHT_KG, EXERCISE_ACTIVITY_ID) VALUES ('WeightedSet', 49020, 8.0, 0, null, 10, 4902);
INSERT INTO EXERCISE_SET_ENTITY (SET_TYPE, ID, NUMBER_OF_REPS, STATUS , WEIGHT , WEIGHT_KG, EXERCISE_ACTIVITY_ID) VALUES ('WeightedSet', 49021, 8.0, 0, null, 15, 4902);
INSERT INTO EXERCISE_SET_ENTITY (SET_TYPE, ID, NUMBER_OF_REPS, STATUS , WEIGHT , WEIGHT_KG, EXERCISE_ACTIVITY_ID) VALUES ('WeightedSet', 49022, 8.0, 0, null, 15, 4902);
INSERT INTO EXERCISE_SET_ENTITY (SET_TYPE, ID, NUMBER_OF_REPS, STATUS , WEIGHT , WEIGHT_KG, EXERCISE_ACTIVITY_ID) VALUES ('WeightedSet', 49023, 8.0, 0, null, 15, 4902);
INSERT INTO EXERCISE_ACTIVITY_ENTITY (ID, NOTES, EXERCISE_ID, WORKOUT_ID) VALUES (4903, '', SELECT ID FROM EXERCISE_ENTITY WHERE NAME = 'Lateral Raise', 49);
INSERT INTO EXERCISE_SET_ENTITY (SET_TYPE, ID, NUMBER_OF_REPS, STATUS , WEIGHT , WEIGHT_KG, EXERCISE_ACTIVITY_ID) VALUES ('WeightedSet', 49030, 15.0, 0, null, 2.5, 4903);
INSERT INTO EXERCISE_SET_ENTITY (SET_TYPE, ID, NUMBER_OF_REPS, STATUS , WEIGHT , WEIGHT_KG, EXERCISE_ACTIVITY_ID) VALUES ('WeightedSet', 49031, 15.0, 0, null, 5, 4903);
INSERT INTO EXERCISE_SET_ENTITY (SET_TYPE, ID, NUMBER_OF_REPS, STATUS , WEIGHT , WEIGHT_KG, EXERCISE_ACTIVITY_ID) VALUES ('WeightedSet', 49032, 15.0, 0, null, 5, 4903);
INSERT INTO EXERCISE_ACTIVITY_ENTITY (ID, NOTES, EXERCISE_ID, WORKOUT_ID) VALUES (4904, '', SELECT ID FROM EXERCISE_ENTITY WHERE NAME = 'Skullcrusher', 49);
INSERT INTO EXERCISE_SET_ENTITY (SET_TYPE, ID, NUMBER_OF_REPS, STATUS , WEIGHT , WEIGHT_KG, EXERCISE_ACTIVITY_ID) VALUES ('WeightedSet', 49040, 10.0, 0, null, 5, 4904);
INSERT INTO EXERCISE_SET_ENTITY (SET_TYPE, ID, NUMBER_OF_REPS, STATUS , WEIGHT , WEIGHT_KG, EXERCISE_ACTIVITY_ID) VALUES ('WeightedSet', 49041, 10.0, 0, null, 7.5, 4904);
INSERT INTO EXERCISE_SET_ENTITY (SET_TYPE, ID, NUMBER_OF_REPS, STATUS , WEIGHT , WEIGHT_KG, EXERCISE_ACTIVITY_ID) VALUES ('WeightedSet', 49042, 10.0, 0, null, 7.5, 4904);
INSERT INTO WORKOUT_ENTITY (ID, NOTES, PERFORMED_AT_TIMESTAMP_UTC, WORKOUT_TYPE) VALUES (50, 'Notes', '2019-10-28 16:25:00', 'LEGS');
INSERT INTO EXERCISE_ACTIVITY_ENTITY (ID, NOTES, EXERCISE_ID, WORKOUT_ID) VALUES (5000, '', SELECT ID FROM EXERCISE_ENTITY WHERE NAME = 'Squat', 50);
INSERT INTO EXERCISE_SET_ENTITY (SET_TYPE, ID, NUMBER_OF_REPS, STATUS , WEIGHT , WEIGHT_KG, EXERCISE_ACTIVITY_ID) VALUES ('NonWeightedSet', 50000, 8.0, 0, 'body', null, 5000);
INSERT INTO EXERCISE_SET_ENTITY (SET_TYPE, ID, NUMBER_OF_REPS, STATUS , WEIGHT , WEIGHT_KG, EXERCISE_ACTIVITY_ID) VALUES ('WeightedSet', 50001, 8.0, 0, null, 20, 5000);
INSERT INTO EXERCISE_SET_ENTITY (SET_TYPE, ID, NUMBER_OF_REPS, STATUS , WEIGHT , WEIGHT_KG, EXERCISE_ACTIVITY_ID) VALUES ('WeightedSet', 50002, 5.0, 0, null, 40, 5000);
INSERT INTO EXERCISE_SET_ENTITY (SET_TYPE, ID, NUMBER_OF_REPS, STATUS , WEIGHT , WEIGHT_KG, EXERCISE_ACTIVITY_ID) VALUES ('WeightedSet', 50003, 3.0, 0, null, 60, 5000);
INSERT INTO EXERCISE_SET_ENTITY (SET_TYPE, ID, NUMBER_OF_REPS, STATUS , WEIGHT , WEIGHT_KG, EXERCISE_ACTIVITY_ID) VALUES ('WeightedSet', 50004, 8.0, 0, null, 70, 5000);
INSERT INTO EXERCISE_SET_ENTITY (SET_TYPE, ID, NUMBER_OF_REPS, STATUS , WEIGHT , WEIGHT_KG, EXERCISE_ACTIVITY_ID) VALUES ('WeightedSet', 50005, 8.0, 0, null, 70, 5000);
INSERT INTO EXERCISE_SET_ENTITY (SET_TYPE, ID, NUMBER_OF_REPS, STATUS , WEIGHT , WEIGHT_KG, EXERCISE_ACTIVITY_ID) VALUES ('WeightedSet', 50006, 8.0, 0, null, 70, 5000);
INSERT INTO EXERCISE_ACTIVITY_ENTITY (ID, NOTES, EXERCISE_ID, WORKOUT_ID) VALUES (5001, '', SELECT ID FROM EXERCISE_ENTITY WHERE NAME = 'Romanian Deadlift', 50);
INSERT INTO EXERCISE_SET_ENTITY (SET_TYPE, ID, NUMBER_OF_REPS, STATUS , WEIGHT , WEIGHT_KG, EXERCISE_ACTIVITY_ID) VALUES ('WeightedSet', 50010, 8.0, 0, null, 20, 5001);
INSERT INTO EXERCISE_SET_ENTITY (SET_TYPE, ID, NUMBER_OF_REPS, STATUS , WEIGHT , WEIGHT_KG, EXERCISE_ACTIVITY_ID) VALUES ('WeightedSet', 50011, 8.0, 0, null, 47.5, 5001);
INSERT INTO EXERCISE_SET_ENTITY (SET_TYPE, ID, NUMBER_OF_REPS, STATUS , WEIGHT , WEIGHT_KG, EXERCISE_ACTIVITY_ID) VALUES ('WeightedSet', 50012, 8.0, 0, null, 47.5, 5001);
INSERT INTO EXERCISE_SET_ENTITY (SET_TYPE, ID, NUMBER_OF_REPS, STATUS , WEIGHT , WEIGHT_KG, EXERCISE_ACTIVITY_ID) VALUES ('WeightedSet', 50013, 8.0, 0, null, 47.5, 5001);
INSERT INTO EXERCISE_ACTIVITY_ENTITY (ID, NOTES, EXERCISE_ID, WORKOUT_ID) VALUES (5002, '', SELECT ID FROM EXERCISE_ENTITY WHERE NAME = 'Bulgarian Split Squat', 50);
INSERT INTO EXERCISE_SET_ENTITY (SET_TYPE, ID, NUMBER_OF_REPS, STATUS , WEIGHT , WEIGHT_KG, EXERCISE_ACTIVITY_ID) VALUES ('NonWeightedSet', 50020, 10.0, 0, 'body', null, 5002);
INSERT INTO EXERCISE_SET_ENTITY (SET_TYPE, ID, NUMBER_OF_REPS, STATUS , WEIGHT , WEIGHT_KG, EXERCISE_ACTIVITY_ID) VALUES ('WeightedSet', 50021, 10.0, 0, null, 5, 5002);
INSERT INTO EXERCISE_SET_ENTITY (SET_TYPE, ID, NUMBER_OF_REPS, STATUS , WEIGHT , WEIGHT_KG, EXERCISE_ACTIVITY_ID) VALUES ('WeightedSet', 50022, 10.0, 0, null, 5, 5002);
INSERT INTO EXERCISE_ACTIVITY_ENTITY (ID, NOTES, EXERCISE_ID, WORKOUT_ID) VALUES (5003, '', SELECT ID FROM EXERCISE_ENTITY WHERE NAME = 'Glute Raise', 50);
INSERT INTO EXERCISE_SET_ENTITY (SET_TYPE, ID, NUMBER_OF_REPS, STATUS , WEIGHT , WEIGHT_KG, EXERCISE_ACTIVITY_ID) VALUES ('WeightedSet', 50030, 10.0, 0, null, 20, 5003);
INSERT INTO EXERCISE_SET_ENTITY (SET_TYPE, ID, NUMBER_OF_REPS, STATUS , WEIGHT , WEIGHT_KG, EXERCISE_ACTIVITY_ID) VALUES ('WeightedSet', 50031, 10.0, 0, null, 20, 5003);
INSERT INTO EXERCISE_SET_ENTITY (SET_TYPE, ID, NUMBER_OF_REPS, STATUS , WEIGHT , WEIGHT_KG, EXERCISE_ACTIVITY_ID) VALUES ('WeightedSet', 50032, 10.0, 0, null, 20, 5003);
INSERT INTO EXERCISE_ACTIVITY_ENTITY (ID, NOTES, EXERCISE_ID, WORKOUT_ID) VALUES (5004, '', SELECT ID FROM EXERCISE_ENTITY WHERE NAME = 'Seated Calf Raise', 50);
INSERT INTO EXERCISE_SET_ENTITY (SET_TYPE, ID, NUMBER_OF_REPS, STATUS , WEIGHT , WEIGHT_KG, EXERCISE_ACTIVITY_ID) VALUES ('WeightedSet', 50040, 10.0, 0, null, 20, 5004);
INSERT INTO EXERCISE_SET_ENTITY (SET_TYPE, ID, NUMBER_OF_REPS, STATUS , WEIGHT , WEIGHT_KG, EXERCISE_ACTIVITY_ID) VALUES ('WeightedSet', 50041, 10.0, 0, null, 20, 5004);
INSERT INTO EXERCISE_SET_ENTITY (SET_TYPE, ID, NUMBER_OF_REPS, STATUS , WEIGHT , WEIGHT_KG, EXERCISE_ACTIVITY_ID) VALUES ('WeightedSet', 50042, 10.0, 0, null, 20, 5004);
INSERT INTO WORKOUT_ENTITY (ID, NOTES, PERFORMED_AT_TIMESTAMP_UTC, WORKOUT_TYPE) VALUES (51, 'Notes', '2019-10-29 15:50:00', 'PULL');
INSERT INTO EXERCISE_ACTIVITY_ENTITY (ID, NOTES, EXERCISE_ID, WORKOUT_ID) VALUES (5100, '', SELECT ID FROM EXERCISE_ENTITY WHERE NAME = 'Deadlift', 51);
INSERT INTO EXERCISE_SET_ENTITY (SET_TYPE, ID, NUMBER_OF_REPS, STATUS , WEIGHT , WEIGHT_KG, EXERCISE_ACTIVITY_ID) VALUES ('WeightedSet', 51000, 5.0, 0, null, 20, 5100);
INSERT INTO EXERCISE_SET_ENTITY (SET_TYPE, ID, NUMBER_OF_REPS, STATUS , WEIGHT , WEIGHT_KG, EXERCISE_ACTIVITY_ID) VALUES ('WeightedSet', 51001, 5.0, 0, null, 60, 5100);
INSERT INTO EXERCISE_SET_ENTITY (SET_TYPE, ID, NUMBER_OF_REPS, STATUS , WEIGHT , WEIGHT_KG, EXERCISE_ACTIVITY_ID) VALUES ('WeightedSet', 51002, 3.0, 0, null, 90, 5100);
INSERT INTO EXERCISE_SET_ENTITY (SET_TYPE, ID, NUMBER_OF_REPS, STATUS , WEIGHT , WEIGHT_KG, EXERCISE_ACTIVITY_ID) VALUES ('WeightedSet', 51003, 2.0, 0, null, 110, 5100);
INSERT INTO EXERCISE_SET_ENTITY (SET_TYPE, ID, NUMBER_OF_REPS, STATUS , WEIGHT , WEIGHT_KG, EXERCISE_ACTIVITY_ID) VALUES ('WeightedSet', 51004, 2.0, 0, null, 125, 5100);
INSERT INTO EXERCISE_SET_ENTITY (SET_TYPE, ID, NUMBER_OF_REPS, STATUS , WEIGHT , WEIGHT_KG, EXERCISE_ACTIVITY_ID) VALUES ('WeightedSet', 51005, 5.0, 0, null, 137.5, 5100);
INSERT INTO EXERCISE_SET_ENTITY (SET_TYPE, ID, NUMBER_OF_REPS, STATUS , WEIGHT , WEIGHT_KG, EXERCISE_ACTIVITY_ID) VALUES ('WeightedSet', 51006, 6.0, 0, null, 95, 5100);
INSERT INTO EXERCISE_ACTIVITY_ENTITY (ID, NOTES, EXERCISE_ID, WORKOUT_ID) VALUES (5101, '', SELECT ID FROM EXERCISE_ENTITY WHERE NAME = 'Pull Up', 51);
INSERT INTO EXERCISE_SET_ENTITY (SET_TYPE, ID, NUMBER_OF_REPS, STATUS , WEIGHT , WEIGHT_KG, EXERCISE_ACTIVITY_ID) VALUES ('NonWeightedSet', 51010, 8.0, 0, 'body', null, 5101);
INSERT INTO EXERCISE_SET_ENTITY (SET_TYPE, ID, NUMBER_OF_REPS, STATUS , WEIGHT , WEIGHT_KG, EXERCISE_ACTIVITY_ID) VALUES ('NonWeightedSet', 51011, 7.0, 1, 'body', null, 5101);
INSERT INTO EXERCISE_SET_ENTITY (SET_TYPE, ID, NUMBER_OF_REPS, STATUS , WEIGHT , WEIGHT_KG, EXERCISE_ACTIVITY_ID) VALUES ('NonWeightedSet', 51012, 8.0, 1, 'body', null, 5101);
INSERT INTO EXERCISE_ACTIVITY_ENTITY (ID, NOTES, EXERCISE_ID, WORKOUT_ID) VALUES (5102, '', SELECT ID FROM EXERCISE_ENTITY WHERE NAME = 'Inverted Row', 51);
INSERT INTO EXERCISE_SET_ENTITY (SET_TYPE, ID, NUMBER_OF_REPS, STATUS , WEIGHT , WEIGHT_KG, EXERCISE_ACTIVITY_ID) VALUES ('NonWeightedSet', 51020, 8.0, 0, 'body', null, 5102);
INSERT INTO EXERCISE_SET_ENTITY (SET_TYPE, ID, NUMBER_OF_REPS, STATUS , WEIGHT , WEIGHT_KG, EXERCISE_ACTIVITY_ID) VALUES ('NonWeightedSet', 51021, 8.0, 0, 'body', null, 5102);
INSERT INTO EXERCISE_SET_ENTITY (SET_TYPE, ID, NUMBER_OF_REPS, STATUS , WEIGHT , WEIGHT_KG, EXERCISE_ACTIVITY_ID) VALUES ('NonWeightedSet', 51022, 8.0, 0, 'body', null, 5102);
INSERT INTO EXERCISE_ACTIVITY_ENTITY (ID, NOTES, EXERCISE_ID, WORKOUT_ID) VALUES (5103, '', SELECT ID FROM EXERCISE_ENTITY WHERE NAME = 'Batwing Row', 51);
INSERT INTO EXERCISE_SET_ENTITY (SET_TYPE, ID, NUMBER_OF_REPS, STATUS , WEIGHT , WEIGHT_KG, EXERCISE_ACTIVITY_ID) VALUES ('WeightedSet', 51030, 10.0, 0, null, 5, 5103);
INSERT INTO EXERCISE_SET_ENTITY (SET_TYPE, ID, NUMBER_OF_REPS, STATUS , WEIGHT , WEIGHT_KG, EXERCISE_ACTIVITY_ID) VALUES ('WeightedSet', 51031, 10.0, 0, null, 5, 5103);
INSERT INTO EXERCISE_SET_ENTITY (SET_TYPE, ID, NUMBER_OF_REPS, STATUS , WEIGHT , WEIGHT_KG, EXERCISE_ACTIVITY_ID) VALUES ('WeightedSet', 51032, 10.0, 0, null, 5, 5103);
INSERT INTO EXERCISE_ACTIVITY_ENTITY (ID, NOTES, EXERCISE_ID, WORKOUT_ID) VALUES (5104, '', SELECT ID FROM EXERCISE_ENTITY WHERE NAME = 'Barbell Curl', 51);
INSERT INTO EXERCISE_SET_ENTITY (SET_TYPE, ID, NUMBER_OF_REPS, STATUS , WEIGHT , WEIGHT_KG, EXERCISE_ACTIVITY_ID) VALUES ('WeightedSet', 51040, 10.0, 0, null, 22.5, 5104);
INSERT INTO EXERCISE_SET_ENTITY (SET_TYPE, ID, NUMBER_OF_REPS, STATUS , WEIGHT , WEIGHT_KG, EXERCISE_ACTIVITY_ID) VALUES ('WeightedSet', 51041, 10.0, 0, null, 22.5, 5104);
INSERT INTO EXERCISE_SET_ENTITY (SET_TYPE, ID, NUMBER_OF_REPS, STATUS , WEIGHT , WEIGHT_KG, EXERCISE_ACTIVITY_ID) VALUES ('WeightedSet', 51042, 10.0, 0, null, 22.5, 5104);
INSERT INTO EXERCISE_ACTIVITY_ENTITY (ID, NOTES, EXERCISE_ID, WORKOUT_ID) VALUES (5105, '', SELECT ID FROM EXERCISE_ENTITY WHERE NAME = 'Facepull', 51);
INSERT INTO EXERCISE_SET_ENTITY (SET_TYPE, ID, NUMBER_OF_REPS, STATUS , WEIGHT , WEIGHT_KG, EXERCISE_ACTIVITY_ID) VALUES ('NonWeightedSet', 51050, 20.0, 0, 'yellow band', null, 5105);
INSERT INTO EXERCISE_SET_ENTITY (SET_TYPE, ID, NUMBER_OF_REPS, STATUS , WEIGHT , WEIGHT_KG, EXERCISE_ACTIVITY_ID) VALUES ('NonWeightedSet', 51051, 20.0, 0, 'yellow band', null, 5105);
INSERT INTO WORKOUT_ENTITY (ID, NOTES, PERFORMED_AT_TIMESTAMP_UTC, WORKOUT_TYPE) VALUES (52, 'Notes', '2019-10-30 15:45:00', 'PUSH');
INSERT INTO EXERCISE_ACTIVITY_ENTITY (ID, NOTES, EXERCISE_ID, WORKOUT_ID) VALUES (5200, '', SELECT ID FROM EXERCISE_ENTITY WHERE NAME = 'Bench Press', 52);
INSERT INTO EXERCISE_SET_ENTITY (SET_TYPE, ID, NUMBER_OF_REPS, STATUS , WEIGHT , WEIGHT_KG, EXERCISE_ACTIVITY_ID) VALUES ('WeightedSet', 52000, 5.0, 0, null, 20, 5200);
INSERT INTO EXERCISE_SET_ENTITY (SET_TYPE, ID, NUMBER_OF_REPS, STATUS , WEIGHT , WEIGHT_KG, EXERCISE_ACTIVITY_ID) VALUES ('WeightedSet', 52001, 5.0, 0, null, 40, 5200);
INSERT INTO EXERCISE_SET_ENTITY (SET_TYPE, ID, NUMBER_OF_REPS, STATUS , WEIGHT , WEIGHT_KG, EXERCISE_ACTIVITY_ID) VALUES ('WeightedSet', 52002, 3.0, 0, null, 50, 5200);
INSERT INTO EXERCISE_SET_ENTITY (SET_TYPE, ID, NUMBER_OF_REPS, STATUS , WEIGHT , WEIGHT_KG, EXERCISE_ACTIVITY_ID) VALUES ('WeightedSet', 52003, 5.0, 0, null, 60, 5200);
INSERT INTO EXERCISE_SET_ENTITY (SET_TYPE, ID, NUMBER_OF_REPS, STATUS , WEIGHT , WEIGHT_KG, EXERCISE_ACTIVITY_ID) VALUES ('WeightedSet', 52004, 5.0, 0, null, 60, 5200);
INSERT INTO EXERCISE_SET_ENTITY (SET_TYPE, ID, NUMBER_OF_REPS, STATUS , WEIGHT , WEIGHT_KG, EXERCISE_ACTIVITY_ID) VALUES ('WeightedSet', 52005, 5.0, 0, null, 60, 5200);
INSERT INTO EXERCISE_SET_ENTITY (SET_TYPE, ID, NUMBER_OF_REPS, STATUS , WEIGHT , WEIGHT_KG, EXERCISE_ACTIVITY_ID) VALUES ('WeightedSet', 52006, 5.0, 0, null, 60, 5200);
INSERT INTO EXERCISE_SET_ENTITY (SET_TYPE, ID, NUMBER_OF_REPS, STATUS , WEIGHT , WEIGHT_KG, EXERCISE_ACTIVITY_ID) VALUES ('WeightedSet', 52007, 4.0, 1, null, 60, 5200);
INSERT INTO EXERCISE_ACTIVITY_ENTITY (ID, NOTES, EXERCISE_ID, WORKOUT_ID) VALUES (5201, '', SELECT ID FROM EXERCISE_ENTITY WHERE NAME = 'Overhead Press', 52);
INSERT INTO EXERCISE_SET_ENTITY (SET_TYPE, ID, NUMBER_OF_REPS, STATUS , WEIGHT , WEIGHT_KG, EXERCISE_ACTIVITY_ID) VALUES ('WeightedSet', 52010, 8.0, 0, null, 20, 5201);
INSERT INTO EXERCISE_SET_ENTITY (SET_TYPE, ID, NUMBER_OF_REPS, STATUS , WEIGHT , WEIGHT_KG, EXERCISE_ACTIVITY_ID) VALUES ('WeightedSet', 52011, 8.0, 0, null, 35, 5201);
INSERT INTO EXERCISE_SET_ENTITY (SET_TYPE, ID, NUMBER_OF_REPS, STATUS , WEIGHT , WEIGHT_KG, EXERCISE_ACTIVITY_ID) VALUES ('WeightedSet', 52012, 8.0, 0, null, 35, 5201);
INSERT INTO EXERCISE_SET_ENTITY (SET_TYPE, ID, NUMBER_OF_REPS, STATUS , WEIGHT , WEIGHT_KG, EXERCISE_ACTIVITY_ID) VALUES ('WeightedSet', 52013, 6.0, 1, null, 35, 5201);
INSERT INTO EXERCISE_ACTIVITY_ENTITY (ID, NOTES, EXERCISE_ID, WORKOUT_ID) VALUES (5202, '', SELECT ID FROM EXERCISE_ENTITY WHERE NAME = 'Incline Dumbbell Press', 52);
INSERT INTO EXERCISE_SET_ENTITY (SET_TYPE, ID, NUMBER_OF_REPS, STATUS , WEIGHT , WEIGHT_KG, EXERCISE_ACTIVITY_ID) VALUES ('WeightedSet', 52020, 8.0, 0, null, 10, 5202);
INSERT INTO EXERCISE_SET_ENTITY (SET_TYPE, ID, NUMBER_OF_REPS, STATUS , WEIGHT , WEIGHT_KG, EXERCISE_ACTIVITY_ID) VALUES ('WeightedSet', 52021, 8.0, 0, null, 17.5, 5202);
INSERT INTO EXERCISE_SET_ENTITY (SET_TYPE, ID, NUMBER_OF_REPS, STATUS , WEIGHT , WEIGHT_KG, EXERCISE_ACTIVITY_ID) VALUES ('WeightedSet', 52022, 8.0, 0, null, 17.5, 5202);
INSERT INTO EXERCISE_SET_ENTITY (SET_TYPE, ID, NUMBER_OF_REPS, STATUS , WEIGHT , WEIGHT_KG, EXERCISE_ACTIVITY_ID) VALUES ('WeightedSet', 52023, 8.0, 0, null, 17.5, 5202);
INSERT INTO EXERCISE_ACTIVITY_ENTITY (ID, NOTES, EXERCISE_ID, WORKOUT_ID) VALUES (5203, '', SELECT ID FROM EXERCISE_ENTITY WHERE NAME = 'Lateral Raise', 52);
INSERT INTO EXERCISE_SET_ENTITY (SET_TYPE, ID, NUMBER_OF_REPS, STATUS , WEIGHT , WEIGHT_KG, EXERCISE_ACTIVITY_ID) VALUES ('WeightedSet', 52030, 15.0, 0, null, 2.5, 5203);
INSERT INTO EXERCISE_SET_ENTITY (SET_TYPE, ID, NUMBER_OF_REPS, STATUS , WEIGHT , WEIGHT_KG, EXERCISE_ACTIVITY_ID) VALUES ('WeightedSet', 52031, 15.0, 0, null, 5, 5203);
INSERT INTO EXERCISE_SET_ENTITY (SET_TYPE, ID, NUMBER_OF_REPS, STATUS , WEIGHT , WEIGHT_KG, EXERCISE_ACTIVITY_ID) VALUES ('WeightedSet', 52032, 15.0, 0, null, 5, 5203);
INSERT INTO EXERCISE_ACTIVITY_ENTITY (ID, NOTES, EXERCISE_ID, WORKOUT_ID) VALUES (5204, '', SELECT ID FROM EXERCISE_ENTITY WHERE NAME = 'Skullcrusher', 52);
INSERT INTO EXERCISE_SET_ENTITY (SET_TYPE, ID, NUMBER_OF_REPS, STATUS , WEIGHT , WEIGHT_KG, EXERCISE_ACTIVITY_ID) VALUES ('WeightedSet', 52040, 10.0, 0, null, 5, 5204);
INSERT INTO EXERCISE_SET_ENTITY (SET_TYPE, ID, NUMBER_OF_REPS, STATUS , WEIGHT , WEIGHT_KG, EXERCISE_ACTIVITY_ID) VALUES ('WeightedSet', 52041, 10.0, 0, null, 7.5, 5204);
INSERT INTO EXERCISE_SET_ENTITY (SET_TYPE, ID, NUMBER_OF_REPS, STATUS , WEIGHT , WEIGHT_KG, EXERCISE_ACTIVITY_ID) VALUES ('WeightedSet', 52042, 10.0, 0, null, 7.5, 5204);
INSERT INTO WORKOUT_ENTITY (ID, NOTES, PERFORMED_AT_TIMESTAMP_UTC, WORKOUT_TYPE) VALUES (53, 'Notes', '2019-10-31 15:30:00', 'LEGS');
INSERT INTO EXERCISE_ACTIVITY_ENTITY (ID, NOTES, EXERCISE_ID, WORKOUT_ID) VALUES (5300, '', SELECT ID FROM EXERCISE_ENTITY WHERE NAME = 'Squat', 53);
INSERT INTO EXERCISE_SET_ENTITY (SET_TYPE, ID, NUMBER_OF_REPS, STATUS , WEIGHT , WEIGHT_KG, EXERCISE_ACTIVITY_ID) VALUES ('NonWeightedSet', 53000, 8.0, 0, 'body', null, 5300);
INSERT INTO EXERCISE_SET_ENTITY (SET_TYPE, ID, NUMBER_OF_REPS, STATUS , WEIGHT , WEIGHT_KG, EXERCISE_ACTIVITY_ID) VALUES ('WeightedSet', 53001, 5.0, 0, null, 20, 5300);
INSERT INTO EXERCISE_SET_ENTITY (SET_TYPE, ID, NUMBER_OF_REPS, STATUS , WEIGHT , WEIGHT_KG, EXERCISE_ACTIVITY_ID) VALUES ('WeightedSet', 53002, 4.0, 0, null, 40, 5300);
INSERT INTO EXERCISE_SET_ENTITY (SET_TYPE, ID, NUMBER_OF_REPS, STATUS , WEIGHT , WEIGHT_KG, EXERCISE_ACTIVITY_ID) VALUES ('WeightedSet', 53003, 3.0, 0, null, 60, 5300);
INSERT INTO EXERCISE_SET_ENTITY (SET_TYPE, ID, NUMBER_OF_REPS, STATUS , WEIGHT , WEIGHT_KG, EXERCISE_ACTIVITY_ID) VALUES ('WeightedSet', 53004, 2.0, 0, null, 70, 5300);
INSERT INTO EXERCISE_SET_ENTITY (SET_TYPE, ID, NUMBER_OF_REPS, STATUS , WEIGHT , WEIGHT_KG, EXERCISE_ACTIVITY_ID) VALUES ('WeightedSet', 53005, 5.0, 0, null, 85, 5300);
INSERT INTO EXERCISE_SET_ENTITY (SET_TYPE, ID, NUMBER_OF_REPS, STATUS , WEIGHT , WEIGHT_KG, EXERCISE_ACTIVITY_ID) VALUES ('WeightedSet', 53006, 5.0, 0, null, 85, 5300);
INSERT INTO EXERCISE_SET_ENTITY (SET_TYPE, ID, NUMBER_OF_REPS, STATUS , WEIGHT , WEIGHT_KG, EXERCISE_ACTIVITY_ID) VALUES ('WeightedSet', 53007, 5.0, 0, null, 85, 5300);
INSERT INTO EXERCISE_ACTIVITY_ENTITY (ID, NOTES, EXERCISE_ID, WORKOUT_ID) VALUES (5301, '', SELECT ID FROM EXERCISE_ENTITY WHERE NAME = 'Romanian Deadlift', 53);
INSERT INTO EXERCISE_SET_ENTITY (SET_TYPE, ID, NUMBER_OF_REPS, STATUS , WEIGHT , WEIGHT_KG, EXERCISE_ACTIVITY_ID) VALUES ('WeightedSet', 53010, 8.0, 0, null, 20, 5301);
INSERT INTO EXERCISE_SET_ENTITY (SET_TYPE, ID, NUMBER_OF_REPS, STATUS , WEIGHT , WEIGHT_KG, EXERCISE_ACTIVITY_ID) VALUES ('WeightedSet', 53011, 3.0, 0, null, 40, 5301);
INSERT INTO EXERCISE_SET_ENTITY (SET_TYPE, ID, NUMBER_OF_REPS, STATUS , WEIGHT , WEIGHT_KG, EXERCISE_ACTIVITY_ID) VALUES ('WeightedSet', 53012, 8.0, 0, null, 50, 5301);
INSERT INTO EXERCISE_SET_ENTITY (SET_TYPE, ID, NUMBER_OF_REPS, STATUS , WEIGHT , WEIGHT_KG, EXERCISE_ACTIVITY_ID) VALUES ('WeightedSet', 53013, 8.0, 0, null, 50, 5301);
INSERT INTO EXERCISE_SET_ENTITY (SET_TYPE, ID, NUMBER_OF_REPS, STATUS , WEIGHT , WEIGHT_KG, EXERCISE_ACTIVITY_ID) VALUES ('WeightedSet', 53014, 8.0, 0, null, 50, 5301);
INSERT INTO EXERCISE_ACTIVITY_ENTITY (ID, NOTES, EXERCISE_ID, WORKOUT_ID) VALUES (5302, '', SELECT ID FROM EXERCISE_ENTITY WHERE NAME = 'Lying Leg Raise', 53);
INSERT INTO EXERCISE_SET_ENTITY (SET_TYPE, ID, NUMBER_OF_REPS, STATUS , WEIGHT , WEIGHT_KG, EXERCISE_ACTIVITY_ID) VALUES ('NonWeightedSet', 53020, 10.0, 0, 'body', null, 5302);
INSERT INTO EXERCISE_SET_ENTITY (SET_TYPE, ID, NUMBER_OF_REPS, STATUS , WEIGHT , WEIGHT_KG, EXERCISE_ACTIVITY_ID) VALUES ('NonWeightedSet', 53021, 10.0, 0, 'body', null, 5302);
INSERT INTO EXERCISE_SET_ENTITY (SET_TYPE, ID, NUMBER_OF_REPS, STATUS , WEIGHT , WEIGHT_KG, EXERCISE_ACTIVITY_ID) VALUES ('NonWeightedSet', 53022, 10.0, 0, 'body', null, 5302);
INSERT INTO EXERCISE_ACTIVITY_ENTITY (ID, NOTES, EXERCISE_ID, WORKOUT_ID) VALUES (5303, '', SELECT ID FROM EXERCISE_ENTITY WHERE NAME = 'Lunge', 53);
INSERT INTO EXERCISE_SET_ENTITY (SET_TYPE, ID, NUMBER_OF_REPS, STATUS , WEIGHT , WEIGHT_KG, EXERCISE_ACTIVITY_ID) VALUES ('NonWeightedSet', 53030, 10.0, 0, 'body', null, 5303);
INSERT INTO EXERCISE_SET_ENTITY (SET_TYPE, ID, NUMBER_OF_REPS, STATUS , WEIGHT , WEIGHT_KG, EXERCISE_ACTIVITY_ID) VALUES ('WeightedSet', 53031, 10.0, 0, null, 7.5, 5303);
INSERT INTO EXERCISE_SET_ENTITY (SET_TYPE, ID, NUMBER_OF_REPS, STATUS , WEIGHT , WEIGHT_KG, EXERCISE_ACTIVITY_ID) VALUES ('WeightedSet', 53032, 10.0, 0, null, 7.5, 5303);
INSERT INTO EXERCISE_ACTIVITY_ENTITY (ID, NOTES, EXERCISE_ID, WORKOUT_ID) VALUES (5304, '', SELECT ID FROM EXERCISE_ENTITY WHERE NAME = 'Glute Raise', 53);
INSERT INTO EXERCISE_SET_ENTITY (SET_TYPE, ID, NUMBER_OF_REPS, STATUS , WEIGHT , WEIGHT_KG, EXERCISE_ACTIVITY_ID) VALUES ('NonWeightedSet', 53040, 20.0, 0, 'body', null, 5304);
INSERT INTO EXERCISE_SET_ENTITY (SET_TYPE, ID, NUMBER_OF_REPS, STATUS , WEIGHT , WEIGHT_KG, EXERCISE_ACTIVITY_ID) VALUES ('WeightedSet', 53041, 10.0, 0, null, 20, 5304);
INSERT INTO EXERCISE_SET_ENTITY (SET_TYPE, ID, NUMBER_OF_REPS, STATUS , WEIGHT , WEIGHT_KG, EXERCISE_ACTIVITY_ID) VALUES ('WeightedSet', 53042, 20.0, 0, null, 20, 5304);
INSERT INTO EXERCISE_ACTIVITY_ENTITY (ID, NOTES, EXERCISE_ID, WORKOUT_ID) VALUES (5305, '', SELECT ID FROM EXERCISE_ENTITY WHERE NAME = 'Bulgarian Split Squat', 53);
INSERT INTO EXERCISE_SET_ENTITY (SET_TYPE, ID, NUMBER_OF_REPS, STATUS , WEIGHT , WEIGHT_KG, EXERCISE_ACTIVITY_ID) VALUES ('NonWeightedSet', 53050, 10.0, 0, 'body', null, 5305);
INSERT INTO EXERCISE_ACTIVITY_ENTITY (ID, NOTES, EXERCISE_ID, WORKOUT_ID) VALUES (5306, '', SELECT ID FROM EXERCISE_ENTITY WHERE NAME = 'Seated Calf Raise', 53);
INSERT INTO EXERCISE_SET_ENTITY (SET_TYPE, ID, NUMBER_OF_REPS, STATUS , WEIGHT , WEIGHT_KG, EXERCISE_ACTIVITY_ID) VALUES ('WeightedSet', 53060, 20.0, 0, null, 20, 5306);
INSERT INTO EXERCISE_SET_ENTITY (SET_TYPE, ID, NUMBER_OF_REPS, STATUS , WEIGHT , WEIGHT_KG, EXERCISE_ACTIVITY_ID) VALUES ('WeightedSet', 53061, 10.0, 0, null, 20, 5306);
INSERT INTO EXERCISE_ACTIVITY_ENTITY (ID, NOTES, EXERCISE_ID, WORKOUT_ID) VALUES (5307, '', SELECT ID FROM EXERCISE_ENTITY WHERE NAME = 'Standing Calf Raise', 53);
INSERT INTO EXERCISE_SET_ENTITY (SET_TYPE, ID, NUMBER_OF_REPS, STATUS , WEIGHT , WEIGHT_KG, EXERCISE_ACTIVITY_ID) VALUES ('WeightedSet', 53070, 10.0, 0, null, 125, 5307);
INSERT INTO EXERCISE_SET_ENTITY (SET_TYPE, ID, NUMBER_OF_REPS, STATUS , WEIGHT , WEIGHT_KG, EXERCISE_ACTIVITY_ID) VALUES ('WeightedSet', 53071, 10.0, 0, null, 125, 5307);
INSERT INTO WORKOUT_ENTITY (ID, NOTES, PERFORMED_AT_TIMESTAMP_UTC, WORKOUT_TYPE) VALUES (54, 'Notes', '2019-11-01 15:55:00', 'PULL');
INSERT INTO EXERCISE_ACTIVITY_ENTITY (ID, NOTES, EXERCISE_ID, WORKOUT_ID) VALUES (5400, '', SELECT ID FROM EXERCISE_ENTITY WHERE NAME = 'Bent Over Row', 54);
INSERT INTO EXERCISE_SET_ENTITY (SET_TYPE, ID, NUMBER_OF_REPS, STATUS , WEIGHT , WEIGHT_KG, EXERCISE_ACTIVITY_ID) VALUES ('WeightedSet', 54000, 10.0, 0, null, 20, 5400);
INSERT INTO EXERCISE_SET_ENTITY (SET_TYPE, ID, NUMBER_OF_REPS, STATUS , WEIGHT , WEIGHT_KG, EXERCISE_ACTIVITY_ID) VALUES ('WeightedSet', 54001, 10.0, 0, null, 37.5, 5400);
INSERT INTO EXERCISE_SET_ENTITY (SET_TYPE, ID, NUMBER_OF_REPS, STATUS , WEIGHT , WEIGHT_KG, EXERCISE_ACTIVITY_ID) VALUES ('WeightedSet', 54002, 10.0, 0, null, 37.5, 5400);
INSERT INTO EXERCISE_SET_ENTITY (SET_TYPE, ID, NUMBER_OF_REPS, STATUS , WEIGHT , WEIGHT_KG, EXERCISE_ACTIVITY_ID) VALUES ('WeightedSet', 54003, 10.0, 0, null, 37.5, 5400);
INSERT INTO EXERCISE_SET_ENTITY (SET_TYPE, ID, NUMBER_OF_REPS, STATUS , WEIGHT , WEIGHT_KG, EXERCISE_ACTIVITY_ID) VALUES ('WeightedSet', 54004, 10.0, 0, null, 37.5, 5400);
INSERT INTO EXERCISE_ACTIVITY_ENTITY (ID, NOTES, EXERCISE_ID, WORKOUT_ID) VALUES (5401, '', SELECT ID FROM EXERCISE_ENTITY WHERE NAME = 'Chin Up', 54);
INSERT INTO EXERCISE_SET_ENTITY (SET_TYPE, ID, NUMBER_OF_REPS, STATUS , WEIGHT , WEIGHT_KG, EXERCISE_ACTIVITY_ID) VALUES ('NonWeightedSet', 54010, 6.0, 0, 'body', null, 5401);
INSERT INTO EXERCISE_SET_ENTITY (SET_TYPE, ID, NUMBER_OF_REPS, STATUS , WEIGHT , WEIGHT_KG, EXERCISE_ACTIVITY_ID) VALUES ('NonWeightedSet', 54011, 6.0, 0, 'body', null, 5401);
INSERT INTO EXERCISE_SET_ENTITY (SET_TYPE, ID, NUMBER_OF_REPS, STATUS , WEIGHT , WEIGHT_KG, EXERCISE_ACTIVITY_ID) VALUES ('NonWeightedSet', 54012, 6.0, 0, 'body', null, 5401);
INSERT INTO EXERCISE_ACTIVITY_ENTITY (ID, NOTES, EXERCISE_ID, WORKOUT_ID) VALUES (5402, '', SELECT ID FROM EXERCISE_ENTITY WHERE NAME = 'Inverted Row', 54);
INSERT INTO EXERCISE_SET_ENTITY (SET_TYPE, ID, NUMBER_OF_REPS, STATUS , WEIGHT , WEIGHT_KG, EXERCISE_ACTIVITY_ID) VALUES ('NonWeightedSet', 54020, 10.0, 0, 'body', null, 5402);
INSERT INTO EXERCISE_SET_ENTITY (SET_TYPE, ID, NUMBER_OF_REPS, STATUS , WEIGHT , WEIGHT_KG, EXERCISE_ACTIVITY_ID) VALUES ('NonWeightedSet', 54021, 10.0, 0, 'body', null, 5402);
INSERT INTO EXERCISE_SET_ENTITY (SET_TYPE, ID, NUMBER_OF_REPS, STATUS , WEIGHT , WEIGHT_KG, EXERCISE_ACTIVITY_ID) VALUES ('NonWeightedSet', 54022, 8.0, 0, 'body', null, 5402);
INSERT INTO EXERCISE_SET_ENTITY (SET_TYPE, ID, NUMBER_OF_REPS, STATUS , WEIGHT , WEIGHT_KG, EXERCISE_ACTIVITY_ID) VALUES ('NonWeightedSet', 54023, 10.0, 0, 'body', null, 5402);
INSERT INTO EXERCISE_ACTIVITY_ENTITY (ID, NOTES, EXERCISE_ID, WORKOUT_ID) VALUES (5403, '', SELECT ID FROM EXERCISE_ENTITY WHERE NAME = 'Batwing Row', 54);
INSERT INTO EXERCISE_SET_ENTITY (SET_TYPE, ID, NUMBER_OF_REPS, STATUS , WEIGHT , WEIGHT_KG, EXERCISE_ACTIVITY_ID) VALUES ('WeightedSet', 54030, 10.0, 0, null, 5, 5403);
INSERT INTO EXERCISE_SET_ENTITY (SET_TYPE, ID, NUMBER_OF_REPS, STATUS , WEIGHT , WEIGHT_KG, EXERCISE_ACTIVITY_ID) VALUES ('WeightedSet', 54031, 10.0, 0, null, 5, 5403);
INSERT INTO EXERCISE_SET_ENTITY (SET_TYPE, ID, NUMBER_OF_REPS, STATUS , WEIGHT , WEIGHT_KG, EXERCISE_ACTIVITY_ID) VALUES ('WeightedSet', 54032, 10.0, 0, null, 5, 5403);
INSERT INTO EXERCISE_ACTIVITY_ENTITY (ID, NOTES, EXERCISE_ID, WORKOUT_ID) VALUES (5404, '', SELECT ID FROM EXERCISE_ENTITY WHERE NAME = 'Rear Delt Fly', 54);
INSERT INTO EXERCISE_SET_ENTITY (SET_TYPE, ID, NUMBER_OF_REPS, STATUS , WEIGHT , WEIGHT_KG, EXERCISE_ACTIVITY_ID) VALUES ('WeightedSet', 54040, 10.0, 0, null, 1.25, 5404);
INSERT INTO EXERCISE_SET_ENTITY (SET_TYPE, ID, NUMBER_OF_REPS, STATUS , WEIGHT , WEIGHT_KG, EXERCISE_ACTIVITY_ID) VALUES ('WeightedSet', 54041, 15.0, 0, null, 1.25, 5404);
INSERT INTO EXERCISE_SET_ENTITY (SET_TYPE, ID, NUMBER_OF_REPS, STATUS , WEIGHT , WEIGHT_KG, EXERCISE_ACTIVITY_ID) VALUES ('WeightedSet', 54042, 15.0, 0, null, 1.25, 5404);
INSERT INTO EXERCISE_ACTIVITY_ENTITY (ID, NOTES, EXERCISE_ID, WORKOUT_ID) VALUES (5405, '', SELECT ID FROM EXERCISE_ENTITY WHERE NAME = 'Barbell Curl', 54);
INSERT INTO EXERCISE_SET_ENTITY (SET_TYPE, ID, NUMBER_OF_REPS, STATUS , WEIGHT , WEIGHT_KG, EXERCISE_ACTIVITY_ID) VALUES ('WeightedSet', 54050, 10.0, 0, null, 20, 5405);
INSERT INTO EXERCISE_SET_ENTITY (SET_TYPE, ID, NUMBER_OF_REPS, STATUS , WEIGHT , WEIGHT_KG, EXERCISE_ACTIVITY_ID) VALUES ('WeightedSet', 54051, 10.0, 0, null, 20, 5405);
INSERT INTO EXERCISE_SET_ENTITY (SET_TYPE, ID, NUMBER_OF_REPS, STATUS , WEIGHT , WEIGHT_KG, EXERCISE_ACTIVITY_ID) VALUES ('WeightedSet', 54052, 10.0, 0, null, 20, 5405);
INSERT INTO EXERCISE_SET_ENTITY (SET_TYPE, ID, NUMBER_OF_REPS, STATUS , WEIGHT , WEIGHT_KG, EXERCISE_ACTIVITY_ID) VALUES ('WeightedSet', 54053, 10.0, 0, null, 20, 5405);
INSERT INTO WORKOUT_ENTITY (ID, NOTES, PERFORMED_AT_TIMESTAMP_UTC, WORKOUT_TYPE) VALUES (55, 'Notes', '2019-11-04 15:35:00', 'PUSH');
INSERT INTO EXERCISE_ACTIVITY_ENTITY (ID, NOTES, EXERCISE_ID, WORKOUT_ID) VALUES (5500, '', SELECT ID FROM EXERCISE_ENTITY WHERE NAME = 'Bench Press', 55);
INSERT INTO EXERCISE_SET_ENTITY (SET_TYPE, ID, NUMBER_OF_REPS, STATUS , WEIGHT , WEIGHT_KG, EXERCISE_ACTIVITY_ID) VALUES ('WeightedSet', 55000, 8.0, 0, null, 20, 5500);
INSERT INTO EXERCISE_SET_ENTITY (SET_TYPE, ID, NUMBER_OF_REPS, STATUS , WEIGHT , WEIGHT_KG, EXERCISE_ACTIVITY_ID) VALUES ('WeightedSet', 55001, 8.0, 0, null, 40, 5500);
INSERT INTO EXERCISE_SET_ENTITY (SET_TYPE, ID, NUMBER_OF_REPS, STATUS , WEIGHT , WEIGHT_KG, EXERCISE_ACTIVITY_ID) VALUES ('WeightedSet', 55002, 8.0, 0, null, 52.5, 5500);
INSERT INTO EXERCISE_SET_ENTITY (SET_TYPE, ID, NUMBER_OF_REPS, STATUS , WEIGHT , WEIGHT_KG, EXERCISE_ACTIVITY_ID) VALUES ('WeightedSet', 55003, 8.0, 0, null, 52.5, 5500);
INSERT INTO EXERCISE_SET_ENTITY (SET_TYPE, ID, NUMBER_OF_REPS, STATUS , WEIGHT , WEIGHT_KG, EXERCISE_ACTIVITY_ID) VALUES ('WeightedSet', 55004, 7.0, 1, null, 52.5, 5500);
INSERT INTO EXERCISE_ACTIVITY_ENTITY (ID, NOTES, EXERCISE_ID, WORKOUT_ID) VALUES (5501, '', SELECT ID FROM EXERCISE_ENTITY WHERE NAME = 'Overhead Press', 55);
INSERT INTO EXERCISE_SET_ENTITY (SET_TYPE, ID, NUMBER_OF_REPS, STATUS , WEIGHT , WEIGHT_KG, EXERCISE_ACTIVITY_ID) VALUES ('WeightedSet', 55010, 7.0, 0, null, 20, 5501);
INSERT INTO EXERCISE_SET_ENTITY (SET_TYPE, ID, NUMBER_OF_REPS, STATUS , WEIGHT , WEIGHT_KG, EXERCISE_ACTIVITY_ID) VALUES ('WeightedSet', 55011, 5.0, 0, null, 37.5, 5501);
INSERT INTO EXERCISE_SET_ENTITY (SET_TYPE, ID, NUMBER_OF_REPS, STATUS , WEIGHT , WEIGHT_KG, EXERCISE_ACTIVITY_ID) VALUES ('WeightedSet', 55012, 5.0, 0, null, 37.5, 5501);
INSERT INTO EXERCISE_SET_ENTITY (SET_TYPE, ID, NUMBER_OF_REPS, STATUS , WEIGHT , WEIGHT_KG, EXERCISE_ACTIVITY_ID) VALUES ('WeightedSet', 55013, 5.0, 0, null, 37.5, 5501);
INSERT INTO EXERCISE_SET_ENTITY (SET_TYPE, ID, NUMBER_OF_REPS, STATUS , WEIGHT , WEIGHT_KG, EXERCISE_ACTIVITY_ID) VALUES ('WeightedSet', 55014, 5.0, 0, null, 37.5, 5501);
INSERT INTO EXERCISE_SET_ENTITY (SET_TYPE, ID, NUMBER_OF_REPS, STATUS , WEIGHT , WEIGHT_KG, EXERCISE_ACTIVITY_ID) VALUES ('WeightedSet', 55015, 7.0, 0, null, 37.5, 5501);
INSERT INTO EXERCISE_ACTIVITY_ENTITY (ID, NOTES, EXERCISE_ID, WORKOUT_ID) VALUES (5502, '', SELECT ID FROM EXERCISE_ENTITY WHERE NAME = 'Incline Dumbbell Press', 55);
INSERT INTO EXERCISE_SET_ENTITY (SET_TYPE, ID, NUMBER_OF_REPS, STATUS , WEIGHT , WEIGHT_KG, EXERCISE_ACTIVITY_ID) VALUES ('WeightedSet', 55020, 8.0, 0, null, 10, 5502);
INSERT INTO EXERCISE_SET_ENTITY (SET_TYPE, ID, NUMBER_OF_REPS, STATUS , WEIGHT , WEIGHT_KG, EXERCISE_ACTIVITY_ID) VALUES ('WeightedSet', 55021, 8.0, 0, null, 17.5, 5502);
INSERT INTO EXERCISE_SET_ENTITY (SET_TYPE, ID, NUMBER_OF_REPS, STATUS , WEIGHT , WEIGHT_KG, EXERCISE_ACTIVITY_ID) VALUES ('WeightedSet', 55022, 8.0, 0, null, 17.5, 5502);
INSERT INTO EXERCISE_SET_ENTITY (SET_TYPE, ID, NUMBER_OF_REPS, STATUS , WEIGHT , WEIGHT_KG, EXERCISE_ACTIVITY_ID) VALUES ('WeightedSet', 55023, 7.0, 1, null, 17.5, 5502);
INSERT INTO EXERCISE_ACTIVITY_ENTITY (ID, NOTES, EXERCISE_ID, WORKOUT_ID) VALUES (5503, '', SELECT ID FROM EXERCISE_ENTITY WHERE NAME = 'Lateral Raise', 55);
INSERT INTO EXERCISE_SET_ENTITY (SET_TYPE, ID, NUMBER_OF_REPS, STATUS , WEIGHT , WEIGHT_KG, EXERCISE_ACTIVITY_ID) VALUES ('WeightedSet', 55030, 15.0, 0, null, 2.5, 5503);
INSERT INTO EXERCISE_SET_ENTITY (SET_TYPE, ID, NUMBER_OF_REPS, STATUS , WEIGHT , WEIGHT_KG, EXERCISE_ACTIVITY_ID) VALUES ('WeightedSet', 55031, 15.0, 0, null, 5, 5503);
INSERT INTO EXERCISE_SET_ENTITY (SET_TYPE, ID, NUMBER_OF_REPS, STATUS , WEIGHT , WEIGHT_KG, EXERCISE_ACTIVITY_ID) VALUES ('WeightedSet', 55032, 15.0, 0, null, 5, 5503);
INSERT INTO EXERCISE_SET_ENTITY (SET_TYPE, ID, NUMBER_OF_REPS, STATUS , WEIGHT , WEIGHT_KG, EXERCISE_ACTIVITY_ID) VALUES ('WeightedSet', 55033, 15.0, 0, null, 5, 5503);
INSERT INTO EXERCISE_ACTIVITY_ENTITY (ID, NOTES, EXERCISE_ID, WORKOUT_ID) VALUES (5504, '', SELECT ID FROM EXERCISE_ENTITY WHERE NAME = 'Skullcrusher', 55);
INSERT INTO EXERCISE_SET_ENTITY (SET_TYPE, ID, NUMBER_OF_REPS, STATUS , WEIGHT , WEIGHT_KG, EXERCISE_ACTIVITY_ID) VALUES ('WeightedSet', 55040, 10.0, 0, null, 5, 5504);
INSERT INTO EXERCISE_SET_ENTITY (SET_TYPE, ID, NUMBER_OF_REPS, STATUS , WEIGHT , WEIGHT_KG, EXERCISE_ACTIVITY_ID) VALUES ('WeightedSet', 55041, 10.0, 0, null, 7.5, 5504);
INSERT INTO EXERCISE_ACTIVITY_ENTITY (ID, NOTES, EXERCISE_ID, WORKOUT_ID) VALUES (5505, '', SELECT ID FROM EXERCISE_ENTITY WHERE NAME = 'Dip', 55);
INSERT INTO EXERCISE_SET_ENTITY (SET_TYPE, ID, NUMBER_OF_REPS, STATUS , WEIGHT , WEIGHT_KG, EXERCISE_ACTIVITY_ID) VALUES ('NonWeightedSet', 55050, 7.0, 1, 'body', null, 5505);
INSERT INTO EXERCISE_SET_ENTITY (SET_TYPE, ID, NUMBER_OF_REPS, STATUS , WEIGHT , WEIGHT_KG, EXERCISE_ACTIVITY_ID) VALUES ('NonWeightedSet', 55051, 7.0, 1, 'body', null, 5505);
INSERT INTO EXERCISE_ACTIVITY_ENTITY (ID, NOTES, EXERCISE_ID, WORKOUT_ID) VALUES (5506, '', SELECT ID FROM EXERCISE_ENTITY WHERE NAME = 'Deadhang', 55);
INSERT INTO EXERCISE_SET_ENTITY (SET_TYPE, ID, NUMBER_OF_REPS, STATUS , WEIGHT , WEIGHT_KG, EXERCISE_ACTIVITY_ID) VALUES ('NonWeightedSet', 55060, 1, 0, '50 seconds', null, 5506);
INSERT INTO EXERCISE_SET_ENTITY (SET_TYPE, ID, NUMBER_OF_REPS, STATUS , WEIGHT , WEIGHT_KG, EXERCISE_ACTIVITY_ID) VALUES ('NonWeightedSet', 55061, 1, 0, '35 seconds', null, 5506);
INSERT INTO WORKOUT_ENTITY (ID, NOTES, PERFORMED_AT_TIMESTAMP_UTC, WORKOUT_TYPE) VALUES (56, 'Notes', '2019-11-05 15:40:00', 'LEGS');
INSERT INTO EXERCISE_ACTIVITY_ENTITY (ID, NOTES, EXERCISE_ID, WORKOUT_ID) VALUES (5600, '', SELECT ID FROM EXERCISE_ENTITY WHERE NAME = 'Squat', 56);
INSERT INTO EXERCISE_SET_ENTITY (SET_TYPE, ID, NUMBER_OF_REPS, STATUS , WEIGHT , WEIGHT_KG, EXERCISE_ACTIVITY_ID) VALUES ('NonWeightedSet', 56000, 8.0, 0, 'body', null, 5600);
INSERT INTO EXERCISE_SET_ENTITY (SET_TYPE, ID, NUMBER_OF_REPS, STATUS , WEIGHT , WEIGHT_KG, EXERCISE_ACTIVITY_ID) VALUES ('WeightedSet', 56001, 8.0, 0, null, 20, 5600);
INSERT INTO EXERCISE_SET_ENTITY (SET_TYPE, ID, NUMBER_OF_REPS, STATUS , WEIGHT , WEIGHT_KG, EXERCISE_ACTIVITY_ID) VALUES ('WeightedSet', 56002, 5.0, 0, null, 40, 5600);
INSERT INTO EXERCISE_SET_ENTITY (SET_TYPE, ID, NUMBER_OF_REPS, STATUS , WEIGHT , WEIGHT_KG, EXERCISE_ACTIVITY_ID) VALUES ('WeightedSet', 56003, 3.0, 0, null, 60, 5600);
INSERT INTO EXERCISE_SET_ENTITY (SET_TYPE, ID, NUMBER_OF_REPS, STATUS , WEIGHT , WEIGHT_KG, EXERCISE_ACTIVITY_ID) VALUES ('WeightedSet', 56004, 8.0, 0, null, 70, 5600);
INSERT INTO EXERCISE_SET_ENTITY (SET_TYPE, ID, NUMBER_OF_REPS, STATUS , WEIGHT , WEIGHT_KG, EXERCISE_ACTIVITY_ID) VALUES ('WeightedSet', 56005, 8.0, 0, null, 70, 5600);
INSERT INTO EXERCISE_SET_ENTITY (SET_TYPE, ID, NUMBER_OF_REPS, STATUS , WEIGHT , WEIGHT_KG, EXERCISE_ACTIVITY_ID) VALUES ('WeightedSet', 56006, 8.0, 0, null, 70, 5600);
INSERT INTO EXERCISE_ACTIVITY_ENTITY (ID, NOTES, EXERCISE_ID, WORKOUT_ID) VALUES (5601, '', SELECT ID FROM EXERCISE_ENTITY WHERE NAME = 'Romanian Deadlift', 56);
INSERT INTO EXERCISE_SET_ENTITY (SET_TYPE, ID, NUMBER_OF_REPS, STATUS , WEIGHT , WEIGHT_KG, EXERCISE_ACTIVITY_ID) VALUES ('WeightedSet', 56010, 8.0, 0, null, 20, 5601);
INSERT INTO EXERCISE_SET_ENTITY (SET_TYPE, ID, NUMBER_OF_REPS, STATUS , WEIGHT , WEIGHT_KG, EXERCISE_ACTIVITY_ID) VALUES ('WeightedSet', 56011, 4.0, 0, null, 40, 5601);
INSERT INTO EXERCISE_SET_ENTITY (SET_TYPE, ID, NUMBER_OF_REPS, STATUS , WEIGHT , WEIGHT_KG, EXERCISE_ACTIVITY_ID) VALUES ('WeightedSet', 56012, 8.0, 0, null, 52.5, 5601);
INSERT INTO EXERCISE_SET_ENTITY (SET_TYPE, ID, NUMBER_OF_REPS, STATUS , WEIGHT , WEIGHT_KG, EXERCISE_ACTIVITY_ID) VALUES ('WeightedSet', 56013, 8.0, 0, null, 52.5, 5601);
INSERT INTO EXERCISE_SET_ENTITY (SET_TYPE, ID, NUMBER_OF_REPS, STATUS , WEIGHT , WEIGHT_KG, EXERCISE_ACTIVITY_ID) VALUES ('WeightedSet', 56014, 8.0, 0, null, 52.5, 5601);
INSERT INTO EXERCISE_ACTIVITY_ENTITY (ID, NOTES, EXERCISE_ID, WORKOUT_ID) VALUES (5602, '', SELECT ID FROM EXERCISE_ENTITY WHERE NAME = 'Lying Leg Raise', 56);
INSERT INTO EXERCISE_SET_ENTITY (SET_TYPE, ID, NUMBER_OF_REPS, STATUS , WEIGHT , WEIGHT_KG, EXERCISE_ACTIVITY_ID) VALUES ('NonWeightedSet', 56020, 10.0, 0, 'body', null, 5602);
INSERT INTO EXERCISE_SET_ENTITY (SET_TYPE, ID, NUMBER_OF_REPS, STATUS , WEIGHT , WEIGHT_KG, EXERCISE_ACTIVITY_ID) VALUES ('NonWeightedSet', 56021, 10.0, 0, 'body', null, 5602);
INSERT INTO EXERCISE_SET_ENTITY (SET_TYPE, ID, NUMBER_OF_REPS, STATUS , WEIGHT , WEIGHT_KG, EXERCISE_ACTIVITY_ID) VALUES ('NonWeightedSet', 56022, 10.0, 0, 'body', null, 5602);
INSERT INTO EXERCISE_ACTIVITY_ENTITY (ID, NOTES, EXERCISE_ID, WORKOUT_ID) VALUES (5603, '', SELECT ID FROM EXERCISE_ENTITY WHERE NAME = 'Lunge', 56);
INSERT INTO EXERCISE_SET_ENTITY (SET_TYPE, ID, NUMBER_OF_REPS, STATUS , WEIGHT , WEIGHT_KG, EXERCISE_ACTIVITY_ID) VALUES ('NonWeightedSet', 56030, 10.0, 0, 'body', null, 5603);
INSERT INTO EXERCISE_SET_ENTITY (SET_TYPE, ID, NUMBER_OF_REPS, STATUS , WEIGHT , WEIGHT_KG, EXERCISE_ACTIVITY_ID) VALUES ('WeightedSet', 56031, 10.0, 0, null, 7.5, 5603);
INSERT INTO EXERCISE_SET_ENTITY (SET_TYPE, ID, NUMBER_OF_REPS, STATUS , WEIGHT , WEIGHT_KG, EXERCISE_ACTIVITY_ID) VALUES ('WeightedSet', 56032, 10.0, 0, null, 7.5, 5603);
INSERT INTO EXERCISE_ACTIVITY_ENTITY (ID, NOTES, EXERCISE_ID, WORKOUT_ID) VALUES (5604, '', SELECT ID FROM EXERCISE_ENTITY WHERE NAME = 'Glute Raise', 56);
INSERT INTO EXERCISE_SET_ENTITY (SET_TYPE, ID, NUMBER_OF_REPS, STATUS , WEIGHT , WEIGHT_KG, EXERCISE_ACTIVITY_ID) VALUES ('NonWeightedSet', 56040, 15.0, 0, 'body', null, 5604);
INSERT INTO EXERCISE_SET_ENTITY (SET_TYPE, ID, NUMBER_OF_REPS, STATUS , WEIGHT , WEIGHT_KG, EXERCISE_ACTIVITY_ID) VALUES ('WeightedSet', 56041, 15.0, 0, null, 10, 5604);
INSERT INTO EXERCISE_SET_ENTITY (SET_TYPE, ID, NUMBER_OF_REPS, STATUS , WEIGHT , WEIGHT_KG, EXERCISE_ACTIVITY_ID) VALUES ('WeightedSet', 56042, 10.0, 0, null, 20, 5604);
INSERT INTO EXERCISE_SET_ENTITY (SET_TYPE, ID, NUMBER_OF_REPS, STATUS , WEIGHT , WEIGHT_KG, EXERCISE_ACTIVITY_ID) VALUES ('WeightedSet', 56043, 10.0, 0, null, 20, 5604);
INSERT INTO EXERCISE_ACTIVITY_ENTITY (ID, NOTES, EXERCISE_ID, WORKOUT_ID) VALUES (5605, '', SELECT ID FROM EXERCISE_ENTITY WHERE NAME = 'Seated Calf Raise', 56);
INSERT INTO EXERCISE_SET_ENTITY (SET_TYPE, ID, NUMBER_OF_REPS, STATUS , WEIGHT , WEIGHT_KG, EXERCISE_ACTIVITY_ID) VALUES ('WeightedSet', 56050, 20.0, 0, null, 20, 5605);
INSERT INTO EXERCISE_SET_ENTITY (SET_TYPE, ID, NUMBER_OF_REPS, STATUS , WEIGHT , WEIGHT_KG, EXERCISE_ACTIVITY_ID) VALUES ('WeightedSet', 56051, 20.0, 0, null, 20, 5605);
INSERT INTO EXERCISE_ACTIVITY_ENTITY (ID, NOTES, EXERCISE_ID, WORKOUT_ID) VALUES (5606, '', SELECT ID FROM EXERCISE_ENTITY WHERE NAME = 'Standing Calf Raise', 56);
INSERT INTO EXERCISE_SET_ENTITY (SET_TYPE, ID, NUMBER_OF_REPS, STATUS , WEIGHT , WEIGHT_KG, EXERCISE_ACTIVITY_ID) VALUES ('WeightedSet', 56060, 10.0, 0, null, 125, 5606);
INSERT INTO EXERCISE_SET_ENTITY (SET_TYPE, ID, NUMBER_OF_REPS, STATUS , WEIGHT , WEIGHT_KG, EXERCISE_ACTIVITY_ID) VALUES ('WeightedSet', 56061, 10.0, 0, null, 125, 5606);
INSERT INTO WORKOUT_ENTITY (ID, NOTES, PERFORMED_AT_TIMESTAMP_UTC, WORKOUT_TYPE) VALUES (57, 'Notes', '2019-11-06 15:40:00', 'PULL');
INSERT INTO EXERCISE_ACTIVITY_ENTITY (ID, NOTES, EXERCISE_ID, WORKOUT_ID) VALUES (5700, '', SELECT ID FROM EXERCISE_ENTITY WHERE NAME = 'Deadlift', 57);
INSERT INTO EXERCISE_SET_ENTITY (SET_TYPE, ID, NUMBER_OF_REPS, STATUS , WEIGHT , WEIGHT_KG, EXERCISE_ACTIVITY_ID) VALUES ('WeightedSet', 57000, 5.0, 0, null, 20, 5700);
INSERT INTO EXERCISE_SET_ENTITY (SET_TYPE, ID, NUMBER_OF_REPS, STATUS , WEIGHT , WEIGHT_KG, EXERCISE_ACTIVITY_ID) VALUES ('WeightedSet', 57001, 5.0, 0, null, 60, 5700);
INSERT INTO EXERCISE_SET_ENTITY (SET_TYPE, ID, NUMBER_OF_REPS, STATUS , WEIGHT , WEIGHT_KG, EXERCISE_ACTIVITY_ID) VALUES ('WeightedSet', 57002, 3.0, 0, null, 90, 5700);
INSERT INTO EXERCISE_SET_ENTITY (SET_TYPE, ID, NUMBER_OF_REPS, STATUS , WEIGHT , WEIGHT_KG, EXERCISE_ACTIVITY_ID) VALUES ('WeightedSet', 57003, 2.0, 0, null, 110, 5700);
INSERT INTO EXERCISE_SET_ENTITY (SET_TYPE, ID, NUMBER_OF_REPS, STATUS , WEIGHT , WEIGHT_KG, EXERCISE_ACTIVITY_ID) VALUES ('WeightedSet', 57004, 2.0, 0, null, 125, 5700);
INSERT INTO EXERCISE_SET_ENTITY (SET_TYPE, ID, NUMBER_OF_REPS, STATUS , WEIGHT , WEIGHT_KG, EXERCISE_ACTIVITY_ID) VALUES ('WeightedSet', 57005, 5.0, 0, null, 140, 5700);
INSERT INTO EXERCISE_SET_ENTITY (SET_TYPE, ID, NUMBER_OF_REPS, STATUS , WEIGHT , WEIGHT_KG, EXERCISE_ACTIVITY_ID) VALUES ('WeightedSet', 57006, 5.0, 0, null, 100, 5700);
INSERT INTO EXERCISE_ACTIVITY_ENTITY (ID, NOTES, EXERCISE_ID, WORKOUT_ID) VALUES (5701, '', SELECT ID FROM EXERCISE_ENTITY WHERE NAME = 'Pull Up', 57);
INSERT INTO EXERCISE_SET_ENTITY (SET_TYPE, ID, NUMBER_OF_REPS, STATUS , WEIGHT , WEIGHT_KG, EXERCISE_ACTIVITY_ID) VALUES ('NonWeightedSet', 57010, 7.0, 0, 'body', null, 5701);
INSERT INTO EXERCISE_SET_ENTITY (SET_TYPE, ID, NUMBER_OF_REPS, STATUS , WEIGHT , WEIGHT_KG, EXERCISE_ACTIVITY_ID) VALUES ('NonWeightedSet', 57011, 7.0, 0, 'body', null, 5701);
INSERT INTO EXERCISE_SET_ENTITY (SET_TYPE, ID, NUMBER_OF_REPS, STATUS , WEIGHT , WEIGHT_KG, EXERCISE_ACTIVITY_ID) VALUES ('NonWeightedSet', 57012, 7.0, 0, 'body', null, 5701);
INSERT INTO EXERCISE_ACTIVITY_ENTITY (ID, NOTES, EXERCISE_ID, WORKOUT_ID) VALUES (5702, '', SELECT ID FROM EXERCISE_ENTITY WHERE NAME = 'Inverted Row', 57);
INSERT INTO EXERCISE_SET_ENTITY (SET_TYPE, ID, NUMBER_OF_REPS, STATUS , WEIGHT , WEIGHT_KG, EXERCISE_ACTIVITY_ID) VALUES ('NonWeightedSet', 57020, 8.0, 0, 'body', null, 5702);
INSERT INTO EXERCISE_SET_ENTITY (SET_TYPE, ID, NUMBER_OF_REPS, STATUS , WEIGHT , WEIGHT_KG, EXERCISE_ACTIVITY_ID) VALUES ('NonWeightedSet', 57021, 8.0, 0, 'body', null, 5702);
INSERT INTO EXERCISE_SET_ENTITY (SET_TYPE, ID, NUMBER_OF_REPS, STATUS , WEIGHT , WEIGHT_KG, EXERCISE_ACTIVITY_ID) VALUES ('NonWeightedSet', 57022, 8.0, 0, 'body', null, 5702);
INSERT INTO EXERCISE_SET_ENTITY (SET_TYPE, ID, NUMBER_OF_REPS, STATUS , WEIGHT , WEIGHT_KG, EXERCISE_ACTIVITY_ID) VALUES ('NonWeightedSet', 57023, 10.0, 0, 'body', null, 5702);
INSERT INTO EXERCISE_ACTIVITY_ENTITY (ID, NOTES, EXERCISE_ID, WORKOUT_ID) VALUES (5703, '', SELECT ID FROM EXERCISE_ENTITY WHERE NAME = 'Batwing Row', 57);
INSERT INTO EXERCISE_SET_ENTITY (SET_TYPE, ID, NUMBER_OF_REPS, STATUS , WEIGHT , WEIGHT_KG, EXERCISE_ACTIVITY_ID) VALUES ('WeightedSet', 57030, 10.0, 0, null, 5, 5703);
INSERT INTO EXERCISE_SET_ENTITY (SET_TYPE, ID, NUMBER_OF_REPS, STATUS , WEIGHT , WEIGHT_KG, EXERCISE_ACTIVITY_ID) VALUES ('WeightedSet', 57031, 10.0, 0, null, 5, 5703);
INSERT INTO EXERCISE_SET_ENTITY (SET_TYPE, ID, NUMBER_OF_REPS, STATUS , WEIGHT , WEIGHT_KG, EXERCISE_ACTIVITY_ID) VALUES ('WeightedSet', 57032, 10.0, 0, null, 5, 5703);
INSERT INTO EXERCISE_ACTIVITY_ENTITY (ID, NOTES, EXERCISE_ID, WORKOUT_ID) VALUES (5704, '', SELECT ID FROM EXERCISE_ENTITY WHERE NAME = 'Rear Delt Fly', 57);
INSERT INTO EXERCISE_SET_ENTITY (SET_TYPE, ID, NUMBER_OF_REPS, STATUS , WEIGHT , WEIGHT_KG, EXERCISE_ACTIVITY_ID) VALUES ('WeightedSet', 57040, 20.0, 0, null, 1.25, 5704);
INSERT INTO EXERCISE_SET_ENTITY (SET_TYPE, ID, NUMBER_OF_REPS, STATUS , WEIGHT , WEIGHT_KG, EXERCISE_ACTIVITY_ID) VALUES ('WeightedSet', 57041, 20.0, 0, null, 1.25, 5704);
INSERT INTO EXERCISE_SET_ENTITY (SET_TYPE, ID, NUMBER_OF_REPS, STATUS , WEIGHT , WEIGHT_KG, EXERCISE_ACTIVITY_ID) VALUES ('WeightedSet', 57042, 20.0, 0, null, 1.25, 5704);
INSERT INTO EXERCISE_SET_ENTITY (SET_TYPE, ID, NUMBER_OF_REPS, STATUS , WEIGHT , WEIGHT_KG, EXERCISE_ACTIVITY_ID) VALUES ('WeightedSet', 57043, 20.0, 0, null, 1.25, 5704);
INSERT INTO EXERCISE_ACTIVITY_ENTITY (ID, NOTES, EXERCISE_ID, WORKOUT_ID) VALUES (5705, '', SELECT ID FROM EXERCISE_ENTITY WHERE NAME = 'Barbell Curl', 57);
INSERT INTO EXERCISE_SET_ENTITY (SET_TYPE, ID, NUMBER_OF_REPS, STATUS , WEIGHT , WEIGHT_KG, EXERCISE_ACTIVITY_ID) VALUES ('WeightedSet', 57050, 10.0, 0, null, 22.5, 5705);
INSERT INTO EXERCISE_SET_ENTITY (SET_TYPE, ID, NUMBER_OF_REPS, STATUS , WEIGHT , WEIGHT_KG, EXERCISE_ACTIVITY_ID) VALUES ('WeightedSet', 57051, 10.0, 0, null, 22.5, 5705);
INSERT INTO EXERCISE_SET_ENTITY (SET_TYPE, ID, NUMBER_OF_REPS, STATUS , WEIGHT , WEIGHT_KG, EXERCISE_ACTIVITY_ID) VALUES ('WeightedSet', 57052, 10.0, 0, null, 22.5, 5705);
INSERT INTO EXERCISE_SET_ENTITY (SET_TYPE, ID, NUMBER_OF_REPS, STATUS , WEIGHT , WEIGHT_KG, EXERCISE_ACTIVITY_ID) VALUES ('WeightedSet', 57053, 10.0, 0, null, 22.5, 5705);
INSERT INTO WORKOUT_ENTITY (ID, NOTES, PERFORMED_AT_TIMESTAMP_UTC, WORKOUT_TYPE) VALUES (58, 'Notes', '2019-11-07 15:40:00', 'PUSH');
INSERT INTO EXERCISE_ACTIVITY_ENTITY (ID, NOTES, EXERCISE_ID, WORKOUT_ID) VALUES (5800, '', SELECT ID FROM EXERCISE_ENTITY WHERE NAME = 'Bench Press', 58);
INSERT INTO EXERCISE_SET_ENTITY (SET_TYPE, ID, NUMBER_OF_REPS, STATUS , WEIGHT , WEIGHT_KG, EXERCISE_ACTIVITY_ID) VALUES ('WeightedSet', 58000, 6.0, 0, null, 20, 5800);
INSERT INTO EXERCISE_SET_ENTITY (SET_TYPE, ID, NUMBER_OF_REPS, STATUS , WEIGHT , WEIGHT_KG, EXERCISE_ACTIVITY_ID) VALUES ('WeightedSet', 58001, 5.0, 0, null, 40, 5800);
INSERT INTO EXERCISE_SET_ENTITY (SET_TYPE, ID, NUMBER_OF_REPS, STATUS , WEIGHT , WEIGHT_KG, EXERCISE_ACTIVITY_ID) VALUES ('WeightedSet', 58002, 3.0, 0, null, 50, 5800);
INSERT INTO EXERCISE_SET_ENTITY (SET_TYPE, ID, NUMBER_OF_REPS, STATUS , WEIGHT , WEIGHT_KG, EXERCISE_ACTIVITY_ID) VALUES ('WeightedSet', 58003, 5.0, 0, null, 60, 5800);
INSERT INTO EXERCISE_SET_ENTITY (SET_TYPE, ID, NUMBER_OF_REPS, STATUS , WEIGHT , WEIGHT_KG, EXERCISE_ACTIVITY_ID) VALUES ('WeightedSet', 58004, 5.0, 0, null, 60, 5800);
INSERT INTO EXERCISE_SET_ENTITY (SET_TYPE, ID, NUMBER_OF_REPS, STATUS , WEIGHT , WEIGHT_KG, EXERCISE_ACTIVITY_ID) VALUES ('WeightedSet', 58005, 5.0, 0, null, 60, 5800);
INSERT INTO EXERCISE_SET_ENTITY (SET_TYPE, ID, NUMBER_OF_REPS, STATUS , WEIGHT , WEIGHT_KG, EXERCISE_ACTIVITY_ID) VALUES ('WeightedSet', 58006, 5.0, 0, null, 60, 5800);
INSERT INTO EXERCISE_SET_ENTITY (SET_TYPE, ID, NUMBER_OF_REPS, STATUS , WEIGHT , WEIGHT_KG, EXERCISE_ACTIVITY_ID) VALUES ('WeightedSet', 58007, 5.0, 0, null, 60, 5800);
INSERT INTO EXERCISE_ACTIVITY_ENTITY (ID, NOTES, EXERCISE_ID, WORKOUT_ID) VALUES (5801, '', SELECT ID FROM EXERCISE_ENTITY WHERE NAME = 'Overhead Press', 58);
INSERT INTO EXERCISE_SET_ENTITY (SET_TYPE, ID, NUMBER_OF_REPS, STATUS , WEIGHT , WEIGHT_KG, EXERCISE_ACTIVITY_ID) VALUES ('WeightedSet', 58010, 8.0, 0, null, 20, 5801);
INSERT INTO EXERCISE_SET_ENTITY (SET_TYPE, ID, NUMBER_OF_REPS, STATUS , WEIGHT , WEIGHT_KG, EXERCISE_ACTIVITY_ID) VALUES ('WeightedSet', 58011, 8.0, 0, null, 35, 5801);
INSERT INTO EXERCISE_SET_ENTITY (SET_TYPE, ID, NUMBER_OF_REPS, STATUS , WEIGHT , WEIGHT_KG, EXERCISE_ACTIVITY_ID) VALUES ('WeightedSet', 58012, 8.0, 0, null, 35, 5801);
INSERT INTO EXERCISE_SET_ENTITY (SET_TYPE, ID, NUMBER_OF_REPS, STATUS , WEIGHT , WEIGHT_KG, EXERCISE_ACTIVITY_ID) VALUES ('WeightedSet', 58013, 7.0, 1, null, 35, 5801);
INSERT INTO EXERCISE_ACTIVITY_ENTITY (ID, NOTES, EXERCISE_ID, WORKOUT_ID) VALUES (5802, '', SELECT ID FROM EXERCISE_ENTITY WHERE NAME = 'Incline Dumbbell Press', 58);
INSERT INTO EXERCISE_SET_ENTITY (SET_TYPE, ID, NUMBER_OF_REPS, STATUS , WEIGHT , WEIGHT_KG, EXERCISE_ACTIVITY_ID) VALUES ('WeightedSet', 58020, 10.0, 0, null, 10, 5802);
INSERT INTO EXERCISE_SET_ENTITY (SET_TYPE, ID, NUMBER_OF_REPS, STATUS , WEIGHT , WEIGHT_KG, EXERCISE_ACTIVITY_ID) VALUES ('WeightedSet', 58021, 8.0, 0, null, 17.5, 5802);
INSERT INTO EXERCISE_SET_ENTITY (SET_TYPE, ID, NUMBER_OF_REPS, STATUS , WEIGHT , WEIGHT_KG, EXERCISE_ACTIVITY_ID) VALUES ('WeightedSet', 58022, 8.0, 0, null, 17.5, 5802);
INSERT INTO EXERCISE_SET_ENTITY (SET_TYPE, ID, NUMBER_OF_REPS, STATUS , WEIGHT , WEIGHT_KG, EXERCISE_ACTIVITY_ID) VALUES ('WeightedSet', 58023, 8.0, 0, null, 17.5, 5802);
INSERT INTO EXERCISE_ACTIVITY_ENTITY (ID, NOTES, EXERCISE_ID, WORKOUT_ID) VALUES (5803, '', SELECT ID FROM EXERCISE_ENTITY WHERE NAME = 'Lateral Raise', 58);
INSERT INTO EXERCISE_SET_ENTITY (SET_TYPE, ID, NUMBER_OF_REPS, STATUS , WEIGHT , WEIGHT_KG, EXERCISE_ACTIVITY_ID) VALUES ('WeightedSet', 58030, 15.0, 0, null, 2.5, 5803);
INSERT INTO EXERCISE_SET_ENTITY (SET_TYPE, ID, NUMBER_OF_REPS, STATUS , WEIGHT , WEIGHT_KG, EXERCISE_ACTIVITY_ID) VALUES ('WeightedSet', 58031, 15.0, 0, null, 5, 5803);
INSERT INTO EXERCISE_SET_ENTITY (SET_TYPE, ID, NUMBER_OF_REPS, STATUS , WEIGHT , WEIGHT_KG, EXERCISE_ACTIVITY_ID) VALUES ('WeightedSet', 58032, 15.0, 0, null, 5, 5803);
INSERT INTO EXERCISE_ACTIVITY_ENTITY (ID, NOTES, EXERCISE_ID, WORKOUT_ID) VALUES (5804, '', SELECT ID FROM EXERCISE_ENTITY WHERE NAME = 'Dip', 58);
INSERT INTO EXERCISE_SET_ENTITY (SET_TYPE, ID, NUMBER_OF_REPS, STATUS , WEIGHT , WEIGHT_KG, EXERCISE_ACTIVITY_ID) VALUES ('NonWeightedSet', 58040, 8.0, 0, 'body', null, 5804);
INSERT INTO EXERCISE_SET_ENTITY (SET_TYPE, ID, NUMBER_OF_REPS, STATUS , WEIGHT , WEIGHT_KG, EXERCISE_ACTIVITY_ID) VALUES ('NonWeightedSet', 58041, 8.0, 0, 'body', null, 5804);
INSERT INTO EXERCISE_SET_ENTITY (SET_TYPE, ID, NUMBER_OF_REPS, STATUS , WEIGHT , WEIGHT_KG, EXERCISE_ACTIVITY_ID) VALUES ('NonWeightedSet', 58042, 8.0, 0, 'body', null, 5804);
INSERT INTO WORKOUT_ENTITY (ID, NOTES, PERFORMED_AT_TIMESTAMP_UTC, WORKOUT_TYPE) VALUES (59, 'Notes', '2019-11-08 15:40:00', 'LEGS');
INSERT INTO EXERCISE_ACTIVITY_ENTITY (ID, NOTES, EXERCISE_ID, WORKOUT_ID) VALUES (5900, '', SELECT ID FROM EXERCISE_ENTITY WHERE NAME = 'Squat', 59);
INSERT INTO EXERCISE_SET_ENTITY (SET_TYPE, ID, NUMBER_OF_REPS, STATUS , WEIGHT , WEIGHT_KG, EXERCISE_ACTIVITY_ID) VALUES ('NonWeightedSet', 59000, 8.0, 0, 'body', null, 5900);
INSERT INTO EXERCISE_SET_ENTITY (SET_TYPE, ID, NUMBER_OF_REPS, STATUS , WEIGHT , WEIGHT_KG, EXERCISE_ACTIVITY_ID) VALUES ('WeightedSet', 59001, 5.0, 0, null, 20, 5900);
INSERT INTO EXERCISE_SET_ENTITY (SET_TYPE, ID, NUMBER_OF_REPS, STATUS , WEIGHT , WEIGHT_KG, EXERCISE_ACTIVITY_ID) VALUES ('WeightedSet', 59002, 5.0, 0, null, 40, 5900);
INSERT INTO EXERCISE_SET_ENTITY (SET_TYPE, ID, NUMBER_OF_REPS, STATUS , WEIGHT , WEIGHT_KG, EXERCISE_ACTIVITY_ID) VALUES ('WeightedSet', 59003, 3.0, 0, null, 60, 5900);
INSERT INTO EXERCISE_SET_ENTITY (SET_TYPE, ID, NUMBER_OF_REPS, STATUS , WEIGHT , WEIGHT_KG, EXERCISE_ACTIVITY_ID) VALUES ('WeightedSet', 59004, 2.0, 0, null, 75, 5900);
INSERT INTO EXERCISE_SET_ENTITY (SET_TYPE, ID, NUMBER_OF_REPS, STATUS , WEIGHT , WEIGHT_KG, EXERCISE_ACTIVITY_ID) VALUES ('WeightedSet', 59005, 5.0, 0, null, 87.5, 5900);
INSERT INTO EXERCISE_SET_ENTITY (SET_TYPE, ID, NUMBER_OF_REPS, STATUS , WEIGHT , WEIGHT_KG, EXERCISE_ACTIVITY_ID) VALUES ('WeightedSet', 59006, 5.0, 0, null, 87.5, 5900);
INSERT INTO EXERCISE_SET_ENTITY (SET_TYPE, ID, NUMBER_OF_REPS, STATUS , WEIGHT , WEIGHT_KG, EXERCISE_ACTIVITY_ID) VALUES ('WeightedSet', 59007, 5.0, 0, null, 87.5, 5900);
INSERT INTO EXERCISE_ACTIVITY_ENTITY (ID, NOTES, EXERCISE_ID, WORKOUT_ID) VALUES (5901, '', SELECT ID FROM EXERCISE_ENTITY WHERE NAME = 'Romanian Deadlift', 59);
INSERT INTO EXERCISE_SET_ENTITY (SET_TYPE, ID, NUMBER_OF_REPS, STATUS , WEIGHT , WEIGHT_KG, EXERCISE_ACTIVITY_ID) VALUES ('WeightedSet', 59010, 8.0, 0, null, 20, 5901);
INSERT INTO EXERCISE_SET_ENTITY (SET_TYPE, ID, NUMBER_OF_REPS, STATUS , WEIGHT , WEIGHT_KG, EXERCISE_ACTIVITY_ID) VALUES ('WeightedSet', 59011, 4.0, 0, null, 40, 5901);
INSERT INTO EXERCISE_SET_ENTITY (SET_TYPE, ID, NUMBER_OF_REPS, STATUS , WEIGHT , WEIGHT_KG, EXERCISE_ACTIVITY_ID) VALUES ('WeightedSet', 59012, 8.0, 0, null, 55, 5901);
INSERT INTO EXERCISE_SET_ENTITY (SET_TYPE, ID, NUMBER_OF_REPS, STATUS , WEIGHT , WEIGHT_KG, EXERCISE_ACTIVITY_ID) VALUES ('WeightedSet', 59013, 8.0, 0, null, 55, 5901);
INSERT INTO EXERCISE_SET_ENTITY (SET_TYPE, ID, NUMBER_OF_REPS, STATUS , WEIGHT , WEIGHT_KG, EXERCISE_ACTIVITY_ID) VALUES ('WeightedSet', 59014, 8.0, 0, null, 55, 5901);
INSERT INTO EXERCISE_ACTIVITY_ENTITY (ID, NOTES, EXERCISE_ID, WORKOUT_ID) VALUES (5902, '', SELECT ID FROM EXERCISE_ENTITY WHERE NAME = 'Lying Leg Raise', 59);
INSERT INTO EXERCISE_SET_ENTITY (SET_TYPE, ID, NUMBER_OF_REPS, STATUS , WEIGHT , WEIGHT_KG, EXERCISE_ACTIVITY_ID) VALUES ('NonWeightedSet', 59020, 10.0, 0, 'body', null, 5902);
INSERT INTO EXERCISE_SET_ENTITY (SET_TYPE, ID, NUMBER_OF_REPS, STATUS , WEIGHT , WEIGHT_KG, EXERCISE_ACTIVITY_ID) VALUES ('NonWeightedSet', 59021, 10.0, 0, 'body', null, 5902);
INSERT INTO EXERCISE_SET_ENTITY (SET_TYPE, ID, NUMBER_OF_REPS, STATUS , WEIGHT , WEIGHT_KG, EXERCISE_ACTIVITY_ID) VALUES ('NonWeightedSet', 59022, 10.0, 0, 'body', null, 5902);
INSERT INTO EXERCISE_ACTIVITY_ENTITY (ID, NOTES, EXERCISE_ID, WORKOUT_ID) VALUES (5903, '', SELECT ID FROM EXERCISE_ENTITY WHERE NAME = 'Lunge', 59);
INSERT INTO EXERCISE_SET_ENTITY (SET_TYPE, ID, NUMBER_OF_REPS, STATUS , WEIGHT , WEIGHT_KG, EXERCISE_ACTIVITY_ID) VALUES ('NonWeightedSet', 59030, 10.0, 0, 'body', null, 5903);
INSERT INTO EXERCISE_SET_ENTITY (SET_TYPE, ID, NUMBER_OF_REPS, STATUS , WEIGHT , WEIGHT_KG, EXERCISE_ACTIVITY_ID) VALUES ('WeightedSet', 59031, 10.0, 0, null, 7.5, 5903);
INSERT INTO EXERCISE_SET_ENTITY (SET_TYPE, ID, NUMBER_OF_REPS, STATUS , WEIGHT , WEIGHT_KG, EXERCISE_ACTIVITY_ID) VALUES ('WeightedSet', 59032, 10.0, 0, null, 10, 5903);
INSERT INTO EXERCISE_ACTIVITY_ENTITY (ID, NOTES, EXERCISE_ID, WORKOUT_ID) VALUES (5904, '', SELECT ID FROM EXERCISE_ENTITY WHERE NAME = 'Glute Raise', 59);
INSERT INTO EXERCISE_SET_ENTITY (SET_TYPE, ID, NUMBER_OF_REPS, STATUS , WEIGHT , WEIGHT_KG, EXERCISE_ACTIVITY_ID) VALUES ('NonWeightedSet', 59040, 20.0, 0, 'body', null, 5904);
INSERT INTO EXERCISE_SET_ENTITY (SET_TYPE, ID, NUMBER_OF_REPS, STATUS , WEIGHT , WEIGHT_KG, EXERCISE_ACTIVITY_ID) VALUES ('NonWeightedSet', 59041, 10.0, 0, 'body', null, 5904);
INSERT INTO EXERCISE_SET_ENTITY (SET_TYPE, ID, NUMBER_OF_REPS, STATUS , WEIGHT , WEIGHT_KG, EXERCISE_ACTIVITY_ID) VALUES ('WeightedSet', 59042, 10.0, 0, null, 10, 5904);
INSERT INTO EXERCISE_ACTIVITY_ENTITY (ID, NOTES, EXERCISE_ID, WORKOUT_ID) VALUES (5905, '', SELECT ID FROM EXERCISE_ENTITY WHERE NAME = 'Seated Calf Raise', 59);
INSERT INTO EXERCISE_SET_ENTITY (SET_TYPE, ID, NUMBER_OF_REPS, STATUS , WEIGHT , WEIGHT_KG, EXERCISE_ACTIVITY_ID) VALUES ('WeightedSet', 59050, 20.0, 0, null, 20, 5905);
INSERT INTO EXERCISE_SET_ENTITY (SET_TYPE, ID, NUMBER_OF_REPS, STATUS , WEIGHT , WEIGHT_KG, EXERCISE_ACTIVITY_ID) VALUES ('WeightedSet', 59051, 20.0, 0, null, 20, 5905);
INSERT INTO EXERCISE_ACTIVITY_ENTITY (ID, NOTES, EXERCISE_ID, WORKOUT_ID) VALUES (5906, '', SELECT ID FROM EXERCISE_ENTITY WHERE NAME = 'Standing Calf Raise', 59);
INSERT INTO EXERCISE_SET_ENTITY (SET_TYPE, ID, NUMBER_OF_REPS, STATUS , WEIGHT , WEIGHT_KG, EXERCISE_ACTIVITY_ID) VALUES ('WeightedSet', 59060, 10.0, 0, null, 125, 5906);
INSERT INTO EXERCISE_SET_ENTITY (SET_TYPE, ID, NUMBER_OF_REPS, STATUS , WEIGHT , WEIGHT_KG, EXERCISE_ACTIVITY_ID) VALUES ('WeightedSet', 59061, 10.0, 0, null, 125, 5906);
INSERT INTO WORKOUT_ENTITY (ID, NOTES, PERFORMED_AT_TIMESTAMP_UTC, WORKOUT_TYPE) VALUES (60, 'Notes', '2019-11-12 15:50:00', 'PULL');
INSERT INTO EXERCISE_ACTIVITY_ENTITY (ID, NOTES, EXERCISE_ID, WORKOUT_ID) VALUES (6000, '', SELECT ID FROM EXERCISE_ENTITY WHERE NAME = 'Bent Over Row', 60);
INSERT INTO EXERCISE_SET_ENTITY (SET_TYPE, ID, NUMBER_OF_REPS, STATUS , WEIGHT , WEIGHT_KG, EXERCISE_ACTIVITY_ID) VALUES ('WeightedSet', 60000, 15.0, 0, null, 20, 6000);
INSERT INTO EXERCISE_SET_ENTITY (SET_TYPE, ID, NUMBER_OF_REPS, STATUS , WEIGHT , WEIGHT_KG, EXERCISE_ACTIVITY_ID) VALUES ('WeightedSet', 60001, 10.0, 0, null, 30, 6000);
INSERT INTO EXERCISE_SET_ENTITY (SET_TYPE, ID, NUMBER_OF_REPS, STATUS , WEIGHT , WEIGHT_KG, EXERCISE_ACTIVITY_ID) VALUES ('WeightedSet', 60002, 11.0, 0, null, 40, 6000);
INSERT INTO EXERCISE_SET_ENTITY (SET_TYPE, ID, NUMBER_OF_REPS, STATUS , WEIGHT , WEIGHT_KG, EXERCISE_ACTIVITY_ID) VALUES ('WeightedSet', 60003, 10.0, 0, null, 40, 6000);
INSERT INTO EXERCISE_SET_ENTITY (SET_TYPE, ID, NUMBER_OF_REPS, STATUS , WEIGHT , WEIGHT_KG, EXERCISE_ACTIVITY_ID) VALUES ('WeightedSet', 60004, 10.0, 0, null, 40, 6000);
INSERT INTO EXERCISE_ACTIVITY_ENTITY (ID, NOTES, EXERCISE_ID, WORKOUT_ID) VALUES (6001, '', SELECT ID FROM EXERCISE_ENTITY WHERE NAME = 'Chin Up', 60);
INSERT INTO EXERCISE_SET_ENTITY (SET_TYPE, ID, NUMBER_OF_REPS, STATUS , WEIGHT , WEIGHT_KG, EXERCISE_ACTIVITY_ID) VALUES ('NonWeightedSet', 60010, 7.0, 0, 'body', null, 6001);
INSERT INTO EXERCISE_SET_ENTITY (SET_TYPE, ID, NUMBER_OF_REPS, STATUS , WEIGHT , WEIGHT_KG, EXERCISE_ACTIVITY_ID) VALUES ('NonWeightedSet', 60011, 7.0, 0, 'body', null, 6001);
INSERT INTO EXERCISE_SET_ENTITY (SET_TYPE, ID, NUMBER_OF_REPS, STATUS , WEIGHT , WEIGHT_KG, EXERCISE_ACTIVITY_ID) VALUES ('NonWeightedSet', 60012, 7.0, 0, 'body', null, 6001);
INSERT INTO EXERCISE_ACTIVITY_ENTITY (ID, NOTES, EXERCISE_ID, WORKOUT_ID) VALUES (6002, '', SELECT ID FROM EXERCISE_ENTITY WHERE NAME = 'Inverted Row', 60);
INSERT INTO EXERCISE_SET_ENTITY (SET_TYPE, ID, NUMBER_OF_REPS, STATUS , WEIGHT , WEIGHT_KG, EXERCISE_ACTIVITY_ID) VALUES ('NonWeightedSet', 60020, 11.0, 0, 'body', null, 6002);
INSERT INTO EXERCISE_SET_ENTITY (SET_TYPE, ID, NUMBER_OF_REPS, STATUS , WEIGHT , WEIGHT_KG, EXERCISE_ACTIVITY_ID) VALUES ('NonWeightedSet', 60021, 8.0, 0, 'body', null, 6002);
INSERT INTO EXERCISE_SET_ENTITY (SET_TYPE, ID, NUMBER_OF_REPS, STATUS , WEIGHT , WEIGHT_KG, EXERCISE_ACTIVITY_ID) VALUES ('NonWeightedSet', 60022, 8.0, 0, 'body', null, 6002);
INSERT INTO EXERCISE_SET_ENTITY (SET_TYPE, ID, NUMBER_OF_REPS, STATUS , WEIGHT , WEIGHT_KG, EXERCISE_ACTIVITY_ID) VALUES ('NonWeightedSet', 60023, 10.0, 0, 'body', null, 6002);
INSERT INTO EXERCISE_ACTIVITY_ENTITY (ID, NOTES, EXERCISE_ID, WORKOUT_ID) VALUES (6003, '', SELECT ID FROM EXERCISE_ENTITY WHERE NAME = 'Batwing Row', 60);
INSERT INTO EXERCISE_SET_ENTITY (SET_TYPE, ID, NUMBER_OF_REPS, STATUS , WEIGHT , WEIGHT_KG, EXERCISE_ACTIVITY_ID) VALUES ('WeightedSet', 60030, 10.0, 0, null, 5, 6003);
INSERT INTO EXERCISE_SET_ENTITY (SET_TYPE, ID, NUMBER_OF_REPS, STATUS , WEIGHT , WEIGHT_KG, EXERCISE_ACTIVITY_ID) VALUES ('WeightedSet', 60031, 10.0, 0, null, 10, 6003);
INSERT INTO EXERCISE_SET_ENTITY (SET_TYPE, ID, NUMBER_OF_REPS, STATUS , WEIGHT , WEIGHT_KG, EXERCISE_ACTIVITY_ID) VALUES ('WeightedSet', 60032, 10.0, 0, null, 7.5, 6003);
INSERT INTO EXERCISE_SET_ENTITY (SET_TYPE, ID, NUMBER_OF_REPS, STATUS , WEIGHT , WEIGHT_KG, EXERCISE_ACTIVITY_ID) VALUES ('WeightedSet', 60033, 10.0, 0, null, 5, 6003);
INSERT INTO EXERCISE_ACTIVITY_ENTITY (ID, NOTES, EXERCISE_ID, WORKOUT_ID) VALUES (6004, '', SELECT ID FROM EXERCISE_ENTITY WHERE NAME = 'Rear Delt Fly', 60);
INSERT INTO EXERCISE_SET_ENTITY (SET_TYPE, ID, NUMBER_OF_REPS, STATUS , WEIGHT , WEIGHT_KG, EXERCISE_ACTIVITY_ID) VALUES ('WeightedSet', 60040, 20.0, 0, null, 1.25, 6004);
INSERT INTO EXERCISE_SET_ENTITY (SET_TYPE, ID, NUMBER_OF_REPS, STATUS , WEIGHT , WEIGHT_KG, EXERCISE_ACTIVITY_ID) VALUES ('WeightedSet', 60041, 20.0, 0, null, 1.25, 6004);
INSERT INTO EXERCISE_SET_ENTITY (SET_TYPE, ID, NUMBER_OF_REPS, STATUS , WEIGHT , WEIGHT_KG, EXERCISE_ACTIVITY_ID) VALUES ('WeightedSet', 60042, 20.0, 0, null, 1.25, 6004);
INSERT INTO EXERCISE_SET_ENTITY (SET_TYPE, ID, NUMBER_OF_REPS, STATUS , WEIGHT , WEIGHT_KG, EXERCISE_ACTIVITY_ID) VALUES ('WeightedSet', 60043, 20.0, 0, null, 1.25, 6004);
INSERT INTO EXERCISE_ACTIVITY_ENTITY (ID, NOTES, EXERCISE_ID, WORKOUT_ID) VALUES (6005, '', SELECT ID FROM EXERCISE_ENTITY WHERE NAME = 'Barbell Curl', 60);
INSERT INTO EXERCISE_SET_ENTITY (SET_TYPE, ID, NUMBER_OF_REPS, STATUS , WEIGHT , WEIGHT_KG, EXERCISE_ACTIVITY_ID) VALUES ('WeightedSet', 60050, 10.0, 0, null, 22.5, 6005);
INSERT INTO EXERCISE_SET_ENTITY (SET_TYPE, ID, NUMBER_OF_REPS, STATUS , WEIGHT , WEIGHT_KG, EXERCISE_ACTIVITY_ID) VALUES ('WeightedSet', 60051, 10.0, 0, null, 22.5, 6005);
INSERT INTO EXERCISE_SET_ENTITY (SET_TYPE, ID, NUMBER_OF_REPS, STATUS , WEIGHT , WEIGHT_KG, EXERCISE_ACTIVITY_ID) VALUES ('WeightedSet', 60052, 10.0, 0, null, 22.5, 6005);
INSERT INTO EXERCISE_SET_ENTITY (SET_TYPE, ID, NUMBER_OF_REPS, STATUS , WEIGHT , WEIGHT_KG, EXERCISE_ACTIVITY_ID) VALUES ('WeightedSet', 60053, 10.0, 0, null, 22.5, 6005);
INSERT INTO EXERCISE_ACTIVITY_ENTITY (ID, NOTES, EXERCISE_ID, WORKOUT_ID) VALUES (6006, '', SELECT ID FROM EXERCISE_ENTITY WHERE NAME = 'Reverse Dumbbell Curl', 60);
INSERT INTO EXERCISE_SET_ENTITY (SET_TYPE, ID, NUMBER_OF_REPS, STATUS , WEIGHT , WEIGHT_KG, EXERCISE_ACTIVITY_ID) VALUES ('WeightedSet', 60060, 10.0, 0, null, 5, 6006);
INSERT INTO EXERCISE_SET_ENTITY (SET_TYPE, ID, NUMBER_OF_REPS, STATUS , WEIGHT , WEIGHT_KG, EXERCISE_ACTIVITY_ID) VALUES ('WeightedSet', 60061, 10.0, 0, null, 5, 6006);
INSERT INTO EXERCISE_ACTIVITY_ENTITY (ID, NOTES, EXERCISE_ID, WORKOUT_ID) VALUES (6007, '', SELECT ID FROM EXERCISE_ENTITY WHERE NAME = 'Deadhang', 60);
INSERT INTO EXERCISE_SET_ENTITY (SET_TYPE, ID, NUMBER_OF_REPS, STATUS , WEIGHT , WEIGHT_KG, EXERCISE_ACTIVITY_ID) VALUES ('NonWeightedSet', 60070, 1, 0, '30 seconds', null, 6007);
INSERT INTO EXERCISE_SET_ENTITY (SET_TYPE, ID, NUMBER_OF_REPS, STATUS , WEIGHT , WEIGHT_KG, EXERCISE_ACTIVITY_ID) VALUES ('NonWeightedSet', 60071, 1, 0, '10 seconds', null, 6007);
INSERT INTO WORKOUT_ENTITY (ID, NOTES, PERFORMED_AT_TIMESTAMP_UTC, WORKOUT_TYPE) VALUES (61, 'Notes', '2019-11-13 15:40:00', 'PUSH');
INSERT INTO EXERCISE_ACTIVITY_ENTITY (ID, NOTES, EXERCISE_ID, WORKOUT_ID) VALUES (6100, '', SELECT ID FROM EXERCISE_ENTITY WHERE NAME = 'Bench Press', 61);
INSERT INTO EXERCISE_SET_ENTITY (SET_TYPE, ID, NUMBER_OF_REPS, STATUS , WEIGHT , WEIGHT_KG, EXERCISE_ACTIVITY_ID) VALUES ('WeightedSet', 61000, 8.0, 0, null, 20, 6100);
INSERT INTO EXERCISE_SET_ENTITY (SET_TYPE, ID, NUMBER_OF_REPS, STATUS , WEIGHT , WEIGHT_KG, EXERCISE_ACTIVITY_ID) VALUES ('WeightedSet', 61001, 8.0, 0, null, 40, 6100);
INSERT INTO EXERCISE_SET_ENTITY (SET_TYPE, ID, NUMBER_OF_REPS, STATUS , WEIGHT , WEIGHT_KG, EXERCISE_ACTIVITY_ID) VALUES ('WeightedSet', 61002, 8.0, 0, null, 52.5, 6100);
INSERT INTO EXERCISE_SET_ENTITY (SET_TYPE, ID, NUMBER_OF_REPS, STATUS , WEIGHT , WEIGHT_KG, EXERCISE_ACTIVITY_ID) VALUES ('WeightedSet', 61003, 8.0, 0, null, 52.5, 6100);
INSERT INTO EXERCISE_SET_ENTITY (SET_TYPE, ID, NUMBER_OF_REPS, STATUS , WEIGHT , WEIGHT_KG, EXERCISE_ACTIVITY_ID) VALUES ('WeightedSet', 61004, 7.0, 1, null, 52.5, 6100);
INSERT INTO EXERCISE_ACTIVITY_ENTITY (ID, NOTES, EXERCISE_ID, WORKOUT_ID) VALUES (6101, '', SELECT ID FROM EXERCISE_ENTITY WHERE NAME = 'Overhead Press', 61);
INSERT INTO EXERCISE_SET_ENTITY (SET_TYPE, ID, NUMBER_OF_REPS, STATUS , WEIGHT , WEIGHT_KG, EXERCISE_ACTIVITY_ID) VALUES ('WeightedSet', 61010, 5.0, 0, null, 20, 6101);
INSERT INTO EXERCISE_SET_ENTITY (SET_TYPE, ID, NUMBER_OF_REPS, STATUS , WEIGHT , WEIGHT_KG, EXERCISE_ACTIVITY_ID) VALUES ('WeightedSet', 61011, 5.0, 0, null, 37.5, 6101);
INSERT INTO EXERCISE_SET_ENTITY (SET_TYPE, ID, NUMBER_OF_REPS, STATUS , WEIGHT , WEIGHT_KG, EXERCISE_ACTIVITY_ID) VALUES ('WeightedSet', 61012, 5.0, 0, null, 37.5, 6101);
INSERT INTO EXERCISE_SET_ENTITY (SET_TYPE, ID, NUMBER_OF_REPS, STATUS , WEIGHT , WEIGHT_KG, EXERCISE_ACTIVITY_ID) VALUES ('WeightedSet', 61013, 5.0, 0, null, 37.5, 6101);
INSERT INTO EXERCISE_SET_ENTITY (SET_TYPE, ID, NUMBER_OF_REPS, STATUS , WEIGHT , WEIGHT_KG, EXERCISE_ACTIVITY_ID) VALUES ('WeightedSet', 61014, 5.0, 0, null, 37.5, 6101);
INSERT INTO EXERCISE_SET_ENTITY (SET_TYPE, ID, NUMBER_OF_REPS, STATUS , WEIGHT , WEIGHT_KG, EXERCISE_ACTIVITY_ID) VALUES ('WeightedSet', 61015, 7.0, 0, null, 37.5, 6101);
INSERT INTO EXERCISE_ACTIVITY_ENTITY (ID, NOTES, EXERCISE_ID, WORKOUT_ID) VALUES (6102, '', SELECT ID FROM EXERCISE_ENTITY WHERE NAME = 'Incline Dumbbell Press', 61);
INSERT INTO EXERCISE_SET_ENTITY (SET_TYPE, ID, NUMBER_OF_REPS, STATUS , WEIGHT , WEIGHT_KG, EXERCISE_ACTIVITY_ID) VALUES ('WeightedSet', 61020, 10.0, 0, null, 10, 6102);
INSERT INTO EXERCISE_SET_ENTITY (SET_TYPE, ID, NUMBER_OF_REPS, STATUS , WEIGHT , WEIGHT_KG, EXERCISE_ACTIVITY_ID) VALUES ('WeightedSet', 61021, 8.0, 0, null, 20, 6102);
INSERT INTO EXERCISE_SET_ENTITY (SET_TYPE, ID, NUMBER_OF_REPS, STATUS , WEIGHT , WEIGHT_KG, EXERCISE_ACTIVITY_ID) VALUES ('WeightedSet', 61022, 7.0, 1, null, 20, 6102);
INSERT INTO EXERCISE_SET_ENTITY (SET_TYPE, ID, NUMBER_OF_REPS, STATUS , WEIGHT , WEIGHT_KG, EXERCISE_ACTIVITY_ID) VALUES ('WeightedSet', 61023, 7.0, 1, null, 20, 6102);
INSERT INTO EXERCISE_ACTIVITY_ENTITY (ID, NOTES, EXERCISE_ID, WORKOUT_ID) VALUES (6103, '', SELECT ID FROM EXERCISE_ENTITY WHERE NAME = 'Lateral Raise', 61);
INSERT INTO EXERCISE_SET_ENTITY (SET_TYPE, ID, NUMBER_OF_REPS, STATUS , WEIGHT , WEIGHT_KG, EXERCISE_ACTIVITY_ID) VALUES ('WeightedSet', 61030, 20.0, 0, null, 2.5, 6103);
INSERT INTO EXERCISE_SET_ENTITY (SET_TYPE, ID, NUMBER_OF_REPS, STATUS , WEIGHT , WEIGHT_KG, EXERCISE_ACTIVITY_ID) VALUES ('WeightedSet', 61031, 15.0, 0, null, 5, 6103);
INSERT INTO EXERCISE_SET_ENTITY (SET_TYPE, ID, NUMBER_OF_REPS, STATUS , WEIGHT , WEIGHT_KG, EXERCISE_ACTIVITY_ID) VALUES ('WeightedSet', 61032, 14.0, 1, null, 5, 6103);
INSERT INTO EXERCISE_ACTIVITY_ENTITY (ID, NOTES, EXERCISE_ID, WORKOUT_ID) VALUES (6104, '', SELECT ID FROM EXERCISE_ENTITY WHERE NAME = 'Dip', 61);
INSERT INTO EXERCISE_SET_ENTITY (SET_TYPE, ID, NUMBER_OF_REPS, STATUS , WEIGHT , WEIGHT_KG, EXERCISE_ACTIVITY_ID) VALUES ('NonWeightedSet', 61040, 8.0, 0, 'body', null, 6104);
INSERT INTO EXERCISE_SET_ENTITY (SET_TYPE, ID, NUMBER_OF_REPS, STATUS , WEIGHT , WEIGHT_KG, EXERCISE_ACTIVITY_ID) VALUES ('NonWeightedSet', 61041, 8.0, 0, 'body', null, 6104);
INSERT INTO EXERCISE_SET_ENTITY (SET_TYPE, ID, NUMBER_OF_REPS, STATUS , WEIGHT , WEIGHT_KG, EXERCISE_ACTIVITY_ID) VALUES ('NonWeightedSet', 61042, 7.0, 1, 'body', null, 6104);
INSERT INTO EXERCISE_ACTIVITY_ENTITY (ID, NOTES, EXERCISE_ID, WORKOUT_ID) VALUES (6105, '', SELECT ID FROM EXERCISE_ENTITY WHERE NAME = 'Deadhang', 61);
INSERT INTO EXERCISE_SET_ENTITY (SET_TYPE, ID, NUMBER_OF_REPS, STATUS , WEIGHT , WEIGHT_KG, EXERCISE_ACTIVITY_ID) VALUES ('NonWeightedSet', 61050, 1, 0, '40 seconds', null, 6105);
INSERT INTO EXERCISE_SET_ENTITY (SET_TYPE, ID, NUMBER_OF_REPS, STATUS , WEIGHT , WEIGHT_KG, EXERCISE_ACTIVITY_ID) VALUES ('NonWeightedSet', 61051, 1, 0, '27 seconds', null, 6105);
INSERT INTO WORKOUT_ENTITY (ID, NOTES, PERFORMED_AT_TIMESTAMP_UTC, WORKOUT_TYPE) VALUES (62, 'Notes', '2019-11-14 15:40:00', 'LEGS');
INSERT INTO EXERCISE_ACTIVITY_ENTITY (ID, NOTES, EXERCISE_ID, WORKOUT_ID) VALUES (6200, '', SELECT ID FROM EXERCISE_ENTITY WHERE NAME = 'Squat', 62);
INSERT INTO EXERCISE_SET_ENTITY (SET_TYPE, ID, NUMBER_OF_REPS, STATUS , WEIGHT , WEIGHT_KG, EXERCISE_ACTIVITY_ID) VALUES ('NonWeightedSet', 62000, 8.0, 0, 'body', null, 6200);
INSERT INTO EXERCISE_SET_ENTITY (SET_TYPE, ID, NUMBER_OF_REPS, STATUS , WEIGHT , WEIGHT_KG, EXERCISE_ACTIVITY_ID) VALUES ('WeightedSet', 62001, 8.0, 0, null, 20, 6200);
INSERT INTO EXERCISE_SET_ENTITY (SET_TYPE, ID, NUMBER_OF_REPS, STATUS , WEIGHT , WEIGHT_KG, EXERCISE_ACTIVITY_ID) VALUES ('WeightedSet', 62002, 5.0, 0, null, 40, 6200);
INSERT INTO EXERCISE_SET_ENTITY (SET_TYPE, ID, NUMBER_OF_REPS, STATUS , WEIGHT , WEIGHT_KG, EXERCISE_ACTIVITY_ID) VALUES ('WeightedSet', 62003, 5.0, 0, null, 60, 6200);
INSERT INTO EXERCISE_SET_ENTITY (SET_TYPE, ID, NUMBER_OF_REPS, STATUS , WEIGHT , WEIGHT_KG, EXERCISE_ACTIVITY_ID) VALUES ('WeightedSet', 62004, 8.0, 0, null, 72.5, 6200);
INSERT INTO EXERCISE_SET_ENTITY (SET_TYPE, ID, NUMBER_OF_REPS, STATUS , WEIGHT , WEIGHT_KG, EXERCISE_ACTIVITY_ID) VALUES ('WeightedSet', 62005, 8.0, 0, null, 72.5, 6200);
INSERT INTO EXERCISE_SET_ENTITY (SET_TYPE, ID, NUMBER_OF_REPS, STATUS , WEIGHT , WEIGHT_KG, EXERCISE_ACTIVITY_ID) VALUES ('WeightedSet', 62006, 8.0, 0, null, 72.5, 6200);
INSERT INTO EXERCISE_ACTIVITY_ENTITY (ID, NOTES, EXERCISE_ID, WORKOUT_ID) VALUES (6201, '', SELECT ID FROM EXERCISE_ENTITY WHERE NAME = 'Romanian Deadlift', 62);
INSERT INTO EXERCISE_SET_ENTITY (SET_TYPE, ID, NUMBER_OF_REPS, STATUS , WEIGHT , WEIGHT_KG, EXERCISE_ACTIVITY_ID) VALUES ('WeightedSet', 62010, 8.0, 0, null, 20, 6201);
INSERT INTO EXERCISE_SET_ENTITY (SET_TYPE, ID, NUMBER_OF_REPS, STATUS , WEIGHT , WEIGHT_KG, EXERCISE_ACTIVITY_ID) VALUES ('WeightedSet', 62011, 4.0, 0, null, 40, 6201);
INSERT INTO EXERCISE_SET_ENTITY (SET_TYPE, ID, NUMBER_OF_REPS, STATUS , WEIGHT , WEIGHT_KG, EXERCISE_ACTIVITY_ID) VALUES ('WeightedSet', 62012, 8.0, 0, null, 57.5, 6201);
INSERT INTO EXERCISE_SET_ENTITY (SET_TYPE, ID, NUMBER_OF_REPS, STATUS , WEIGHT , WEIGHT_KG, EXERCISE_ACTIVITY_ID) VALUES ('WeightedSet', 62013, 8.0, 0, null, 57.5, 6201);
INSERT INTO EXERCISE_SET_ENTITY (SET_TYPE, ID, NUMBER_OF_REPS, STATUS , WEIGHT , WEIGHT_KG, EXERCISE_ACTIVITY_ID) VALUES ('WeightedSet', 62014, 8.0, 0, null, 57.5, 6201);
INSERT INTO EXERCISE_ACTIVITY_ENTITY (ID, NOTES, EXERCISE_ID, WORKOUT_ID) VALUES (6202, '', SELECT ID FROM EXERCISE_ENTITY WHERE NAME = 'Lying Leg Raise', 62);
INSERT INTO EXERCISE_SET_ENTITY (SET_TYPE, ID, NUMBER_OF_REPS, STATUS , WEIGHT , WEIGHT_KG, EXERCISE_ACTIVITY_ID) VALUES ('NonWeightedSet', 62020, 10.0, 0, 'body', null, 6202);
INSERT INTO EXERCISE_SET_ENTITY (SET_TYPE, ID, NUMBER_OF_REPS, STATUS , WEIGHT , WEIGHT_KG, EXERCISE_ACTIVITY_ID) VALUES ('NonWeightedSet', 62021, 10.0, 0, 'body', null, 6202);
INSERT INTO EXERCISE_SET_ENTITY (SET_TYPE, ID, NUMBER_OF_REPS, STATUS , WEIGHT , WEIGHT_KG, EXERCISE_ACTIVITY_ID) VALUES ('NonWeightedSet', 62022, 10.0, 0, 'body', null, 6202);
INSERT INTO EXERCISE_ACTIVITY_ENTITY (ID, NOTES, EXERCISE_ID, WORKOUT_ID) VALUES (6203, '', SELECT ID FROM EXERCISE_ENTITY WHERE NAME = 'Bulgarian Split Squat', 62);
INSERT INTO EXERCISE_SET_ENTITY (SET_TYPE, ID, NUMBER_OF_REPS, STATUS , WEIGHT , WEIGHT_KG, EXERCISE_ACTIVITY_ID) VALUES ('NonWeightedSet', 62030, 10.0, 0, 'body', null, 6203);
INSERT INTO EXERCISE_SET_ENTITY (SET_TYPE, ID, NUMBER_OF_REPS, STATUS , WEIGHT , WEIGHT_KG, EXERCISE_ACTIVITY_ID) VALUES ('WeightedSet', 62031, 10.0, 0, null, 5, 6203);
INSERT INTO EXERCISE_SET_ENTITY (SET_TYPE, ID, NUMBER_OF_REPS, STATUS , WEIGHT , WEIGHT_KG, EXERCISE_ACTIVITY_ID) VALUES ('NonWeightedSet', 62032, 7.0, 1, 'body', null, 6203);
INSERT INTO EXERCISE_ACTIVITY_ENTITY (ID, NOTES, EXERCISE_ID, WORKOUT_ID) VALUES (6204, '', SELECT ID FROM EXERCISE_ENTITY WHERE NAME = 'Glute Raise', 62);
INSERT INTO EXERCISE_SET_ENTITY (SET_TYPE, ID, NUMBER_OF_REPS, STATUS , WEIGHT , WEIGHT_KG, EXERCISE_ACTIVITY_ID) VALUES ('WeightedSet', 62040, 10.0, 0, null, 20, 6204);
INSERT INTO EXERCISE_SET_ENTITY (SET_TYPE, ID, NUMBER_OF_REPS, STATUS , WEIGHT , WEIGHT_KG, EXERCISE_ACTIVITY_ID) VALUES ('NonWeightedSet', 62041, 10.0, 0, 'body', null, 6204);
INSERT INTO EXERCISE_SET_ENTITY (SET_TYPE, ID, NUMBER_OF_REPS, STATUS , WEIGHT , WEIGHT_KG, EXERCISE_ACTIVITY_ID) VALUES ('WeightedSet', 62042, 10.0, 0, null, 20, 6204);
INSERT INTO EXERCISE_ACTIVITY_ENTITY (ID, NOTES, EXERCISE_ID, WORKOUT_ID) VALUES (6205, '', SELECT ID FROM EXERCISE_ENTITY WHERE NAME = 'Glute Kickback', 62);
INSERT INTO EXERCISE_SET_ENTITY (SET_TYPE, ID, NUMBER_OF_REPS, STATUS , WEIGHT , WEIGHT_KG, EXERCISE_ACTIVITY_ID) VALUES ('NonWeightedSet', 62050, 10.0, 0, 'red band', null, 6205);
INSERT INTO EXERCISE_ACTIVITY_ENTITY (ID, NOTES, EXERCISE_ID, WORKOUT_ID) VALUES (6206, '', SELECT ID FROM EXERCISE_ENTITY WHERE NAME = 'Seated Calf Raise', 62);
INSERT INTO EXERCISE_SET_ENTITY (SET_TYPE, ID, NUMBER_OF_REPS, STATUS , WEIGHT , WEIGHT_KG, EXERCISE_ACTIVITY_ID) VALUES ('WeightedSet', 62060, 20.0, 0, null, 20, 6206);
INSERT INTO EXERCISE_ACTIVITY_ENTITY (ID, NOTES, EXERCISE_ID, WORKOUT_ID) VALUES (6207, '', SELECT ID FROM EXERCISE_ENTITY WHERE NAME = 'Standing Calf Raise', 62);
INSERT INTO EXERCISE_SET_ENTITY (SET_TYPE, ID, NUMBER_OF_REPS, STATUS , WEIGHT , WEIGHT_KG, EXERCISE_ACTIVITY_ID) VALUES ('WeightedSet', 62070, 10.0, 0, null, 125, 6207);
INSERT INTO WORKOUT_ENTITY (ID, NOTES, PERFORMED_AT_TIMESTAMP_UTC, WORKOUT_TYPE) VALUES (63, 'Notes', '2019-12-02 11:20:00', 'PULL');
INSERT INTO EXERCISE_ACTIVITY_ENTITY (ID, NOTES, EXERCISE_ID, WORKOUT_ID) VALUES (6300, '', SELECT ID FROM EXERCISE_ENTITY WHERE NAME = 'Deadlift', 63);
INSERT INTO EXERCISE_SET_ENTITY (SET_TYPE, ID, NUMBER_OF_REPS, STATUS , WEIGHT , WEIGHT_KG, EXERCISE_ACTIVITY_ID) VALUES ('WeightedSet', 63000, 5.0, 0, null, 20, 6300);
INSERT INTO EXERCISE_SET_ENTITY (SET_TYPE, ID, NUMBER_OF_REPS, STATUS , WEIGHT , WEIGHT_KG, EXERCISE_ACTIVITY_ID) VALUES ('WeightedSet', 63001, 5.0, 0, null, 60, 6300);
INSERT INTO EXERCISE_SET_ENTITY (SET_TYPE, ID, NUMBER_OF_REPS, STATUS , WEIGHT , WEIGHT_KG, EXERCISE_ACTIVITY_ID) VALUES ('WeightedSet', 63002, 3.0, 0, null, 90, 6300);
INSERT INTO EXERCISE_SET_ENTITY (SET_TYPE, ID, NUMBER_OF_REPS, STATUS , WEIGHT , WEIGHT_KG, EXERCISE_ACTIVITY_ID) VALUES ('WeightedSet', 63003, 2.0, 0, null, 110, 6300);
INSERT INTO EXERCISE_SET_ENTITY (SET_TYPE, ID, NUMBER_OF_REPS, STATUS , WEIGHT , WEIGHT_KG, EXERCISE_ACTIVITY_ID) VALUES ('WeightedSet', 63004, 5.0, 0, null, 125, 6300);
INSERT INTO EXERCISE_SET_ENTITY (SET_TYPE, ID, NUMBER_OF_REPS, STATUS , WEIGHT , WEIGHT_KG, EXERCISE_ACTIVITY_ID) VALUES ('WeightedSet', 63005, 5.0, 0, null, 110, 6300);
INSERT INTO EXERCISE_ACTIVITY_ENTITY (ID, NOTES, EXERCISE_ID, WORKOUT_ID) VALUES (6301, '', SELECT ID FROM EXERCISE_ENTITY WHERE NAME = 'Pull Up', 63);
INSERT INTO EXERCISE_SET_ENTITY (SET_TYPE, ID, NUMBER_OF_REPS, STATUS , WEIGHT , WEIGHT_KG, EXERCISE_ACTIVITY_ID) VALUES ('NonWeightedSet', 63010, 5.0, 0, 'body', null, 6301);
INSERT INTO EXERCISE_SET_ENTITY (SET_TYPE, ID, NUMBER_OF_REPS, STATUS , WEIGHT , WEIGHT_KG, EXERCISE_ACTIVITY_ID) VALUES ('NonWeightedSet', 63011, 5.0, 0, 'body', null, 6301);
INSERT INTO EXERCISE_SET_ENTITY (SET_TYPE, ID, NUMBER_OF_REPS, STATUS , WEIGHT , WEIGHT_KG, EXERCISE_ACTIVITY_ID) VALUES ('NonWeightedSet', 63012, 5.0, 0, 'body', null, 6301);
INSERT INTO EXERCISE_ACTIVITY_ENTITY (ID, NOTES, EXERCISE_ID, WORKOUT_ID) VALUES (6302, '', SELECT ID FROM EXERCISE_ENTITY WHERE NAME = 'Inverted Row', 63);
INSERT INTO EXERCISE_SET_ENTITY (SET_TYPE, ID, NUMBER_OF_REPS, STATUS , WEIGHT , WEIGHT_KG, EXERCISE_ACTIVITY_ID) VALUES ('NonWeightedSet', 63020, 8.0, 0, 'body', null, 6302);
INSERT INTO EXERCISE_SET_ENTITY (SET_TYPE, ID, NUMBER_OF_REPS, STATUS , WEIGHT , WEIGHT_KG, EXERCISE_ACTIVITY_ID) VALUES ('NonWeightedSet', 63021, 10.0, 0, 'body', null, 6302);
INSERT INTO EXERCISE_SET_ENTITY (SET_TYPE, ID, NUMBER_OF_REPS, STATUS , WEIGHT , WEIGHT_KG, EXERCISE_ACTIVITY_ID) VALUES ('NonWeightedSet', 63022, 7.0, 1, 'body', null, 6302);
INSERT INTO EXERCISE_SET_ENTITY (SET_TYPE, ID, NUMBER_OF_REPS, STATUS , WEIGHT , WEIGHT_KG, EXERCISE_ACTIVITY_ID) VALUES ('NonWeightedSet', 63023, 10.0, 0, 'body', null, 6302);
INSERT INTO EXERCISE_ACTIVITY_ENTITY (ID, NOTES, EXERCISE_ID, WORKOUT_ID) VALUES (6303, '', SELECT ID FROM EXERCISE_ENTITY WHERE NAME = 'Batwing Row', 63);
INSERT INTO EXERCISE_SET_ENTITY (SET_TYPE, ID, NUMBER_OF_REPS, STATUS , WEIGHT , WEIGHT_KG, EXERCISE_ACTIVITY_ID) VALUES ('WeightedSet', 63030, 20.0, 0, null, 5, 6303);
INSERT INTO EXERCISE_SET_ENTITY (SET_TYPE, ID, NUMBER_OF_REPS, STATUS , WEIGHT , WEIGHT_KG, EXERCISE_ACTIVITY_ID) VALUES ('WeightedSet', 63031, 20.0, 0, null, 5, 6303);
INSERT INTO EXERCISE_SET_ENTITY (SET_TYPE, ID, NUMBER_OF_REPS, STATUS , WEIGHT , WEIGHT_KG, EXERCISE_ACTIVITY_ID) VALUES ('WeightedSet', 63032, 20.0, 0, null, 5, 6303);
INSERT INTO EXERCISE_ACTIVITY_ENTITY (ID, NOTES, EXERCISE_ID, WORKOUT_ID) VALUES (6304, '', SELECT ID FROM EXERCISE_ENTITY WHERE NAME = 'Rear Delt Fly', 63);
INSERT INTO EXERCISE_SET_ENTITY (SET_TYPE, ID, NUMBER_OF_REPS, STATUS , WEIGHT , WEIGHT_KG, EXERCISE_ACTIVITY_ID) VALUES ('WeightedSet', 63040, 10.0, 0, null, 5, 6304);
INSERT INTO EXERCISE_SET_ENTITY (SET_TYPE, ID, NUMBER_OF_REPS, STATUS , WEIGHT , WEIGHT_KG, EXERCISE_ACTIVITY_ID) VALUES ('WeightedSet', 63041, 10.0, 0, null, 5, 6304);
INSERT INTO EXERCISE_SET_ENTITY (SET_TYPE, ID, NUMBER_OF_REPS, STATUS , WEIGHT , WEIGHT_KG, EXERCISE_ACTIVITY_ID) VALUES ('WeightedSet', 63042, 10.0, 0, null, 5, 6304);
INSERT INTO EXERCISE_ACTIVITY_ENTITY (ID, NOTES, EXERCISE_ID, WORKOUT_ID) VALUES (6305, '', SELECT ID FROM EXERCISE_ENTITY WHERE NAME = 'Barbell Curl', 63);
INSERT INTO EXERCISE_SET_ENTITY (SET_TYPE, ID, NUMBER_OF_REPS, STATUS , WEIGHT , WEIGHT_KG, EXERCISE_ACTIVITY_ID) VALUES ('WeightedSet', 63050, 10.0, 0, null, 20, 6305);
INSERT INTO EXERCISE_SET_ENTITY (SET_TYPE, ID, NUMBER_OF_REPS, STATUS , WEIGHT , WEIGHT_KG, EXERCISE_ACTIVITY_ID) VALUES ('WeightedSet', 63051, 10.0, 0, null, 22.5, 6305);
INSERT INTO EXERCISE_SET_ENTITY (SET_TYPE, ID, NUMBER_OF_REPS, STATUS , WEIGHT , WEIGHT_KG, EXERCISE_ACTIVITY_ID) VALUES ('WeightedSet', 63052, 7.0, 1, null, 22.5, 6305);
INSERT INTO EXERCISE_ACTIVITY_ENTITY (ID, NOTES, EXERCISE_ID, WORKOUT_ID) VALUES (6306, '', SELECT ID FROM EXERCISE_ENTITY WHERE NAME = 'Dumbbell Curl', 63);
INSERT INTO EXERCISE_SET_ENTITY (SET_TYPE, ID, NUMBER_OF_REPS, STATUS , WEIGHT , WEIGHT_KG, EXERCISE_ACTIVITY_ID) VALUES ('WeightedSet', 63060, 10.0, 0, null, 5, 6306);
INSERT INTO EXERCISE_ACTIVITY_ENTITY (ID, NOTES, EXERCISE_ID, WORKOUT_ID) VALUES (6307, '', SELECT ID FROM EXERCISE_ENTITY WHERE NAME = 'Preacher Curl', 63);
INSERT INTO EXERCISE_SET_ENTITY (SET_TYPE, ID, NUMBER_OF_REPS, STATUS , WEIGHT , WEIGHT_KG, EXERCISE_ACTIVITY_ID) VALUES ('WeightedSet', 63070, 10.0, 0, null, 5, 6307);
INSERT INTO EXERCISE_SET_ENTITY (SET_TYPE, ID, NUMBER_OF_REPS, STATUS , WEIGHT , WEIGHT_KG, EXERCISE_ACTIVITY_ID) VALUES ('WeightedSet', 63071, 10.0, 0, null, 5, 6307);
INSERT INTO WORKOUT_ENTITY (ID, NOTES, PERFORMED_AT_TIMESTAMP_UTC, WORKOUT_TYPE) VALUES (64, 'Notes', '2019-12-03 11:45:00', 'PUSH');
INSERT INTO EXERCISE_ACTIVITY_ENTITY (ID, NOTES, EXERCISE_ID, WORKOUT_ID) VALUES (6400, '', SELECT ID FROM EXERCISE_ENTITY WHERE NAME = 'Dumbbell Floor Press', 64);
INSERT INTO EXERCISE_SET_ENTITY (SET_TYPE, ID, NUMBER_OF_REPS, STATUS , WEIGHT , WEIGHT_KG, EXERCISE_ACTIVITY_ID) VALUES ('WeightedSet', 64000, 10.0, 0, null, 10, 6400);
INSERT INTO EXERCISE_SET_ENTITY (SET_TYPE, ID, NUMBER_OF_REPS, STATUS , WEIGHT , WEIGHT_KG, EXERCISE_ACTIVITY_ID) VALUES ('WeightedSet', 64001, 10.0, 0, null, 20, 6400);
INSERT INTO EXERCISE_SET_ENTITY (SET_TYPE, ID, NUMBER_OF_REPS, STATUS , WEIGHT , WEIGHT_KG, EXERCISE_ACTIVITY_ID) VALUES ('WeightedSet', 64002, 9.0, 1, null, 20, 6400);
INSERT INTO EXERCISE_ACTIVITY_ENTITY (ID, NOTES, EXERCISE_ID, WORKOUT_ID) VALUES (6401, '', SELECT ID FROM EXERCISE_ENTITY WHERE NAME = 'Reverse Bench Press', 64);
INSERT INTO EXERCISE_SET_ENTITY (SET_TYPE, ID, NUMBER_OF_REPS, STATUS , WEIGHT , WEIGHT_KG, EXERCISE_ACTIVITY_ID) VALUES ('WeightedSet', 64010, 10.0, 0, null, 20, 6401);
INSERT INTO EXERCISE_SET_ENTITY (SET_TYPE, ID, NUMBER_OF_REPS, STATUS , WEIGHT , WEIGHT_KG, EXERCISE_ACTIVITY_ID) VALUES ('WeightedSet', 64011, 10.0, 0, null, 30, 6401);
INSERT INTO EXERCISE_SET_ENTITY (SET_TYPE, ID, NUMBER_OF_REPS, STATUS , WEIGHT , WEIGHT_KG, EXERCISE_ACTIVITY_ID) VALUES ('WeightedSet', 64012, 10.0, 0, null, 40, 6401);
INSERT INTO EXERCISE_ACTIVITY_ENTITY (ID, NOTES, EXERCISE_ID, WORKOUT_ID) VALUES (6402, '', SELECT ID FROM EXERCISE_ENTITY WHERE NAME = 'Barbell Floor Press', 64);
INSERT INTO EXERCISE_SET_ENTITY (SET_TYPE, ID, NUMBER_OF_REPS, STATUS , WEIGHT , WEIGHT_KG, EXERCISE_ACTIVITY_ID) VALUES ('WeightedSet', 64020, 10.0, 0, null, 40, 6402);
INSERT INTO EXERCISE_ACTIVITY_ENTITY (ID, NOTES, EXERCISE_ID, WORKOUT_ID) VALUES (6403, '', SELECT ID FROM EXERCISE_ENTITY WHERE NAME = 'Overhead Press', 64);
INSERT INTO EXERCISE_SET_ENTITY (SET_TYPE, ID, NUMBER_OF_REPS, STATUS , WEIGHT , WEIGHT_KG, EXERCISE_ACTIVITY_ID) VALUES ('WeightedSet', 64030, 5.0, 0, null, 20, 6403);
INSERT INTO EXERCISE_SET_ENTITY (SET_TYPE, ID, NUMBER_OF_REPS, STATUS , WEIGHT , WEIGHT_KG, EXERCISE_ACTIVITY_ID) VALUES ('WeightedSet', 64031, 5.0, 0, null, 35, 6403);
INSERT INTO EXERCISE_SET_ENTITY (SET_TYPE, ID, NUMBER_OF_REPS, STATUS , WEIGHT , WEIGHT_KG, EXERCISE_ACTIVITY_ID) VALUES ('WeightedSet', 64032, 5.0, 0, null, 35, 6403);
INSERT INTO EXERCISE_SET_ENTITY (SET_TYPE, ID, NUMBER_OF_REPS, STATUS , WEIGHT , WEIGHT_KG, EXERCISE_ACTIVITY_ID) VALUES ('WeightedSet', 64033, 5.0, 0, null, 35, 6403);
INSERT INTO EXERCISE_SET_ENTITY (SET_TYPE, ID, NUMBER_OF_REPS, STATUS , WEIGHT , WEIGHT_KG, EXERCISE_ACTIVITY_ID) VALUES ('WeightedSet', 64034, 5.0, 0, null, 35, 6403);
INSERT INTO EXERCISE_SET_ENTITY (SET_TYPE, ID, NUMBER_OF_REPS, STATUS , WEIGHT , WEIGHT_KG, EXERCISE_ACTIVITY_ID) VALUES ('WeightedSet', 64035, 5.0, 0, null, 35, 6403);
INSERT INTO EXERCISE_ACTIVITY_ENTITY (ID, NOTES, EXERCISE_ID, WORKOUT_ID) VALUES (6404, '', SELECT ID FROM EXERCISE_ENTITY WHERE NAME = 'Incline Dumbbell Fly', 64);
INSERT INTO EXERCISE_SET_ENTITY (SET_TYPE, ID, NUMBER_OF_REPS, STATUS , WEIGHT , WEIGHT_KG, EXERCISE_ACTIVITY_ID) VALUES ('WeightedSet', 64040, 10.0, 0, null, 5, 6404);
INSERT INTO EXERCISE_ACTIVITY_ENTITY (ID, NOTES, EXERCISE_ID, WORKOUT_ID) VALUES (6405, '', SELECT ID FROM EXERCISE_ENTITY WHERE NAME = 'Dumbbell Fly', 64);
INSERT INTO EXERCISE_SET_ENTITY (SET_TYPE, ID, NUMBER_OF_REPS, STATUS , WEIGHT , WEIGHT_KG, EXERCISE_ACTIVITY_ID) VALUES ('WeightedSet', 64050, 10.0, 0, null, 5, 6405);
INSERT INTO EXERCISE_SET_ENTITY (SET_TYPE, ID, NUMBER_OF_REPS, STATUS , WEIGHT , WEIGHT_KG, EXERCISE_ACTIVITY_ID) VALUES ('WeightedSet', 64051, 5.0, 1, null, 7.5, 6405);
INSERT INTO EXERCISE_ACTIVITY_ENTITY (ID, NOTES, EXERCISE_ID, WORKOUT_ID) VALUES (6406, '', SELECT ID FROM EXERCISE_ENTITY WHERE NAME = 'Lateral Raise', 64);
INSERT INTO EXERCISE_SET_ENTITY (SET_TYPE, ID, NUMBER_OF_REPS, STATUS , WEIGHT , WEIGHT_KG, EXERCISE_ACTIVITY_ID) VALUES ('WeightedSet', 64060, 15.0, 0, null, 2.5, 6406);
INSERT INTO EXERCISE_SET_ENTITY (SET_TYPE, ID, NUMBER_OF_REPS, STATUS , WEIGHT , WEIGHT_KG, EXERCISE_ACTIVITY_ID) VALUES ('WeightedSet', 64061, 10.0, 0, null, 5, 6406);
INSERT INTO EXERCISE_SET_ENTITY (SET_TYPE, ID, NUMBER_OF_REPS, STATUS , WEIGHT , WEIGHT_KG, EXERCISE_ACTIVITY_ID) VALUES ('WeightedSet', 64062, 13.0, 1, null, 5, 6406);
INSERT INTO EXERCISE_ACTIVITY_ENTITY (ID, NOTES, EXERCISE_ID, WORKOUT_ID) VALUES (6407, '', SELECT ID FROM EXERCISE_ENTITY WHERE NAME = 'Skullcrusher', 64);
INSERT INTO EXERCISE_SET_ENTITY (SET_TYPE, ID, NUMBER_OF_REPS, STATUS , WEIGHT , WEIGHT_KG, EXERCISE_ACTIVITY_ID) VALUES ('WeightedSet', 64070, 10.0, 0, null, 5, 6407);
INSERT INTO EXERCISE_SET_ENTITY (SET_TYPE, ID, NUMBER_OF_REPS, STATUS , WEIGHT , WEIGHT_KG, EXERCISE_ACTIVITY_ID) VALUES ('WeightedSet', 64071, 10.0, 0, null, 7.5, 6407);
INSERT INTO EXERCISE_SET_ENTITY (SET_TYPE, ID, NUMBER_OF_REPS, STATUS , WEIGHT , WEIGHT_KG, EXERCISE_ACTIVITY_ID) VALUES ('WeightedSet', 64072, 10.0, 0, null, 7.5, 6407);
INSERT INTO WORKOUT_ENTITY (ID, NOTES, PERFORMED_AT_TIMESTAMP_UTC, WORKOUT_TYPE) VALUES (65, 'Notes', '2019-12-04 11:30:00', 'LEGS');
INSERT INTO EXERCISE_ACTIVITY_ENTITY (ID, NOTES, EXERCISE_ID, WORKOUT_ID) VALUES (6500, '', SELECT ID FROM EXERCISE_ENTITY WHERE NAME = 'Squat', 65);
INSERT INTO EXERCISE_SET_ENTITY (SET_TYPE, ID, NUMBER_OF_REPS, STATUS , WEIGHT , WEIGHT_KG, EXERCISE_ACTIVITY_ID) VALUES ('NonWeightedSet', 65000, 8.0, 0, 'body', null, 6500);
INSERT INTO EXERCISE_SET_ENTITY (SET_TYPE, ID, NUMBER_OF_REPS, STATUS , WEIGHT , WEIGHT_KG, EXERCISE_ACTIVITY_ID) VALUES ('WeightedSet', 65001, 5.0, 0, null, 20, 6500);
INSERT INTO EXERCISE_SET_ENTITY (SET_TYPE, ID, NUMBER_OF_REPS, STATUS , WEIGHT , WEIGHT_KG, EXERCISE_ACTIVITY_ID) VALUES ('WeightedSet', 65002, 5.0, 0, null, 40, 6500);
INSERT INTO EXERCISE_SET_ENTITY (SET_TYPE, ID, NUMBER_OF_REPS, STATUS , WEIGHT , WEIGHT_KG, EXERCISE_ACTIVITY_ID) VALUES ('WeightedSet', 65003, 3.0, 0, null, 60, 6500);
INSERT INTO EXERCISE_SET_ENTITY (SET_TYPE, ID, NUMBER_OF_REPS, STATUS , WEIGHT , WEIGHT_KG, EXERCISE_ACTIVITY_ID) VALUES ('WeightedSet', 65004, 5.0, 0, null, 70, 6500);
INSERT INTO EXERCISE_SET_ENTITY (SET_TYPE, ID, NUMBER_OF_REPS, STATUS , WEIGHT , WEIGHT_KG, EXERCISE_ACTIVITY_ID) VALUES ('WeightedSet', 65005, 5.0, 0, null, 70, 6500);
INSERT INTO EXERCISE_SET_ENTITY (SET_TYPE, ID, NUMBER_OF_REPS, STATUS , WEIGHT , WEIGHT_KG, EXERCISE_ACTIVITY_ID) VALUES ('WeightedSet', 65006, 5.0, 0, null, 70, 6500);
INSERT INTO EXERCISE_SET_ENTITY (SET_TYPE, ID, NUMBER_OF_REPS, STATUS , WEIGHT , WEIGHT_KG, EXERCISE_ACTIVITY_ID) VALUES ('WeightedSet', 65007, 5.0, 0, null, 70, 6500);
INSERT INTO EXERCISE_SET_ENTITY (SET_TYPE, ID, NUMBER_OF_REPS, STATUS , WEIGHT , WEIGHT_KG, EXERCISE_ACTIVITY_ID) VALUES ('WeightedSet', 65008, 5.0, 0, null, 70, 6500);
INSERT INTO EXERCISE_ACTIVITY_ENTITY (ID, NOTES, EXERCISE_ID, WORKOUT_ID) VALUES (6501, '', SELECT ID FROM EXERCISE_ENTITY WHERE NAME = 'Romanian Deadlift', 65);
INSERT INTO EXERCISE_SET_ENTITY (SET_TYPE, ID, NUMBER_OF_REPS, STATUS , WEIGHT , WEIGHT_KG, EXERCISE_ACTIVITY_ID) VALUES ('WeightedSet', 65010, 8.0, 0, null, 20, 6501);
INSERT INTO EXERCISE_SET_ENTITY (SET_TYPE, ID, NUMBER_OF_REPS, STATUS , WEIGHT , WEIGHT_KG, EXERCISE_ACTIVITY_ID) VALUES ('WeightedSet', 65011, 3.0, 0, null, 40, 6501);
INSERT INTO EXERCISE_SET_ENTITY (SET_TYPE, ID, NUMBER_OF_REPS, STATUS , WEIGHT , WEIGHT_KG, EXERCISE_ACTIVITY_ID) VALUES ('WeightedSet', 65012, 8.0, 0, null, 50, 6501);
INSERT INTO EXERCISE_SET_ENTITY (SET_TYPE, ID, NUMBER_OF_REPS, STATUS , WEIGHT , WEIGHT_KG, EXERCISE_ACTIVITY_ID) VALUES ('WeightedSet', 65013, 8.0, 0, null, 50, 6501);
INSERT INTO EXERCISE_SET_ENTITY (SET_TYPE, ID, NUMBER_OF_REPS, STATUS , WEIGHT , WEIGHT_KG, EXERCISE_ACTIVITY_ID) VALUES ('WeightedSet', 65014, 8.0, 0, null, 50, 6501);
INSERT INTO EXERCISE_ACTIVITY_ENTITY (ID, NOTES, EXERCISE_ID, WORKOUT_ID) VALUES (6502, '', SELECT ID FROM EXERCISE_ENTITY WHERE NAME = 'Lunge', 65);
INSERT INTO EXERCISE_SET_ENTITY (SET_TYPE, ID, NUMBER_OF_REPS, STATUS , WEIGHT , WEIGHT_KG, EXERCISE_ACTIVITY_ID) VALUES ('NonWeightedSet', 65020, 10.0, 0, 'body', null, 6502);
INSERT INTO EXERCISE_SET_ENTITY (SET_TYPE, ID, NUMBER_OF_REPS, STATUS , WEIGHT , WEIGHT_KG, EXERCISE_ACTIVITY_ID) VALUES ('WeightedSet', 65021, 10.0, 0, null, 5, 6502);
INSERT INTO EXERCISE_SET_ENTITY (SET_TYPE, ID, NUMBER_OF_REPS, STATUS , WEIGHT , WEIGHT_KG, EXERCISE_ACTIVITY_ID) VALUES ('WeightedSet', 65022, 10.0, 0, null, 7.5, 6502);
INSERT INTO EXERCISE_ACTIVITY_ENTITY (ID, NOTES, EXERCISE_ID, WORKOUT_ID) VALUES (6503, '', SELECT ID FROM EXERCISE_ENTITY WHERE NAME = 'Lying Leg Raise', 65);
INSERT INTO EXERCISE_SET_ENTITY (SET_TYPE, ID, NUMBER_OF_REPS, STATUS , WEIGHT , WEIGHT_KG, EXERCISE_ACTIVITY_ID) VALUES ('NonWeightedSet', 65030, 10.0, 0, 'body', null, 6503);
INSERT INTO EXERCISE_SET_ENTITY (SET_TYPE, ID, NUMBER_OF_REPS, STATUS , WEIGHT , WEIGHT_KG, EXERCISE_ACTIVITY_ID) VALUES ('NonWeightedSet', 65031, 10.0, 0, 'body', null, 6503);
INSERT INTO EXERCISE_SET_ENTITY (SET_TYPE, ID, NUMBER_OF_REPS, STATUS , WEIGHT , WEIGHT_KG, EXERCISE_ACTIVITY_ID) VALUES ('NonWeightedSet', 65032, 10.0, 0, 'body', null, 6503);
INSERT INTO EXERCISE_ACTIVITY_ENTITY (ID, NOTES, EXERCISE_ID, WORKOUT_ID) VALUES (6504, '', SELECT ID FROM EXERCISE_ENTITY WHERE NAME = 'Glute Raise', 65);
INSERT INTO EXERCISE_SET_ENTITY (SET_TYPE, ID, NUMBER_OF_REPS, STATUS , WEIGHT , WEIGHT_KG, EXERCISE_ACTIVITY_ID) VALUES ('NonWeightedSet', 65040, 20.0, 0, 'body', null, 6504);
INSERT INTO EXERCISE_SET_ENTITY (SET_TYPE, ID, NUMBER_OF_REPS, STATUS , WEIGHT , WEIGHT_KG, EXERCISE_ACTIVITY_ID) VALUES ('WeightedSet', 65041, 10.0, 0, null, 20, 6504);
INSERT INTO EXERCISE_SET_ENTITY (SET_TYPE, ID, NUMBER_OF_REPS, STATUS , WEIGHT , WEIGHT_KG, EXERCISE_ACTIVITY_ID) VALUES ('WeightedSet', 65042, 10.0, 0, null, 20, 6504);
INSERT INTO EXERCISE_ACTIVITY_ENTITY (ID, NOTES, EXERCISE_ID, WORKOUT_ID) VALUES (6505, '', SELECT ID FROM EXERCISE_ENTITY WHERE NAME = 'Seated Calf Raise', 65);
INSERT INTO EXERCISE_SET_ENTITY (SET_TYPE, ID, NUMBER_OF_REPS, STATUS , WEIGHT , WEIGHT_KG, EXERCISE_ACTIVITY_ID) VALUES ('WeightedSet', 65050, 20.0, 0, null, 20, 6505);
INSERT INTO EXERCISE_SET_ENTITY (SET_TYPE, ID, NUMBER_OF_REPS, STATUS , WEIGHT , WEIGHT_KG, EXERCISE_ACTIVITY_ID) VALUES ('WeightedSet', 65051, 10.0, 0, null, 20, 6505);
INSERT INTO EXERCISE_ACTIVITY_ENTITY (ID, NOTES, EXERCISE_ID, WORKOUT_ID) VALUES (6506, '', SELECT ID FROM EXERCISE_ENTITY WHERE NAME = 'Standing Calf Raise', 65);
INSERT INTO EXERCISE_SET_ENTITY (SET_TYPE, ID, NUMBER_OF_REPS, STATUS , WEIGHT , WEIGHT_KG, EXERCISE_ACTIVITY_ID) VALUES ('WeightedSet', 65060, 10.0, 0, null, 125, 6506);
INSERT INTO EXERCISE_SET_ENTITY (SET_TYPE, ID, NUMBER_OF_REPS, STATUS , WEIGHT , WEIGHT_KG, EXERCISE_ACTIVITY_ID) VALUES ('WeightedSet', 65061, 5.0, 0, null, 125, 6506);
INSERT INTO WORKOUT_ENTITY (ID, NOTES, PERFORMED_AT_TIMESTAMP_UTC, WORKOUT_TYPE) VALUES (66, 'Notes', '2019-12-05 11:50:00', 'PULL');
INSERT INTO EXERCISE_ACTIVITY_ENTITY (ID, NOTES, EXERCISE_ID, WORKOUT_ID) VALUES (6600, '', SELECT ID FROM EXERCISE_ENTITY WHERE NAME = 'Bent Over Row', 66);
INSERT INTO EXERCISE_SET_ENTITY (SET_TYPE, ID, NUMBER_OF_REPS, STATUS , WEIGHT , WEIGHT_KG, EXERCISE_ACTIVITY_ID) VALUES ('WeightedSet', 66000, 12.0, 0, null, 20, 6600);
INSERT INTO EXERCISE_SET_ENTITY (SET_TYPE, ID, NUMBER_OF_REPS, STATUS , WEIGHT , WEIGHT_KG, EXERCISE_ACTIVITY_ID) VALUES ('WeightedSet', 66001, 12.0, 0, null, 30, 6600);
INSERT INTO EXERCISE_SET_ENTITY (SET_TYPE, ID, NUMBER_OF_REPS, STATUS , WEIGHT , WEIGHT_KG, EXERCISE_ACTIVITY_ID) VALUES ('WeightedSet', 66002, 10.0, 0, null, 40, 6600);
INSERT INTO EXERCISE_SET_ENTITY (SET_TYPE, ID, NUMBER_OF_REPS, STATUS , WEIGHT , WEIGHT_KG, EXERCISE_ACTIVITY_ID) VALUES ('WeightedSet', 66003, 10.0, 0, null, 40, 6600);
INSERT INTO EXERCISE_SET_ENTITY (SET_TYPE, ID, NUMBER_OF_REPS, STATUS , WEIGHT , WEIGHT_KG, EXERCISE_ACTIVITY_ID) VALUES ('WeightedSet', 66004, 11.0, 0, null, 40, 6600);
INSERT INTO EXERCISE_ACTIVITY_ENTITY (ID, NOTES, EXERCISE_ID, WORKOUT_ID) VALUES (6601, '', SELECT ID FROM EXERCISE_ENTITY WHERE NAME = 'Chin Up', 66);
INSERT INTO EXERCISE_SET_ENTITY (SET_TYPE, ID, NUMBER_OF_REPS, STATUS , WEIGHT , WEIGHT_KG, EXERCISE_ACTIVITY_ID) VALUES ('NonWeightedSet', 66010, 6.0, 0, 'body', null, 6601);
INSERT INTO EXERCISE_SET_ENTITY (SET_TYPE, ID, NUMBER_OF_REPS, STATUS , WEIGHT , WEIGHT_KG, EXERCISE_ACTIVITY_ID) VALUES ('NonWeightedSet', 66011, 6.0, 0, 'body', null, 6601);
INSERT INTO EXERCISE_SET_ENTITY (SET_TYPE, ID, NUMBER_OF_REPS, STATUS , WEIGHT , WEIGHT_KG, EXERCISE_ACTIVITY_ID) VALUES ('NonWeightedSet', 66012, 5.0, 1, 'body', null, 6601);
INSERT INTO EXERCISE_ACTIVITY_ENTITY (ID, NOTES, EXERCISE_ID, WORKOUT_ID) VALUES (6602, '', SELECT ID FROM EXERCISE_ENTITY WHERE NAME = 'Inverted Row', 66);
INSERT INTO EXERCISE_SET_ENTITY (SET_TYPE, ID, NUMBER_OF_REPS, STATUS , WEIGHT , WEIGHT_KG, EXERCISE_ACTIVITY_ID) VALUES ('NonWeightedSet', 66020, 10.0, 0, 'body', null, 6602);
INSERT INTO EXERCISE_SET_ENTITY (SET_TYPE, ID, NUMBER_OF_REPS, STATUS , WEIGHT , WEIGHT_KG, EXERCISE_ACTIVITY_ID) VALUES ('NonWeightedSet', 66021, 10.0, 0, 'body', null, 6602);
INSERT INTO EXERCISE_SET_ENTITY (SET_TYPE, ID, NUMBER_OF_REPS, STATUS , WEIGHT , WEIGHT_KG, EXERCISE_ACTIVITY_ID) VALUES ('NonWeightedSet', 66022, 10.0, 0, 'body', null, 6602);
INSERT INTO EXERCISE_SET_ENTITY (SET_TYPE, ID, NUMBER_OF_REPS, STATUS , WEIGHT , WEIGHT_KG, EXERCISE_ACTIVITY_ID) VALUES ('NonWeightedSet', 66023, 10.0, 0, 'body', null, 6602);
INSERT INTO EXERCISE_ACTIVITY_ENTITY (ID, NOTES, EXERCISE_ID, WORKOUT_ID) VALUES (6603, '', SELECT ID FROM EXERCISE_ENTITY WHERE NAME = 'Rear Delt Fly', 66);
INSERT INTO EXERCISE_SET_ENTITY (SET_TYPE, ID, NUMBER_OF_REPS, STATUS , WEIGHT , WEIGHT_KG, EXERCISE_ACTIVITY_ID) VALUES ('WeightedSet', 66030, 10.0, 0, null, 5, 6603);
INSERT INTO EXERCISE_SET_ENTITY (SET_TYPE, ID, NUMBER_OF_REPS, STATUS , WEIGHT , WEIGHT_KG, EXERCISE_ACTIVITY_ID) VALUES ('WeightedSet', 66031, 10.0, 0, null, 5, 6603);
INSERT INTO EXERCISE_SET_ENTITY (SET_TYPE, ID, NUMBER_OF_REPS, STATUS , WEIGHT , WEIGHT_KG, EXERCISE_ACTIVITY_ID) VALUES ('WeightedSet', 66032, 10.0, 0, null, 5, 6603);
INSERT INTO EXERCISE_ACTIVITY_ENTITY (ID, NOTES, EXERCISE_ID, WORKOUT_ID) VALUES (6604, '', SELECT ID FROM EXERCISE_ENTITY WHERE NAME = 'Facepull', 66);
INSERT INTO EXERCISE_SET_ENTITY (SET_TYPE, ID, NUMBER_OF_REPS, STATUS , WEIGHT , WEIGHT_KG, EXERCISE_ACTIVITY_ID) VALUES ('NonWeightedSet', 66040, 10.0, 0, 'yellow band', null, 6604);
INSERT INTO EXERCISE_SET_ENTITY (SET_TYPE, ID, NUMBER_OF_REPS, STATUS , WEIGHT , WEIGHT_KG, EXERCISE_ACTIVITY_ID) VALUES ('NonWeightedSet', 66041, 15.0, 0, 'yellow band', null, 6604);
INSERT INTO EXERCISE_ACTIVITY_ENTITY (ID, NOTES, EXERCISE_ID, WORKOUT_ID) VALUES (6605, '', SELECT ID FROM EXERCISE_ENTITY WHERE NAME = 'Reverse Dumbbell Curl', 66);
INSERT INTO EXERCISE_SET_ENTITY (SET_TYPE, ID, NUMBER_OF_REPS, STATUS , WEIGHT , WEIGHT_KG, EXERCISE_ACTIVITY_ID) VALUES ('WeightedSet', 66050, 10.0, 0, null, 5, 6605);
INSERT INTO EXERCISE_ACTIVITY_ENTITY (ID, NOTES, EXERCISE_ID, WORKOUT_ID) VALUES (6606, '', SELECT ID FROM EXERCISE_ENTITY WHERE NAME = 'Barbell Curl', 66);
INSERT INTO EXERCISE_SET_ENTITY (SET_TYPE, ID, NUMBER_OF_REPS, STATUS , WEIGHT , WEIGHT_KG, EXERCISE_ACTIVITY_ID) VALUES ('WeightedSet', 66060, 10.0, 0, null, 20, 6606);
INSERT INTO EXERCISE_SET_ENTITY (SET_TYPE, ID, NUMBER_OF_REPS, STATUS , WEIGHT , WEIGHT_KG, EXERCISE_ACTIVITY_ID) VALUES ('WeightedSet', 66061, 10.0, 0, null, 20, 6606);
INSERT INTO EXERCISE_SET_ENTITY (SET_TYPE, ID, NUMBER_OF_REPS, STATUS , WEIGHT , WEIGHT_KG, EXERCISE_ACTIVITY_ID) VALUES ('WeightedSet', 66062, 10.0, 0, null, 20, 6606);
INSERT INTO WORKOUT_ENTITY (ID, NOTES, PERFORMED_AT_TIMESTAMP_UTC, WORKOUT_TYPE) VALUES (67, 'Notes', '2019-12-06 15:35:00', 'PUSH');
INSERT INTO EXERCISE_ACTIVITY_ENTITY (ID, NOTES, EXERCISE_ID, WORKOUT_ID) VALUES (6700, '', SELECT ID FROM EXERCISE_ENTITY WHERE NAME = 'Dumbbell Floor Fly', 67);
INSERT INTO EXERCISE_SET_ENTITY (SET_TYPE, ID, NUMBER_OF_REPS, STATUS , WEIGHT , WEIGHT_KG, EXERCISE_ACTIVITY_ID) VALUES ('WeightedSet', 67000, 10.0, 0, null, 5, 6700);
INSERT INTO EXERCISE_ACTIVITY_ENTITY (ID, NOTES, EXERCISE_ID, WORKOUT_ID) VALUES (6701, '', SELECT ID FROM EXERCISE_ENTITY WHERE NAME = 'Dumbbell Floor Press', 67);
INSERT INTO EXERCISE_SET_ENTITY (SET_TYPE, ID, NUMBER_OF_REPS, STATUS , WEIGHT , WEIGHT_KG, EXERCISE_ACTIVITY_ID) VALUES ('WeightedSet', 67010, 10.0, 0, null, 10, 6701);
INSERT INTO EXERCISE_SET_ENTITY (SET_TYPE, ID, NUMBER_OF_REPS, STATUS , WEIGHT , WEIGHT_KG, EXERCISE_ACTIVITY_ID) VALUES ('WeightedSet', 67011, 10.0, 0, null, 15, 6701);
INSERT INTO EXERCISE_SET_ENTITY (SET_TYPE, ID, NUMBER_OF_REPS, STATUS , WEIGHT , WEIGHT_KG, EXERCISE_ACTIVITY_ID) VALUES ('WeightedSet', 67012, 10.0, 0, null, 15, 6701);
INSERT INTO EXERCISE_SET_ENTITY (SET_TYPE, ID, NUMBER_OF_REPS, STATUS , WEIGHT , WEIGHT_KG, EXERCISE_ACTIVITY_ID) VALUES ('WeightedSet', 67013, 10.0, 0, null, 20, 6701);
INSERT INTO EXERCISE_ACTIVITY_ENTITY (ID, NOTES, EXERCISE_ID, WORKOUT_ID) VALUES (6702, '', SELECT ID FROM EXERCISE_ENTITY WHERE NAME = 'Overhead Press', 67);
INSERT INTO EXERCISE_SET_ENTITY (SET_TYPE, ID, NUMBER_OF_REPS, STATUS , WEIGHT , WEIGHT_KG, EXERCISE_ACTIVITY_ID) VALUES ('WeightedSet', 67020, 8.0, 0, null, 20, 6702);
INSERT INTO EXERCISE_SET_ENTITY (SET_TYPE, ID, NUMBER_OF_REPS, STATUS , WEIGHT , WEIGHT_KG, EXERCISE_ACTIVITY_ID) VALUES ('WeightedSet', 67021, 5.0, 0, null, 45, 6702);
INSERT INTO EXERCISE_SET_ENTITY (SET_TYPE, ID, NUMBER_OF_REPS, STATUS , WEIGHT , WEIGHT_KG, EXERCISE_ACTIVITY_ID) VALUES ('WeightedSet', 67022, 5.0, 0, null, 45, 6702);
INSERT INTO EXERCISE_SET_ENTITY (SET_TYPE, ID, NUMBER_OF_REPS, STATUS , WEIGHT , WEIGHT_KG, EXERCISE_ACTIVITY_ID) VALUES ('WeightedSet', 67023, 5.0, 0, null, 40, 6702);
INSERT INTO EXERCISE_SET_ENTITY (SET_TYPE, ID, NUMBER_OF_REPS, STATUS , WEIGHT , WEIGHT_KG, EXERCISE_ACTIVITY_ID) VALUES ('WeightedSet', 67024, 5.0, 0, null, 40, 6702);
INSERT INTO EXERCISE_SET_ENTITY (SET_TYPE, ID, NUMBER_OF_REPS, STATUS , WEIGHT , WEIGHT_KG, EXERCISE_ACTIVITY_ID) VALUES ('WeightedSet', 67025, 5.0, 0, null, 40, 6702);
INSERT INTO EXERCISE_ACTIVITY_ENTITY (ID, NOTES, EXERCISE_ID, WORKOUT_ID) VALUES (6703, '', SELECT ID FROM EXERCISE_ENTITY WHERE NAME = 'Barbell Floor Press', 67);
INSERT INTO EXERCISE_SET_ENTITY (SET_TYPE, ID, NUMBER_OF_REPS, STATUS , WEIGHT , WEIGHT_KG, EXERCISE_ACTIVITY_ID) VALUES ('WeightedSet', 67030, 10.0, 0, null, 40, 6703);
INSERT INTO EXERCISE_SET_ENTITY (SET_TYPE, ID, NUMBER_OF_REPS, STATUS , WEIGHT , WEIGHT_KG, EXERCISE_ACTIVITY_ID) VALUES ('WeightedSet', 67031, 9.0, 1, null, 40, 6703);
INSERT INTO EXERCISE_SET_ENTITY (SET_TYPE, ID, NUMBER_OF_REPS, STATUS , WEIGHT , WEIGHT_KG, EXERCISE_ACTIVITY_ID) VALUES ('WeightedSet', 67032, 10.0, 0, null, 20, 6703);
INSERT INTO EXERCISE_ACTIVITY_ENTITY (ID, NOTES, EXERCISE_ID, WORKOUT_ID) VALUES (6704, '', SELECT ID FROM EXERCISE_ENTITY WHERE NAME = 'Lateral Raise', 67);
INSERT INTO EXERCISE_SET_ENTITY (SET_TYPE, ID, NUMBER_OF_REPS, STATUS , WEIGHT , WEIGHT_KG, EXERCISE_ACTIVITY_ID) VALUES ('WeightedSet', 67040, 20.0, 0, null, 2.5, 6704);
INSERT INTO EXERCISE_SET_ENTITY (SET_TYPE, ID, NUMBER_OF_REPS, STATUS , WEIGHT , WEIGHT_KG, EXERCISE_ACTIVITY_ID) VALUES ('WeightedSet', 67041, 10.0, 0, null, 5, 6704);
INSERT INTO EXERCISE_SET_ENTITY (SET_TYPE, ID, NUMBER_OF_REPS, STATUS , WEIGHT , WEIGHT_KG, EXERCISE_ACTIVITY_ID) VALUES ('WeightedSet', 67042, 10.0, 0, null, 2.5, 6704);
INSERT INTO EXERCISE_SET_ENTITY (SET_TYPE, ID, NUMBER_OF_REPS, STATUS , WEIGHT , WEIGHT_KG, EXERCISE_ACTIVITY_ID) VALUES ('WeightedSet', 67043, 10.0, 0, null, 2.5, 6704);
INSERT INTO EXERCISE_ACTIVITY_ENTITY (ID, NOTES, EXERCISE_ID, WORKOUT_ID) VALUES (6705, '', SELECT ID FROM EXERCISE_ENTITY WHERE NAME = 'Dip', 67);
INSERT INTO EXERCISE_SET_ENTITY (SET_TYPE, ID, NUMBER_OF_REPS, STATUS , WEIGHT , WEIGHT_KG, EXERCISE_ACTIVITY_ID) VALUES ('NonWeightedSet', 67050, 8.0, 0, 'body', null, 6705);
INSERT INTO EXERCISE_SET_ENTITY (SET_TYPE, ID, NUMBER_OF_REPS, STATUS , WEIGHT , WEIGHT_KG, EXERCISE_ACTIVITY_ID) VALUES ('NonWeightedSet', 67051, 8.0, 0, 'body', null, 6705);
INSERT INTO EXERCISE_SET_ENTITY (SET_TYPE, ID, NUMBER_OF_REPS, STATUS , WEIGHT , WEIGHT_KG, EXERCISE_ACTIVITY_ID) VALUES ('NonWeightedSet', 67052, 8.0, 0, 'body', null, 6705);
INSERT INTO EXERCISE_ACTIVITY_ENTITY (ID, NOTES, EXERCISE_ID, WORKOUT_ID) VALUES (6706, '', SELECT ID FROM EXERCISE_ENTITY WHERE NAME = 'Skullcrusher', 67);
INSERT INTO EXERCISE_SET_ENTITY (SET_TYPE, ID, NUMBER_OF_REPS, STATUS , WEIGHT , WEIGHT_KG, EXERCISE_ACTIVITY_ID) VALUES ('WeightedSet', 67060, 10.0, 0, null, 5, 6706);
INSERT INTO EXERCISE_SET_ENTITY (SET_TYPE, ID, NUMBER_OF_REPS, STATUS , WEIGHT , WEIGHT_KG, EXERCISE_ACTIVITY_ID) VALUES ('WeightedSet', 67061, 10.0, 0, null, 7.5, 6706);
INSERT INTO EXERCISE_SET_ENTITY (SET_TYPE, ID, NUMBER_OF_REPS, STATUS , WEIGHT , WEIGHT_KG, EXERCISE_ACTIVITY_ID) VALUES ('WeightedSet', 67062, 10.0, 0, null, 7.5, 6706);
INSERT INTO WORKOUT_ENTITY (ID, NOTES, PERFORMED_AT_TIMESTAMP_UTC, WORKOUT_TYPE) VALUES (68, 'Notes', '2019-12-09 11:20:00', 'PULL');
INSERT INTO EXERCISE_ACTIVITY_ENTITY (ID, NOTES, EXERCISE_ID, WORKOUT_ID) VALUES (6800, '', SELECT ID FROM EXERCISE_ENTITY WHERE NAME = 'Deadlift', 68);
INSERT INTO EXERCISE_SET_ENTITY (SET_TYPE, ID, NUMBER_OF_REPS, STATUS , WEIGHT , WEIGHT_KG, EXERCISE_ACTIVITY_ID) VALUES ('WeightedSet', 68000, 5.0, 0, null, 20, 6800);
INSERT INTO EXERCISE_SET_ENTITY (SET_TYPE, ID, NUMBER_OF_REPS, STATUS , WEIGHT , WEIGHT_KG, EXERCISE_ACTIVITY_ID) VALUES ('WeightedSet', 68001, 5.0, 0, null, 60, 6800);
INSERT INTO EXERCISE_SET_ENTITY (SET_TYPE, ID, NUMBER_OF_REPS, STATUS , WEIGHT , WEIGHT_KG, EXERCISE_ACTIVITY_ID) VALUES ('WeightedSet', 68002, 3.0, 0, null, 60, 6800);
INSERT INTO EXERCISE_SET_ENTITY (SET_TYPE, ID, NUMBER_OF_REPS, STATUS , WEIGHT , WEIGHT_KG, EXERCISE_ACTIVITY_ID) VALUES ('WeightedSet', 68003, 3.0, 0, null, 90, 6800);
INSERT INTO EXERCISE_SET_ENTITY (SET_TYPE, ID, NUMBER_OF_REPS, STATUS , WEIGHT , WEIGHT_KG, EXERCISE_ACTIVITY_ID) VALUES ('WeightedSet', 68004, 3.0, 0, null, 110, 6800);
INSERT INTO EXERCISE_SET_ENTITY (SET_TYPE, ID, NUMBER_OF_REPS, STATUS , WEIGHT , WEIGHT_KG, EXERCISE_ACTIVITY_ID) VALUES ('WeightedSet', 68005, 2.0, 0, null, 120, 6800);
INSERT INTO EXERCISE_SET_ENTITY (SET_TYPE, ID, NUMBER_OF_REPS, STATUS , WEIGHT , WEIGHT_KG, EXERCISE_ACTIVITY_ID) VALUES ('WeightedSet', 68006, 5.0, 0, null, 130, 6800);
INSERT INTO EXERCISE_SET_ENTITY (SET_TYPE, ID, NUMBER_OF_REPS, STATUS , WEIGHT , WEIGHT_KG, EXERCISE_ACTIVITY_ID) VALUES ('WeightedSet', 68007, 5.0, 0, null, 100, 6800);
INSERT INTO EXERCISE_ACTIVITY_ENTITY (ID, NOTES, EXERCISE_ID, WORKOUT_ID) VALUES (6801, '', SELECT ID FROM EXERCISE_ENTITY WHERE NAME = 'Pull Up', 68);
INSERT INTO EXERCISE_SET_ENTITY (SET_TYPE, ID, NUMBER_OF_REPS, STATUS , WEIGHT , WEIGHT_KG, EXERCISE_ACTIVITY_ID) VALUES ('NonWeightedSet', 68010, 6.0, 0, 'body', null, 6801);
INSERT INTO EXERCISE_SET_ENTITY (SET_TYPE, ID, NUMBER_OF_REPS, STATUS , WEIGHT , WEIGHT_KG, EXERCISE_ACTIVITY_ID) VALUES ('NonWeightedSet', 68011, 6.0, 0, 'body', null, 6801);
INSERT INTO EXERCISE_SET_ENTITY (SET_TYPE, ID, NUMBER_OF_REPS, STATUS , WEIGHT , WEIGHT_KG, EXERCISE_ACTIVITY_ID) VALUES ('NonWeightedSet', 68012, 6.0, 0, 'body', null, 6801);
INSERT INTO EXERCISE_ACTIVITY_ENTITY (ID, NOTES, EXERCISE_ID, WORKOUT_ID) VALUES (6802, '', SELECT ID FROM EXERCISE_ENTITY WHERE NAME = 'Inverted Row', 68);
INSERT INTO EXERCISE_SET_ENTITY (SET_TYPE, ID, NUMBER_OF_REPS, STATUS , WEIGHT , WEIGHT_KG, EXERCISE_ACTIVITY_ID) VALUES ('NonWeightedSet', 68020, 10.0, 0, 'body', null, 6802);
INSERT INTO EXERCISE_SET_ENTITY (SET_TYPE, ID, NUMBER_OF_REPS, STATUS , WEIGHT , WEIGHT_KG, EXERCISE_ACTIVITY_ID) VALUES ('NonWeightedSet', 68021, 10.0, 0, 'body', null, 6802);
INSERT INTO EXERCISE_SET_ENTITY (SET_TYPE, ID, NUMBER_OF_REPS, STATUS , WEIGHT , WEIGHT_KG, EXERCISE_ACTIVITY_ID) VALUES ('NonWeightedSet', 68022, 10.0, 0, 'body', null, 6802);
INSERT INTO EXERCISE_SET_ENTITY (SET_TYPE, ID, NUMBER_OF_REPS, STATUS , WEIGHT , WEIGHT_KG, EXERCISE_ACTIVITY_ID) VALUES ('NonWeightedSet', 68023, 10.0, 0, 'body', null, 6802);
INSERT INTO EXERCISE_ACTIVITY_ENTITY (ID, NOTES, EXERCISE_ID, WORKOUT_ID) VALUES (6803, '', SELECT ID FROM EXERCISE_ENTITY WHERE NAME = 'Rear Delt Fly', 68);
INSERT INTO EXERCISE_SET_ENTITY (SET_TYPE, ID, NUMBER_OF_REPS, STATUS , WEIGHT , WEIGHT_KG, EXERCISE_ACTIVITY_ID) VALUES ('WeightedSet', 68030, 10.0, 0, null, 5, 6803);
INSERT INTO EXERCISE_SET_ENTITY (SET_TYPE, ID, NUMBER_OF_REPS, STATUS , WEIGHT , WEIGHT_KG, EXERCISE_ACTIVITY_ID) VALUES ('WeightedSet', 68031, 10.0, 0, null, 5, 6803);
INSERT INTO EXERCISE_SET_ENTITY (SET_TYPE, ID, NUMBER_OF_REPS, STATUS , WEIGHT , WEIGHT_KG, EXERCISE_ACTIVITY_ID) VALUES ('WeightedSet', 68032, 10.0, 0, null, 5, 6803);
INSERT INTO EXERCISE_ACTIVITY_ENTITY (ID, NOTES, EXERCISE_ID, WORKOUT_ID) VALUES (6804, '', SELECT ID FROM EXERCISE_ENTITY WHERE NAME = 'Barbell Curl', 68);
INSERT INTO EXERCISE_SET_ENTITY (SET_TYPE, ID, NUMBER_OF_REPS, STATUS , WEIGHT , WEIGHT_KG, EXERCISE_ACTIVITY_ID) VALUES ('WeightedSet', 68040, 10.0, 0, null, 20, 6804);
INSERT INTO EXERCISE_SET_ENTITY (SET_TYPE, ID, NUMBER_OF_REPS, STATUS , WEIGHT , WEIGHT_KG, EXERCISE_ACTIVITY_ID) VALUES ('WeightedSet', 68041, 10.0, 0, null, 20, 6804);
INSERT INTO EXERCISE_SET_ENTITY (SET_TYPE, ID, NUMBER_OF_REPS, STATUS , WEIGHT , WEIGHT_KG, EXERCISE_ACTIVITY_ID) VALUES ('WeightedSet', 68042, 10.0, 0, null, 20, 6804);
INSERT INTO WORKOUT_ENTITY (ID, NOTES, PERFORMED_AT_TIMESTAMP_UTC, WORKOUT_TYPE) VALUES (69, 'Notes', '2019-12-10 15:50:00', 'PUSH');
INSERT INTO EXERCISE_ACTIVITY_ENTITY (ID, NOTES, EXERCISE_ID, WORKOUT_ID) VALUES (6900, '', SELECT ID FROM EXERCISE_ENTITY WHERE NAME = 'Dumbbell Floor Fly', 69);
INSERT INTO EXERCISE_SET_ENTITY (SET_TYPE, ID, NUMBER_OF_REPS, STATUS , WEIGHT , WEIGHT_KG, EXERCISE_ACTIVITY_ID) VALUES ('WeightedSet', 69000, 8.0, 0, null, 5, 6900);
INSERT INTO EXERCISE_ACTIVITY_ENTITY (ID, NOTES, EXERCISE_ID, WORKOUT_ID) VALUES (6901, '', SELECT ID FROM EXERCISE_ENTITY WHERE NAME = 'Dumbbell Floor Press', 69);
INSERT INTO EXERCISE_SET_ENTITY (SET_TYPE, ID, NUMBER_OF_REPS, STATUS , WEIGHT , WEIGHT_KG, EXERCISE_ACTIVITY_ID) VALUES ('WeightedSet', 69010, 10.0, 0, null, 10, 6901);
INSERT INTO EXERCISE_SET_ENTITY (SET_TYPE, ID, NUMBER_OF_REPS, STATUS , WEIGHT , WEIGHT_KG, EXERCISE_ACTIVITY_ID) VALUES ('WeightedSet', 69011, 10.0, 0, null, 15, 6901);
INSERT INTO EXERCISE_SET_ENTITY (SET_TYPE, ID, NUMBER_OF_REPS, STATUS , WEIGHT , WEIGHT_KG, EXERCISE_ACTIVITY_ID) VALUES ('WeightedSet', 69012, 10.0, 0, null, 15, 6901);
INSERT INTO EXERCISE_SET_ENTITY (SET_TYPE, ID, NUMBER_OF_REPS, STATUS , WEIGHT , WEIGHT_KG, EXERCISE_ACTIVITY_ID) VALUES ('WeightedSet', 69013, 10.0, 0, null, 20, 6901);
INSERT INTO EXERCISE_ACTIVITY_ENTITY (ID, NOTES, EXERCISE_ID, WORKOUT_ID) VALUES (6902, '', SELECT ID FROM EXERCISE_ENTITY WHERE NAME = 'Overhead Press', 69);
INSERT INTO EXERCISE_SET_ENTITY (SET_TYPE, ID, NUMBER_OF_REPS, STATUS , WEIGHT , WEIGHT_KG, EXERCISE_ACTIVITY_ID) VALUES ('WeightedSet', 69020, 8.0, 0, null, 20, 6902);
INSERT INTO EXERCISE_SET_ENTITY (SET_TYPE, ID, NUMBER_OF_REPS, STATUS , WEIGHT , WEIGHT_KG, EXERCISE_ACTIVITY_ID) VALUES ('WeightedSet', 69021, 8.0, 0, null, 35, 6902);
INSERT INTO EXERCISE_SET_ENTITY (SET_TYPE, ID, NUMBER_OF_REPS, STATUS , WEIGHT , WEIGHT_KG, EXERCISE_ACTIVITY_ID) VALUES ('WeightedSet', 69022, 8.0, 0, null, 35, 6902);
INSERT INTO EXERCISE_SET_ENTITY (SET_TYPE, ID, NUMBER_OF_REPS, STATUS , WEIGHT , WEIGHT_KG, EXERCISE_ACTIVITY_ID) VALUES ('WeightedSet', 69023, 7.0, 1, null, 35, 6902);
INSERT INTO EXERCISE_ACTIVITY_ENTITY (ID, NOTES, EXERCISE_ID, WORKOUT_ID) VALUES (6903, '', SELECT ID FROM EXERCISE_ENTITY WHERE NAME = 'Barbell Floor Press', 69);
INSERT INTO EXERCISE_SET_ENTITY (SET_TYPE, ID, NUMBER_OF_REPS, STATUS , WEIGHT , WEIGHT_KG, EXERCISE_ACTIVITY_ID) VALUES ('WeightedSet', 69030, 10.0, 0, null, 35, 6903);
INSERT INTO EXERCISE_ACTIVITY_ENTITY (ID, NOTES, EXERCISE_ID, WORKOUT_ID) VALUES (6904, '', SELECT ID FROM EXERCISE_ENTITY WHERE NAME = 'Reverse Bench Press', 69);
INSERT INTO EXERCISE_SET_ENTITY (SET_TYPE, ID, NUMBER_OF_REPS, STATUS , WEIGHT , WEIGHT_KG, EXERCISE_ACTIVITY_ID) VALUES ('WeightedSet', 69040, 8.0, 0, null, 35, 6904);
INSERT INTO EXERCISE_ACTIVITY_ENTITY (ID, NOTES, EXERCISE_ID, WORKOUT_ID) VALUES (6905, '', SELECT ID FROM EXERCISE_ENTITY WHERE NAME = 'Dumbbell Fly', 69);
INSERT INTO EXERCISE_SET_ENTITY (SET_TYPE, ID, NUMBER_OF_REPS, STATUS , WEIGHT , WEIGHT_KG, EXERCISE_ACTIVITY_ID) VALUES ('WeightedSet', 69050, 8.0, 0, null, 5, 6905);
INSERT INTO EXERCISE_SET_ENTITY (SET_TYPE, ID, NUMBER_OF_REPS, STATUS , WEIGHT , WEIGHT_KG, EXERCISE_ACTIVITY_ID) VALUES ('WeightedSet', 69051, 8.0, 0, null, 5, 6905);
INSERT INTO EXERCISE_ACTIVITY_ENTITY (ID, NOTES, EXERCISE_ID, WORKOUT_ID) VALUES (6906, '', SELECT ID FROM EXERCISE_ENTITY WHERE NAME = 'Lateral Raise', 69);
INSERT INTO EXERCISE_SET_ENTITY (SET_TYPE, ID, NUMBER_OF_REPS, STATUS , WEIGHT , WEIGHT_KG, EXERCISE_ACTIVITY_ID) VALUES ('WeightedSet', 69060, 16.0, 0, null, 2.5, 6906);
INSERT INTO EXERCISE_SET_ENTITY (SET_TYPE, ID, NUMBER_OF_REPS, STATUS , WEIGHT , WEIGHT_KG, EXERCISE_ACTIVITY_ID) VALUES ('WeightedSet', 69061, 20.0, 0, null, 2.5, 6906);
INSERT INTO EXERCISE_SET_ENTITY (SET_TYPE, ID, NUMBER_OF_REPS, STATUS , WEIGHT , WEIGHT_KG, EXERCISE_ACTIVITY_ID) VALUES ('WeightedSet', 69062, 10.0, 0, null, 5, 6906);
INSERT INTO EXERCISE_SET_ENTITY (SET_TYPE, ID, NUMBER_OF_REPS, STATUS , WEIGHT , WEIGHT_KG, EXERCISE_ACTIVITY_ID) VALUES ('WeightedSet', 69063, 10.0, 0, null, 2.5, 6906);
INSERT INTO EXERCISE_ACTIVITY_ENTITY (ID, NOTES, EXERCISE_ID, WORKOUT_ID) VALUES (6907, '', SELECT ID FROM EXERCISE_ENTITY WHERE NAME = 'Dip', 69);
INSERT INTO EXERCISE_SET_ENTITY (SET_TYPE, ID, NUMBER_OF_REPS, STATUS , WEIGHT , WEIGHT_KG, EXERCISE_ACTIVITY_ID) VALUES ('NonWeightedSet', 69070, 8.0, 0, 'body', null, 6907);
INSERT INTO EXERCISE_SET_ENTITY (SET_TYPE, ID, NUMBER_OF_REPS, STATUS , WEIGHT , WEIGHT_KG, EXERCISE_ACTIVITY_ID) VALUES ('NonWeightedSet', 69071, 8.0, 0, 'body', null, 6907);
INSERT INTO EXERCISE_SET_ENTITY (SET_TYPE, ID, NUMBER_OF_REPS, STATUS , WEIGHT , WEIGHT_KG, EXERCISE_ACTIVITY_ID) VALUES ('NonWeightedSet', 69072, 8.0, 0, 'body', null, 6907);
INSERT INTO EXERCISE_ACTIVITY_ENTITY (ID, NOTES, EXERCISE_ID, WORKOUT_ID) VALUES (6908, '', SELECT ID FROM EXERCISE_ENTITY WHERE NAME = 'Skullcrusher', 69);
INSERT INTO EXERCISE_SET_ENTITY (SET_TYPE, ID, NUMBER_OF_REPS, STATUS , WEIGHT , WEIGHT_KG, EXERCISE_ACTIVITY_ID) VALUES ('WeightedSet', 69080, 8.0, 0, null, 5, 6908);
INSERT INTO EXERCISE_ACTIVITY_ENTITY (ID, NOTES, EXERCISE_ID, WORKOUT_ID) VALUES (6909, '', SELECT ID FROM EXERCISE_ENTITY WHERE NAME = 'Floor Plate Press', 69);
INSERT INTO EXERCISE_SET_ENTITY (SET_TYPE, ID, NUMBER_OF_REPS, STATUS , WEIGHT , WEIGHT_KG, EXERCISE_ACTIVITY_ID) VALUES ('WeightedSet', 69090, 20.0, 0, null, 20, 6909);
INSERT INTO EXERCISE_SET_ENTITY (SET_TYPE, ID, NUMBER_OF_REPS, STATUS , WEIGHT , WEIGHT_KG, EXERCISE_ACTIVITY_ID) VALUES ('WeightedSet', 69091, 20.0, 0, null, 20, 6909);
INSERT INTO WORKOUT_ENTITY (ID, NOTES, PERFORMED_AT_TIMESTAMP_UTC, WORKOUT_TYPE) VALUES (70, 'Notes', '2019-12-11 15:10:00', 'LEGS');
INSERT INTO EXERCISE_ACTIVITY_ENTITY (ID, NOTES, EXERCISE_ID, WORKOUT_ID) VALUES (7000, '', SELECT ID FROM EXERCISE_ENTITY WHERE NAME = 'Squat', 70);
INSERT INTO EXERCISE_SET_ENTITY (SET_TYPE, ID, NUMBER_OF_REPS, STATUS , WEIGHT , WEIGHT_KG, EXERCISE_ACTIVITY_ID) VALUES ('NonWeightedSet', 70000, 8.0, 0, 'body', null, 7000);
INSERT INTO EXERCISE_SET_ENTITY (SET_TYPE, ID, NUMBER_OF_REPS, STATUS , WEIGHT , WEIGHT_KG, EXERCISE_ACTIVITY_ID) VALUES ('WeightedSet', 70001, 5.0, 0, null, 20, 7000);
INSERT INTO EXERCISE_SET_ENTITY (SET_TYPE, ID, NUMBER_OF_REPS, STATUS , WEIGHT , WEIGHT_KG, EXERCISE_ACTIVITY_ID) VALUES ('WeightedSet', 70002, 5.0, 0, null, 40, 7000);
INSERT INTO EXERCISE_SET_ENTITY (SET_TYPE, ID, NUMBER_OF_REPS, STATUS , WEIGHT , WEIGHT_KG, EXERCISE_ACTIVITY_ID) VALUES ('WeightedSet', 70003, 3.0, 0, null, 60, 7000);
INSERT INTO EXERCISE_SET_ENTITY (SET_TYPE, ID, NUMBER_OF_REPS, STATUS , WEIGHT , WEIGHT_KG, EXERCISE_ACTIVITY_ID) VALUES ('WeightedSet', 70004, 5.0, 0, null, 70, 7000);
INSERT INTO EXERCISE_SET_ENTITY (SET_TYPE, ID, NUMBER_OF_REPS, STATUS , WEIGHT , WEIGHT_KG, EXERCISE_ACTIVITY_ID) VALUES ('WeightedSet', 70005, 5.0, 0, null, 70, 7000);
INSERT INTO EXERCISE_SET_ENTITY (SET_TYPE, ID, NUMBER_OF_REPS, STATUS , WEIGHT , WEIGHT_KG, EXERCISE_ACTIVITY_ID) VALUES ('WeightedSet', 70006, 5.0, 0, null, 70, 7000);
INSERT INTO EXERCISE_SET_ENTITY (SET_TYPE, ID, NUMBER_OF_REPS, STATUS , WEIGHT , WEIGHT_KG, EXERCISE_ACTIVITY_ID) VALUES ('WeightedSet', 70007, 5.0, 0, null, 70, 7000);
INSERT INTO EXERCISE_SET_ENTITY (SET_TYPE, ID, NUMBER_OF_REPS, STATUS , WEIGHT , WEIGHT_KG, EXERCISE_ACTIVITY_ID) VALUES ('WeightedSet', 70008, 5.0, 0, null, 70, 7000);
INSERT INTO EXERCISE_ACTIVITY_ENTITY (ID, NOTES, EXERCISE_ID, WORKOUT_ID) VALUES (7001, '', SELECT ID FROM EXERCISE_ENTITY WHERE NAME = 'Romanian Deadlift', 70);
INSERT INTO EXERCISE_SET_ENTITY (SET_TYPE, ID, NUMBER_OF_REPS, STATUS , WEIGHT , WEIGHT_KG, EXERCISE_ACTIVITY_ID) VALUES ('WeightedSet', 70010, 8.0, 0, null, 20, 7001);
INSERT INTO EXERCISE_SET_ENTITY (SET_TYPE, ID, NUMBER_OF_REPS, STATUS , WEIGHT , WEIGHT_KG, EXERCISE_ACTIVITY_ID) VALUES ('WeightedSet', 70011, 4.0, 0, null, 40, 7001);
INSERT INTO EXERCISE_SET_ENTITY (SET_TYPE, ID, NUMBER_OF_REPS, STATUS , WEIGHT , WEIGHT_KG, EXERCISE_ACTIVITY_ID) VALUES ('WeightedSet', 70012, 8.0, 0, null, 50, 7001);
INSERT INTO EXERCISE_SET_ENTITY (SET_TYPE, ID, NUMBER_OF_REPS, STATUS , WEIGHT , WEIGHT_KG, EXERCISE_ACTIVITY_ID) VALUES ('WeightedSet', 70013, 8.0, 0, null, 50, 7001);
INSERT INTO EXERCISE_SET_ENTITY (SET_TYPE, ID, NUMBER_OF_REPS, STATUS , WEIGHT , WEIGHT_KG, EXERCISE_ACTIVITY_ID) VALUES ('WeightedSet', 70014, 8.0, 0, null, 50, 7001);
INSERT INTO EXERCISE_ACTIVITY_ENTITY (ID, NOTES, EXERCISE_ID, WORKOUT_ID) VALUES (7002, '', SELECT ID FROM EXERCISE_ENTITY WHERE NAME = 'Lying Leg Raise', 70);
INSERT INTO EXERCISE_SET_ENTITY (SET_TYPE, ID, NUMBER_OF_REPS, STATUS , WEIGHT , WEIGHT_KG, EXERCISE_ACTIVITY_ID) VALUES ('NonWeightedSet', 70020, 10.0, 0, 'body', null, 7002);
INSERT INTO EXERCISE_SET_ENTITY (SET_TYPE, ID, NUMBER_OF_REPS, STATUS , WEIGHT , WEIGHT_KG, EXERCISE_ACTIVITY_ID) VALUES ('NonWeightedSet', 70021, 10.0, 0, 'body', null, 7002);
INSERT INTO EXERCISE_SET_ENTITY (SET_TYPE, ID, NUMBER_OF_REPS, STATUS , WEIGHT , WEIGHT_KG, EXERCISE_ACTIVITY_ID) VALUES ('NonWeightedSet', 70022, 10.0, 0, 'body', null, 7002);
INSERT INTO EXERCISE_ACTIVITY_ENTITY (ID, NOTES, EXERCISE_ID, WORKOUT_ID) VALUES (7003, '', SELECT ID FROM EXERCISE_ENTITY WHERE NAME = 'Lunge', 70);
INSERT INTO EXERCISE_SET_ENTITY (SET_TYPE, ID, NUMBER_OF_REPS, STATUS , WEIGHT , WEIGHT_KG, EXERCISE_ACTIVITY_ID) VALUES ('NonWeightedSet', 70030, 10.0, 0, 'body', null, 7003);
INSERT INTO EXERCISE_SET_ENTITY (SET_TYPE, ID, NUMBER_OF_REPS, STATUS , WEIGHT , WEIGHT_KG, EXERCISE_ACTIVITY_ID) VALUES ('WeightedSet', 70031, 10.0, 0, null, 5, 7003);
INSERT INTO EXERCISE_SET_ENTITY (SET_TYPE, ID, NUMBER_OF_REPS, STATUS , WEIGHT , WEIGHT_KG, EXERCISE_ACTIVITY_ID) VALUES ('WeightedSet', 70032, 10.0, 0, null, 5, 7003);
INSERT INTO EXERCISE_ACTIVITY_ENTITY (ID, NOTES, EXERCISE_ID, WORKOUT_ID) VALUES (7004, '', SELECT ID FROM EXERCISE_ENTITY WHERE NAME = 'Banded Squat Walk', 70);
INSERT INTO EXERCISE_SET_ENTITY (SET_TYPE, ID, NUMBER_OF_REPS, STATUS , WEIGHT , WEIGHT_KG, EXERCISE_ACTIVITY_ID) VALUES ('NonWeightedSet', 70040, 8.0, 0, 'red band', null, 7004);
INSERT INTO EXERCISE_ACTIVITY_ENTITY (ID, NOTES, EXERCISE_ID, WORKOUT_ID) VALUES (7005, '', SELECT ID FROM EXERCISE_ENTITY WHERE NAME = 'Glute Raise', 70);
INSERT INTO EXERCISE_SET_ENTITY (SET_TYPE, ID, NUMBER_OF_REPS, STATUS , WEIGHT , WEIGHT_KG, EXERCISE_ACTIVITY_ID) VALUES ('NonWeightedSet', 70050, 10.0, 0, 'body', null, 7005);
INSERT INTO EXERCISE_SET_ENTITY (SET_TYPE, ID, NUMBER_OF_REPS, STATUS , WEIGHT , WEIGHT_KG, EXERCISE_ACTIVITY_ID) VALUES ('NonWeightedSet', 70051, 10.0, 0, 'body', null, 7005);
INSERT INTO EXERCISE_SET_ENTITY (SET_TYPE, ID, NUMBER_OF_REPS, STATUS , WEIGHT , WEIGHT_KG, EXERCISE_ACTIVITY_ID) VALUES ('NonWeightedSet', 70052, 10.0, 0, 'body', null, 7005);
INSERT INTO EXERCISE_ACTIVITY_ENTITY (ID, NOTES, EXERCISE_ID, WORKOUT_ID) VALUES (7006, '', SELECT ID FROM EXERCISE_ENTITY WHERE NAME = 'Seated Calf Raise', 70);
INSERT INTO EXERCISE_SET_ENTITY (SET_TYPE, ID, NUMBER_OF_REPS, STATUS , WEIGHT , WEIGHT_KG, EXERCISE_ACTIVITY_ID) VALUES ('WeightedSet', 70060, 10.0, 0, null, 20, 7006);
INSERT INTO EXERCISE_SET_ENTITY (SET_TYPE, ID, NUMBER_OF_REPS, STATUS , WEIGHT , WEIGHT_KG, EXERCISE_ACTIVITY_ID) VALUES ('WeightedSet', 70061, 12.0, 0, null, 20, 7006);
INSERT INTO EXERCISE_ACTIVITY_ENTITY (ID, NOTES, EXERCISE_ID, WORKOUT_ID) VALUES (7007, '', SELECT ID FROM EXERCISE_ENTITY WHERE NAME = 'Standing Calf Raise', 70);
INSERT INTO EXERCISE_SET_ENTITY (SET_TYPE, ID, NUMBER_OF_REPS, STATUS , WEIGHT , WEIGHT_KG, EXERCISE_ACTIVITY_ID) VALUES ('WeightedSet', 70070, 10.0, 0, null, 125, 7007);
INSERT INTO EXERCISE_SET_ENTITY (SET_TYPE, ID, NUMBER_OF_REPS, STATUS , WEIGHT , WEIGHT_KG, EXERCISE_ACTIVITY_ID) VALUES ('WeightedSet', 70071, 10.0, 0, null, 125, 7007);
INSERT INTO WORKOUT_ENTITY (ID, NOTES, PERFORMED_AT_TIMESTAMP_UTC, WORKOUT_TYPE) VALUES (71, 'Notes', '2019-12-12 15:40:00', 'PULL');
INSERT INTO EXERCISE_ACTIVITY_ENTITY (ID, NOTES, EXERCISE_ID, WORKOUT_ID) VALUES (7100, '', SELECT ID FROM EXERCISE_ENTITY WHERE NAME = 'Bent Over Row', 71);
INSERT INTO EXERCISE_SET_ENTITY (SET_TYPE, ID, NUMBER_OF_REPS, STATUS , WEIGHT , WEIGHT_KG, EXERCISE_ACTIVITY_ID) VALUES ('WeightedSet', 71000, 8.0, 0, null, 20, 7100);
INSERT INTO EXERCISE_SET_ENTITY (SET_TYPE, ID, NUMBER_OF_REPS, STATUS , WEIGHT , WEIGHT_KG, EXERCISE_ACTIVITY_ID) VALUES ('WeightedSet', 71001, 10.0, 0, null, 30, 7100);
INSERT INTO EXERCISE_SET_ENTITY (SET_TYPE, ID, NUMBER_OF_REPS, STATUS , WEIGHT , WEIGHT_KG, EXERCISE_ACTIVITY_ID) VALUES ('WeightedSet', 71002, 8.0, 0, null, 40, 7100);
INSERT INTO EXERCISE_SET_ENTITY (SET_TYPE, ID, NUMBER_OF_REPS, STATUS , WEIGHT , WEIGHT_KG, EXERCISE_ACTIVITY_ID) VALUES ('WeightedSet', 71003, 9.0, 0, null, 40, 7100);
INSERT INTO EXERCISE_SET_ENTITY (SET_TYPE, ID, NUMBER_OF_REPS, STATUS , WEIGHT , WEIGHT_KG, EXERCISE_ACTIVITY_ID) VALUES ('WeightedSet', 71004, 10.0, 0, null, 40, 7100);
INSERT INTO EXERCISE_ACTIVITY_ENTITY (ID, NOTES, EXERCISE_ID, WORKOUT_ID) VALUES (7101, '', SELECT ID FROM EXERCISE_ENTITY WHERE NAME = 'Chin Up', 71);
INSERT INTO EXERCISE_SET_ENTITY (SET_TYPE, ID, NUMBER_OF_REPS, STATUS , WEIGHT , WEIGHT_KG, EXERCISE_ACTIVITY_ID) VALUES ('NonWeightedSet', 71010, 6.0, 0, 'body', null, 7101);
INSERT INTO EXERCISE_SET_ENTITY (SET_TYPE, ID, NUMBER_OF_REPS, STATUS , WEIGHT , WEIGHT_KG, EXERCISE_ACTIVITY_ID) VALUES ('NonWeightedSet', 71011, 6.0, 0, 'body', null, 7101);
INSERT INTO EXERCISE_SET_ENTITY (SET_TYPE, ID, NUMBER_OF_REPS, STATUS , WEIGHT , WEIGHT_KG, EXERCISE_ACTIVITY_ID) VALUES ('NonWeightedSet', 71012, 6.0, 0, 'body', null, 7101);
INSERT INTO EXERCISE_ACTIVITY_ENTITY (ID, NOTES, EXERCISE_ID, WORKOUT_ID) VALUES (7102, '', SELECT ID FROM EXERCISE_ENTITY WHERE NAME = 'Batwing Row', 71);
INSERT INTO EXERCISE_SET_ENTITY (SET_TYPE, ID, NUMBER_OF_REPS, STATUS , WEIGHT , WEIGHT_KG, EXERCISE_ACTIVITY_ID) VALUES ('WeightedSet', 71020, 12.0, 0, null, 5, 7102);
INSERT INTO EXERCISE_SET_ENTITY (SET_TYPE, ID, NUMBER_OF_REPS, STATUS , WEIGHT , WEIGHT_KG, EXERCISE_ACTIVITY_ID) VALUES ('WeightedSet', 71021, 12.0, 0, null, 7.5, 7102);
INSERT INTO EXERCISE_SET_ENTITY (SET_TYPE, ID, NUMBER_OF_REPS, STATUS , WEIGHT , WEIGHT_KG, EXERCISE_ACTIVITY_ID) VALUES ('WeightedSet', 71022, 12.0, 0, null, 7.5, 7102);
INSERT INTO EXERCISE_ACTIVITY_ENTITY (ID, NOTES, EXERCISE_ID, WORKOUT_ID) VALUES (7103, '', SELECT ID FROM EXERCISE_ENTITY WHERE NAME = 'Barbell Curl', 71);
INSERT INTO EXERCISE_SET_ENTITY (SET_TYPE, ID, NUMBER_OF_REPS, STATUS , WEIGHT , WEIGHT_KG, EXERCISE_ACTIVITY_ID) VALUES ('WeightedSet', 71030, 10.0, 0, null, 22.5, 7103);
INSERT INTO EXERCISE_SET_ENTITY (SET_TYPE, ID, NUMBER_OF_REPS, STATUS , WEIGHT , WEIGHT_KG, EXERCISE_ACTIVITY_ID) VALUES ('WeightedSet', 71031, 10.0, 0, null, 22.5, 7103);
INSERT INTO EXERCISE_SET_ENTITY (SET_TYPE, ID, NUMBER_OF_REPS, STATUS , WEIGHT , WEIGHT_KG, EXERCISE_ACTIVITY_ID) VALUES ('WeightedSet', 71032, 10.0, 0, null, 22.5, 7103);
INSERT INTO EXERCISE_ACTIVITY_ENTITY (ID, NOTES, EXERCISE_ID, WORKOUT_ID) VALUES (7104, '', SELECT ID FROM EXERCISE_ENTITY WHERE NAME = 'Facepull', 71);
INSERT INTO EXERCISE_SET_ENTITY (SET_TYPE, ID, NUMBER_OF_REPS, STATUS , WEIGHT , WEIGHT_KG, EXERCISE_ACTIVITY_ID) VALUES ('NonWeightedSet', 71040, 17.0, 0, 'yellow band', null, 7104);
INSERT INTO EXERCISE_SET_ENTITY (SET_TYPE, ID, NUMBER_OF_REPS, STATUS , WEIGHT , WEIGHT_KG, EXERCISE_ACTIVITY_ID) VALUES ('NonWeightedSet', 71041, 15.0, 0, 'yellow band', null, 7104);
INSERT INTO EXERCISE_ACTIVITY_ENTITY (ID, NOTES, EXERCISE_ID, WORKOUT_ID) VALUES (7105, '', SELECT ID FROM EXERCISE_ENTITY WHERE NAME = 'Dumbbell Curl', 71);
INSERT INTO EXERCISE_SET_ENTITY (SET_TYPE, ID, NUMBER_OF_REPS, STATUS , WEIGHT , WEIGHT_KG, EXERCISE_ACTIVITY_ID) VALUES ('WeightedSet', 71050, 10.0, 0, null, 7.5, 7105);
INSERT INTO EXERCISE_SET_ENTITY (SET_TYPE, ID, NUMBER_OF_REPS, STATUS , WEIGHT , WEIGHT_KG, EXERCISE_ACTIVITY_ID) VALUES ('WeightedSet', 71051, 10.0, 0, null, 7.5, 7105);
INSERT INTO WORKOUT_ENTITY (ID, NOTES, PERFORMED_AT_TIMESTAMP_UTC, WORKOUT_TYPE) VALUES (72, 'Notes', '2019-12-13 12:20:00', 'PUSH');
INSERT INTO EXERCISE_ACTIVITY_ENTITY (ID, NOTES, EXERCISE_ID, WORKOUT_ID) VALUES (7200, '', SELECT ID FROM EXERCISE_ENTITY WHERE NAME = 'Dumbbell Floor Fly', 72);
INSERT INTO EXERCISE_SET_ENTITY (SET_TYPE, ID, NUMBER_OF_REPS, STATUS , WEIGHT , WEIGHT_KG, EXERCISE_ACTIVITY_ID) VALUES ('WeightedSet', 72000, 10.0, 0, null, 5, 7200);
INSERT INTO EXERCISE_ACTIVITY_ENTITY (ID, NOTES, EXERCISE_ID, WORKOUT_ID) VALUES (7201, '', SELECT ID FROM EXERCISE_ENTITY WHERE NAME = 'Dumbbell Floor Press', 72);
INSERT INTO EXERCISE_SET_ENTITY (SET_TYPE, ID, NUMBER_OF_REPS, STATUS , WEIGHT , WEIGHT_KG, EXERCISE_ACTIVITY_ID) VALUES ('WeightedSet', 72010, 10.0, 0, null, 10, 7201);
INSERT INTO EXERCISE_SET_ENTITY (SET_TYPE, ID, NUMBER_OF_REPS, STATUS , WEIGHT , WEIGHT_KG, EXERCISE_ACTIVITY_ID) VALUES ('WeightedSet', 72011, 10.0, 0, null, 15, 7201);
INSERT INTO EXERCISE_SET_ENTITY (SET_TYPE, ID, NUMBER_OF_REPS, STATUS , WEIGHT , WEIGHT_KG, EXERCISE_ACTIVITY_ID) VALUES ('WeightedSet', 72012, 10.0, 0, null, 20, 7201);
INSERT INTO EXERCISE_SET_ENTITY (SET_TYPE, ID, NUMBER_OF_REPS, STATUS , WEIGHT , WEIGHT_KG, EXERCISE_ACTIVITY_ID) VALUES ('WeightedSet', 72013, 8.0, 1, null, 20, 7201);
INSERT INTO EXERCISE_ACTIVITY_ENTITY (ID, NOTES, EXERCISE_ID, WORKOUT_ID) VALUES (7202, '', SELECT ID FROM EXERCISE_ENTITY WHERE NAME = 'Overhead Press', 72);
INSERT INTO EXERCISE_SET_ENTITY (SET_TYPE, ID, NUMBER_OF_REPS, STATUS , WEIGHT , WEIGHT_KG, EXERCISE_ACTIVITY_ID) VALUES ('WeightedSet', 72020, 5.0, 0, null, 20, 7202);
INSERT INTO EXERCISE_SET_ENTITY (SET_TYPE, ID, NUMBER_OF_REPS, STATUS , WEIGHT , WEIGHT_KG, EXERCISE_ACTIVITY_ID) VALUES ('WeightedSet', 72021, 3.0, 0, null, 30, 7202);
INSERT INTO EXERCISE_SET_ENTITY (SET_TYPE, ID, NUMBER_OF_REPS, STATUS , WEIGHT , WEIGHT_KG, EXERCISE_ACTIVITY_ID) VALUES ('WeightedSet', 72022, 5.0, 0, null, 42.5, 7202);
INSERT INTO EXERCISE_SET_ENTITY (SET_TYPE, ID, NUMBER_OF_REPS, STATUS , WEIGHT , WEIGHT_KG, EXERCISE_ACTIVITY_ID) VALUES ('WeightedSet', 72023, 5.0, 0, null, 40, 7202);
INSERT INTO EXERCISE_SET_ENTITY (SET_TYPE, ID, NUMBER_OF_REPS, STATUS , WEIGHT , WEIGHT_KG, EXERCISE_ACTIVITY_ID) VALUES ('WeightedSet', 72024, 5.0, 0, null, 40, 7202);
INSERT INTO EXERCISE_SET_ENTITY (SET_TYPE, ID, NUMBER_OF_REPS, STATUS , WEIGHT , WEIGHT_KG, EXERCISE_ACTIVITY_ID) VALUES ('WeightedSet', 72025, 5.0, 0, null, 40, 7202);
INSERT INTO EXERCISE_SET_ENTITY (SET_TYPE, ID, NUMBER_OF_REPS, STATUS , WEIGHT , WEIGHT_KG, EXERCISE_ACTIVITY_ID) VALUES ('WeightedSet', 72026, 5.0, 0, null, 40, 7202);
INSERT INTO EXERCISE_ACTIVITY_ENTITY (ID, NOTES, EXERCISE_ID, WORKOUT_ID) VALUES (7203, '', SELECT ID FROM EXERCISE_ENTITY WHERE NAME = 'Lateral Raise', 72);
INSERT INTO EXERCISE_SET_ENTITY (SET_TYPE, ID, NUMBER_OF_REPS, STATUS , WEIGHT , WEIGHT_KG, EXERCISE_ACTIVITY_ID) VALUES ('WeightedSet', 72030, 18.0, 0, null, 2.5, 7203);
INSERT INTO EXERCISE_SET_ENTITY (SET_TYPE, ID, NUMBER_OF_REPS, STATUS , WEIGHT , WEIGHT_KG, EXERCISE_ACTIVITY_ID) VALUES ('WeightedSet', 72031, 18.0, 0, null, 2.5, 7203);
INSERT INTO EXERCISE_SET_ENTITY (SET_TYPE, ID, NUMBER_OF_REPS, STATUS , WEIGHT , WEIGHT_KG, EXERCISE_ACTIVITY_ID) VALUES ('WeightedSet', 72032, 16.0, 0, null, 2.5, 7203);
INSERT INTO EXERCISE_ACTIVITY_ENTITY (ID, NOTES, EXERCISE_ID, WORKOUT_ID) VALUES (7204, '', SELECT ID FROM EXERCISE_ENTITY WHERE NAME = 'Dip', 72);
INSERT INTO EXERCISE_SET_ENTITY (SET_TYPE, ID, NUMBER_OF_REPS, STATUS , WEIGHT , WEIGHT_KG, EXERCISE_ACTIVITY_ID) VALUES ('NonWeightedSet', 72040, 8.0, 0, 'body', null, 7204);
INSERT INTO EXERCISE_SET_ENTITY (SET_TYPE, ID, NUMBER_OF_REPS, STATUS , WEIGHT , WEIGHT_KG, EXERCISE_ACTIVITY_ID) VALUES ('NonWeightedSet', 72041, 8.0, 0, 'body', null, 7204);
INSERT INTO EXERCISE_SET_ENTITY (SET_TYPE, ID, NUMBER_OF_REPS, STATUS , WEIGHT , WEIGHT_KG, EXERCISE_ACTIVITY_ID) VALUES ('NonWeightedSet', 72042, 8.0, 0, 'body', null, 7204);
INSERT INTO EXERCISE_ACTIVITY_ENTITY (ID, NOTES, EXERCISE_ID, WORKOUT_ID) VALUES (7205, '', SELECT ID FROM EXERCISE_ENTITY WHERE NAME = 'Floor Plate Press', 72);
INSERT INTO EXERCISE_SET_ENTITY (SET_TYPE, ID, NUMBER_OF_REPS, STATUS , WEIGHT , WEIGHT_KG, EXERCISE_ACTIVITY_ID) VALUES ('WeightedSet', 72050, 20.0, 0, null, 20, 7205);
